Date,stock,Sentiment_Score
2011-04-27,DGP,0.0
2011-04-28,DEJ,0.25
2011-04-28,ESR,0.0
2011-04-29,AIA,0.0
2011-04-29,GDL,0.7351
2011-04-30,PTM,0.2023
2011-05-01,DBP,0.0
2011-05-02,AGOL,0.296
2011-05-02,DBP,0.34
2011-05-02,DGZ,0.0
2011-05-02,GLTR,0.296
2011-05-02,PSQ,0.0
2011-05-02,SCJ,0.0
2011-05-02,SZO,0.0
2011-05-02,TLH,0.0
2011-05-02,WITE,0.296
2011-05-03,CSM,0.0
2011-05-03,NIM,0.0
2011-05-05,LTL,0.0
2011-05-05,MHF,0.0
2011-05-05,NLR,-0.128
2011-05-06,DGP,0.2023
2011-05-06,EMI,0.0
2011-05-06,WOOD,0.0
2011-05-07,FUE,0.0
2011-05-07,FXR,0.6369
2011-05-09,BRAF,0.0
2011-05-09,EDIV,0.0
2011-05-09,FTC,-0.6688
2011-05-11,NLR,0.25
2011-05-11,PWV,0.34
2011-05-11,UGL,0.0
2011-05-12,BOM,0.2023
2011-05-13,JKF,0.34
2011-05-13,NLR,0.4019
2011-05-13,PSAU,0.0
2011-05-13,UGL,0.0
2011-05-15,DBS,0.0
2011-05-16,PXR,0.0
2011-05-16,TTT,0.0
2011-05-16,TWM,0.0
2011-05-17,ICI,0.0
2011-05-17,SZO,0.34
2011-05-17,TLO,-0.4767
2011-05-18,DWX,0.0
2011-05-18,KROO,0.0
2011-05-18,TLO,0.0
2011-05-19,ESR,0.0
2011-05-19,SGF,0.0
2011-05-20,NECB,0.296
2011-05-22,TBF,0.101
2011-05-22,WIP,0.101
2011-05-23,DNO,0.3612
2011-05-23,GTAA,0.3182
2011-05-23,PSK,0.0
2011-05-24,CCX,-0.4215
2011-05-24,CGW,0.3182
2011-05-24,FIW,0.3182
2011-05-24,MOG.B,0.0
2011-05-25,BDD,0.2023
2011-05-25,BOM,0.2023
2011-05-25,ENY,0.0
2011-05-25,EXI,0.0
2011-05-25,PCQ,0.5423
2011-05-25,PEZ,0.0
2011-05-25,PNF,0.5423
2011-05-25,PNI,0.5423
2011-05-25,PZC,0.5423
2011-05-26,IYJ,-0.5423
2011-05-26,UCI,0.0
2011-05-27,FXS,0.0
2011-05-27,SZO,-0.34
2011-05-27,UGL,0.0
2011-05-29,JW.A,0.5334
2011-05-30,DXD,0.0
2011-05-31,DPK,0.2023
2011-05-31,EMIF,0.2263
2011-05-31,INR,0.0
2011-05-31,PXR,0.2263
2011-05-31,SFN,0.148
2011-05-31,UGL,0.0
2011-06-01,ISP,0.0
2011-06-01,LCM,0.4019
2011-06-01,SCD,0.296
2011-06-02,SDP,0.0
2011-06-03,CNY,0.0
2011-06-03,SGF,0.4767
2011-06-03,SSO,0.0
2011-06-06,DNL,-0.6597
2011-06-06,DOG,0.0
2011-06-06,FONE,0.2023
2011-06-06,FXS,0.0
2011-06-06,GSP,0.0
2011-06-06,INR,0.0
2011-06-06,TWM,0.0
2011-06-07,APSA,0.0
2011-06-07,DOG,0.0
2011-06-07,KEF,0.7351
2011-06-07,KROO,0.0
2011-06-08,DNO,0.0
2011-06-08,DOG,0.0
2011-06-08,IND,0.0
2011-06-08,JYN,0.4215
2011-06-08,PCQ,0.5423
2011-06-08,PMF,0.5423
2011-06-08,PMX,0.5423
2011-06-08,TWM,0.0
2011-06-09,BWX,-0.4767
2011-06-09,DBBR,0.0
2011-06-09,DBEM,0.0
2011-06-09,JYN,0.3818
2011-06-09,LBF,0.0
2011-06-09,PICB,0.0
2011-06-09,PXH,0.4391
2011-06-10,AGOL,0.0
2011-06-10,BRAZ,0.0
2011-06-10,DGL,0.0
2011-06-10,EVX,0.0
2011-06-10,JYN,0.3004
2011-06-10,USL,0.0
2011-06-12,MZZ,0.0
2011-06-13,DEE,0.0
2011-06-13,EUM,0.0
2011-06-14,FIW,0.296
2011-06-14,ROOF,0.0
2011-06-14,SBB,0.0
2011-06-14,YXI,0.5267
2011-06-15,DPK,0.2023
2011-06-15,IPF,0.1027
2011-06-15,LTL,-0.3612
2011-06-15,UYM,0.0
2011-06-16,IOIL,0.3818
2011-06-16,PFK,0.0
2011-06-16,UPV,0.2023
2011-06-17,DEE,-0.296
2011-06-17,DJP,-0.296
2011-06-17,FLTR,0.0
2011-06-17,IPF,0.0
2011-06-17,JJA,-0.1779
2011-06-17,RJI,-0.296
2011-06-17,UCI,-0.296
2011-06-19,SRS,0.0
2011-06-20,BSE,0.296
2011-06-20,FIW,0.0
2011-06-20,IOIL,0.5106
2011-06-20,JYN,0.0
2011-06-20,NLR,0.0258
2011-06-21,DEJ,0.1779
2011-06-21,JYN,0.4215
2011-06-22,DRW,0.0
2011-06-22,DYY,0.0
2011-06-22,SRS,0.0
2011-06-23,DXD,0.2263
2011-06-23,LTL,-0.3612
2011-06-23,SCHF,-0.3182
2011-06-24,CGO,0.128
2011-06-24,CNY,0.3724
2011-06-27,BIK,0.0
2011-06-27,BKF,0.0
2011-06-27,EEB,0.0
2011-06-28,BKF,0.0
2011-06-28,BWINB,-0.6597
2011-06-28,CKX,-0.5267
2011-06-28,CYB,-0.7964
2011-06-28,EFU,0.0
2011-06-29,DBO,0.0
2011-06-29,DBU,0.0
2011-06-29,DTH,0.0
2011-06-29,HGI,0.0
2011-06-29,JYN,0.0
2011-06-29,TLO,0.7906
2011-06-30,CYB,0.4404
2011-06-30,DRW,0.3612
2011-06-30,RWO,0.3612
2011-06-30,WPS,0.3612
2011-07-01,CTV,0.128
2011-07-01,DNO,0.0
2011-07-01,DXD,0.0
2011-07-01,JYN,0.431
2011-07-01,KROO,0.0
2011-07-01,SCD,0.4019
2011-07-03,IPD,0.0
2011-07-05,CROP,0.34
2011-07-05,ERO,0.0
2011-07-05,FXS,0.4404
2011-07-05,MGH,0.2023
2011-07-06,CCX,0.0
2011-07-06,FXS,0.0
2011-07-06,GWX,0.0
2011-07-06,IVW,0.0
2011-07-06,IWN,0.0
2011-07-06,REW,0.3182
2011-07-06,TWM,0.0
2011-07-07,FLM,0.34
2011-07-07,GMF,0.0
2011-07-07,URR,0.2023
2011-07-08,JYN,-0.296
2011-07-08,PEZ,0.0
2011-07-08,UBC,0.0
2011-07-09,PSI,0.0
2011-07-11,EFU,0.0
2011-07-11,ERO,-0.8074
2011-07-11,IJT,0.0
2011-07-11,NECB,0.0
2011-07-11,UPV,0.2023
2011-07-12,CROP,0.0
2011-07-12,FAV,0.802
2011-07-12,PEZ,0.0
2011-07-12,PUI,0.0
2011-07-12,TFG,0.0
2011-07-12,UBC,0.0
2011-07-13,ERO,0.0
2011-07-13,PSCH,0.4939
2011-07-13,REW,0.3182
2011-07-13,UCD,-0.5719
2011-07-13,UCI,-0.5719
2011-07-13,XMPT,0.0
2011-07-14,DJP,0.2732
2011-07-14,ENY,0.0
2011-07-14,MOG.B,0.0
2011-07-14,RTM,0.0
2011-07-14,URR,-0.5267
2011-07-15,DOL,0.0
2011-07-15,PXJ,0.0
2011-07-18,AIB,0.0
2011-07-18,CEE,0.296
2011-07-18,EFU,0.0
2011-07-18,MZZ,0.0
2011-07-18,VOT,0.0
2011-07-19,DGZ,-0.6486
2011-07-19,ERO,0.0
2011-07-19,ESBF,0.0
2011-07-19,FONE,0.0
2011-07-19,PRB,0.0
2011-07-19,SCHF,-0.6486
2011-07-19,UBG,-0.6486
2011-07-19,URR,0.0
2011-07-19,USCI,0.0
2011-07-19,USL,0.0
2011-07-20,CMSB,-0.5267
2011-07-20,DGP,-0.5106
2011-07-20,NIM,-0.25
2011-07-20,RXL,0.3182
2011-07-20,RYH,0.3182
2011-07-20,SFN,0.0
2011-07-20,UCD,0.0
2011-07-20,UGL,-0.5106
2011-07-21,JYN,-0.6126
2011-07-21,SFN,0.184
2011-07-21,UBC,-0.34
2011-07-21,URR,-0.296
2011-07-22,AGA,0.2023
2011-07-22,DGP,0.2846
2011-07-22,DGZ,0.2846
2011-07-22,FXR,0.0
2011-07-22,PBM,0.0
2011-07-22,PUI,0.2263
2011-07-22,RGI,0.0
2011-07-22,RYU,0.2263
2011-07-22,SDP,0.2263
2011-07-22,SFN,-0.064
2011-07-23,BIK,0.0
2011-07-25,AGA,0.2023
2011-07-25,DGZ,0.5106
2011-07-25,FONE,0.0
2011-07-25,FUD,0.0
2011-07-25,GMK,0.2023
2011-07-25,IJT,0.3818
2011-07-25,JJP,0.5106
2011-07-25,SCHF,0.5106
2011-07-25,SDD,0.3818
2011-07-25,TWM,0.3818
2011-07-25,UBG,0.5106
2011-07-25,VOT,0.0
2011-07-26,AIB,-0.296
2011-07-26,ERO,0.0
2011-07-26,FNI,0.0
2011-07-26,FONE,0.0
2011-07-26,WPS,0.1027
2011-07-27,AFC,0.0
2011-07-27,AIB,0.296
2011-07-27,DBEM,0.0
2011-07-27,DDP,0.0
2011-07-27,GCC,0.0
2011-07-27,IJT,0.5106
2011-07-27,PSR,0.0
2011-07-27,PXJ,0.34
2011-07-27,SCC,0.0
2011-07-27,SDD,0.2553
2011-07-27,SFN,0.0
2011-07-27,VBK,0.5106
2011-07-28,AGA,0.2023
2011-07-28,CRF,0.0
2011-07-28,DAG,0.2023
2011-07-28,JYN,0.0
2011-07-28,RXD,0.4404
2011-07-28,RXL,0.4404
2011-07-28,SCC,0.0
2011-07-28,SMB,0.6705
2011-07-28,URR,-0.5423
2011-07-29,ERO,-0.20115
2011-07-29,TWM,-0.3612
2011-07-29,URR,-0.4023
2011-07-31,DAG,0.0
2011-08-01,AGA,0.2023
2011-08-01,DRR,0.2755
2011-08-01,GGE,0.3182
2011-08-01,RIF,0.0
2011-08-01,VBK,0.0
2011-08-01,WOOD,0.0
2011-08-02,DDP,0.4588
2011-08-02,DJP,0.4588
2011-08-02,DRR,-0.32985
2011-08-02,GRN,0.0
2011-08-02,ICF,-0.296
2011-08-03,AGA,0.2023
2011-08-03,BABS,0.0
2011-08-03,BLV,0.0
2011-08-03,CMF,0.0
2011-08-03,CXA,0.0
2011-08-03,DDP,0.0
2011-08-03,DJP,0.0
2011-08-03,DLBL,0.0
2011-08-03,DTYL,0.0
2011-08-03,LTPZ,0.0
2011-08-03,LWC,0.0
2011-08-03,RYU,0.0
2011-08-03,TIPZ,0.0
2011-08-03,UBT,0.0
2011-08-03,UST,0.0
2011-08-04,AIB,0.0
2011-08-04,DRR,-0.3182
2011-08-04,GSC,0.6908
2011-08-04,LSC,0.6908
2011-08-04,SCHF,0.0
2011-08-04,URR,-0.3182
2011-08-05,DRR,0.0
2011-08-05,DXD,0.4404
2011-08-05,ERO,-0.3612
2011-08-05,FVL,0.0
2011-08-05,PSP,0.0
2011-08-05,SRTY,0.0
2011-08-05,URR,0.0
2011-08-05,YXI,-0.4019
2011-08-08,BOS,0.2023
2011-08-08,DBP,0.0
2011-08-08,ERO,0.0
2011-08-08,EWV,-0.1027
2011-08-08,FFNM,0.0
2011-08-08,NKY,0.0
2011-08-08,SCHP,0.0
2011-08-08,SRTY,0.0
2011-08-08,YXI,0.16885
2011-08-09,DDP,0.0
2011-08-09,DJP,0.0
2011-08-09,DXD,-0.4019
2011-08-09,FLN,0.5106
2011-08-09,PFI,-0.3182
2011-08-10,DDP,0.5106
2011-08-10,DJP,0.5106
2011-08-10,FVL,0.0
2011-08-10,KME,-0.5719
2011-08-10,PSP,0.0
2011-08-11,AFC,-0.128
2011-08-11,AIA,0.0
2011-08-11,DBP,0.0
2011-08-11,DDP,0.3412
2011-08-11,DGL,0.0
2011-08-11,DGP,0.0
2011-08-11,DGT,0.0
2011-08-11,DJP,0.3412
2011-08-11,EMSA,0.0
2011-08-11,LTPZ,0.0
2011-08-11,SGOL,0.0
2011-08-11,SKOR,0.0
2011-08-11,TBAR,0.0
2011-08-11,TBF,-0.6908
2011-08-11,UBT,-0.3454
2011-08-11,UGL,0.0
2011-08-12,EU,0.0
2011-08-12,RTM,0.2732
2011-08-13,RTM,0.2023
2011-08-15,FGB,0.7964
2011-08-15,MGH,0.0
2011-08-15,RXD,0.0
2011-08-15,URR,0.6705
2011-08-16,IND,0.0
2011-08-17,DAG,0.0
2011-08-17,SZK,0.0
2011-08-18,FONE,0.0
2011-08-18,IWO,0.6705
2011-08-18,MZZ,0.6705
2011-08-18,SRTY,0.2023
2011-08-18,SZK,0.6705
2011-08-18,VFL,0.296
2011-08-19,COBK,0.296
2011-08-19,DWX,0.0
2011-08-19,FUD,0.0
2011-08-19,LVL,0.0
2011-08-19,SRTY,0.0
2011-08-19,TFG,0.0772
2011-08-20,RXD,0.0
2011-08-22,APAGF,0.4404
2011-08-22,CVOL,-0.5267
2011-08-22,DDG,0.4404
2011-08-22,DIG,0.4404
2011-08-22,DNO,-0.0258
2011-08-22,EWV,0.128
2011-08-22,KCC,0.7351
2011-08-22,SFN,0.0
2011-08-23,BABS,0.0
2011-08-23,DBU,0.0
2011-08-23,IST,0.0
2011-08-23,PCM,-0.1779
2011-08-23,WITE,0.0176
2011-08-24,CYB,0.0
2011-08-24,EWV,0.4404
2011-08-24,MYY,0.3818
2011-08-24,RFG,0.3818
2011-08-24,SMDD,0.3818
2011-08-25,FXS,0.4201
2011-08-25,GCC,0.6369
2011-08-25,JKE,-0.4019
2011-08-25,REW,-0.4019
2011-08-25,SZK,0.0
2011-08-26,AIB,0.0
2011-08-26,CGW,-0.3818
2011-08-26,CZA,0.0
2011-08-26,EZM,0.0
2011-08-26,JKI,0.0
2011-08-26,MDD,0.0
2011-08-26,PIO,-0.3818
2011-08-26,SRTY,0.2023
2011-08-26,UYG,0.0
2011-08-29,DAG,0.0
2011-08-29,EU,0.0
2011-08-30,DGP,0.0
2011-08-30,GEF.B,0.0
2011-08-31,BWZ,-0.2732
2011-08-31,DPK,0.2023
2011-08-31,SGOL,0.7964
2011-09-01,DGP,0.0
2011-09-01,DRR,-0.0772
2011-09-06,DBP,0.5719
2011-09-06,DPK,0.2023
2011-09-06,GLDX,0.5719
2011-09-06,GLTR,0.5719
2011-09-07,DRR,0.4404
2011-09-07,JJN,0.0
2011-09-08,BRAZ,0.128
2011-09-08,GLL,0.2023
2011-09-08,RHS,0.0
2011-09-08,SCHH,0.0
2011-09-08,SRTY,0.2023
2011-09-09,GSP,0.7783
2011-09-09,JKG,0.0
2011-09-09,MZZ,0.0
2011-09-09,SKOR,0.7783
2011-09-11,EFZ,0.0
2011-09-12,DGP,-0.4927
2011-09-12,DRR,-0.128
2011-09-12,DRW,0.0
2011-09-12,EMIF,0.0
2011-09-12,HGI,0.296
2011-09-12,IPU,0.0
2011-09-12,ROOF,0.0
2011-09-13,AGOL,-0.2732
2011-09-13,CCXE,0.0
2011-09-13,CRV,0.0
2011-09-13,HUB.A,0.0
2011-09-13,IFGL,-0.2732
2011-09-13,RTR,0.0
2011-09-13,SAA,0.765
2011-09-13,SCHE,0.0
2011-09-13,SKOR,-0.2732
2011-09-14,AAXJ,0.3818
2011-09-14,DRR,0.4404
2011-09-14,IPK,0.0
2011-09-14,KCE,0.2263
2011-09-14,PXQ,0.0
2011-09-14,SPXU,0.0
2011-09-14,UPRO,0.0
2011-09-14,UPV,0.2023
2011-09-14,YXI,0.3818
2011-09-15,EU,0.4404
2011-09-15,IBND,0.0
2011-09-15,SPXU,0.34
2011-09-15,UPRO,0.34
2011-09-16,CROP,0.0
2011-09-16,EVP,0.2023
2011-09-16,PAGG,0.0
2011-09-16,TTT,0.2023
2011-09-19,PXJ,0.0
2011-09-19,XES,0.0
2011-09-19,XPP,0.2023
2011-09-20,BWZ,0.4404
2011-09-20,IST,0.0
2011-09-20,IXP,0.0
2011-09-20,LTL,0.0
2011-09-20,SRTY,0.2023
2011-09-20,TLL,0.0
2011-09-21,FOIL,0.0
2011-09-22,IND,0.0
2011-09-22,SPXU,-0.4767
2011-09-22,UPRO,-0.4767
2011-09-23,EFU,0.0
2011-09-23,FTC,-0.5423
2011-09-23,FVD,0.0
2011-09-23,HDGE,0.0
2011-09-23,MCRO,0.0
2011-09-26,BLH,0.0
2011-09-26,BOS,0.0
2011-09-26,PTF,-0.5267
2011-09-26,UYM,0.2023
2011-09-27,SDP,0.0
2011-09-27,SRS,0.0
2011-09-27,TBF,0.0
2011-09-27,XPP,0.2023
2011-09-28,IGN,0.0
2011-09-28,KROO,-0.128
2011-09-28,UYM,0.2023
2011-09-29,MMV,0.0
2011-09-29,NCA,0.0
2011-09-29,RWM,-0.2732
2011-09-29,TRF,-0.3612
2011-09-29,TTT,0.0
2011-09-29,TWM,-0.2732
2011-09-29,UWM,-0.2732
2011-10-03,EU,0.0
2011-10-03,EUM,0.0
2011-10-03,RYU,0.4363
2011-10-03,SCD,0.0
2011-10-04,DEJ,0.4767
2011-10-04,EOI,0.0
2011-10-04,IST,0.0
2011-10-04,ROOF,0.0
2011-10-05,DAG,0.0
2011-10-05,EU,-0.4215
2011-10-05,UYM,0.2023
2011-10-06,EU,0.5859
2011-10-06,HDGE,0.7184
2011-10-06,NKY,0.5106
2011-10-06,OEF,0.0
2011-10-06,RXD,0.0
2011-10-06,SCD,0.0
2011-10-06,SGOL,0.5106
2011-10-07,DPK,0.0
2011-10-07,IF,0.0
2011-10-10,CDC,0.4019
2011-10-11,AGA,0.2023
2011-10-11,BOM,0.2023
2011-10-11,DAG,0.2023
2011-10-11,EVP,0.296
2011-10-11,KROO,-0.2732
2011-10-12,DEJ,0.7964
2011-10-12,DSUM,0.0
2011-10-12,EXT,0.0
2011-10-12,GCH,0.0772
2011-10-12,IJK,0.0
2011-10-12,IYY,0.0
2011-10-12,MYY,0.0
2011-10-13,CZA,0.1531
2011-10-13,PLTM,-0.296
2011-10-13,SKOR,0.8126
2011-10-14,JW.A,0.368
2011-10-14,NRO,0.296
2011-10-14,PGP,0.3818
2011-10-17,PSCE,0.2732
2011-10-18,FNI,0.0
2011-10-18,IBCA,0.2023
2011-10-18,SKOR,0.0
2011-10-19,DNL,0.0
2011-10-19,LVL,0.0
2011-10-19,PID,0.0
2011-10-19,PLTM,0.0
2011-10-19,UYM,0.2023
2011-10-20,BOM,0.2023
2011-10-20,DBB,0.2023
2011-10-20,HUB.A,0.0
2011-10-20,JKH,0.0
2011-10-20,PBM,0.0
2011-10-20,PLTM,-0.296
2011-10-20,RFG,0.0
2011-10-24,KCE,0.4215
2011-10-24,KME,0.4215
2011-10-26,IJT,0.0
2011-10-26,RZG,0.0
2011-10-26,SBB,0.08895
2011-10-26,SCHG,0.3818
2011-10-26,SDD,0.08895
2011-10-26,SLYG,0.1779
2011-10-26,UBC,0.0
2011-10-26,XPP,0.2023
2011-10-27,SSO,-0.1139
2011-10-27,UPRO,-0.1139
2011-10-28,PLTM,0.5859
2011-11-01,OSM,0.4404
2011-11-01,SCC,0.0
2011-11-02,RYE,-0.296
2011-11-03,AIA,-0.1531
2011-11-05,FXL,0.5106
2011-11-07,DDM,0.0
2011-11-07,DNP,0.6705
2011-11-07,MDD,0.0
2011-11-07,USL,0.0
2011-11-09,FVL,0.0
2011-11-09,IJK,0.0
2011-11-09,IOIL,-0.0258
2011-11-09,UBT,0.0
2011-11-10,FTC,-0.2732
2011-11-11,DNO,0.0
2011-11-11,VIAB,-0.1223
2011-11-13,HGI,0.0
2011-11-14,JGBD,0.0
2011-11-14,JGBL,0.0
2011-11-14,JGBS,0.0
2011-11-14,JGBT,0.0
2011-11-14,SMB,0.4939
2011-11-15,RGI,0.0
2011-11-15,SIJ,0.0
2011-11-15,VIAB,0.5574
2011-11-16,BUNL,0.0
2011-11-16,CNY,0.0
2011-11-16,ITLY,0.0
2011-11-16,PEZ,0.0
2011-11-16,RVM,0.13935
2011-11-16,RYE,0.2732
2011-11-17,PXJ,0.0
2011-11-17,VIAB,0.0
2011-11-20,PGF,0.0
2011-11-21,APF,0.0
2011-11-21,CRF,0.0
2011-11-21,EEB,0.743
2011-11-21,FNI,0.743
2011-11-21,GRI,0.4215
2011-11-21,IST,-0.6597
2011-11-21,JKL,-0.296
2011-11-21,PSCD,-0.296
2011-11-21,SLYV,-0.296
2011-11-22,JKK,0.0
2011-11-22,PTF,0.0
2011-11-23,EGI,0.0
2011-11-23,LSC,0.0
2011-11-25,DWX,0.0
2011-11-25,ESR,0.0
2011-11-25,GUR,0.0
2011-11-28,IND,-0.5423
2011-11-28,ITM,0.431
2011-11-28,MINT,0.0
2011-11-28,MLN,0.431
2011-11-28,PRB,0.431
2011-11-28,SMB,0.431
2011-11-28,VIAB,0.0
2011-11-28,XMPT,0.431
2011-11-29,DAG,0.2023
2011-11-30,CHOC,-0.148
2011-11-30,NRO,0.296
2011-11-30,PGM,0.0
2011-11-30,PSCE,0.0
2011-12-01,MOG.B,0.26335
2011-12-01,SCZ,0.0
2011-12-01,VIAB,-0.128
2011-12-02,SCC,-0.4404
2011-12-02,SCO,0.2023
2011-12-04,CNY,0.3818
2011-12-05,SGOL,0.296
2011-12-05,WDTI,0.0
2011-12-06,EFZ,-0.4939
2011-12-06,IWO,-0.3182
2011-12-06,JKK,-0.3182
2011-12-08,BF.A,0.0
2011-12-08,GCH,0.5994
2011-12-08,JW.A,0.0
2011-12-08,MDD,0.5574
2011-12-10,BABS,0.0
2011-12-10,DLBL,0.0
2011-12-10,DTYL,0.0
2011-12-10,FLAT,0.0
2011-12-10,LTPZ,0.0
2011-12-10,MLPL,0.0
2011-12-10,TLH,0.0
2011-12-10,UPW,0.0
2011-12-10,VGLT,0.0
2011-12-12,MFD,0.4767
2011-12-12,MSP,0.0
2011-12-12,NPP,0.4939
2011-12-12,PFO,0.4019
2011-12-12,PHF,0.4019
2011-12-12,RVM,0.3818
2011-12-12,TRF,0.0
2011-12-14,ALLB,0.7351
2011-12-14,BOS,0.4767
2011-12-14,BSL,0.0
2011-12-14,CRBQ,0.0
2011-12-14,EU,0.368
2011-12-15,EWV,-0.25
2011-12-15,FCO,0.0
2011-12-15,FONE,0.0
2011-12-15,FTC,0.0
2011-12-15,NKY,-0.25
2011-12-15,PGM,0.3818
2011-12-16,DOL,0.0
2011-12-16,MOG.B,0.0
2011-12-16,PSR,0.0516
2011-12-19,FTC,0.34
2011-12-19,HDGE,0.0
2011-12-19,RFG,-0.296
2011-12-19,RVM,0.0
2011-12-20,CLM,0.0
2011-12-20,FHY,0.7717
2011-12-20,IND,0.0
2011-12-20,PBM,0.0
2011-12-20,PEZ,0.0
2011-12-20,RHS,0.0
2011-12-21,CYB,0.0
2011-12-21,DNO,-0.25
2011-12-21,DPU,0.2732
2011-12-21,IWN,0.0
2011-12-22,GCC,0.5574
2011-12-27,NECB,0.0
2011-12-27,VAW,0.0
2012-01-02,PZI,0.0
2012-01-03,BKF,0.0
2012-01-03,PFO,0.4995
2012-01-04,IYJ,0.0
2012-01-04,MDD,-0.1779
2012-01-04,RCD,0.0
2012-01-04,WGA,0.25
2012-01-05,GTU,0.2023
2012-01-05,IPF,0.0
2012-01-05,NPP,0.0
2012-01-06,UAE,0.765
2012-01-09,IND,0.0
2012-01-10,EGI,0.0
2012-01-10,KCC,0.2732
2012-01-10,MGH,0.0
2012-01-10,NIM,0.0
2012-01-11,RCD,0.0
2012-01-12,FBZ,0.5106
2012-01-13,ADRU,-0.4767
2012-01-13,ECF,0.2732
2012-01-13,ICLN,0.0
2012-01-13,KCE,0.3832
2012-01-17,BWX,0.0
2012-01-17,CHII,0.0
2012-01-17,DSUM,0.0
2012-01-17,GLTR,0.0
2012-01-17,PSLV,0.0
2012-01-17,WITE,0.0
2012-01-17,XPL,0.0
2012-01-18,DRV,0.5574
2012-01-18,DSUM,0.0
2012-01-18,EAD,0.0
2012-01-18,PIM,0.0
2012-01-18,PSLV,0.765
2012-01-19,NIM,0.0
2012-01-19,NXR,0.0
2012-01-19,SCO,0.2732
2012-01-23,VBFC,0.0
2012-01-25,EMXX,0.0
2012-01-25,FMK,0.0
2012-01-25,GOF,0.5859
2012-01-25,KROO,0.0
2012-01-25,MGH,-0.6124
2012-01-25,UDOW,0.0
2012-01-26,FVL,0.0
2012-01-26,GOF,0.296
2012-01-26,KROO,0.0
2012-01-26,PEZ,0.0
2012-01-26,RYJ,0.0
2012-01-27,MOG.B,0.296
2012-01-27,PSLV,0.0
2012-01-30,EMXX,0.0
2012-01-30,NHTB,0.0
2012-01-30,PSQ,0.2023
2012-01-30,SBB,0.2023
2012-01-30,SCZ,0.2023
2012-01-30,SDD,0.2023
2012-01-30,SLYV,0.2023
2012-01-30,SRTY,0.2023
2012-01-31,CHII,0.0
2012-02-01,IYG,0.2023
2012-02-01,PGF,0.2023
2012-02-01,RXD,0.6124
2012-02-01,RXL,0.6124
2012-02-01,RYH,0.6124
2012-02-01,UYG,0.2023
2012-02-01,XHE,0.6124
2012-02-02,XPP,0.0
2012-02-05,PZI,0.0
2012-02-06,FEX,0.0
2012-02-06,IVW,0.3818
2012-02-06,JKE,0.3818
2012-02-06,ROOF,0.6369
2012-02-06,VEGI,0.6369
2012-02-07,BRAZ,0.0
2012-02-07,GLDX,0.0
2012-02-07,KCC,-0.4995
2012-02-07,PERM,0.0
2012-02-08,AAXJ,0.0
2012-02-08,EMXX,0.4939
2012-02-08,PERM,0.0
2012-02-08,XPP,0.0
2012-02-09,ADZ,0.0
2012-02-09,AGA,0.0
2012-02-09,AGF,0.0
2012-02-09,DDP,0.0
2012-02-09,DEE,0.0
2012-02-09,DPU,0.0
2012-02-09,DYY,0.0
2012-02-09,EMXX,0.0
2012-02-09,IPW,0.0
2012-02-09,PZI,0.0
2012-02-09,XPP,0.0
2012-02-12,EWV,0.0
2012-02-12,JPP,0.0
2012-02-13,DSI,0.0
2012-02-13,FONE,0.0
2012-02-13,FVL,0.0
2012-02-13,HAP,0.0
2012-02-13,IGV,0.0
2012-02-13,NHTB,0.0
2012-02-13,NIB,0.0
2012-02-13,QTEC,0.0
2012-02-13,RCD,0.0
2012-02-13,RPV,0.0
2012-02-14,CHII,0.0
2012-02-14,CHIM,0.0
2012-02-14,FDL,-0.5413
2012-02-14,IPW,-0.5413
2012-02-14,TAO,0.0
2012-02-14,YAO,0.0
2012-02-14,YXI,0.0
2012-02-15,CZA,0.3818
2012-02-15,HAP,0.0
2012-02-15,JKI,0.3818
2012-02-15,PEZ,0.3818
2012-02-15,RCD,0.3818
2012-02-15,RPX,0.3818
2012-02-15,SMB,0.0
2012-02-16,MSP,0.6124
2012-02-16,NHTB,0.2023
2012-02-16,STPZ,0.0
2012-02-16,WHX,0.5106
2012-02-17,COBK,0.7845
2012-02-17,EU,0.6124
2012-02-20,DEF,0.0
2012-02-20,FBZ,-0.296
2012-02-20,JJN,0.0
2012-02-21,SCC,0.4404
2012-02-22,IJK,0.0
2012-02-22,RPV,0.0
2012-02-22,RZG,0.0
2012-02-23,FFR,0.0
2012-02-23,IVW,0.3612
2012-02-23,MTK,0.0
2012-02-24,IVW,0.3818
2012-02-27,PXQ,0.0
2012-02-27,SKOR,0.0
2012-02-28,IGN,0.0
2012-02-28,SMB,0.0
2012-02-28,XES,0.0
2012-02-29,HAP,0.0772
2012-02-29,IJT,0.0
2012-02-29,PSCD,0.0
2012-02-29,RYE,0.0
2012-02-29,SLYG,0.0
2012-03-01,AAXJ,0.0
2012-03-01,EWSS,0.1027
2012-03-01,EWV,0.0
2012-03-01,FXL,0.2023
2012-03-01,HAP,-0.128
2012-03-01,JFC,0.3818
2012-03-01,JGBD,0.0
2012-03-01,MTK,0.2023
2012-03-01,PSQ,0.2023
2012-03-01,REW,0.2023
2012-03-01,TQQQ,0.2023
2012-03-01,VEU,-0.128
2012-03-01,VSS,-0.128
2012-03-03,FXL,0.3818
2012-03-03,IJK,0.3818
2012-03-03,JKH,0.3818
2012-03-03,VOT,0.3818
2012-03-04,BRAF,0.0
2012-03-04,IVOP,0.0
2012-03-04,SFLA,0.0
2012-03-04,TQQQ,0.0
2012-03-04,TWM,0.0
2012-03-05,BIK,0.0
2012-03-05,GUR,0.0
2012-03-05,JJG,0.4767
2012-03-05,NHS,0.0
2012-03-06,DSI,0.3182
2012-03-06,DXD,0.0
2012-03-06,IND,0.0
2012-03-06,KEF,0.0
2012-03-06,USD,0.1027
2012-03-07,EDIV,0.2263
2012-03-07,PSCD,0.3818
2012-03-07,SLVP,0.2263
2012-03-07,SLYG,0.3818
2012-03-08,EPS,-0.128
2012-03-09,FFR,0.0
2012-03-09,JJG,-0.128
2012-03-11,DRV,0.0
2012-03-11,GLTR,-0.4404
2012-03-12,BOM,0.6249
2012-03-12,IWO,0.3818
2012-03-12,VXF,0.3818
2012-03-13,EPS,0.0
2012-03-13,EZM,-0.296
2012-03-13,FLTB,0.0
2012-03-13,IJK,-0.296
2012-03-13,RFG,-0.296
2012-03-14,BRAF,0.0
2012-03-14,BRAZ,0.0
2012-03-14,DWM,0.0
2012-03-14,DWX,0.0
2012-03-14,EFV,0.0
2012-03-14,EPS,0.0
2012-03-14,MXI,0.0
2012-03-14,TAO,0.0
2012-03-16,DBS,0.0
2012-03-16,EU,0.0
2012-03-16,GLL,0.3818
2012-03-16,XPP,0.0
2012-03-19,FTC,0.7003
2012-03-19,FXL,0.0
2012-03-19,JJM,-0.3818
2012-03-19,PTF,0.0
2012-03-19,VBFC,-0.5267
2012-03-19,VBK,0.3818
2012-03-19,VEGI,0.0
2012-03-20,CUT,0.0
2012-03-20,MDD,0.0
2012-03-20,PICB,0.0
2012-03-21,BIS,0.6249
2012-03-21,ETF,0.2023
2012-03-21,RWX,0.6369
2012-03-21,RXD,0.6249
2012-03-22,CGW,0.5719
2012-03-22,CHII,0.4019
2012-03-22,ETF,0.2023
2012-03-22,FIW,0.5719
2012-03-22,IJJ,0.0
2012-03-22,PIO,0.5719
2012-03-22,RCD,0.3818
2012-03-22,USD,0.4939
2012-03-22,VO,0.3818
2012-03-22,VXZ,-0.4939
2012-03-23,CTV,0.0
2012-03-23,CYB,0.0
2012-03-23,FONE,0.0
2012-03-26,ETF,0.2023
2012-03-26,GAZ,0.2023
2012-03-26,IWO,0.0
2012-03-26,MCRO,0.0
2012-03-26,NMO,0.2235
2012-03-26,PEZ,0.0
2012-03-26,PSCD,0.0
2012-03-26,TQQQ,0.2023
2012-03-26,UMDD,0.3818
2012-03-26,VOT,0.3818
2012-03-27,ETF,0.2023
2012-03-27,HTF,0.0516
2012-03-27,IRDMZ,-0.5267
2012-03-27,PERM,0.0
2012-03-27,SGOL,0.0
2012-03-27,TDI,0.7845
2012-03-27,VEU,0.0
2012-03-28,ETF,0.2023
2012-03-28,FLAT,0.0
2012-03-28,GAZ,0.0
2012-03-28,IWC,0.0
2012-03-28,IWS,0.0
2012-03-28,PPT,0.0
2012-03-28,PZI,0.0
2012-03-28,TAS,0.296
2012-03-28,VOE,0.0
2012-03-28,XES,0.0
2012-03-29,PSQ,0.0
2012-03-29,REW,0.0
2012-03-29,TNDQ,0.0
2012-03-29,TQQQ,0.0
2012-03-29,USD,0.0
2012-03-30,SCD,0.0
2012-04-02,DNL,-0.6597
2012-04-02,EMI,0.0
2012-04-02,EPS,0.0
2012-04-02,FAB,0.3818
2012-04-02,PSP,0.0
2012-04-03,IGM,0.0
2012-04-03,JKE,0.0
2012-04-03,XLG,0.0
2012-04-04,GAZ,0.0
2012-04-04,JKE,-0.5267
2012-04-04,QTEC,0.0
2012-04-04,RWR,0.0386
2012-04-05,CLM,0.296
2012-04-06,GAZ,0.0
2012-04-10,SKOR,0.0
2012-04-11,MINT,-0.2732
2012-04-11,NHS,0.0
2012-04-11,SGF,0.296
2012-04-12,BKF,0.0
2012-04-13,TIPZ,-0.4767
2012-04-13,UAE,0.4215
2012-04-16,AOK,0.0
2012-04-16,HDGE,0.0
2012-04-16,HYLD,0.0
2012-04-16,NIM,0.3818
2012-04-16,NMO,0.5267
2012-04-16,SCD,0.4767
2012-04-17,CUT,0.0
2012-04-17,EPS,0.0
2012-04-17,IND,0.20095
2012-04-17,INP,0.0
2012-04-18,CRBQ,0.0
2012-04-18,ICF,0.4215
2012-04-18,LTL,0.3818
2012-04-18,PBM,0.0
2012-04-18,VOT,0.3818
2012-04-19,CSJ,0.0
2012-04-19,FWDB,0.0
2012-04-19,VMBS,0.0
2012-04-20,PIZ,0.0
2012-04-20,TCHI,0.0
2012-04-23,DSUM,0.296
2012-04-23,EMXX,0.11315
2012-04-23,PUI,0.0
2012-04-24,PERM,0.0
2012-04-24,RXI,0.0
2012-04-24,STPZ,0.3182
2012-04-24,TIPZ,0.3182
2012-04-24,UBC,-0.4939
2012-04-24,UGE,0.0
2012-04-24,VEGI,0.0
2012-04-25,BOIL,0.0
2012-04-25,DXD,0.0
2012-04-25,INP,0.0
2012-04-25,JKE,0.0
2012-04-25,KOLD,0.0
2012-04-25,QLD,0.0
2012-04-25,SCC,0.0
2012-04-25,SMDD,0.0
2012-04-25,SPXU,0.0
2012-04-25,SRTY,0.0
2012-04-25,TQQQ,0.0
2012-04-25,UBT,0.0
2012-04-25,UDOW,0.0
2012-04-25,UST,0.0
2012-04-26,PSCU,0.0
2012-04-26,PUI,0.0
2012-04-26,VOE,-0.5994
2012-04-26,VOT,-0.5994
2012-04-26,VXF,-0.5994
2012-04-30,RWX,0.0
2012-05-01,REZ,0.0
2012-05-02,BIB,0.0
2012-05-02,IVOP,0.0
2012-05-02,MINT,0.3182
2012-05-02,TAO,-0.3182
2012-05-02,TQQQ,0.0
2012-05-02,UPRO,0.0
2012-05-03,IYG,0.0
2012-05-03,PLTM,0.25
2012-05-08,CHIE,0.0
2012-05-08,PWC,0.0
2012-05-08,UWM,0.0
2012-05-09,DEW,0.0
2012-05-10,SZK,0.0
2012-05-11,DLS,0.2732
2012-05-14,CROP,0.0
2012-05-14,PSCE,-0.2023
2012-05-15,SRS,0.0
2012-05-16,CUT,0.0
2012-05-16,GLDX,-0.4767
2012-05-16,IGV,0.0
2012-05-16,ITM,0.5106
2012-05-16,MLN,0.5106
2012-05-16,PRB,0.5106
2012-05-16,SLVP,-0.4767
2012-05-17,MTS,0.1779
2012-05-18,IYC,0.5574
2012-05-21,AMPS,0.0
2012-05-21,DNO,0.3818
2012-05-21,ENGN,0.0
2012-05-22,EXI,0.2023
2012-05-22,FXR,0.2023
2012-05-22,IYJ,0.2023
2012-05-22,IYLD,0.0
2012-05-22,PSCI,0.2023
2012-05-22,RGI,0.2023
2012-05-22,SVBL,0.0
2012-05-23,GUR,0.0
2012-05-23,HAP,0.0
2012-05-23,WDTI,0.5106
2012-05-24,SH,0.0
2012-05-25,RDIB,0.0
2012-05-28,EEME,0.0
2012-05-28,HILO,0.0
2012-05-30,INP,0.0
2012-05-30,LABC,0.7351
2012-05-30,LVL,-0.5994
2012-05-30,RYE,-0.5994
2012-05-30,SBB,-0.128
2012-05-30,TLH,0.1531
2012-05-30,XES,0.0
2012-05-31,ALFA,0.0
2012-05-31,HYXU,0.0
2012-05-31,ICF,-0.2732
2012-05-31,PSQ,0.5574
2012-05-31,QLD,0.5574
2012-05-31,QLTC,0.0
2012-05-31,TQQQ,0.5574
2012-06-01,CWB,0.0
2012-06-01,ENOR,0.0
2012-06-01,IYC,0.2023
2012-06-01,PGF,0.0
2012-06-01,SCC,0.2023
2012-06-01,SZK,0.2023
2012-06-01,VOT,0.0
2012-06-04,CRED,0.0
2012-06-04,ENOR,0.1366
2012-06-04,HYLD,0.3774
2012-06-04,MXI,-0.6249
2012-06-05,ALFA,0.0
2012-06-05,CMF,0.4019
2012-06-05,GXF,0.0
2012-06-05,SUB,0.4019
2012-06-06,CNDA,0.0
2012-06-07,ATE,0.0
2012-06-07,CNDA,0.34
2012-06-07,FILL,0.0
2012-06-07,HBNK,0.0
2012-06-07,IPW,0.0
2012-06-07,IWV,0.2023
2012-06-07,IYY,0.2023
2012-06-07,PWC,0.2023
2012-06-10,GUR,0.0
2012-06-11,ALFA,0.0
2012-06-11,CRED,0.0
2012-06-11,ENY,0.0
2012-06-11,FILL,0.4215
2012-06-11,REW,0.0
2012-06-12,CRED,0.4404
2012-06-12,ITLT,0.0
2012-06-12,ITLY,0.0
2012-06-13,AGA,0.0
2012-06-13,DDP,0.0
2012-06-13,DEE,0.0
2012-06-13,EWV,0.0
2012-06-13,GAZ,-0.296
2012-06-13,IPW,0.0
2012-06-13,IYG,0.0
2012-06-13,UBT,0.0
2012-06-14,CRD.A,0.1779
2012-06-14,CRED,0.0
2012-06-14,IXP,0.0
2012-06-14,PERM,0.0
2012-06-15,BKF,0.0
2012-06-15,EWSS,0.0
2012-06-15,RIF,0.3818
2012-06-18,CEMB,0.0
2012-06-18,ENY,0.34
2012-06-18,IPW,0.34
2012-06-18,SCHX,0.4215
2012-06-18,USMI,0.0
2012-06-18,XOVR,0.0
2012-06-19,FILL,0.2732
2012-06-19,RTM,0.0
2012-06-20,AND,0.4215
2012-06-20,EMLP,0.5106
2012-06-20,HYXU,0.0
2012-06-20,MES,0.0
2012-06-20,PGF,0.2732
2012-06-20,PLMT,0.0
2012-06-20,RCD,-0.296
2012-06-21,MXI,0.0772
2012-06-22,AXJL,0.0
2012-06-22,BRAQ,0.0
2012-06-22,FBZ,0.0
2012-06-22,PSL,0.2023
2012-06-22,RHS,0.2023
2012-06-25,BCA,0.0
2012-06-25,BIK,-0.6705
2012-06-25,BOIL,0.0
2012-06-25,CFP,0.0
2012-06-25,ITLY,0.0
2012-06-25,SDP,0.0
2012-06-26,AQQ,0.0
2012-06-26,ATE,0.3818
2012-06-26,CRED,0.5859
2012-06-26,FGM,0.1531
2012-06-26,RXD,0.0
2012-06-26,RXL,0.0
2012-06-28,BRAZ,-0.5994
2012-06-28,CCXE,-0.5994
2012-06-28,CYB,-0.4019
2012-06-29,SDOG,0.0
2012-07-02,AMPS,0.4215
2012-07-02,XMPT,0.4215
2012-07-04,RWX,0.0
2012-07-05,CRED,0.0
2012-07-05,DNO,0.0
2012-07-05,FDL,0.0
2012-07-05,HAP,0.0
2012-07-05,HYLD,0.3182
2012-07-05,PSCH,-0.2263
2012-07-05,XSD,0.0
2012-07-06,SKOR,0.0
2012-07-06,SVBL,0.0
2012-07-09,APAGF,0.0
2012-07-09,QQXT,0.0
2012-07-10,FXD,0.0
2012-07-10,IWO,0.0
2012-07-11,PSLV,0.765
2012-07-11,XSD,-0.4939
2012-07-12,EVX,0.0258
2012-07-12,FINU,0.0
2012-07-12,FINZ,0.0
2012-07-12,FIW,0.0258
2012-07-12,IYJ,0.0258
2012-07-12,KXI,0.4767
2012-07-12,PSCI,0.0258
2012-07-12,PSLV,0.765
2012-07-12,TDTF,0.2023
2012-07-12,TDTT,0.2023
2012-07-12,TILT,0.2023
2012-07-12,UBC,-0.3818
2012-07-12,UYG,0.0
2012-07-13,BIB,-0.2732
2012-07-13,CEMB,0.0
2012-07-13,DEF,0.0
2012-07-13,DRW,-0.2732
2012-07-13,EMCD,0.0
2012-07-13,IPW,0.4708
2012-07-13,IYY,0.0
2012-07-13,RCD,0.0
2012-07-16,FBZ,0.4754
2012-07-16,FCHI,0.4754
2012-07-16,PBE,0.0
2012-07-16,PDP,0.0
2012-07-16,PGF,0.0
2012-07-16,PIZ,0.0
2012-07-16,TAGS,0.0
2012-07-16,UNL,0.0
2012-07-17,DAG,0.0
2012-07-17,DBBR,0.0
2012-07-17,DBEM,0.0
2012-07-17,IYC,0.0
2012-07-17,JJG,0.0
2012-07-17,PFXF,0.296
2012-07-17,PGX,0.296
2012-07-17,SCC,0.0
2012-07-18,CTNN,0.0
2012-07-18,CUT,0.5859
2012-07-18,IGN,0.0
2012-07-18,MLN,0.14845
2012-07-18,RJA,0.0
2012-07-18,WHX,0.5106
2012-07-18,XLG,0.0
2012-07-19,XOVR,0.0
2012-07-20,ACWI,0.0
2012-07-20,AGA,0.0
2012-07-20,DAG,0.0
2012-07-20,FUE,0.0
2012-07-20,GAZ,0.0
2012-07-20,SCPB,0.0
2012-07-20,SH,0.0
2012-07-20,VCO,-0.148
2012-07-20,WHX,0.5106
2012-07-20,XMPT,-0.4588
2012-07-23,ENY,0.2732
2012-07-23,IWO,0.5859
2012-07-23,TAGS,0.1695
2012-07-24,ICLN,0.0
2012-07-25,IJK,0.0
2012-07-25,IXP,-0.1027
2012-07-25,IYJ,0.5267
2012-07-25,TYD,0.5267
2012-07-26,DDM,0.0
2012-07-26,DWX,0.0
2012-07-26,EDIV,0.0
2012-07-26,INKM,0.0
2012-07-26,LWC,0.0
2012-07-26,PGF,0.0
2012-07-26,PSK,0.0
2012-07-27,IYJ,0.25
2012-07-30,FBZ,-0.3412
2012-07-30,PSR,0.0
2012-07-31,FLOT,0.0
2012-07-31,FLTR,0.0
2012-07-31,IWC,0.0
2012-07-31,PSCE,0.0
2012-08-01,EPV,0.0258
2012-08-01,OEF,-0.4588
2012-08-02,DBB,-0.2732
2012-08-02,PEY,-0.3612
2012-08-02,PFM,-0.3612
2012-08-02,PID,-0.3612
2012-08-02,SCO,0.0
2012-08-03,CCX,0.0
2012-08-06,ACWI,-0.2732
2012-08-06,ACWV,-0.2732
2012-08-06,HILO,-0.2732
2012-08-07,APAGF,0.0
2012-08-07,EMCD,0.0
2012-08-07,HBNK,0.0
2012-08-07,MES,0.0
2012-08-07,QEH,0.0
2012-08-07,VRD,0.0
2012-08-08,ALFA,-0.2023
2012-08-08,CH,0.7269
2012-08-08,DOO,0.4404
2012-08-08,MCRO,-0.2023
2012-08-08,SMIN,0.0
2012-08-08,WGA,0.0
2012-08-09,AND,0.5106
2012-08-10,CMSB,0.0
2012-08-10,IST,0.0
2012-08-10,IXP,0.0
2012-08-10,RVM,0.296
2012-08-13,FLN,0.0
2012-08-13,PFXF,0.0
2012-08-13,RDIB,0.0
2012-08-13,RIT,0.0
2012-08-14,HAP,0.2732
2012-08-14,IDXJ,0.0
2012-08-14,INKM,0.5106
2012-08-14,IOIL,0.0
2012-08-14,LMCB,0.6705
2012-08-14,PXE,0.2732
2012-08-14,RYE,0.0
2012-08-14,SLY,0.4404
2012-08-14,UTG,0.296
2012-08-15,AFCB,0.6124
2012-08-15,BBRC,0.0
2012-08-15,DDM,0.0
2012-08-15,EPV,0.0
2012-08-15,FBZ,0.0
2012-08-15,FLTR,0.0
2012-08-15,FRAK,0.3612
2012-08-15,HILO,0.0
2012-08-15,HTR,0.0
2012-08-15,PHO,0.3612
2012-08-15,SDOW,0.0
2012-08-15,UPV,0.0
2012-08-16,GXF,0.25
2012-08-17,BF.A,0.0
2012-08-17,MTS,0.0
2012-08-17,PHDG,-0.25
2012-08-20,AGF,0.0
2012-08-20,BRAQ,0.0
2012-08-20,EMCD,0.4215
2012-08-20,GRU,0.0
2012-08-20,IGU,0.0
2012-08-20,JGBD,0.0
2012-08-20,JGBS,0.0
2012-08-20,JJG,0.0
2012-08-20,ONEF,0.0
2012-08-20,SJB,0.0
2012-08-20,TDTF,0.0
2012-08-20,TDTT,0.0
2012-08-20,TILT,0.0
2012-08-20,UJB,0.0
2012-08-20,WEET,0.0
2012-08-21,AND,-0.296
2012-08-21,DGT,-0.4522
2012-08-21,FRI,0.0
2012-08-21,HAP,-0.4522
2012-08-21,OEF,-0.3612
2012-08-21,TAO,0.0
2012-08-21,XLG,-0.4522
2012-08-22,ACWI,0.0
2012-08-22,ACWX,0.0
2012-08-22,IPW,0.2732
2012-08-22,IWO,-0.7506
2012-08-22,LMLP,0.0
2012-08-22,MOG.B,-0.2263
2012-08-22,PBD,0.0772
2012-08-22,PFI,-0.7506
2012-08-22,SSO,0.0
2012-08-22,XHE,-0.7506
2012-08-23,BBRC,0.0
2012-08-23,EDIV,0.3818
2012-08-23,GUR,0.3818
2012-08-23,HILO,0.3818
2012-08-23,IYK,-0.3612
2012-08-23,PFXF,0.0
2012-08-24,BRAQ,0.0
2012-08-24,GLTR,0.0
2012-08-24,QID,0.0
2012-08-28,CVY,0.2263
2012-08-28,DBP,0.5719
2012-08-28,DOM,0.4767
2012-08-28,MDIV,0.2263
2012-08-28,SLVP,0.5719
2012-08-28,SMB,0.0
2012-08-28,WITE,0.5719
2012-08-29,ENL,0.0085
2012-08-29,EWHS,-0.1027
2012-08-29,GRN,-0.1027
2012-08-29,MZF,0.0
2012-08-29,SLY,-0.4767
2012-08-30,AND,0.6597
2012-08-31,NVSL,0.0
2012-09-04,HILO,0.0
2012-09-05,BF.A,0.0
2012-09-05,IPD,0.0
2012-09-05,IPW,0.128
2012-09-05,QID,0.0
2012-09-05,XSD,0.34
2012-09-06,AND,-0.2584
2012-09-06,BKF,0.0
2012-09-06,HTR,0.0
2012-09-06,IDV,0.0
2012-09-06,IF,0.0
2012-09-06,LMCB,0.0
2012-09-07,PDP,0.5267
2012-09-10,RIF,0.3182
2012-09-10,SGYPU,-0.5267
2012-09-10,XLG,0.0
2012-09-11,CRED,0.0
2012-09-11,HOTRW,0.0
2012-09-11,IPB,0.4939
2012-09-11,MHF,0.8271
2012-09-11,QLD,0.0
2012-09-12,FCHI,0.0
2012-09-13,DWX,0.0
2012-09-13,FCHI,0.3818
2012-09-13,IDV,0.0
2012-09-13,TAO,0.3818
2012-09-14,DIG,0.0
2012-09-14,GHI,0.0
2012-09-14,ROOF,0.4588
2012-09-14,SVBL,0.1027
2012-09-14,VEGI,0.7096
2012-09-17,BKEPP,0.0
2012-09-17,IDXJ,0.0
2012-09-17,PBCP,0.296
2012-09-18,DIG,0.0
2012-09-18,DOO,0.0
2012-09-18,DTO,0.0
2012-09-18,GALTU,-0.5267
2012-09-18,IDXJ,0.0
2012-09-18,LMCB,0.0
2012-09-18,PLTM,-0.128
2012-09-18,PTM,-0.128
2012-09-19,DOO,-0.0516
2012-09-19,GNI,0.2023
2012-09-19,KROO,-0.4404
2012-09-20,EEHB,0.0
2012-09-20,IDHB,-0.1366
2012-09-20,IDXJ,-0.2732
2012-09-20,IOIL,0.0
2012-09-20,PXE,0.0
2012-09-20,TILT,0.0
2012-09-21,BIB,0.0
2012-09-21,BIS,0.0
2012-09-21,BRAF,0.0
2012-09-21,BRAQ,0.0
2012-09-21,BRAZ,0.0
2012-09-21,CHXF,0.0
2012-09-21,FBZ,0.0
2012-09-21,FXZ,0.09106666666666667
2012-09-21,GLL,0.0
2012-09-21,HAP,0.2732
2012-09-21,RXD,0.0
2012-09-21,SCHA,0.0
2012-09-21,SCHB,0.0
2012-09-21,SCHC,0.0
2012-09-21,SCHE,0.0
2012-09-21,SCHF,0.0
2012-09-21,SCHG,0.0
2012-09-21,SCHH,0.0
2012-09-21,SCHM,0.0
2012-09-21,SCHP,0.0
2012-09-21,SCHV,0.0
2012-09-21,SCHX,0.0
2012-09-21,SCHZ,0.0
2012-09-21,SDOW,0.0
2012-09-21,SMN,0.0
2012-09-21,SZK,0.0
2012-09-21,VAW,0.1366
2012-09-24,ACWV,0.0
2012-09-24,ETF,0.4939
2012-09-24,FXS,0.5859
2012-09-24,LMLP,0.0
2012-09-24,PFXF,0.5423
2012-09-24,RING,0.5423
2012-09-24,SLVP,0.5423
2012-09-25,ATL,0.2023
2012-09-25,CELGZ,0.0
2012-09-25,LMLP,0.0
2012-09-25,SLVP,0.0
2012-09-26,GXF,0.5719
2012-09-26,NVSL,0.0
2012-09-26,QID,0.0
2012-09-27,AXJS,0.2732
2012-09-27,CNDA,0.0
2012-09-27,EFZ,0.0
2012-09-27,EWCS,0.0
2012-09-27,EWSS,0.2732
2012-09-27,FDTS,0.2732
2012-09-27,FXZ,0.0
2012-09-27,GMFS,0.2732
2012-09-28,FSZ,0.0
2012-09-28,IDXJ,0.6124
2012-10-01,IYK,0.0
2012-10-01,KBWI,0.0
2012-10-01,NFO,0.0
2012-10-01,RBPAA,0.0
2012-10-01,TAO,-0.296
2012-10-01,TLTE,0.0
2012-10-02,AQQ,0.0
2012-10-02,GLTR,-0.2732
2012-10-02,JJP,-0.2732
2012-10-02,NIB,-0.2732
2012-10-02,PBM,-0.5267
2012-10-02,PTM,-0.2732
2012-10-02,RJZ,-0.2732
2012-10-02,WITE,-0.2732
2012-10-03,FNI,0.0
2012-10-03,PBCP,-0.2732
2012-10-04,AQQ,0.0
2012-10-04,BDCL,0.0
2012-10-04,FDD,0.0
2012-10-04,FXZ,0.0
2012-10-04,VBK,0.0
2012-10-04,VBR,0.0
2012-10-05,FBZ,0.0
2012-10-05,FEU,0.0
2012-10-05,FKU,0.0
2012-10-05,FXL,0.0
2012-10-05,FXN,0.0
2012-10-05,FXZ,0.0
2012-10-05,TILT,0.0
2012-10-05,TLTD,0.0
2012-10-05,TLTE,0.0
2012-10-08,CHXF,0.0
2012-10-08,ECNS,0.0
2012-10-08,EFZ,0.0
2012-10-08,KBWC,0.0
2012-10-08,KBWR,0.0
2012-10-08,KCE,0.0
2012-10-08,KME,0.0
2012-10-08,PHO,0.0
2012-10-08,PIO,0.0
2012-10-08,TLTD,0.0
2012-10-09,AQQ,0.0
2012-10-09,ESR,0.0
2012-10-09,FXZ,-0.5574
2012-10-09,IWC,-0.5574
2012-10-09,TDTT,0.0
2012-10-09,TLTD,0.0
2012-10-09,TLTE,0.0
2012-10-09,VAW,-0.5574
2012-10-10,BOIL,0.0
2012-10-10,IST,-0.3612
2012-10-10,PBM,0.0
2012-10-11,AXJL,-0.0516
2012-10-11,EFZ,0.0
2012-10-11,FAV,0.802
2012-10-11,FDD,0.0
2012-10-11,GMF,-0.0516
2012-10-11,INP,-0.0516
2012-10-11,PAF,-0.0516
2012-10-11,QLTB,-0.2732
2012-10-12,CMF,0.0
2012-10-12,FCHI,0.0
2012-10-12,ITM,0.0
2012-10-12,YAO,0.0
2012-10-14,IBCA,0.0
2012-10-15,AIA,0.2263
2012-10-15,BBRC,0.0
2012-10-15,BPFHW,0.0
2012-10-15,DBO,0.0
2012-10-15,EMCD,0.0
2012-10-15,GXF,-0.4767
2012-10-15,IBCA,0.0
2012-10-15,IRDMZ,0.0
2012-10-15,NHTB,0.0
2012-10-15,PSCD,-0.4767
2012-10-16,BRAQ,0.0
2012-10-16,ESBF,0.0
2012-10-16,PLTM,0.0
2012-10-16,RING,0.0
2012-10-16,RYE,0.0
2012-10-17,BBRC,0.0
2012-10-17,EMCR,0.0
2012-10-17,EXI,0.0
2012-10-17,IYC,0.4215
2012-10-17,XMPT,0.4404
2012-10-18,FEX,0.0
2012-10-19,CHII,0.296
2012-10-19,CHXF,0.296
2012-10-19,XES,0.0
2012-10-22,AND,0.0
2012-10-22,APSA,0.2023
2012-10-22,BRAF,0.0
2012-10-22,DBB,-0.5267
2012-10-22,GRN,0.0
2012-10-22,JJU,0.0
2012-10-23,COPX,0.368
2012-10-23,CVY,0.0
2012-10-23,DEW,0.0
2012-10-23,DOD,0.0
2012-10-23,DOO,0.0
2012-10-23,DTH,0.0
2012-10-23,EDIV,0.0
2012-10-23,FDD,0.0
2012-10-23,FDL,0.0
2012-10-23,FVD,0.0
2012-10-23,GMK,0.0
2012-10-23,HGI,0.0
2012-10-23,JFC,0.3612
2012-10-23,MLN,0.0
2012-10-23,NFO,0.0
2012-10-24,ADRE,0.0
2012-10-24,CBIN,0.0
2012-10-24,CHIQ,-0.3612
2012-10-24,DBU,0.0
2012-10-24,DOL,0.0
2012-10-24,EDEN,0.0
2012-10-24,FCHI,-0.3612
2012-10-24,FCLF,0.0
2012-10-24,FDD,0.0
2012-10-24,GNI,0.6249
2012-10-24,MOAT,0.0
2012-10-25,FLTB,0.0
2012-10-25,MDIV,0.0
2012-10-26,CVY,0.3182
2012-10-26,DBU,0.0
2012-10-26,HAP,0.0
2012-10-26,JXI,0.0
2012-10-26,NXN,-0.5719
2012-10-26,PFXF,0.0
2012-10-29,DBU,0.0
2012-10-29,FRN,0.0
2012-10-29,IDXJ,0.0
2012-10-30,QQEW,0.0
2012-10-30,RYH,0.0
2012-10-30,XHE,0.0
2012-10-31,BABS,0.34
2012-10-31,DTO,0.0
2012-10-31,FRN,0.0
2012-10-31,PDP,0.6369
2012-10-31,PGX,0.6369
2012-10-31,PZA,0.6369
2012-10-31,RYH,0.5859
2012-10-31,SKF,0.5859
2012-11-01,EEML,0.0
2012-11-01,FLN,0.0
2012-11-01,FRAK,0.7783
2012-11-01,FXD,0.0
2012-11-01,MTK,0.25
2012-11-02,IDLV,0.0
2012-11-02,PKB,0.0
2012-11-02,UHN,0.0
2012-11-04,IHY,-0.4215
2012-11-04,SKF,0.0
2012-11-05,EDS,0.2023
2012-11-05,EGI,0.0
2012-11-05,ICLN,0.2732
2012-11-05,KBWP,-0.2263
2012-11-05,PBD,0.2732
2012-11-05,SPFF,0.0
2012-11-06,CHXF,0.3612
2012-11-06,DTN,0.0
2012-11-06,TLTE,0.3612
2012-11-07,DEW,0.431
2012-11-07,DOO,0.431
2012-11-07,XHE,-0.4615
2012-11-08,BRXX,-0.5106
2012-11-08,EFZ,0.0
2012-11-08,PFXF,-0.5719
2012-11-09,DBU,-0.5106
2012-11-09,XHE,0.5859
2012-11-12,CELGZ,0.10115
2012-11-12,EWV,0.0
2012-11-12,FMK,0.0
2012-11-12,FRAK,0.4404
2012-11-12,JOF,0.0
2012-11-12,NKY,0.0
2012-11-12,OEF,0.0
2012-11-12,QID,0.0
2012-11-12,XLG,0.0
2012-11-13,DGT,0.0
2012-11-13,DTN,0.0
2012-11-13,FXD,0.0
2012-11-13,GUR,0.0
2012-11-13,IYC,0.0
2012-11-13,MGV,0.0
2012-11-13,XLG,0.0
2012-11-14,EFZ,0.0
2012-11-14,IHY,-0.23835
2012-11-14,IYC,0.0
2012-11-14,PGF,-0.1531
2012-11-14,PLMT,0.0
2012-11-15,GNMA,0.34
2012-11-15,INTG,0.296
2012-11-15,JSC,0.0
2012-11-15,MONY,0.34
2012-11-16,DOO,0.0
2012-11-16,EMLP,0.0
2012-11-16,HILO,0.0
2012-11-16,IDV,0.0
2012-11-16,IXJ,0.4939
2012-11-16,PSCD,0.0
2012-11-19,IHY,0.2202
2012-11-19,ITM,0.34
2012-11-19,QLD,0.0
2012-11-19,RBPAA,0.0
2012-11-19,SMB,0.34
2012-11-19,XMPT,0.34
2012-11-20,DOO,0.0
2012-11-20,PFXF,0.34
2012-11-20,PGX,0.34
2012-11-21,BRXX,-0.3612
2012-11-21,DVYE,0.0
2012-11-21,EDIV,0.0
2012-11-21,EWV,-0.7096
2012-11-21,JOF,-0.7096
2012-11-21,LWC,0.2263
2012-11-21,PFXF,0.5719
2012-11-21,PID,0.5719
2012-11-23,EFNL,-0.3612
2012-11-23,NFO,0.0
2012-11-23,QLD,0.0
2012-11-26,CMF,0.0
2012-11-26,DIG,0.0
2012-11-26,EDS,-0.2023
2012-11-26,HYMB,0.0
2012-11-27,BCA,-0.3818
2012-11-27,IDXJ,0.0
2012-11-27,INXX,0.0
2012-11-27,KXI,0.0
2012-11-27,PMR,0.0
2012-11-28,FXN,0.2732
2012-11-28,IDHQ,-0.5994
2012-11-28,KXI,0.0
2012-11-28,PAF,-0.5994
2012-11-28,PDN,-0.5994
2012-11-28,PXF,-0.5994
2012-11-28,PXH,-0.5994
2012-11-29,DIG,0.0516
2012-11-29,FXN,0.0
2012-11-29,INXX,0.0
2012-11-29,PMR,0.0
2012-11-30,CHIQ,0.0
2012-11-30,CMF,-0.4215
2012-11-30,FNI,0.0
2012-11-30,HYMB,-0.4215
2012-12-02,BCA,0.0
2012-12-02,FDD,0.0
2012-12-02,GUR,0.0
2012-12-03,GGE,0.0
2012-12-03,INCO,0.0
2012-12-03,PHDG,-0.25
2012-12-04,FKO,0.0951
2012-12-04,IHY,0.0
2012-12-04,NVSL,0.0
2012-12-05,GMM,0.0
2012-12-05,IPW,0.5423
2012-12-05,QQEW,0.296
2012-12-05,QTEC,0.296
2012-12-05,TLTD,0.0
2012-12-06,AFCB,0.296
2012-12-06,CHXF,0.2023
2012-12-06,CNDA,0.0516
2012-12-06,GXF,0.6249
2012-12-06,IDXJ,0.0
2012-12-06,JKE,0.4215
2012-12-06,PFX,0.5994
2012-12-06,TDA,-0.2023
2012-12-07,CVY,0.0
2012-12-07,DSUM,0.0
2012-12-07,IHY,0.0
2012-12-07,LABC,0.296
2012-12-07,SNLN,0.0
2012-12-07,STIP,0.0
2012-12-07,VTIP,0.0
2012-12-07,WHX,-0.2023
2012-12-10,ADRU,0.2023
2012-12-10,CHXF,0.0
2012-12-10,FDD,0.2023
2012-12-10,FSZ,0.2023
2012-12-10,GHI,0.0
2012-12-10,GXF,0.2023
2012-12-10,IHY,0.0
2012-12-10,MOAT,0.0
2012-12-10,SKF,0.0
2012-12-11,QLD,0.0
2012-12-11,RWX,0.0
2012-12-12,KBWR,0.0
2012-12-13,EPS,0.0
2012-12-13,EXT,0.0
2012-12-13,FEX,0.0
2012-12-13,FKU,0.0772
2012-12-13,FNX,0.0
2012-12-13,XHE,0.5994
2012-12-14,CACGU,0.0
2012-12-14,PZA,0.3612
2012-12-14,SJB,-0.5719
2012-12-14,XES,0.4215
2012-12-15,GMK,0.2263
2012-12-17,BCA,0.0
2012-12-18,PEK,0.0
2012-12-18,PLW,0.0516
2012-12-18,RBY,-0.3994
2012-12-19,BSL,0.5994
2012-12-19,CACGU,0.0
2012-12-19,CWB,0.0
2012-12-19,TLTD,0.2006
2012-12-19,TLTE,0.2006
2012-12-19,TROVU,0.0
2012-12-20,CMF,0.0
2012-12-20,FGM,0.3818
2012-12-20,FKO,0.0
2012-12-21,DVYE,0.2023
2012-12-21,EDIV,0.2023
2012-12-21,INCO,0.4404
2012-12-21,NHTB,0.0
2012-12-21,NKY,0.0
2012-12-21,TLTE,0.2023
2012-12-21,VTIP,-0.2023
2012-12-21,VYFC,0.0
2012-12-24,QDYN,-0.0772
2012-12-24,RWO,0.0
2012-12-24,VGIT,-0.5994
2012-12-24,VGLT,-0.5994
2012-12-24,VGSH,-0.5994
2012-12-24,VMBS,-0.5994
2012-12-24,VONV,-0.5994
2012-12-24,VRTB,-0.5267
2012-12-24,VTHR,-0.5994
2012-12-24,VTWO,-0.5994
2012-12-24,VTWV,-0.5994
2012-12-26,BRAQ,0.0
2012-12-26,GNI,0.2023
2012-12-26,INCO,0.0
2012-12-26,IVW,0.3818
2012-12-26,MXI,-0.128
2012-12-26,PFM,0.0
2012-12-26,SGYPW,-0.5267
2012-12-26,VEGI,-0.128
2012-12-27,JPP,0.34
2012-12-27,NKY,0.34
2012-12-27,VAW,0.0
2012-12-27,VGLT,0.0
2012-12-27,VTWO,0.0
2012-12-28,CACGU,-0.2023
2012-12-31,ACWV,0.0
2012-12-31,CUT,0.0
2012-12-31,DBO,0.0
2012-12-31,DIG,0.0
2012-12-31,EMDI,0.0
2012-12-31,EMEY,0.0
2012-12-31,FCHI,0.0
2012-12-31,PIZ,0.0
2012-12-31,SKF,0.0
2012-12-31,USL,0.0
2012-12-31,VLU,0.0
2012-12-31,XPP,0.0
2013-01-02,ACWI,-0.2732
2013-01-02,IRDMZ,0.0
2013-01-02,XSD,0.0
2013-01-03,BCA,0.0
2013-01-03,MES,0.0
2013-01-03,PEK,0.3612
2013-01-04,CNDA,0.4404
2013-01-04,INCO,-0.2732
2013-01-04,MLN,-0.6249
2013-01-04,PSCC,0.4404
2013-01-04,PSCF,0.0
2013-01-04,VAW,0.0
2013-01-04,XMPT,-0.6249
2013-01-06,IYM,-0.296
2013-01-06,VAW,-0.296
2013-01-07,FXH,0.4939
2013-01-07,FXN,0.0
2013-01-07,MOAT,0.0
2013-01-07,PBE,0.4939
2013-01-08,FXH,0.0
2013-01-08,GCH,0.3612
2013-01-08,QID,0.0
2013-01-08,RPRXZ,0.0
2013-01-09,KCE,0.0
2013-01-09,RPRXZ,0.0
2013-01-10,FXN,0.2732
2013-01-11,BRXX,0.0
2013-01-11,CHIQ,0.0
2013-01-11,EMIF,0.0
2013-01-11,EMLP,0.0
2013-01-11,LMLP,0.0
2013-01-14,MTK,0.4019
2013-01-14,QID,0.0
2013-01-14,RPRXW,0.0
2013-01-14,ZIONW,0.0
2013-01-15,DWAS,0.0
2013-01-15,IMLP,0.0
2013-01-15,MLPJ,0.0
2013-01-15,PDP,0.0
2013-01-15,PIZ,0.0
2013-01-15,SSO,0.0
2013-01-16,GALTU,-0.2023
2013-01-16,IBCA,0.0
2013-01-16,IGM,-0.4404
2013-01-16,NLR,0.6124
2013-01-16,QQEW,0.3612
2013-01-16,TROVW,-0.5267
2013-01-17,BICK,0.0
2013-01-17,DTN,0.4404
2013-01-17,FDL,0.4404
2013-01-17,PSI,0.0
2013-01-17,PSL,0.4404
2013-01-17,QQEW,0.4404
2013-01-17,RHS,0.4404
2013-01-17,XSD,0.0
2013-01-18,JPP,-0.5106
2013-01-18,MDIV,0.5106
2013-01-18,NKY,-0.5106
2013-01-18,VBFC,0.0
2013-01-20,ETF,0.0
2013-01-20,NFO,0.0
2013-01-22,BRAQ,0.3612
2013-01-22,CCX,0.0
2013-01-22,EDIV,0.0
2013-01-22,GLTR,0.0
2013-01-22,KNM,-0.2023
2013-01-22,KXI,0.0
2013-01-22,QLD,0.0
2013-01-22,WITE,0.0
2013-01-23,ACWV,0.3612
2013-01-23,HILO,0.3612
2013-01-23,IDLV,0.3612
2013-01-24,CHIM,0.0
2013-01-24,MXI,0.0
2013-01-24,QID,0.0
2013-01-25,EWHS,0.2732
2013-01-25,FDD,0.34
2013-01-25,FHK,0.2732
2013-01-28,AIB,0.0
2013-01-29,FXL,0.4404
2013-01-30,AIB,-0.2006
2013-01-30,SRTY,0.0
2013-01-31,ASEA,0.0
2013-01-31,DBU,0.0
2013-01-31,FBZ,0.0
2013-02-01,XES,0.2732
2013-02-04,KBWP,-0.128
2013-02-04,PLTM,0.0
2013-02-04,PXF,0.4019
2013-02-04,XSD,0.0
2013-02-05,EEB,0.0
2013-02-05,EMEY,0.0
2013-02-05,FEP,0.0
2013-02-05,HBNK,0.0
2013-02-05,PGX,-0.2732
2013-02-05,PXH,0.0
2013-02-06,AIB,0.0516
2013-02-06,BRAQ,0.0
2013-02-06,PLND,0.0
2013-02-06,PSAU,-0.802
2013-02-06,VTIP,0.0
2013-02-07,BRAQ,0.0
2013-02-07,INXX,0.0
2013-02-07,PPLT,0.0
2013-02-07,RYT,0.0
2013-02-07,SCHP,0.0
2013-02-07,SCHV,0.0
2013-02-08,JSC,0.0
2013-02-08,NKY,0.0
2013-02-08,PEK,0.0
2013-02-10,EGI,0.0
2013-02-11,BAB,0.0
2013-02-11,CEE,0.0
2013-02-11,GXF,0.0
2013-02-11,PFXF,0.296
2013-02-11,PSK,0.296
2013-02-12,BAB,0.0
2013-02-12,BCA,0.2023
2013-02-12,DEF,0.0
2013-02-12,EWN,0.0
2013-02-12,IOIL,0.2732
2013-02-12,ROOF,0.0
2013-02-13,BRXX,0.4588
2013-02-13,CGW,0.4019
2013-02-13,FIW,0.4019
2013-02-13,IDLV,0.0516
2013-02-13,INXX,0.4588
2013-02-13,PIO,0.4019
2013-02-14,KROO,-0.1027
2013-02-14,PXE,0.0
2013-02-15,ALFA,0.0
2013-02-15,JKH,0.0
2013-02-15,MRGR,0.0
2013-02-15,VOT,0.0
2013-02-16,KNOW,0.0
2013-02-16,NFO,0.0
2013-02-18,NLR,0.2716
2013-02-19,FXSG,0.0
2013-02-19,MNA,0.0
2013-02-19,VCV,0.6908
2013-02-20,CHXF,0.3818
2013-02-20,DTO,0.0
2013-02-20,KNM,0.0
2013-02-20,MXI,0.0
2013-02-21,ASEA,0.0
2013-02-21,DTO,-0.2755
2013-02-21,SCHB,0.2023
2013-02-21,SCHF,0.2023
2013-02-21,SCHP,0.2023
2013-02-21,SCHX,0.2023
2013-02-21,USBI,0.6369
2013-02-21,XSD,0.0
2013-02-22,BAB,0.0
2013-02-22,EFZ,0.0
2013-02-22,FRN,0.2732
2013-02-22,GII,0.2732
2013-02-22,IDLV,0.0
2013-02-22,IXJ,0.6249
2013-02-22,PLND,0.0
2013-02-22,SQQQ,0.0
2013-02-22,VIIX,0.5719
2013-02-25,CEMB,0.0
2013-02-25,DBV,0.4404
2013-02-25,EFZ,0.34
2013-02-25,EMCB,0.0
2013-02-25,EMCD,0.0
2013-02-25,EPV,0.34
2013-02-25,NORW,0.4404
2013-02-26,EFZ,0.0
2013-02-26,EMCB,0.3818
2013-02-26,EMCD,0.3818
2013-02-26,EPV,0.0
2013-02-26,IDV,0.0
2013-02-26,PEY,0.0
2013-02-26,SQQQ,0.0
2013-02-27,ACWV,-0.0772
2013-02-27,ALFA,-0.296
2013-02-27,DBB,0.4404
2013-02-27,DBP,0.4404
2013-02-27,GURU,-0.296
2013-02-27,INP,0.4404
2013-02-27,LABC,0.296
2013-02-27,VMBS,0.296
2013-02-28,DTN,0.0
2013-02-28,FRN,-0.2732
2013-02-28,IDLV,-0.3384
2013-02-28,VEU,-0.296
2013-02-28,VSS,-0.296
2013-02-28,VXUS,-0.296
2013-03-01,TYD,0.0
2013-03-04,HMG,0.0
2013-03-04,INXX,-0.1531
2013-03-04,IYK,0.5106
2013-03-04,PSCU,-0.1027
2013-03-04,VB,-0.1027
2013-03-05,AADR,0.0
2013-03-05,ADRD,0.0
2013-03-05,CVY,0.0
2013-03-05,EEB,0.0
2013-03-05,EFNL,0.0
2013-03-05,EWN,-0.5719
2013-03-05,FEX,0.0
2013-03-05,GXF,0.0
2013-03-05,IPW,0.6249
2013-03-05,NORW,0.0
2013-03-05,PXSC,0.0
2013-03-05,RWV,0.0
2013-03-05,SVLC,0.296
2013-03-05,ZFC,0.00686666666666665
2013-03-06,DEF,0.0
2013-03-06,EEB,0.0
2013-03-06,EWN,0.0
2013-03-06,FXH,0.0
2013-03-06,FXN,0.0
2013-03-06,PID,0.0
2013-03-06,RXL,0.0
2013-03-06,RYT,0.0
2013-03-07,FXN,0.0
2013-03-07,IDLV,0.0
2013-03-07,NEN,0.2023
2013-03-08,BIB,0.0
2013-03-08,EEB,0.0
2013-03-08,EGRW,0.0
2013-03-08,FEM,0.0
2013-03-08,PXH,0.0
2013-03-08,UYG,0.0
2013-03-08,ZFC,0.0
2013-03-09,KNOW,0.0
2013-03-09,NFO,0.0
2013-03-11,BBRC,0.0
2013-03-11,FDI,-0.2023
2013-03-11,FTT,-0.2023
2013-03-11,PMR,0.3818
2013-03-11,UYG,0.0
2013-03-12,ASEA,0.0
2013-03-12,EDEN,0.296
2013-03-12,IDV,0.5994
2013-03-12,IYG,0.7506
2013-03-12,JBR,-0.2023
2013-03-13,EEHB,0.0
2013-03-13,IDHB,0.0
2013-03-13,IDLV,0.0
2013-03-13,IWC,0.4019
2013-03-13,SPHB,0.0
2013-03-14,ASEA,0.0
2013-03-14,DVYE,0.0
2013-03-14,FORX,0.3182
2013-03-15,DFJ,0.34
2013-03-15,FTA,0.34
2013-03-15,FXO,-0.296
2013-03-15,JSC,0.34
2013-03-15,PWV,0.02200000000000002
2013-03-15,SCJ,0.34
2013-03-18,EPV,0.0
2013-03-18,IDLV,0.296
2013-03-18,LMCB,0.3511333333333333
2013-03-18,TAO,0.368
2013-03-19,EDEN,0.4404
2013-03-19,FXO,0.0
2013-03-19,IYM,-0.0516
2013-03-19,LMCB,0.26335
2013-03-19,SMN,-0.0516
2013-03-20,PXSC,0.0
2013-03-20,PXSV,0.0
2013-03-20,ROOF,0.0
2013-03-20,SCHA,0.0
2013-03-20,SCHH,0.0
2013-03-20,SCHV,0.4404
2013-03-20,VB,0.0
2013-03-21,DBV,0.0
2013-03-21,DFJ,0.0
2013-03-21,IYG,0.0
2013-03-21,LEMB,0.0
2013-03-21,PXSV,0.0
2013-03-22,BIZD,0.2263
2013-03-22,HTWO,0.41135
2013-03-25,CGW,0.5719
2013-03-25,DTN,0.5267
2013-03-25,FIW,0.5719
2013-03-25,FXD,0.6369
2013-03-25,PEY,0.5267
2013-03-25,PFM,0.5267
2013-03-25,PHO,0.5719
2013-03-25,PIO,0.5719
2013-03-25,XHS,-0.6486
2013-03-26,CSD,0.0
2013-03-26,ECON,0.0
2013-03-26,EPV,0.0
2013-03-26,FXO,0.0
2013-03-26,OEF,0.3182
2013-03-26,PGF,0.0
2013-03-26,PGX,0.0
2013-03-27,ASMI,-0.3818
2013-03-27,EDS,0.0
2013-03-27,IWN,0.0
2013-03-27,LEMB,0.0
2013-03-28,AIB,0.3384
2013-03-28,CHIX,0.4939
2013-03-28,PLND,0.4404
2013-03-28,SMN,0.0
2013-04-01,EMCB,0.4404
2013-04-01,EMCD,0.4404
2013-04-01,IDXJ,-0.128
2013-04-01,IYM,-0.6369
2013-04-01,KBWD,-0.4588
2013-04-01,MXI,-0.6369
2013-04-01,PSBH,-0.5267
2013-04-01,SMN,-0.31845
2013-04-02,ASMI,-0.3818
2013-04-02,CHIQ,0.0
2013-04-02,IYM,0.0
2013-04-02,NIB,0.0
2013-04-02,SMN,0.0
2013-04-02,VAW,0.0
2013-04-03,AFK,0.0
2013-04-03,BOS,-0.33575
2013-04-03,FXO,0.0
2013-04-03,HTWO,0.28595
2013-04-03,IYM,0.0
2013-04-03,SMN,0.0
2013-04-04,AZIA,0.0
2013-04-04,PSBH,0.0
2013-04-05,BRXX,0.3182
2013-04-08,ASEA,0.0
2013-04-08,BOIL,0.0
2013-04-08,KOLD,0.0
2013-04-08,PLMT,-0.5267
2013-04-08,QDF,0.0
2013-04-08,UTG,0.0
2013-04-09,DBB,0.0
2013-04-09,ICB,0.296
2013-04-09,MVO,0.5106
2013-04-10,CSD,0.0
2013-04-10,EWV,0.0
2013-04-10,SGYPW,-0.5267
2013-04-10,SMK,0.0
2013-04-10,UMX,0.0
2013-04-11,BIS,-0.2023
2013-04-11,PBE,0.0
2013-04-12,BIS,-0.2023
2013-04-12,CVY,0.0
2013-04-12,DBV,0.0
2013-04-12,EMCB,0.3182
2013-04-12,EWK,0.3182
2013-04-12,GTAA,0.3182
2013-04-12,HYLD,0.4019
2013-04-12,HYS,0.4019
2013-04-12,PIE,0.0
2013-04-12,RWX,0.3182
2013-04-12,SJNK,0.4019
2013-04-15,EMHY,0.0
2013-04-15,PPLT,0.0
2013-04-15,VBR,-0.128
2013-04-15,VOE,-0.128
2013-04-15,XPL,-0.5267
2013-04-16,CHIX,0.4404
2013-04-16,DSUM,0.0
2013-04-16,EMCD,0.0
2013-04-16,HYEM,0.0
2013-04-16,IDV,0.0
2013-04-16,IHY,0.0
2013-04-16,PID,0.0
2013-04-16,QDEF,0.0
2013-04-16,QDF,0.0
2013-04-17,ALLB,0.0
2013-04-17,CVY,0.0
2013-04-17,PEOP,0.0
2013-04-17,PIE,-0.5423
2013-04-18,DBV,0.2023
2013-04-18,DTO,0.0
2013-04-18,FXSG,0.2023
2013-04-18,GTU,0.2023
2013-04-18,IDV,0.0
2013-04-18,IQDY,0.0
2013-04-18,QDYN,0.0
2013-04-19,BAB,0.0
2013-04-19,FDL,0.4404
2013-04-23,FLOT,0.0
2013-04-23,HYS,0.0
2013-04-23,NVSL,0.0
2013-04-23,SJNK,0.0
2013-04-23,TDTT,0.0
2013-04-24,ALLB,0.0
2013-04-24,AZIA,0.0
2013-04-24,DZZ,0.0
2013-04-24,EWO,-0.2732
2013-04-24,EXT,0.6808
2013-04-24,IYK,0.0
2013-04-24,PFX,0.5994
2013-04-24,QID,0.0
2013-04-25,ATE,0.2023
2013-04-25,DTN,0.6486
2013-04-25,FLOT,0.0
2013-04-25,LVL,0.3818
2013-04-25,RBL,-0.296
2013-04-26,ACWX,0.0
2013-04-26,CVY,0.0
2013-04-26,DNL,0.0
2013-04-26,GMK,0.0
2013-04-26,GWL,0.0
2013-04-26,MDIV,0.0
2013-04-26,SHV,0.0
2013-04-29,ALD,0.0
2013-04-29,ASEA,0.0
2013-04-29,ECON,0.0
2013-04-29,EELV,0.0
2013-04-29,FVD,0.0
2013-04-29,PEOP,0.0
2013-04-29,PEY,0.0
2013-04-30,SLVP,0.0
2013-05-01,DFJ,0.6369
2013-05-01,FRAK,0.4404
2013-05-01,ITF,0.6369
2013-05-01,IXC,0.0
2013-05-01,KORU,0.0
2013-05-01,PIE,0.2023
2013-05-01,PLND,0.0
2013-05-02,ALD,0.0
2013-05-02,EMHY,0.4019
2013-05-02,MES,0.4404
2013-05-02,QID,0.0
2013-05-02,ROIQ,0.4939
2013-05-02,ROIQU,0.4939
2013-05-02,ROIQW,0.4939
2013-05-02,SNLN,0.0
2013-05-03,AFK,0.0
2013-05-03,CHIM,0.0
2013-05-03,EFNL,0.296
2013-05-03,EMHY,0.3818
2013-05-03,GLDX,0.0
2013-05-03,JUNR,0.0
2013-05-04,KNOW,0.0
2013-05-04,NFO,0.0
2013-05-06,ASEA,0.0
2013-05-06,BAB,0.0
2013-05-06,BBRC,0.0
2013-05-06,FXO,0.0
2013-05-06,HILO,0.0
2013-05-07,ADRA,-0.101
2013-05-07,FJP,-0.101
2013-05-07,FKO,-0.101
2013-05-07,ITF,-0.101
2013-05-07,JPP,-0.101
2013-05-07,RSXJ,0.0
2013-05-08,ASEA,0.0
2013-05-08,DBV,0.0
2013-05-08,DTD,0.0
2013-05-08,DVYE,0.0
2013-05-08,EWK,0.2263
2013-05-08,ICN,0.1695
2013-05-08,INR,0.1695
2013-05-08,LEMB,-0.3612
2013-05-08,PXH,-0.3612
2013-05-08,WGA,0.0
2013-05-09,AFK,0.0
2013-05-09,EFNL,-0.4404
2013-05-09,EWK,-0.4404
2013-05-09,EWO,-0.4404
2013-05-09,PFIG,0.0
2013-05-09,PHB,0.0
2013-05-10,DVYE,0.4404
2013-05-10,FTSL,0.0
2013-05-10,GMFS,0.4215
2013-05-10,IQDY,0.4404
2013-05-10,SNLN,0.0
2013-05-10,USBI,0.0
2013-05-10,VB,0.4215
2013-05-13,BRXX,0.25
2013-05-14,DVYE,0.0
2013-05-14,EMCB,0.0
2013-05-14,FXO,0.6369
2013-05-14,ICN,0.0
2013-05-14,KNM,0.7034
2013-05-14,PTF,0.0258
2013-05-14,PXF,0.2023
2013-05-14,SQQQ,-0.2023
2013-05-15,EXE,0.0
2013-05-15,FXR,0.0
2013-05-15,TAO,0.0
2013-05-15,YAO,0.0
2013-05-16,LEMB,0.0
2013-05-17,NORW,-0.4215
2013-05-18,KNOW,0.0
2013-05-18,NFO,0.0
2013-05-19,ASEA,0.0
2013-05-20,ITM,0.0
2013-05-21,BOIL,0.0
2013-05-21,DTD,0.0
2013-05-21,HYS,0.0
2013-05-21,KOLD,0.0
2013-05-21,WPS,0.2732
2013-05-22,CUT,0.0
2013-05-22,FRAK,0.2732
2013-05-22,PFX,0.6808
2013-05-22,PXE,0.2732
2013-05-23,ITF,0.4215
2013-05-23,KNM,0.0
2013-05-23,MES,0.0
2013-05-23,TAOM,-0.2263
2013-05-24,ITF,0.0
2013-05-24,MES,0.0
2013-05-26,EFU,0.0
2013-05-26,FINZ,0.0
2013-05-26,KOLD,0.0
2013-05-26,RXL,0.0
2013-05-26,TTT,0.0
2013-05-26,UGE,0.0
2013-05-26,UMDD,0.0
2013-05-26,UPRO,0.0
2013-05-26,VIXY,0.0
2013-05-27,JGBD,0.0
2013-05-28,ILTB,0.0
2013-05-28,IOT,0.2023
2013-05-28,PBD,0.5106
2013-05-28,VFH,0.0
2013-05-29,EWK,-0.6433
2013-05-29,FXSG,0.0
2013-05-29,ICN,0.0
2013-05-29,KBWB,0.5106
2013-05-29,MDIV,0.0
2013-05-30,BRXX,0.0
2013-05-30,MBB,0.0
2013-05-31,EMHY,0.0
2013-05-31,FXO,0.0
2013-05-31,HYEM,0.0
2013-06-02,SJB,0.0
2013-06-03,BPFHW,0.0
2013-06-03,EMHY,-0.5563
2013-06-03,KBWP,0.0
2013-06-03,RSXJ,-0.4588
2013-06-04,EWK,0.0
2013-06-04,EXE,0.3612
2013-06-04,SJB,0.0
2013-06-04,TDIV,0.0
2013-06-05,DTD,0.0
2013-06-05,EWO,0.128
2013-06-05,FXL,0.0
2013-06-05,TDIV,0.0
2013-06-05,VIAB,0.2023
2013-06-06,BOS,0.148
2013-06-06,FXO,0.0
2013-06-06,GLL,0.0
2013-06-07,CROC,0.0
2013-06-07,DVYE,0.0
2013-06-07,GDAY,0.0
2013-06-07,HBNK,0.296
2013-06-07,LEMB,-0.5849
2013-06-07,PSCU,-0.4767
2013-06-07,SDP,0.0
2013-06-07,SJB,0.0
2013-06-08,ICN,0.2732
2013-06-10,DTD,0.0
2013-06-10,FAV,0.7925
2013-06-10,FXD,0.0
2013-06-10,PSCD,0.0
2013-06-10,RCD,0.0
2013-06-10,SSO,0.0
2013-06-10,VB,0.0
2013-06-10,VIOG,0.0
2013-06-11,BCA,-0.5994
2013-06-11,JMI,-0.128
2013-06-11,MES,0.0
2013-06-11,PIE,0.0
2013-06-12,ESMC,0.0
2013-06-13,ALD,-0.0772
2013-06-13,CEW,0.0
2013-06-13,DVYE,0.0
2013-06-13,ICN,0.0
2013-06-13,ITF,-0.0772
2013-06-13,PLND,0.0
2013-06-14,ASEA,0.0
2013-06-14,CEW,0.0
2013-06-14,ICN,0.4767
2013-06-17,CHIE,0.2732
2013-06-17,EEV,0.0
2013-06-17,EMHY,0.6761
2013-06-17,JMI,-0.128
2013-06-18,CSD,0.4019
2013-06-18,ICLN,0.4019
2013-06-18,KWT,0.4019
2013-06-18,PBE,0.4019
2013-06-18,VB,0.0
2013-06-18,XPH,0.4019
2013-06-19,PPLT,0.0
2013-06-20,CEW,0.0
2013-06-20,CHXF,0.0
2013-06-20,EVX,0.0
2013-06-20,GLL,0.0
2013-06-20,PPLT,0.2732
2013-06-20,PZI,0.0
2013-06-20,YAO,-0.7845
2013-06-21,DTN,0.296
2013-06-21,DZZ,0.0
2013-06-21,EEV,0.0
2013-06-21,NORW,0.296
2013-06-21,PCEF,0.0
2013-06-21,QDEF,0.0
2013-06-23,FXP,0.0
2013-06-24,DFJ,0.0
2013-06-24,NLR,0.0
2013-06-24,RSXJ,0.0
2013-06-24,SCJ,0.0
2013-06-24,TTT,0.0
2013-06-25,ADRU,0.0
2013-06-25,BRXX,0.1531
2013-06-25,CEE,0.0
2013-06-25,EMIF,0.1531
2013-06-25,FXP,0.0
2013-06-25,PFL,0.0
2013-06-25,TTF,0.4939
2013-06-26,DTD,-0.4019
2013-06-26,EMHY,-0.2755
2013-06-26,INR,-0.2732
2013-06-26,MINC,0.4019
2013-06-26,PGHY,0.4019
2013-06-26,RBY,-0.128
2013-06-26,SYLD,0.4019
2013-06-26,TDIV,-0.4019
2013-06-26,VWOB,0.4019
2013-06-27,DZZ,0.31845
2013-06-27,GLL,0.6369
2013-06-27,JAXB,0.0
2013-06-27,KWT,0.6369
2013-06-27,TTT,0.6369
2013-06-28,DFJ,0.0
2013-06-28,DWAS,-0.34
2013-06-28,DZZ,0.0
2013-06-28,IJS,-0.34
2013-06-28,VB,-0.34
2013-06-30,KNOW,0.2732
2013-06-30,NFO,0.2732
2013-07-01,DWAS,0.0
2013-07-01,HILO,0.3818
2013-07-01,LEMB,0.0
2013-07-01,PIE,0.0
2013-07-01,PXH,0.0
2013-07-02,JPNL,-0.4019
2013-07-02,PBCP,0.3612
2013-07-02,PGHY,-0.4019
2013-07-02,SYLD,-0.4019
2013-07-03,DZZ,0.0
2013-07-03,EOC,0.2023
2013-07-03,EXE,0.2023
2013-07-03,QDYN,0.0
2013-07-05,AFK,0.34
2013-07-05,CSD,0.0
2013-07-05,DWAS,0.0
2013-07-05,GLL,0.0
2013-07-05,KBWC,0.128
2013-07-05,KCE,0.128
2013-07-05,PIE,0.0
2013-07-05,VFH,0.128
2013-07-08,BZQ,0.0
2013-07-08,IAT,0.0
2013-07-08,KBWR,0.0
2013-07-08,KNOW,0.0
2013-07-08,KRU,0.0
2013-07-08,PEY,0.0
2013-07-08,SDP,0.0
2013-07-08,SJB,0.0
2013-07-08,YMLI,0.0
2013-07-09,CROC,0.7906
2013-07-09,CSD,0.0
2013-07-09,GEX,0.0
2013-07-09,IWB,0.3612
2013-07-09,PBW,0.0
2013-07-09,PXF,0.3612
2013-07-09,PXH,0.3612
2013-07-09,QQEW,0.0
2013-07-10,DZZ,0.0
2013-07-10,IXC,0.2732
2013-07-10,QQEW,0.296
2013-07-10,RYE,0.2732
2013-07-10,WHZ,0.4215
2013-07-11,BJZ,0.5106
2013-07-11,BKK,0.5106
2013-07-11,BLH,0.5106
2013-07-11,BPK,0.5106
2013-07-11,IGM,0.0
2013-07-11,PID,0.0
2013-07-12,TDIV,0.0
2013-07-14,IHF,0.0
2013-07-14,TDIV,0.0
2013-07-15,EMHY,0.0
2013-07-15,PGHY,0.0
2013-07-15,PSCH,0.5948
2013-07-15,SLYG,0.5948
2013-07-16,CMBS,0.4588
2013-07-16,CWB,0.4588
2013-07-16,ESBF,0.0
2013-07-16,EZM,0.0
2013-07-16,IAI,0.0
2013-07-16,ITF,0.0
2013-07-16,JJU,0.0
2013-07-16,PXMC,0.0
2013-07-16,SJNK,0.4588
2013-07-17,ALD,0.0
2013-07-17,AND,0.0
2013-07-17,DTN,-0.0772
2013-07-17,EEV,0.0
2013-07-17,IBCA,0.0
2013-07-17,IXC,0.0
2013-07-17,PEY,-0.0772
2013-07-17,RYT,-0.0772
2013-07-17,SQQQ,0.0
2013-07-18,BWX,0.0
2013-07-18,CEW,0.0
2013-07-18,EELV,-0.1027
2013-07-18,EUSA,0.0
2013-07-18,JGBL,0.0
2013-07-18,JGBT,0.0
2013-07-18,USL,0.0
2013-07-19,EMCB,0.0
2013-07-19,PGJ,-0.0516
2013-07-19,PTF,-0.0516
2013-07-20,KNOW,0.0
2013-07-20,NFO,0.0
2013-07-21,IEZ,0.0
2013-07-22,ALD,0.0
2013-07-22,AND,0.0
2013-07-22,EWUS,0.0
2013-07-22,FRAK,0.0
2013-07-22,PLND,-0.0772
2013-07-22,SQQQ,0.0
2013-07-23,CWB,0.0
2013-07-23,IAI,0.0
2013-07-23,RING,0.0
2013-07-24,CROC,0.0
2013-07-24,DPK,0.0
2013-07-24,DRV,0.0
2013-07-24,FXP,0.0
2013-07-24,GEX,-0.7579
2013-07-24,GLDX,-0.7579
2013-07-24,IWB,0.0
2013-07-24,JUNR,-0.7579
2013-07-24,KROO,0.1695
2013-07-24,KWT,-0.7579
2013-07-24,SLVP,0.1695
2013-07-25,CSD,0.0
2013-07-25,DTO,0.0
2013-07-25,IYC,0.0
2013-07-25,MHF,0.3612
2013-07-25,MOAT,0.0
2013-07-25,VCR,0.0
2013-07-26,EMCB,0.0
2013-07-26,FDM,0.4019
2013-07-26,IWC,0.4019
2013-07-26,PEOP,0.0
2013-07-29,DGRS,0.0
2013-07-29,DTO,0.0
2013-07-29,FXP,0.0
2013-07-29,PGJ,0.5267
2013-07-29,VTIP,0.6124
2013-07-29,VWOB,0.6124
2013-07-29,VYFC,0.0
2013-07-30,DTD,0.0
2013-07-30,EEV,0.0
2013-07-30,IAI,0.0
2013-07-30,IYM,0.0
2013-07-30,SARA,0.0
2013-07-30,SMN,0.0
2013-07-31,ALFA,-0.4019
2013-07-31,EOC,0.2023
2013-07-31,GURU,-0.4019
2013-07-31,IWS,-0.101
2013-07-31,MNA,-0.4005
2013-07-31,VO,-0.101
2013-07-31,XMLV,-0.101
2013-08-01,DGRS,0.3818
2013-08-01,DNL,0.3818
2013-08-02,ALD,0.0
2013-08-02,FXH,0.631
2013-08-02,IAT,0.2755
2013-08-02,KBWR,0.2755
2013-08-02,RYH,0.631
2013-08-02,XPH,0.7783
2013-08-05,BRAF,-0.4019
2013-08-05,CHIQ,0.0
2013-08-05,CROC,0.0
2013-08-05,FNI,0.0
2013-08-05,FXC,0.0
2013-08-05,PHB,0.0
2013-08-06,APAGF,0.0
2013-08-06,BFOR,0.0
2013-08-06,FWV,0.0
2013-08-06,HBNK,0.0
2013-08-06,HSPX,0.0
2013-08-06,KOLD,0.0
2013-08-06,TDIV,0.0
2013-08-07,AMJ,0.0
2013-08-07,CEW,0.0
2013-08-07,EMLP,0.0
2013-08-07,FXP,0.0
2013-08-07,GEX,0.4215
2013-08-07,MLPJ,0.0
2013-08-07,PBW,0.4215
2013-08-07,QQEW,-0.296
2013-08-07,SQQQ,0.0
2013-08-07,TDIV,-0.296
2013-08-07,VFH,0.0
2013-08-07,WGA,0.0
2013-08-07,ZSL,0.0
2013-08-08,DGRE,0.3818
2013-08-08,DTO,0.0
2013-08-08,DVYE,0.3818
2013-08-08,EDIV,0.3818
2013-08-08,GEX,0.0
2013-08-08,WHZ,0.5106
2013-08-09,ADRU,0.0
2013-08-09,EWGS,0.0
2013-08-09,FCAN,0.0
2013-08-09,FDD,0.0
2013-08-12,ARPI,0.0
2013-08-12,BIK,0.0
2013-08-12,BKF,0.0
2013-08-12,EEB,0.0
2013-08-12,HYS,0.0
2013-08-12,VFH,0.0
2013-08-13,AZIA,-0.2263
2013-08-13,EXE,0.0
2013-08-13,FXZ,0.0
2013-08-13,JMI,0.0
2013-08-13,QDEF,0.0
2013-08-13,SDOG,0.0
2013-08-14,ADRA,0.4215
2013-08-14,BCA,0.0
2013-08-14,EDS,0.0
2013-08-14,FCAN,0.0
2013-08-14,FEM,0.0
2013-08-14,FKO,0.21075
2013-08-14,RBPAA,0.0
2013-08-14,SCHE,0.0
2013-08-14,SKF,0.0
2013-08-14,ZFC,-0.128
2013-08-15,ALD,0.0
2013-08-15,AQQ,0.0
2013-08-15,CNYD,-0.5267
2013-08-15,ETO,0.0
2013-08-15,GURU,0.1779
2013-08-15,PIE,0.0
2013-08-15,SKF,0.34
2013-08-16,DBBR,0.0
2013-08-16,DBJP,0.0
2013-08-16,DLN,0.0
2013-08-16,DTD,0.0
2013-08-16,DTN,0.0
2013-08-16,EU,0.0
2013-08-16,QQEW,0.0
2013-08-16,SVLC,-0.128
2013-08-16,TAOM,0.0
2013-08-16,YCS,0.0
2013-08-19,BIL,0.0
2013-08-19,DRV,0.2294
2013-08-19,DTH,0.0
2013-08-19,EMHY,-0.0258
2013-08-19,ICN,-0.2732
2013-08-19,IDU,0.4588
2013-08-19,SCC,0.0
2013-08-19,SDP,0.4588
2013-08-19,SIVR,0.0
2013-08-19,TTT,0.4588
2013-08-20,DGRE,0.0
2013-08-20,INCO,0.0258
2013-08-20,INP,0.0258
2013-08-20,INXX,0.0258
2013-08-21,CROC,-0.6124
2013-08-21,IYJ,0.4588
2013-08-21,SARA,0.2732
2013-08-21,SKF,0.0
2013-08-22,CSJ,0.0
2013-08-22,EEV,0.0
2013-08-22,EWO,0.5574
2013-08-22,INP,-0.5106
2013-08-22,PLND,0.0
2013-08-22,TAOM,-0.2263
2013-08-23,CEW,0.0
2013-08-23,CVY,0.5106
2013-08-23,DBU,0.0
2013-08-23,FDD,0.0
2013-08-23,FEX,0.0
2013-08-23,INKM,0.5106
2013-08-23,IPF,0.0
2013-08-23,IYLD,0.5106
2013-08-23,MDIV,0.5106
2013-08-26,DWAS,0.0
2013-08-26,FKO,0.0
2013-08-26,PGHY,0.0
2013-08-26,SKF,0.0
2013-08-27,DOL,0.0
2013-08-27,FDD,0.0
2013-08-27,FXP,0.0
2013-08-27,INXX,0.4767
2013-08-27,PGHY,0.1531
2013-08-27,PLND,0.0
2013-08-27,SKF,0.0
2013-08-27,TLTD,0.0
2013-08-28,ALD,0.0
2013-08-28,DGRE,0.0
2013-08-28,SCC,0.0
2013-08-29,DBGR,0.0
2013-08-29,FXR,0.0
2013-08-29,IYJ,0.0
2013-08-29,PGHY,0.0
2013-08-29,PSCI,0.0
2013-08-29,QLTB,-0.0258
2013-08-29,SRS,0.0
2013-08-29,XOVR,-0.0258
2013-08-30,DLN,0.25
2013-08-30,DTO,0.0
2013-08-30,FXC,0.0
2013-08-30,IXJ,0.25
2013-08-30,KXI,0.25
2013-08-30,PTM,-0.2732
2013-09-03,ACCU,0.0772
2013-09-03,AGQ,0.0772
2013-09-03,BIS,0.0772
2013-09-03,CEW,0.0
2013-09-03,CHIX,0.0772
2013-09-03,CVOL,0.0772
2013-09-03,DBO,0.0772
2013-09-03,DTO,0.0
2013-09-03,IDU,0.0
2013-09-03,INP,0.0772
2013-09-03,IYM,0.0
2013-09-03,SDP,0.0
2013-09-03,SMN,0.0
2013-09-03,SRS,0.0
2013-09-03,XPP,0.0772
2013-09-03,ZSL,0.0772
2013-09-04,CHXF,0.7269
2013-09-04,CNYD,-0.5267
2013-09-04,ECON,0.7269
2013-09-04,FXC,0.0
2013-09-04,FXL,0.4019
2013-09-04,MTK,0.4019
2013-09-04,PTF,0.4019
2013-09-04,QTEC,0.4019
2013-09-04,RYT,0.4019
2013-09-04,SMN,0.0
2013-09-04,ZSL,0.0
2013-09-05,BOIL,0.0772
2013-09-05,BRAF,0.0772
2013-09-05,BZQ,0.0772
2013-09-05,CHXF,0.0
2013-09-05,DBV,0.0772
2013-09-05,DRV,0.0
2013-09-05,EMEY,0.0772
2013-09-05,EPOL,0.0772
2013-09-05,FILL,0.0772
2013-09-05,IDHB,0.0772
2013-09-05,INCO,0.0772
2013-09-05,KFYP,0.0
2013-09-05,PBE,0.0
2013-09-06,AADR,0.1695
2013-09-06,AGQ,0.0772
2013-09-06,BOS,0.0772
2013-09-06,CMBS,0.0772
2013-09-06,CNYD,0.0
2013-09-06,ECON,0.08475
2013-09-06,EEHB,0.0772
2013-09-06,EELV,0.0
2013-09-06,FEM,0.0
2013-09-06,INCO,0.0772
2013-09-06,INDY,-0.7691
2013-09-06,SMIN,0.0772
2013-09-06,ZSL,0.0772
2013-09-09,ADRE,0.0
2013-09-09,BZQ,0.0772
2013-09-09,CVOL,0.0772
2013-09-09,DGRE,0.0
2013-09-09,EEV,0.0772
2013-09-09,EMCB,0.0
2013-09-09,IDXJ,0.0772
2013-09-09,INCO,0.0772
2013-09-09,INXX,0.0772
2013-09-10,AGQ,0.0772
2013-09-10,ALD,0.0
2013-09-10,BOS,0.0772
2013-09-10,BRAF,0.0772
2013-09-10,CVOL,0.0772
2013-09-10,DLN,0.0
2013-09-10,GUR,0.0772
2013-09-10,HYEM,0.0772
2013-09-11,CVOL,0.0772
2013-09-11,DBV,0.0
2013-09-11,DGRE,0.0
2013-09-11,DGS,0.0
2013-09-11,DNL,0.0772
2013-09-11,DYY,0.0772
2013-09-11,EEHB,0.0
2013-09-11,EELV,0.0
2013-09-11,EEMA,0.0
2013-09-11,ENL,-0.2023
2013-09-11,FILL,0.0772
2013-09-11,FKU,0.0772
2013-09-11,IXJ,0.0772
2013-09-11,PJP,0.0
2013-09-11,SARA,-0.4767
2013-09-12,AIA,0.0772
2013-09-12,DIG,0.0
2013-09-12,DZZ,0.0772
2013-09-12,ELD,0.0
2013-09-12,GLDX,0.0772
2013-09-12,GRN,0.0772
2013-09-12,PGJ,0.0772
2013-09-12,PXE,0.0772
2013-09-12,YCS,0.0
2013-09-12,ZSL,0.0772
2013-09-13,EEV,0.0
2013-09-13,FTSL,0.0
2013-09-16,CHIE,0.0772
2013-09-16,EPOL,0.0772
2013-09-16,FCHI,0.0
2013-09-16,IDU,0.0772
2013-09-16,PGF,0.0
2013-09-16,PGJ,0.0
2013-09-16,PNQI,0.0
2013-09-16,PUI,0.0772
2013-09-17,BOS,0.0772
2013-09-17,DBEM,0.0772
2013-09-17,IDHB,0.0772
2013-09-17,IDU,0.0
2013-09-17,IDV,0.0
2013-09-17,IOIL,0.0772
2013-09-17,MBB,0.0
2013-09-17,PSAU,0.0772
2013-09-18,BRAQ,0.0772
2013-09-18,BZQ,0.0772
2013-09-18,CHII,0.0772
2013-09-18,DBS,0.0772
2013-09-18,ECON,0.0
2013-09-18,EPOL,0.0772
2013-09-18,FVD,0.0
2013-09-18,GEX,0.0
2013-09-18,GLL,0.0772
2013-09-18,GRN,0.0772
2013-09-18,IDX,0.0386
2013-09-18,IPK,0.0772
2013-09-18,MBB,0.0
2013-09-18,PNQI,0.0
2013-09-18,SDP,0.0772
2013-09-18,ZSL,0.0772
2013-09-19,DDP,0.0772
2013-09-19,EDEN,0.0772
2013-09-19,EFNL,0.0772
2013-09-19,FNI,0.0772
2013-09-19,FXC,0.0
2013-09-19,IXJ,0.4939
2013-09-19,KME,0.0772
2013-09-19,KRU,0.0772
2013-09-19,PIE,-0.296
2013-09-19,RWXL,0.0772
2013-09-19,TDIV,0.0
2013-09-19,VHT,0.4939
2013-09-20,AMJ,0.0
2013-09-20,CUT,0.0772
2013-09-20,DDP,0.0772
2013-09-20,DGRE,0.50065
2013-09-20,IDX,0.0772
2013-09-20,IYF,0.0
2013-09-20,RING,0.0772
2013-09-20,SIL,0.0772
2013-09-20,SKF,0.0
2013-09-20,WDIV,0.4019
2013-09-20,ZSL,0.0772
2013-09-23,EUSA,0.0772
2013-09-23,EVAL,0.0772
2013-09-23,EWGS,0.0772
2013-09-23,GUR,0.0772
2013-09-23,IDU,0.0772
2013-09-23,OLEM,0.0772
2013-09-23,PHO,0.0772
2013-09-24,BOIL,0.0772
2013-09-24,DWX,0.0
2013-09-24,EEV,0.0772
2013-09-24,EUO,0.0
2013-09-24,EWGS,0.0772
2013-09-24,GMM,0.0772
2013-09-24,GRF,0.3818
2013-09-24,GRN,0.0772
2013-09-24,IDU,0.0
2013-09-24,KOLD,0.0772
2013-09-24,RSXJ,0.0772
2013-09-24,SDOG,0.0772
2013-09-24,SMK,0.0772
2013-09-24,USBI,0.6369
2013-09-24,VEGA,0.0772
2013-09-25,CLY,0.0772
2013-09-25,ECON,0.0
2013-09-25,EEV,0.0
2013-09-25,ELD,0.0772
2013-09-25,ESMC,0.0
2013-09-25,EVAL,0.0772
2013-09-25,GEX,0.0
2013-09-25,GRN,0.0772
2013-09-25,JKL,0.0772
2013-09-25,YCS,0.0
2013-09-26,ALLB,0.296
2013-09-26,BKYF,0.4404
2013-09-26,DWAS,0.0
2013-09-26,GEX,0.0
2013-09-26,PDP,0.0
2013-09-26,PIE,0.0
2013-09-26,PIZ,0.0
2013-09-26,YCS,0.0
2013-09-27,EUO,0.0
2013-09-27,FXL,0.0
2013-09-30,CPGI,-0.5267
2013-10-01,AEB,0.0
2013-10-01,EGI,0.296
2013-10-01,SVLC,-0.5267
2013-10-02,NIB,0.0
2013-10-02,UHN,0.0
2013-10-03,VIDE,0.0
2013-10-05,BIB,0.0
2013-10-05,FNI,0.0
2013-10-07,CHII,0.5859
2013-10-07,EPS,0.0
2013-10-07,ICLN,0.5859
2013-10-07,PBD,0.5859
2013-10-07,PBW,0.5859
2013-10-07,PSP,0.5859
2013-10-07,XES,0.0
2013-10-07,XHS,0.0
2013-10-08,BIL,0.0
2013-10-08,MVO,0.5106
2013-10-09,AQQ,0.0
2013-10-10,COVR,0.0
2013-10-16,AGQ,0.0
2013-10-16,CRRS,0.0
2013-10-16,FPX,0.0
2013-10-17,BKYF,0.0
2013-10-17,CHOC,0.0
2013-10-18,DBGR,0.0
2013-10-21,BKYF,0.1531
2013-10-22,ARPI,0.0
2013-10-22,BCV,0.296
2013-10-23,ALLB,0.0
2013-10-25,GDEF,0.128
2013-10-28,FPX,0.4588
2013-10-29,REM,0.0
2013-10-30,IHF,0.4648
2013-10-31,COVR,0.0
2013-10-31,GLDX,0.0
2013-10-31,JMI,-0.128
2013-10-31,KWT,0.0
2013-11-05,VMBS,0.296
2013-11-11,ARPI,0.0
2013-11-11,IEZ,0.4404
2013-11-11,VSCI,0.0
2013-11-11,XES,0.4404
2013-11-13,CPGI,0.0
2013-11-13,DGZ,0.0
2013-11-13,THTI,0.0
2013-11-13,YCS,0.0
2013-11-14,IGN,0.0
2013-11-14,ITF,0.0
2013-11-14,NKY,0.0
2013-11-20,BICK,0.0
2013-11-20,EFNL,0.0
2013-11-20,KWT,0.0
2013-11-21,TAOM,0.0
2013-11-22,BAL,0.0
2013-11-22,VIDE,0.0
2013-11-26,BAL,0.0
2013-11-26,VIDE,0.0
2013-11-28,NORW,0.296
2013-11-29,AFCB,0.296
2013-11-29,EWN,0.0
2013-12-02,BKYF,0.0
2013-12-02,COPX,0.2023
2013-12-02,EDS,0.17020000000000002
2013-12-02,EXE,0.2023
2013-12-04,BKYF,0.0
2013-12-04,WGA,0.4019
2013-12-06,BIRT,0.296
2013-12-06,PEOP,0.0
2013-12-09,BAL,0.0
2013-12-10,BAL,0.0
2013-12-10,HDY,0.0
2013-12-10,PBM,0.0
2013-12-11,DGZ,-0.2732
2013-12-11,IGN,0.0
2013-12-11,PBE,0.0
2013-12-12,EPOL,-0.010050000000000003
2013-12-12,NCQ,-0.296
2013-12-13,KNM,0.2023
2013-12-16,SARA,0.296
2013-12-17,AIB,0.0
2013-12-17,EOC,0.2023
2013-12-17,MEIL,0.2263
2013-12-17,SVBL,0.2263
2013-12-19,QEPM,0.368
2013-12-20,KNM,0.2023
2013-12-23,THM,0.0
2013-12-24,CU,-0.09866666666666667
2013-12-27,ETAK,0.0
2013-12-27,GRR,0.6124
2013-12-27,KNM,0.2023
2014-01-02,EOC,0.2023
2014-01-02,LEVYU,0.0
2014-01-06,USBI,0.2023
2014-01-07,CNYD,-0.5267
2014-01-07,GNI,-0.2023
2014-01-07,IAI,0.0
2014-01-07,ICF,0.0
2014-01-08,EPOL,0.4588
2014-01-08,EUO,-0.4404
2014-01-10,AQQ,0.0
2014-01-13,JMI,0.296
2014-01-14,USMD,0.0
2014-01-15,INB,0.0
2014-01-16,BKYF,0.0
2014-01-20,TAS,0.0
2014-01-21,BAL,0.0
2014-01-21,NBTF,0.0
2014-01-21,VIDE,0.296
2014-01-22,BAL,0.0
2014-01-23,AXX,0.7003
2014-01-24,AXX,0.4939
2014-01-27,DEJ,0.4767
2014-01-28,PAL,0.0
2014-01-29,CKX,0.5719
2014-01-29,DEJ,0.5106
2014-01-30,BZC,0.0
2014-01-31,GCH,0.6369
2014-02-03,KNM,0.2023
2014-02-03,PAL,0.0
2014-02-03,VIXY,0.0
2014-02-04,BIRT,0.0
2014-02-04,EMXX,0.25
2014-02-05,CBIN,0.296
2014-02-06,GMK,0.0
2014-02-06,LPHI,0.296
2014-02-07,EDEN,0.0
2014-02-07,FWM,0.00998
2014-02-10,FWM,-0.7034
2014-02-10,LPHI,-0.5267
2014-02-11,RBY,0.4939
2014-02-12,CMSB,0.0
2014-02-12,ETAK,0.0
2014-02-12,FWV,0.0
2014-02-13,AXX,0.26335
2014-02-14,TAOM,-0.25
2014-02-16,PBE,0.3612
2014-02-16,UNL,0.3612
2014-02-18,GLU,0.0
2014-02-18,KNM,0.2023
2014-02-19,RBY,0.296
2014-02-19,SVLC,0.0
2014-02-20,COVR,0.0
2014-02-20,EWO,-0.5719
2014-02-21,EWO,0.296
2014-02-25,GXF,0.0
2014-02-25,IWC,0.0
2014-02-26,IMRS,0.2023
2014-02-27,APF,0.296
2014-02-27,RUK,0.4404
2014-02-28,CSG,0.0
2014-03-03,CEE,-0.005300000000000002
2014-03-03,EVP,0.5106
2014-03-04,EXE,0.0
2014-03-05,IMRS,-0.3818
2014-03-05,WHZ,0.5106
2014-03-06,JMI,0.0
2014-03-07,EWN,-0.6124
2014-03-10,FWV,0.0
2014-03-11,RBPAA,0.296
2014-03-12,ARPI,0.0
2014-03-12,HDY,0.021766666666666674
2014-03-12,TAOM,0.0
2014-03-13,CAK,0.2732
2014-03-13,LPHI,-0.11534999999999998
2014-03-13,PZI,0.5106
2014-03-13,RBL,-0.3818
2014-03-19,ATE,0.0
2014-03-19,PBM,0.19733333333333333
2014-03-19,VSCI,0.0
2014-03-20,ARPI,-0.128
2014-03-21,ARPI,0.0
2014-03-21,IYK,0.0
2014-03-21,PAL,0.0
2014-03-21,SPFF,0.0
2014-03-24,RHS,0.296
2014-03-25,CRRS,-0.5267
2014-03-25,IKGH,0.0
2014-03-26,DEJ,0.743
2014-03-26,ETAK,0.0
2014-03-26,YDKN,0.0
2014-03-27,AXX,0.4939
2014-03-28,TAOM,0.296
2014-03-31,AVL,0.35229999999999995
2014-03-31,MIL,-0.3182
2014-03-31,THTI,0.0
2014-04-01,CAK,0.5106
2014-04-01,COVR,0.0
2014-04-01,SARA,0.0
2014-04-02,AXX,0.0
2014-04-02,SIM,0.0
2014-04-03,ATRM,-0.01630000000000001
2014-04-03,CSG,0.0
2014-04-04,AVL,0.5574
2014-04-04,RIOM,0.0
2014-04-07,CHYR,0.0
2014-04-07,GCVRZ,0.34
2014-04-07,PAL,0.0
2014-04-07,TRLA,0.0
2014-04-09,REM,0.0
2014-04-10,TRLA,0.0
2014-04-11,APSA,-0.1779
2014-04-11,TRLA,0.5719
2014-04-11,VCR,-0.4404
2014-04-14,ASMI,0.0
2014-04-14,JTP,0.0
2014-04-14,NHTB,0.0
2014-04-15,DEJ,0.3182
2014-04-15,ESBF,0.0
2014-04-15,IBCA,0.0
2014-04-15,LPHI,0.296
2014-04-15,MFI,0.0
2014-04-15,PSP,0.0
2014-04-16,AQQ,0.296
2014-04-16,IAT,0.0
2014-04-17,DNP,-0.296
2014-04-17,SKBI,0.0
2014-04-21,FPX,0.2023
2014-04-21,QCLN,0.0
2014-04-22,BBRC,0.0
2014-04-22,CBIN,0.5508
2014-04-22,CFNB,0.0
2014-04-22,DSI,0.2023
2014-04-22,EMBB,0.0
2014-04-22,EMFM,0.0
2014-04-22,NBTF,0.0
2014-04-22,PPH,0.0
2014-04-22,QCLN,0.2023
2014-04-22,XPH,0.0
2014-04-23,BBH,0.0
2014-04-23,LPHI,0.6408
2014-04-24,SIM,0.0
2014-04-25,ESMC,0.4939
2014-04-28,SMM,0.5423
2014-04-29,BTUI,0.0
2014-04-29,IHE,0.0
2014-04-29,TRLA,0.0
2014-04-30,AVL,0.0
2014-05-01,BIRT,0.0
2014-05-01,QCCO,0.0
2014-05-02,CSG,0.0
2014-05-02,EOC,0.5719
2014-05-02,LABC,0.0
2014-05-02,SRV,-0.2023
2014-05-05,APSA,-0.5106
2014-05-05,CSG,0.0
2014-05-05,HDY,0.0
2014-05-06,QEPM,0.4215
2014-05-07,CAK,0.0
2014-05-07,QEPM,0.0
2014-05-08,BIND,0.0
2014-05-08,EPHE,0.0
2014-05-08,GEX,0.0
2014-05-08,IGE,0.0
2014-05-08,ONFC,0.2023
2014-05-08,QCLN,0.0
2014-05-12,ETAK,0.0
2014-05-12,ONFC,0.0
2014-05-13,BDMS,0.0
2014-05-13,PBS,0.0
2014-05-13,SIM,0.0
2014-05-13,ZFC,0.0
2014-05-14,RGDO,0.0
2014-05-14,RGDX,0.24695
2014-05-14,SIM,0.296
2014-05-14,SUTR,-0.3645
2014-05-15,COVR,0.0
2014-05-15,CRV,0.0
2014-05-15,MIL,0.0
2014-05-15,SKBI,0.0
2014-05-15,THTI,0.0
2014-05-15,TLH,0.0
2014-05-15,ZBB,0.2732
2014-05-16,CMGE,0.4215
2014-05-16,HDY,0.09742499999999998
2014-05-17,INDY,0.0
2014-05-17,SCIF,0.0
2014-05-17,SMIN,0.0
2014-05-19,CMGE,0.4215
2014-05-19,FCOM,0.4404
2014-05-19,PBS,0.4404
2014-05-19,QTEC,-0.296
2014-05-19,SSLT,0.0
2014-05-20,CPGI,0.0
2014-05-20,INXX,0.0
2014-05-20,MEIL,0.2263
2014-05-20,SSLT,0.0
2014-05-20,ZBB,0.0
2014-05-21,AXX,0.4767
2014-05-21,CHYR,0.296
2014-05-21,MEIL,-0.11534999999999998
2014-05-21,PARN,0.0
2014-05-21,RIOM,-0.26335
2014-05-21,TCPI,0.0
2014-05-22,IKGH,0.2023
2014-05-22,MDW,0.5859
2014-05-23,PJP,0.0
2014-05-27,AXX,0.4939
2014-05-27,GEX,0.0
2014-05-27,RSXJ,0.0
2014-05-28,RIOM,0.296
2014-05-29,CSG,0.25
2014-05-29,IKGH,0.0
2014-05-29,MDW,0.296
2014-05-29,QCLN,0.0
2014-05-30,RTR,0.0
2014-06-02,EXE,0.0772
2014-06-02,HCT,-0.057
2014-06-02,MFI,0.0
2014-06-02,QAT,0.0
2014-06-02,UAE,0.0
2014-06-03,EPOL,0.46530000000000005
2014-06-03,QEPM,0.0
2014-06-03,SARA,0.0
2014-06-03,ZBB,0.5106
2014-06-04,CHYR,0.0
2014-06-04,DNO,0.4215
2014-06-04,XSD,0.0
2014-06-05,BZC,0.0
2014-06-05,RALY,0.0
2014-06-05,SMLR,0.0
2014-06-06,RALY,-0.042666666666666665
2014-06-06,WLRHU,0.09866666666666667
2014-06-09,IRE,0.0
2014-06-11,AXX,0.4939
2014-06-11,GXG,0.0
2014-06-11,RGDO,0.0
2014-06-11,TEU,0.2023
2014-06-13,CAP,0.296
2014-06-16,AQQ,0.2732
2014-06-16,CRVP,0.0
2014-06-16,FSRV,0.0
2014-06-16,IRE,0.0
2014-06-16,RGDX,-0.6597
2014-06-17,BTUI,0.0
2014-06-17,BZC,0.128
2014-06-17,WHZ,0.5106
2014-06-18,DOM,0.5106
2014-06-18,HELI,0.4588
2014-06-18,IAI,0.0
2014-06-18,MEIL,0.11315
2014-06-18,PTF,0.0
2014-06-18,QCCO,0.0
2014-06-18,QCLN,0.0
2014-06-19,AVL,0.0
2014-06-19,BIND,0.3182
2014-06-19,BRXX,0.0
2014-06-19,CRRS,0.0
2014-06-19,FPT,0.296
2014-06-19,TRLA,0.0
2014-06-20,IGV,0.0
2014-06-20,SIL,0.0
2014-06-23,PJP,0.0
2014-06-24,CU,0.25
2014-06-24,IRE,-0.1806
2014-06-24,UAE,0.25
2014-06-25,ACG,0.296
2014-06-25,HGI,0.4019
2014-06-26,APSA,0.45420000000000005
2014-06-26,BSDM,0.0
2014-06-26,CMGE,-0.296
2014-06-26,FTC,0.0
2014-06-26,WAYN,0.5423
2014-06-27,BIZD,0.4939
2014-06-27,ECON,0.4939
2014-06-27,MIL,0.0
2014-06-27,MOKO,0.296
2014-06-27,ROIAK,0.2023
2014-06-29,VIAB,-0.2023
2014-06-30,AMJ,0.0
2014-06-30,API,0.0864
2014-06-30,CMGE,0.5719
2014-07-01,CNYD,0.0
2014-07-01,HBNK,0.128
2014-07-03,CRRS,0.0
2014-07-03,RGDO,0.0
2014-07-05,CGW,0.0
2014-07-05,PHO,0.0
2014-07-05,PIO,0.0
2014-07-07,JMI,0.0
2014-07-07,RGDO,0.0
2014-07-09,HELI,0.0
2014-07-09,HYS,0.0
2014-07-09,IDX,0.5106
2014-07-09,SJNK,0.0
2014-07-10,BSDM,0.24695
2014-07-10,FAV,0.6808
2014-07-10,IRE,0.296
2014-07-10,PGAL,0.0
2014-07-10,RGDX,0.0
2014-07-10,TAGS,-0.2023
2014-07-14,ESCR,0.296
2014-07-15,BSDM,0.0
2014-07-15,GRH,0.296
2014-07-15,IAI,0.0
2014-07-15,IHE,0.0
2014-07-15,NBTF,0.0
2014-07-16,SKBI,-0.5267
2014-07-16,TFSCU,0.148
2014-07-17,BKYF,0.0
2014-07-17,ESBF,0.0
2014-07-17,JMI,0.0
2014-07-17,PBS,0.0
2014-07-17,RBL,-0.5994
2014-07-17,RSXJ,-0.50065
2014-07-21,MDW,0.0
2014-07-21,RGDX,0.296
2014-07-21,TCPI,-0.0903
2014-07-21,UAE,0.4404
2014-07-22,CRRS,0.34
2014-07-22,DBB,-0.128
2014-07-22,GRH,0.0
2014-07-23,EWM,-0.5719
2014-07-23,YDKN,0.296
2014-07-24,CBF,0.0
2014-07-24,YDKN,0.0
2014-07-25,SMLR,0.0
2014-07-29,ACMP,0.0
2014-07-29,BTUI,0.0
2014-07-29,CMGE,0.0
2014-07-29,EDS,0.0
2014-07-29,EWM,0.0
2014-07-29,FSRV,0.0
2014-07-29,TRLA,0.0
2014-07-29,ZA,-0.2263
2014-07-30,CBIN,0.296
2014-07-30,COW,0.4767
2014-07-30,EOC,0.148
2014-07-30,FXCB,0.0
2014-07-30,LVNTB,0.0
2014-07-30,NTL,0.0
2014-07-30,PAL,0.0
2014-07-31,COW,-0.3182
2014-07-31,ETAK,0.4939
2014-07-31,MFI,0.0
2014-08-01,IBCA,0.0
2014-08-01,IKGH,0.2023
2014-08-01,LABC,0.0
2014-08-01,VYFC,0.0
2014-08-04,GRH,-0.5267
2014-08-04,JMI,0.0
2014-08-04,NBTF,0.3527
2014-08-04,VSCI,0.0
2014-08-05,IMS,0.0
2014-08-05,NBTF,0.0
2014-08-05,PEOP,0.27423333333333333
2014-08-05,QCCO,0.0
2014-08-05,RRST,0.0
2014-08-05,USD,0.0
2014-08-06,BDCV,0.0
2014-08-06,BIRT,0.0
2014-08-06,MDW,0.0
2014-08-06,OILT,0.0
2014-08-06,PEOP,0.0
2014-08-06,RRST,0.0
2014-08-07,BIND,0.0
2014-08-07,BWINA,0.0
2014-08-07,FWM,0.0
2014-08-07,IMRS,0.0
2014-08-07,JRN,0.0
2014-08-07,NVSL,0.0
2014-08-08,CGW,0.0
2014-08-08,PIO,0.0
2014-08-08,SMACU,0.0
2014-08-11,ALTV,0.0
2014-08-11,API,0.25
2014-08-11,CAK,0.2732
2014-08-11,FGB,0.7096
2014-08-11,FWM,0.0
2014-08-11,JRN,0.2732
2014-08-11,RGDO,0.0
2014-08-11,WHZ,0.5106
2014-08-12,ALTV,-0.128
2014-08-12,COVR,0.0
2014-08-12,ETAK,0.0
2014-08-12,HCT,0.5106
2014-08-12,WHX,0.4078333333333333
2014-08-12,ZA,-0.2023
2014-08-12,ZFC,0.0
2014-08-13,ARPI,0.0
2014-08-13,BDMS,0.0
2014-08-13,CRV,0.0
2014-08-13,FLM,0.0
2014-08-13,RGDO,0.0
2014-08-13,RGDX,-0.2023
2014-08-13,TBAR,0.0
2014-08-13,TNDQ,0.0
2014-08-13,TRND,0.0
2014-08-14,CPGI,0.0
2014-08-14,CRV,0.0
2014-08-14,ENRJ,0.0
2014-08-14,ESCR,0.0
2014-08-14,HYLD,0.7184
2014-08-14,IOT,0.4215
2014-08-14,MDIV,0.7184
2014-08-14,MIL,0.0
2014-08-14,RGDX,0.0
2014-08-14,RIOM,0.0
2014-08-14,THTI,0.0
2014-08-15,AMCF,0.0
2014-08-15,EMLP,-0.3182
2014-08-15,FXC,0.0
2014-08-15,USD,0.0258
2014-08-15,VIXY,-0.3182
2014-08-16,JJG,0.0
2014-08-18,AMCF,-0.5267
2014-08-18,CMGE,0.37966666666666665
2014-08-18,DBE,0.0
2014-08-19,BAB,0.0
2014-08-19,CRRS,0.0
2014-08-19,DBE,0.0
2014-08-19,PZA,0.0
2014-08-19,RRST,-0.2023
2014-08-19,SKH,0.044475
2014-08-20,CFNB,0.0
2014-08-20,DBE,0.0
2014-08-20,IRF,0.15283333333333335
2014-08-20,PBCP,0.0
2014-08-20,SCO,-0.7096
2014-08-21,DBE,-0.4019
2014-08-21,HCT,0.4939
2014-08-21,IRF,0.050575
2014-08-21,SCHB,0.7351
2014-08-22,DBE,-0.0772
2014-08-22,GLDX,0.0258
2014-08-22,HELI,0.0
2014-08-22,SCIF,0.0258
2014-08-22,SIL,0.0258
2014-08-22,ZBB,-0.23754999999999998
2014-08-25,AMJ,0.296
2014-08-25,API,-0.0516
2014-08-25,BDCL,0.0
2014-08-25,DBE,-0.2598
2014-08-25,GK,0.0
2014-08-25,MFI,0.0
2014-08-25,RGDO,-0.128
2014-08-25,SBB,-0.296
2014-08-25,SBY,0.516
2014-08-25,SUTR,-0.3818
2014-08-26,TAOM,0.0
2014-08-27,DBE,0.0
2014-08-27,LACO,0.21075
2014-08-27,MXI,0.0
2014-08-28,CSRE,0.296
2014-08-28,DBE,0.0
2014-08-28,IKGH,0.0
2014-08-28,PKB,0.0
2014-08-28,RALY,0.0
2014-08-28,ROC,0.2294
2014-08-29,IKGH,0.5719
2014-08-29,PBCP,0.0
2014-08-30,CAFE,0.0258
2014-08-30,RSXJ,0.0258
2014-09-02,GIM,0.296
2014-09-02,RBY,0.0
2014-09-02,TBF,0.0
2014-09-02,TEU,0.0
2014-09-03,ASHS,0.4404
2014-09-03,MOKO,0.0
2014-09-03,SBB,-0.296
2014-09-03,SMB,0.5574
2014-09-04,CHOP,0.023849999999999996
2014-09-04,CSRE,0.0
2014-09-04,PCO,0.0
2014-09-05,ASHS,0.2732
2014-09-05,COW,0.2732
2014-09-05,HCT,0.0
2014-09-08,BKYF,0.0
2014-09-08,EXE,0.296
2014-09-08,HELI,0.0
2014-09-08,RBY,0.0
2014-09-09,AMCF,0.9062
2014-09-09,AVL,0.0
2014-09-09,PLMT,0.296
2014-09-09,VEGI,-0.3818
2014-09-09,VLCCF,0.5267
2014-09-10,COBK,0.0
2014-09-10,GULF,0.0
2014-09-10,HCT,0.4404
2014-09-10,MES,0.0
2014-09-10,ROC,0.39225
2014-09-10,SBB,-0.296
2014-09-10,VSCI,0.296
2014-09-11,EOPN,-0.7034
2014-09-11,IHDG,0.34
2014-09-11,IMRS,0.0
2014-09-11,IWV,0.0
2014-09-12,BAL,0.0258
2014-09-12,CHYR,0.0
2014-09-12,FRS,0.0
2014-09-15,API,0.5719
2014-09-15,ENL,0.2023
2014-09-15,WGA,0.1779
2014-09-15,WHZ,0.5719
2014-09-16,GRT,0.20165
2014-09-16,ROC,0.4019
2014-09-17,BJK,0.0
2014-09-17,GRT,0.08895
2014-09-17,PBW,0.2732
2014-09-17,QCLN,0.2732
2014-09-18,XSD,0.0
2014-09-19,FPX,0.0
2014-09-19,GRT,0.5106
2014-09-20,NIB,0.6597
2014-09-22,VIAS,0.17263333333333333
2014-09-23,ACFN,0.0
2014-09-23,IAT,0.4588
2014-09-23,PSBH,0.0
2014-09-24,DBBR,0.5719
2014-09-24,DBJP,0.5719
2014-09-24,IMS,0.0
2014-09-24,TECU,0.0
2014-09-25,ASPX,0.0
2014-09-25,BDCV,0.34
2014-09-25,CMSB,0.26330000000000003
2014-09-25,REM,-0.1027
2014-09-25,VO,0.5423
2014-09-26,CMSB,0.0
2014-09-26,EFNL,0.296
2014-09-26,KNM,0.0258
2014-09-26,PGP,-0.6369
2014-09-26,SVBL,0.2023
2014-09-27,SCIF,0.0258
2014-09-27,VIXY,0.0258
2014-09-28,MOKO,0.0
2014-09-28,PGP,-0.1531
2014-09-29,BSDM,0.4767
2014-09-29,CBDE,0.7003
2014-09-29,GRH,0.2023
2014-09-29,LAS,0.0
2014-09-30,ENRJ,0.296
2014-09-30,LAS,0.296
2014-09-30,ROC,0.4767
2014-10-01,CAP,0.2023
2014-10-01,CBDE,0.2732
2014-10-01,COCO,0.2023
2014-10-01,NKY,0.0
2014-10-01,OILT,-0.10422500000000001
2014-10-01,ROC,0.0
2014-10-01,VSCI,0.0
2014-10-02,ACMP,0.0
2014-10-02,AUMAU,0.148
2014-10-02,CBDE,0.26335
2014-10-02,EXE,0.296
2014-10-02,NIB,0.0
2014-10-02,SUTR,0.2023
2014-10-02,THM,0.743
2014-10-03,APAGF,0.32353333333333334
2014-10-03,LAS,0.4019
2014-10-03,YDKN,0.0
2014-10-04,LVNTB,0.5267
2014-10-06,ASBI,0.128
2014-10-06,CBDE,0.5859
2014-10-06,CWI,-0.128
2014-10-06,EMLP,0.128
2014-10-06,OILT,0.0
2014-10-06,VLCCF,0.1779
2014-10-07,CFN,0.205075
2014-10-07,LSG,0.0
2014-10-07,VLCCF,0.34305
2014-10-07,WHX,-0.4767
2014-10-08,ATRM,0.28459999999999996
2014-10-08,EOPN,0.0
2014-10-08,HDRAU,0.0
2014-10-08,PAGG,0.34
2014-10-08,PLND,-0.0772
2014-10-09,FEN,0.6597
2014-10-09,GTIV,0.031275000000000004
2014-10-09,JOEZ,0.1591
2014-10-09,REZ,0.7506
2014-10-09,SKH,0.6808
2014-10-09,ZA,-0.11315
2014-10-10,AUXL,0.24914999999999998
2014-10-10,ENL,0.5719
2014-10-10,IVAN,0.2732
2014-10-10,JRN,-0.296
2014-10-10,RUK,0.5719
2014-10-13,APL,0.12444000000000002
2014-10-13,ZBB,0.2732
2014-10-14,CAK,0.0
2014-10-14,LAS,0.0
2014-10-15,BIS,0.296
2014-10-15,CLY,-0.5423
2014-10-15,CSRE,-0.10035000000000001
2014-10-15,MBB,0.2023
2014-10-15,MDW,0.0
2014-10-15,MFI,0.0
2014-10-15,PENX,0.02757499999999999
2014-10-15,UST,-0.5423
2014-10-16,CBF,0.0
2014-10-16,COCO,0.2263
2014-10-16,COMT,0.0
2014-10-16,IBCA,0.0
2014-10-17,HELI,-0.128
2014-10-17,OILT,0.0
2014-10-19,QEPM,0.0
2014-10-20,AUXL,0.6597
2014-10-20,BCV,0.0
2014-10-20,DBO,0.0
2014-10-20,DNO,0.0
2014-10-20,ECF,0.0
2014-10-20,OLO,0.0
2014-10-20,QVCB,0.8126
2014-10-20,SCO,0.0
2014-10-20,SUTR,-0.4939
2014-10-20,SZO,0.0
2014-10-21,EDS,0.4939
2014-10-21,ESBF,0.0
2014-10-22,BTUI,0.0
2014-10-22,CFN,0.0
2014-10-22,FRS,0.0
2014-10-22,LACO,0.7003
2014-10-23,AXLL,-0.128
2014-10-23,CBNJ,0.0
2014-10-23,ETAK,0.1027
2014-10-23,QKLS,-0.6249
2014-10-23,RRST,0.30915000000000004
2014-10-23,YDKN,0.0
2014-10-24,BBH,0.0258
2014-10-24,CBDE,0.22706666666666667
2014-10-24,CMCSK,-0.4215
2014-10-24,EXE,0.296
2014-10-24,HDRAU,0.0
2014-10-24,HVB,-0.2202
2014-10-24,IMS,0.0
2014-10-24,RRST,0.4404
2014-10-26,ACMP,0.24695
2014-10-27,BALT,-0.2263
2014-10-27,ENL,0.2023
2014-10-27,HVB,0.0
2014-10-27,IRF,0.0
2014-10-28,ACMP,0.0
2014-10-28,APL,0.2732
2014-10-28,BTUI,0.0
2014-10-28,GCH,0.7783
2014-10-28,GK,0.0
2014-10-28,PWC,0.0
2014-10-28,ROC,0.0
2014-10-29,ACFN,0.2732
2014-10-29,ACMP,0.0
2014-10-29,BZC,0.0
2014-10-29,CBDE,0.2732
2014-10-29,ESBF,0.39495
2014-10-29,EVRY,0.296
2014-10-29,GK,0.0
2014-10-29,IMRS,0.0
2014-10-29,LSG,0.0
2014-10-29,MDW,-0.0258
2014-10-29,NHTB,0.0
2014-10-29,TRLA,0.0
2014-10-30,ASPX,-0.3612
2014-10-30,CSG,0.0
2014-10-30,SIM,0.5719
2014-10-31,ACFN,0.5106
2014-10-31,ADNC,-0.3645
2014-10-31,ONFC,0.0
2014-11-01,AMRE,0.0
2014-11-02,AMRE,0.0
2014-11-03,AMRE,0.059199999999999996
2014-11-03,ANV,0.0
2014-11-03,ARPI,0.0
2014-11-03,ASMI,0.19733333333333333
2014-11-03,AVIV,0.0
2014-11-03,CVD,0.007599999999999996
2014-11-03,DSM,0.0
2014-11-03,ESYS,0.2023
2014-11-03,GRT,0.5106
2014-11-03,SKH,0.0
2014-11-03,TSRE,0.0
2014-11-04,AXLL,0.0
2014-11-04,BIRT,0.0
2014-11-04,CVD,0.7003
2014-11-04,ESYS,0.17759999999999998
2014-11-04,HBNK,-0.082225
2014-11-04,IRF,0.4767
2014-11-05,APL,0.0
2014-11-05,AVIV,0.0
2014-11-05,CVD,0.0
2014-11-05,ESYS,0.0
2014-11-05,GTIV,0.0
2014-11-05,HVB,0.4404
2014-11-05,PAL,0.0
2014-11-05,QEPM,0.0
2014-11-05,RGDO,0.0
2014-11-05,ROC,0.0
2014-11-05,VIAS,0.0
2014-11-05,VSCI,0.0
2014-11-06,ACFN,0.2732
2014-11-06,BIND,0.4939
2014-11-06,CFN,0.0
2014-11-06,CHOP,0.0258
2014-11-06,FWM,0.0
2014-11-07,FWM,0.2732
2014-11-07,LACO,0.4215
2014-11-07,ZA,0.0
2014-11-10,API,0.25
2014-11-10,ASPX,0.0
2014-11-10,BSDM,0.0
2014-11-10,CHYR,-0.5267
2014-11-10,ETAK,0.0
2014-11-10,IFT,0.0
2014-11-10,NXTDW,0.4019
2014-11-10,ORB,0.6369
2014-11-10,URZ,0.2732
2014-11-10,VIAS,0.0
2014-11-11,ERUS,-0.4019
2014-11-11,GNI,0.2023
2014-11-11,IOT,0.7269
2014-11-11,OPWR,0.0
2014-11-11,RSXJ,-0.4019
2014-11-12,ACFN,0.2732
2014-11-12,OILT,0.0
2014-11-12,ROIAK,-0.5267
2014-11-12,SUSQ,-0.0086
2014-11-12,ZAZA,0.2732
2014-11-13,EVRY,0.0
2014-11-13,PENX,0.0
2014-11-13,STRN,0.0
2014-11-13,YCS,0.6369
2014-11-13,ZAZA,0.0
2014-11-13,ZFC,-0.128
2014-11-14,AMCF,0.0
2014-11-14,JOEZ,0.6705
2014-11-14,TRGT,-0.296
2014-11-15,URA,0.0258
2014-11-17,CCV,0.0
2014-11-17,CHYR,0.148
2014-11-17,CMGE,0.4215
2014-11-17,EVRY,0.401
2014-11-17,HVB,0.0
2014-11-17,IFT,0.296
2014-11-17,JOEZ,-0.128
2014-11-17,MOG.B,0.0
2014-11-17,OILT,0.296
2014-11-17,SARA,0.0
2014-11-17,VYFC,0.074
2014-11-17,ZBB,0.0
2014-11-18,ERUS,0.2023
2014-11-18,ETAK,0.0
2014-11-18,ORB,0.4019
2014-11-19,AUXL,-0.05135
2014-11-19,BCV,0.296
2014-11-19,COCO,0.0
2014-11-19,HVB,0.0
2014-11-19,NXN,0.296
2014-11-19,ZA,-0.2023
2014-11-19,ZAZA,0.2023
2014-11-20,ACFN,0.4939
2014-11-20,CFN,0.0
2014-11-20,COCO,-0.296
2014-11-20,NTL,-0.2023
2014-11-20,SAPE,0.06743333333333333
2014-11-21,CAP,0.5719
2014-11-21,EWN,0.296
2014-11-21,VLCCF,0.0
2014-11-24,CIMT,0.04983
2014-11-24,PTP,0.04228571428571428
2014-11-24,RNA,0.059199999999999996
2014-11-25,AVIV,0.0
2014-11-25,BCV,0.8126
2014-11-25,CMGE,0.0
2014-11-25,ENL,0.2023
2014-11-25,ESCR,0.5719
2014-11-25,MTS,0.1779
2014-11-25,NECB,0.296
2014-11-25,PTP,0.0
2014-11-25,RNA,0.26476666666666665
2014-11-25,SUSQ,0.0
2014-11-25,TAOM,-0.2263
2014-11-25,VYFC,0.0
2014-11-26,JOEZ,0.0
2014-11-26,LABC,0.4019
2014-11-28,IRE,0.0
2014-12-01,AMRE,0.0
2014-12-01,BGCA,0.0
2014-12-01,ECF,0.0
2014-12-01,EOPN,0.296
2014-12-01,HGR,0.0
2014-12-01,IMRS,-0.28595
2014-12-01,LAS,0.0
2014-12-01,VCF,0.0
2014-12-01,VDE,-0.296
2014-12-02,BPK,0.6705
2014-12-02,IKGH,-0.128
2014-12-02,KWT,0.0
2014-12-02,QEPM,0.2023
2014-12-02,QKLS,-0.2023
2014-12-02,RRST,0.296
2014-12-03,CAK,0.1531
2014-12-03,DEJ,-0.128
2014-12-03,IFT,0.2023
2014-12-03,RNA,0.7579
2014-12-04,BIND,0.2732
2014-12-04,RALY,0.0
2014-12-04,VIAS,0.0
2014-12-05,BIRT,0.3994
2014-12-05,ZA,0.0
2014-12-07,BIRT,0.0
2014-12-08,ANV,0.0
2014-12-08,CPGI,0.2023
2014-12-08,TEG,0.0
2014-12-09,ANV,-0.5267
2014-12-09,CACH,0.0
2014-12-09,CBST,0.148
2014-12-09,ORB,0.32985
2014-12-09,SAPE,0.0
2014-12-10,APL,-0.6249
2014-12-10,AVIV,0.2023
2014-12-10,CRRS,0.0
2014-12-10,ESYS,0.5719
2014-12-10,HBOS,0.271475
2014-12-10,HDRAU,0.0
2014-12-10,PEK,0.0
2014-12-11,ANV,0.3182
2014-12-11,AUXL,0.4019
2014-12-11,DXM,0.0
2014-12-11,HBOS,0.0
2014-12-11,LVNTB,0.0
2014-12-11,QVCB,0.0
2014-12-12,ATE,0.09866666666666667
2014-12-12,HCT,0.0
2014-12-12,IVAN,0.2732
2014-12-12,QEPM,0.6124
2014-12-12,VLCCF,-0.2263
2014-12-14,COVR,0.0
2014-12-15,ACMP,0.0
2014-12-15,BDCV,0.4019
2014-12-15,CAK,0.2732
2014-12-15,COCO,0.2263
2014-12-15,CODE,0.296
2014-12-15,EDEN,0.0
2014-12-15,ESYS,0.0
2014-12-15,HCT,0.7506
2014-12-15,HSOL,0.0
2014-12-15,MFI,0.21718
2014-12-15,SKBI,0.0
2014-12-15,SSN,0.0
2014-12-15,SUTR,-0.2263
2014-12-16,AUXL,0.5106
2014-12-16,BIRT,0.0
2014-12-16,CFP,0.4767
2014-12-16,CLM,0.4767
2014-12-16,CRF,0.4767
2014-12-16,CVD,0.0
2014-12-16,HSOL,0.0
2014-12-16,RBL,-0.24865
2014-12-16,SUSQ,0.2023
2014-12-16,TLM,0.36283333333333334
2014-12-16,TRGT,0.0
2014-12-16,VIAS,0.0
2014-12-16,VSCP,0.0
2014-12-17,ANV,0.0
2014-12-17,CBST,0.296
2014-12-17,DRIV,0.296
2014-12-17,PTRY,0.0
2014-12-17,RBL,0.5106
2014-12-17,TEG,0.0
2014-12-17,UDN,0.5106
2014-12-17,VOLC,0.17623333333333333
2014-12-18,ATRM,-0.2023
2014-12-18,BCV,0.5423
2014-12-18,DIVY,0.296
2014-12-18,ECF,0.8658
2014-12-18,HSOL,0.0
2014-12-18,HTD,0.296
2014-12-18,JRN,0.5106
2014-12-18,LGI,0.0
2014-12-18,LSG,0.5106
2014-12-18,PDT,0.296
2014-12-18,PGJ,0.1821
2014-12-18,PTRY,0.09866666666666667
2014-12-18,RBY,0.0
2014-12-18,SARA,-0.128
2014-12-18,SSLT,0.0
2014-12-18,THM,-0.296
2014-12-18,VOLC,0.06743333333333333
2014-12-19,CBST,0.0
2014-12-19,CHLN,-0.2263
2014-12-19,EWD,0.296
2014-12-19,HSOL,0.0
2014-12-19,IMS,0.0
2014-12-19,JAXB,0.296
2014-12-19,MDVXU,0.09866666666666667
2014-12-19,UTG,0.0
2014-12-22,AUXL,0.5574
2014-12-22,IYK,0.0
2014-12-22,KXI,0.4404
2014-12-22,PCM,0.0
2014-12-22,PCQ,0.0
2014-12-22,PFL,0.0
2014-12-22,PGP,0.0
2014-12-22,PMF,0.0
2014-12-22,PML,0.0
2014-12-22,PMX,0.0
2014-12-22,PNF,0.0
2014-12-22,PNI,0.0
2014-12-22,PRLS,0.18891999999999998
2014-12-22,PXLG,0.0
2014-12-22,PZC,0.0
2014-12-22,VSCI,0.38503333333333334
2014-12-22,VXF,-0.5226
2014-12-23,AFCB,0.0
2014-12-23,HMG,0.296
2014-12-23,PRLS,0.0
2014-12-23,SSN,0.296
2014-12-23,ZA,0.0
2014-12-23,ZAZA,0.4588
2014-12-24,GULTU,0.5859
2014-12-24,SAPE,0.128
2014-12-26,CNYD,-0.2023
2014-12-26,PLMT,-0.5267
2014-12-26,RTGN,-0.2023
2014-12-29,AVNR,0.5267
2014-12-29,BIL,0.0
2014-12-29,CODE,0.2023
2014-12-29,DRIV,-0.34
2014-12-29,GNI,-0.2023
2014-12-29,HSOL,0.0
2014-12-29,SKBI,0.0
2014-12-30,AVNR,0.1027
2014-12-30,GNI,0.5719
2014-12-30,NU,0.0
2014-12-30,SIBC,0.148
2014-12-30,VIAS,0.0
2014-12-31,AMRE,0.0
2014-12-31,AMZG,-0.3612
2014-12-31,CBST,0.34
2014-12-31,SIBC,0.10115
2015-01-02,AMZG,0.3612
2015-01-02,CBST,-0.0258
2015-01-02,GNI,-0.2023
2015-01-02,HELI,-0.128
2015-01-02,IFT,0.296
2015-01-02,TPI,0.0
2015-01-05,BIL,0.0
2015-01-05,COCO,0.0
2015-01-05,CRRS,0.0
2015-01-05,HSOL,0.0
2015-01-05,SKH,-0.3169
2015-01-05,URA,0.7269
2015-01-05,URZ,0.36345
2015-01-06,ATK,0.5267
2015-01-06,BALT,0.1027
2015-01-06,CAP,0.0
2015-01-06,CBRX,-0.1591
2015-01-06,CHOP,-0.11975
2015-01-06,CHYR,0.0
2015-01-06,IBCA,0.0
2015-01-06,ORB,0.0
2015-01-06,TPI,-0.2263
2015-01-06,URZ,0.38355
2015-01-06,WIL,0.4939
2015-01-06,WTSL,0.0
2015-01-06,ZBB,0.2732
2015-01-07,BALT,0.1779
2015-01-07,BBNK,0.5719
2015-01-07,ENL,0.0
2015-01-07,GMK,0.3818
2015-01-07,IYK,0.0
2015-01-07,KCLI,0.0772
2015-01-07,NU,0.1366
2015-01-07,RUK,0.0
2015-01-07,WTSL,0.0
2015-01-08,ATK,0.1591
2015-01-08,CODE,0.3182
2015-01-08,EOPN,0.0
2015-01-08,IRF,0.0
2015-01-08,ORB,0.3182
2015-01-08,PTRY,0.25
2015-01-08,SAPE,0.20095
2015-01-08,TPI,0.0
2015-01-09,ACMP,0.0
2015-01-09,BGCA,0.0
2015-01-09,EOPN,-0.128
2015-01-09,PENX,0.0
2015-01-09,RRST,0.18616666666666667
2015-01-11,CSRE,0.0
2015-01-12,ADNC,-0.5267
2015-01-12,ASPX,0.4824
2015-01-12,CRRS,0.0
2015-01-12,GRT,0.0
2015-01-12,HRT,0.0
2015-01-12,LOCM,0.0
2015-01-12,MWIV,-0.12040000000000001
2015-01-12,NPSP,-0.1806
2015-01-12,RTGN,0.8074
2015-01-12,SKBI,0.0
2015-01-12,SSN,0.0
2015-01-12,VIEW,0.0
2015-01-13,CBST,0.0258
2015-01-13,HSOL,0.4939
2015-01-13,MWIV,0.10115
2015-01-13,NPSP,-0.064
2015-01-14,BGCA,0.296
2015-01-14,CBST,0.0
2015-01-14,CODE,-0.6249
2015-01-14,CU,-0.5267
2015-01-14,LLDM,0.0
2015-01-14,LLEM,0.0
2015-01-14,LLSC,0.0
2015-01-14,SSO,0.0
2015-01-14,TPI,0.0
2015-01-14,XPL,0.4215
2015-01-15,API,0.5719
2015-01-15,BSDM,0.0
2015-01-15,COCO,0.296
2015-01-15,NPSP,-0.296
2015-01-15,SVLC,0.0
2015-01-15,USL,0.2023
2015-01-16,AMZG,0.2732
2015-01-16,ATK,0.0
2015-01-16,BIRT,0.296
2015-01-16,HGR,0.296
2015-01-16,JRN,0.0
2015-01-16,OILT,0.0
2015-01-16,SMM,0.2732
2015-01-16,VLCCF,-0.1779
2015-01-16,WTSL,-0.18513333333333334
2015-01-19,USL,0.0
2015-01-20,CACH,0.02476666666666667
2015-01-20,FRS,-0.2263
2015-01-20,LAS,0.0
2015-01-20,LPHI,0.09866666666666667
2015-01-20,MEIL,0.0
2015-01-20,NBTF,0.0
2015-01-20,OSGB,0.0
2015-01-20,OUTR,0.0
2015-01-20,TPI,0.0
2015-01-21,AUXL,0.6597
2015-01-21,CBST,0.0
2015-01-21,IVAN,-0.0258
2015-01-21,MIL,0.296
2015-01-21,MTS,0.1779
2015-01-21,SUSQ,0.0
2015-01-21,USMD,0.0
2015-01-21,WTSL,0.0
2015-01-22,AMRE,0.0
2015-01-22,CACH,0.0
2015-01-22,CODE,0.0
2015-01-22,EEA,0.0
2015-01-22,GTIV,0.0
2015-01-22,HBOS,0.0
2015-01-22,LAS,0.0
2015-01-22,YCS,0.0
2015-01-23,ANCI,0.0
2015-01-23,ASPX,0.296
2015-01-23,ATLO,0.0
2015-01-23,CBST,0.6124
2015-01-23,CH,0.5622
2015-01-23,FRS,0.0
2015-01-23,GTIV,0.2263
2015-01-23,JOEZ,-0.3182
2015-01-23,SAPE,0.128
2015-01-23,SRV,0.0
2015-01-24,ATK,0.0
2015-01-24,NPSP,0.4019
2015-01-26,ACMP,0.0
2015-01-26,ANV,-0.5267
2015-01-26,BKEPP,-0.5719
2015-01-26,CBNJ,0.0
2015-01-26,COBK,0.0
2015-01-26,GRH,0.0
2015-01-26,LACO,0.5181333333333333
2015-01-26,MWIV,0.296
2015-01-26,MWV,0.0
2015-01-26,ORB,0.0
2015-01-26,RGP,0.0
2015-01-26,SWY,0.09866666666666667
2015-01-27,AMZG,0.5994
2015-01-27,ANV,0.2023
2015-01-27,ATK,0.212
2015-01-27,CODE,0.7351
2015-01-27,CU,0.0
2015-01-27,DRIV,0.1027
2015-01-27,ESBF,0.0
2015-01-27,GTIV,0.4215
2015-01-27,ORB,0.128
2015-01-27,PULB,0.0
2015-01-27,SIMG,-0.156225
2015-01-27,SWY,0.0
2015-01-27,TRLA,0.0
2015-01-28,AEC,0.2023
2015-01-28,APL,0.4939
2015-01-28,ATK,0.0
2015-01-28,BBNK,0.4939
2015-01-28,CVD,0.0
2015-01-28,GTIV,0.34
2015-01-28,IRE,-0.6249
2015-01-28,LAS,0.0
2015-01-28,MWV,0.0
2015-01-28,NU,0.0
2015-01-28,PULB,0.0
2015-01-28,SIMG,0.0
2015-01-28,WAYN,0.0
2015-01-29,ASBI,0.0
2015-01-29,BGCA,0.0
2015-01-29,BSDM,0.34
2015-01-29,BZC,0.0
2015-01-29,NU,0.1779
2015-01-29,PGZ,0.0
2015-01-29,PTRY,0.0
2015-01-29,RVBD,0.0
2015-01-29,USBI,0.6369
2015-01-30,CACH,0.0
2015-01-30,CBNJ,-0.3612
2015-01-30,CNCO,0.0
2015-01-30,COB,0.0
2015-01-30,GTIV,0.25
2015-01-30,MDVXU,0.0
2015-01-30,NHTB,0.0
2015-01-30,RNA,0.0
2015-02-02,API,0.296
2015-02-02,AVIV,0.4019
2015-02-02,BGCA,0.2023
2015-02-02,CSRE,0.6808
2015-02-02,GY,0.2023
2015-02-02,PEOP,0.0
2015-02-02,PPA,0.0
2015-02-02,TEG,0.0
2015-02-03,ADVS,0.057800000000000004
2015-02-03,ASPX,0.0
2015-02-03,AVIV,0.0
2015-02-03,AVL,0.7717
2015-02-03,CBIN,0.0
2015-02-03,DRIV,0.0
2015-02-03,ENTR,0.01153333333333332
2015-02-03,FSGI,0.7003
2015-02-03,HVB,0.0
2015-02-03,NPSP,0.0
2015-02-03,NU,0.5267
2015-02-03,ONNN,0.2023
2015-02-03,PWX,0.2023
2015-02-03,REMX,0.7717
2015-02-03,SPPR,0.0
2015-02-03,SSN,-0.5719
2015-02-03,TAS,0.7717
2015-02-03,USTR,0.2023
2015-02-04,BGCA,0.128
2015-02-04,BIND,0.0
2015-02-04,CACH,-0.17515
2015-02-04,CKSW,0.0
2015-02-04,CVD,0.0
2015-02-04,ENTR,0.18045
2015-02-04,ESCR,0.5106
2015-02-04,GY,0.0
2015-02-04,HSOL,0.0
2015-02-04,ORB,0.0
2015-02-04,SAPE,0.0
2015-02-05,ADNC,-0.5574
2015-02-05,CFN,0.0
2015-02-05,CKSW,0.0
2015-02-05,CRRC,0.3051333333333333
2015-02-05,FXF,0.0
2015-02-05,IMS,0.0
2015-02-05,IRE,0.34
2015-02-05,JRN,-0.2023
2015-02-05,ONNN,0.0
2015-02-05,RGP,0.0516
2015-02-05,RVBD,0.1779
2015-02-05,SIMG,0.0
2015-02-05,VOLC,0.128
2015-02-06,ANCI,0.0
2015-02-06,CPGI,0.2023
2015-02-06,FXF,0.0
2015-02-06,HSOL,0.0
2015-02-06,ONNN,0.0
2015-02-06,QCCO,-0.6249
2015-02-06,RVBD,0.7804
2015-02-07,VFH,0.743
2015-02-09,AMCO,0.296
2015-02-09,API,0.25
2015-02-09,ATK,0.0
2015-02-09,CBDE,0.0516
2015-02-09,CODE,0.4767
2015-02-09,CRRC,0.0
2015-02-09,MHFI,0.0
2015-02-09,MRH,0.0
2015-02-09,RIOM,0.0
2015-02-10,ADNC,0.0
2015-02-10,CAK,0.2732
2015-02-10,CAP,0.0
2015-02-10,CFN,-0.128
2015-02-10,CHOC,0.0
2015-02-10,FSRV,0.0
2015-02-10,HMPR,0.0
2015-02-10,MILL,0.2732
2015-02-10,PSTR,0.0
2015-02-10,PTP,0.4019
2015-02-10,PTRY,0.0
2015-02-10,TLM,0.07386666666666666
2015-02-11,BGCA,0.0
2015-02-11,COCO,0.0
2015-02-11,IVAN,0.2732
2015-02-11,NU,0.0
2015-02-11,PRLS,0.0
2015-02-11,SUTR,0.0
2015-02-12,CBS.A,0.5106
2015-02-12,GII,0.0
2015-02-12,JOEZ,0.0
2015-02-12,OIBR,0.06743333333333333
2015-02-12,PRLS,0.0
2015-02-12,ROIAK,0.17
2015-02-12,TOLZ,0.0
2015-02-12,VIAS,0.0
2015-02-12,WGA,0.0
2015-02-13,COB,0.0
2015-02-13,EWO,0.296
2015-02-13,JOEZ,0.0
2015-02-13,JRN,0.0
2015-02-13,NU,0.47575
2015-02-13,WHX,0.0516
2015-02-16,SVLC,0.0
2015-02-16,USTR,0.4215
2015-02-17,ARKG,0.0
2015-02-17,BSDM,0.0
2015-02-17,IMRS,0.0
2015-02-17,NPSP,0.0
2015-02-17,OSGB,0.0
2015-02-17,RVBD,0.2732
2015-02-17,SBIO,0.0
2015-02-17,TAXI,0.0
2015-02-17,USTR,-0.6249
2015-02-17,WLT,0.03643333333333335
2015-02-18,ADNC,0.2732
2015-02-18,CBRX,0.2023
2015-02-18,CRRC,0.0
2015-02-18,MHFI,0.5574
2015-02-18,MWIV,0.0
2015-02-18,NBTF,0.4019
2015-02-18,RGP,0.0
2015-02-18,TLM,0.4019
2015-02-18,USL,0.25
2015-02-18,USTR,-0.13523333333333334
2015-02-19,AQQ,-0.3182
2015-02-19,FHY,0.5106
2015-02-19,NRCIB,-0.3182
2015-02-19,RTGN,0.296
2015-02-19,SSLT,0.296
2015-02-19,VLCCF,-0.2023
2015-02-20,BALT,0.0
2015-02-20,BGCA,0.6908
2015-02-20,COCO,0.0
2015-02-20,CRRC,0.2023
2015-02-20,GFIG,0.0
2015-02-20,GULTU,0.6705
2015-02-20,GY,0.0
2015-02-20,IVAN,0.35233333333333333
2015-02-20,RSH,0.4007666666666667
2015-02-20,UHN,0.5267
2015-02-21,NPSP,0.0
2015-02-22,GFIG,0.0
2015-02-23,AVIV,0.0
2015-02-23,CMCSK,0.0
2015-02-23,COB,-0.3818
2015-02-23,FXC,-0.1027
2015-02-23,HLSS,0.0
2015-02-23,IMS,-0.3612
2015-02-23,IVAN,0.2732
2015-02-23,MEA,0.44236666666666663
2015-02-23,MRH,-0.3818
2015-02-23,NPSP,0.296
2015-02-23,ONNN,0.0
2015-02-23,PPO,0.0
2015-02-23,STRZB,0.0
2015-02-24,HLSS,0.0
2015-02-24,IVAN,-0.2023
2015-02-24,ONFC,0.296
2015-02-24,PPO,0.050575
2015-02-25,AXLL,0.0
2015-02-25,ELX,0.0
2015-02-25,ESMC,0.3182
2015-02-25,GFIG,0.5267
2015-02-25,HGR,0.3182
2015-02-25,IVAN,0.2732
2015-02-25,MWIV,0.5267
2015-02-25,ONFC,0.0
2015-02-25,PAL,0.0
2015-02-25,RSH,0.4019
2015-02-25,STRZB,0.0
2015-02-25,TAXI,-0.25
2015-02-25,TEG,0.1366
2015-02-25,WLT,-0.1027
2015-02-26,CLRX,0.09866666666666667
2015-02-26,ELX,0.09866666666666667
2015-02-26,GMK,-0.3612
2015-02-26,ONNN,0.0
2015-02-26,RSH,0.0
2015-02-26,RUK,-0.6249
2015-02-26,SUSQ,0.0
2015-02-26,SVLC,-0.0516
2015-02-26,VSCP,0.0
2015-02-27,BGCA,0.5859
2015-02-27,CRRS,-0.296
2015-02-27,CVSL,-0.5267
2015-02-27,DRL,0.23875555555555555
2015-02-27,ENTR,0.0
2015-02-27,EUO,0.0
2015-02-27,FISH,0.0
2015-02-27,GFIG,0.14495
2015-02-27,HAWKB,0.0
2015-02-27,LOCM,0.0
2015-02-27,PTP,0.0
2015-02-27,RVBD,0.0
2015-02-27,SBY,0.6705
2015-02-27,XLS,0.0
2015-03-01,RWW,0.0
2015-03-02,BALT,0.0
2015-03-02,COV,0.0
2015-03-02,DRL,-0.3182
2015-03-02,ENL,0.2023
2015-03-02,EVRY,0.0
2015-03-02,GTI,0.0
2015-03-02,GY,0.0
2015-03-02,HRT,0.0
2015-03-02,PRXI,0.296
2015-03-02,RUK,0.2023
2015-03-02,SIMG,0.28595
2015-03-02,TCPI,0.0
2015-03-03,ALLB,0.26886666666666664
2015-03-03,AMCO,0.0
2015-03-03,CLRX,0.4215
2015-03-03,DWAT,0.34
2015-03-03,GNI,-0.2023
2015-03-03,MEA,-0.1027
2015-03-03,MHFI,0.0
2015-03-03,MVNR,0.0
2015-03-04,ASMI,0.0
2015-03-04,ATK,0.765
2015-03-04,CNDO,0.3182
2015-03-04,CYCCP,0.296
2015-03-04,FXF,0.34
2015-03-04,HTWO,0.4939
2015-03-04,MVNR,0.17405
2015-03-04,OSGB,0.0
2015-03-04,PPO,0.0
2015-03-04,TEU,0.0
2015-03-04,UHN,0.5267
2015-03-05,CSG,0.0
2015-03-05,GMK,-0.2023
2015-03-05,GY,0.0
2015-03-05,IFT,0.0
2015-03-05,TRGT,0.0
2015-03-05,USTR,-0.6249
2015-03-05,XLS,0.0
2015-03-06,CU,0.0
2015-03-06,IFT,0.0
2015-03-06,RVBD,0.0
2015-03-06,UHN,0.4215
2015-03-09,BBNK,0.5267
2015-03-09,COBK,-0.5267
2015-03-09,COW,-0.1531
2015-03-09,GRH,0.0
2015-03-09,JJU,-0.1531
2015-03-09,NIB,-0.1531
2015-03-09,PETM,0.0
2015-03-09,QVCB,0.5994
2015-03-09,UBC,-0.07655
2015-03-10,BBNK,0.0
2015-03-10,BONE,0.3612
2015-03-10,CLAC,0.0
2015-03-10,DRC,0.1779
2015-03-10,FISH,0.2202
2015-03-10,IAT,0.34
2015-03-10,KBWR,0.34
2015-03-10,LOCM,0.7003
2015-03-10,QCCO,0.0
2015-03-10,RTI,0.5267
2015-03-10,SURG,0.0
2015-03-10,VSCP,0.4939
2015-03-11,BBNK,0.06743333333333333
2015-03-11,BWS,-0.5597
2015-03-11,FISH,0.7783
2015-03-11,FSRV,0.0
2015-03-11,GCA,0.0
2015-03-11,GFIG,0.0
2015-03-11,GY,0.0
2015-03-11,PETM,0.0
2015-03-11,PRXI,-0.0516
2015-03-11,SURG,0.0
2015-03-11,XLS,0.20095
2015-03-12,BBNK,0.0
2015-03-12,CAK,0.2732
2015-03-12,CBRX,0.0
2015-03-12,CCV,0.0
2015-03-12,CODE,0.0
2015-03-12,DXM,-0.3645
2015-03-12,JRN,0.0
2015-03-12,LACO,0.4215
2015-03-12,LEVY,0.4939
2015-03-12,MILL,0.0
2015-03-12,RSH,0.0
2015-03-12,YCS,0.0
2015-03-13,CFN,0.1027
2015-03-13,CVSL,0.5106
2015-03-13,FRS,-0.296
2015-03-13,HLSS,0.3612
2015-03-13,JRN,0.0
2015-03-13,PHF,0.0
2015-03-16,BONE,0.0
2015-03-16,CNDO,-0.296
2015-03-16,DXM,0.0
2015-03-16,GRT,0.0
2015-03-16,HLSS,0.2023
2015-03-16,ONNN,0.296
2015-03-16,OSGB,0.0
2015-03-16,PWX,0.2023
2015-03-16,RTGN,0.403175
2015-03-17,BONE,0.0625
2015-03-17,GFIG,0.41879999999999995
2015-03-17,GY,0.5574
2015-03-17,RTI,0.296
2015-03-18,CBRX,-0.26335
2015-03-18,CRRC,0.2023
2015-03-18,ICA,0.0
2015-03-18,KCLI,0.2023
2015-03-18,SLXP,0.050575
2015-03-18,VTSS,0.08305
2015-03-19,CNDO,0.1054666666666667
2015-03-19,DRC,0.09866666666666667
2015-03-19,ELX,0.0
2015-03-19,HQL,0.8126
2015-03-19,IMS,0.0
2015-03-19,MILL,-0.2023
2015-03-19,RSH,0.1531
2015-03-19,VTSS,0.0
2015-03-20,GFIG,0.0
2015-03-20,HRT,0.0
2015-03-20,MWV,0.0
2015-03-20,RKT,0.0
2015-03-20,VCO,0.2023
2015-03-23,ADVS,0.0
2015-03-23,CBIN,0.5267
2015-03-23,HGR,0.3818
2015-03-23,ONNN,0.5719
2015-03-23,SIMG,0.0
2015-03-23,SPPR,-0.296
2015-03-24,CHOP,-0.2023
2015-03-24,CRRC,0.0
2015-03-24,RSH,0.6705
2015-03-24,SLXP,0.296
2015-03-24,TAOM,0.4019
2015-03-24,VTSS,0.0
2015-03-25,BWS,0.4939
2015-03-25,CNCO,0.2732
2015-03-25,CVSL,0.0
2015-03-25,FISH,0.5859
2015-03-25,FSGI,0.41902
2015-03-25,HMPR,-0.296
2015-03-25,KFX,0.050575
2015-03-25,WVFC,0.0
2015-03-26,FSGI,0.0
2015-03-26,FWV,0.0
2015-03-26,KFX,0.0
2015-03-26,MGH,0.2023
2015-03-26,MHFI,0.0
2015-03-26,STRN,-0.41915
2015-03-26,VTG,-0.128
2015-03-27,LEVYU,0.0
2015-03-27,MOLG,-0.5267
2015-03-30,ASBI,0.0
2015-03-30,ASPX,0.0
2015-03-30,BDMS,-0.1591
2015-03-30,CBRX,0.4215
2015-03-30,CHLN,-0.296
2015-03-30,CPGI,0.0
2015-03-30,HPTX,0.0
2015-03-30,ICEL,0.033716666666666666
2015-03-30,IOT,0.1531
2015-03-30,MOKO,0.0
2015-03-30,NCFT,0.0
2015-03-30,OIBR,0.0
2015-03-30,PSTR,-0.25
2015-03-30,REE,0.4019
2015-03-30,RVM,0.0
2015-03-30,VSCI,0.4939
2015-03-30,XLS,0.0
2015-03-31,ACFN,0.0
2015-03-31,ASPX,0.0
2015-03-31,CBRX,0.2023
2015-03-31,CNDO,0.0
2015-03-31,HPTX,0.074
2015-03-31,ICEL,0.2732
2015-03-31,KFX,-0.25
2015-03-31,MRH,0.21334999999999998
2015-03-31,NCFT,0.0
2015-03-31,RGDX,-0.296
2015-03-31,RKT,-0.296
2015-03-31,RPX,0.0
2015-03-31,SBSA,-0.296
2015-04-01,ANCI,-0.296
2015-04-01,AVIV,0.2997
2015-04-01,CRWN,0.2023
2015-04-01,DRC,0.0
2015-04-01,ENRJ,0.0
2015-04-01,EVRY,-0.5267
2015-04-01,HKTV,-0.45424999999999993
2015-04-01,NCFT,0.0
2015-04-01,OIBR,0.0
2015-04-01,ONNN,0.08399999999999999
2015-04-01,SLXP,-0.148
2015-04-01,SWSH,-0.5267
2015-04-01,TLR,0.0
2015-04-02,ATMP,0.5106
2015-04-02,BBLU,-0.1779
2015-04-02,BSDM,0.1779
2015-04-02,CBRX,0.0
2015-04-02,CNDO,0.3182
2015-04-02,HBK,0.296
2015-04-02,RTI,0.0
2015-04-02,SLXP,0.0
2015-04-03,PRXI,0.0
2015-04-06,AMZA,0.3182
2015-04-06,BONE,0.0
2015-04-06,CRRC,0.0
2015-04-06,GY,0.0
2015-04-06,HCBK,-0.1027
2015-04-06,HLSS,0.32236666666666663
2015-04-06,LAS,-0.0258
2015-04-06,MERU,0.0
2015-04-06,MILL,0.2732
2015-04-06,OPWR,0.4404
2015-04-06,QEPM,0.0
2015-04-06,TRGT,0.0
2015-04-07,AMCO,0.2023
2015-04-07,AMZG,0.6249
2015-04-07,BIND,0.0
2015-04-07,CTRX,0.0
2015-04-07,MERU,0.0
2015-04-07,MOKO,0.5719
2015-04-07,ONNN,0.4588
2015-04-07,SPPRO,-0.6249
2015-04-07,WTSL,0.6486
2015-04-08,BAGR,0.0
2015-04-08,BALT,0.09866666666666667
2015-04-08,CNDO,-0.128
2015-04-08,CTRX,0.0
2015-04-08,EVRY,0.0
2015-04-08,FRS,0.0
2015-04-08,MILL,0.6249
2015-04-08,PSTR,0.06743333333333333
2015-04-08,WLT,0.2732
2015-04-09,AAU,-0.2023
2015-04-09,AUQ,0.2732
2015-04-09,BALT,0.0
2015-04-09,BONE,-0.5574
2015-04-09,CSG,0.0
2015-04-09,FEN,0.7717
2015-04-09,GLDC,0.0
2015-04-09,HPTX,0.0
2015-04-09,SCOK,-0.6249
2015-04-09,SLTC,0.3182
2015-04-10,DHRM,0.0
2015-04-10,DRC,0.0
2015-04-10,EDF,0.7964
2015-04-10,EXL,0.7003
2015-04-10,GCA,0.0
2015-04-10,MVNR,-0.2787
2015-04-10,SLTC,0.296
2015-04-12,DRC,0.0
2015-04-12,EXL,0.2553
2015-04-13,ANCI,-0.15170000000000003
2015-04-13,AUQ,-0.059199999999999996
2015-04-13,EXL,0.743
2015-04-13,GOMO,0.19733333333333333
2015-04-13,MVNR,0.0
2015-04-13,RALY,0.0
2015-04-14,CKSW,0.0
2015-04-14,DOVR,0.12685714285714284
2015-04-14,DXGE,0.0
2015-04-14,EVRY,-0.3071
2015-04-14,EXL,0.6078250000000001
2015-04-14,GTI,0.34
2015-04-14,ICEL,0.2495666666666667
2015-04-14,KFX,0.0
2015-04-14,MERU,0.0
2015-04-14,QKLS,-0.5267
2015-04-15,AEC,0.0
2015-04-15,QKLS,-0.41135
2015-04-15,VTG,-0.4767
2015-04-15,WLT,0.7783
2015-04-16,ACG,0.3378333333333334
2015-04-16,BWS,0.0
2015-04-16,CLRX,0.21866000000000002
2015-04-16,FISH,0.296
2015-04-16,FNRG,-0.26335
2015-04-16,GOMO,0.4019
2015-04-16,MEA,-0.6249
2015-04-16,PAL,-0.1591
2015-04-16,PRY,0.0
2015-04-16,TRGT,-0.19063333333333332
2015-04-16,VTSS,0.0
2015-04-17,AMCF,0.2023
2015-04-17,CAK,0.2732
2015-04-17,GOMO,-0.25
2015-04-17,HCBK,0.0
2015-04-17,JDSU,0.296
2015-04-17,OPWR,0.0
2015-04-17,PETM,-0.5719
2015-04-17,SPPR,0.0
2015-04-17,USTR,0.4215
2015-04-17,ZBB,0.6486
2015-04-18,JJT,0.296
2015-04-19,TDIV,0.0
2015-04-20,AEC,0.0
2015-04-20,BBNK,0.0
2015-04-20,BDBD,0.0
2015-04-20,BWS,0.0
2015-04-20,CNDO,-0.296
2015-04-20,CYCCP,-0.0772
2015-04-20,FNRG,0.023560000000000005
2015-04-20,GLQ,0.4404
2015-04-20,SPPR,0.34
2015-04-21,FNRG,0.0516
2015-04-21,HLSS,0.0
2015-04-21,JDSU,0.5719
2015-04-21,NHTB,-0.296
2015-04-21,SQBK,0.050575
2015-04-22,AEC,0.025675
2015-04-22,CTRX,0.0
2015-04-22,ENTR,0.0
2015-04-22,FNRG,0.2732
2015-04-22,FSRV,-0.128
2015-04-22,KFX,0.0
2015-04-22,PLMT,0.51695
2015-04-22,SQBK,0.0
2015-04-22,SUSQ,0.0
2015-04-23,BAGR,-0.2023
2015-04-23,COB,0.2023
2015-04-23,CYN,0.0
2015-04-23,INFA,0.198575
2015-04-23,LOOK,0.4939
2015-04-23,MCRL,0.0
2015-04-23,MNRK,0.0
2015-04-23,MVG,0.296
2015-04-23,NCQ,0.0
2015-04-23,RSH,0.5106
2015-04-24,BDBD,0.0
2015-04-24,CHOP,0.25
2015-04-24,HLSS,0.3182
2015-04-24,LOOK,0.09866666666666667
2015-04-24,MRH,-0.3818
2015-04-24,PSTR,0.0
2015-04-24,REE,0.0
2015-04-24,RIVR,0.2023
2015-04-24,XLS,0.0
2015-04-25,SCIF,0.0258
2015-04-25,URA,0.0258
2015-04-26,COCO,0.0
2015-04-26,GTU,-0.3818
2015-04-26,PWRD,0.39225
2015-04-27,BAGR,-0.2023
2015-04-27,CAP,0.0
2015-04-27,CBNJ,0.0
2015-04-27,CNDO,0.0
2015-04-27,GCA,0.0
2015-04-27,IGTE,0.2294
2015-04-27,PWRD,0.20929999999999999
2015-04-27,SKBI,-0.0516
2015-04-27,SWY,0.0
2015-04-28,BONE,0.0
2015-04-28,CHOP,0.0258
2015-04-28,CMLP,0.09143333333333335
2015-04-28,ELX,0.5574
2015-04-28,FSRV,0.0
2015-04-28,GOMO,0.4939
2015-04-28,GTWN,0.0
2015-04-28,HSOL,-0.296
2015-04-28,IGTE,0.050575
2015-04-28,MVG,0.2023
2015-04-28,PULB,0.0
2015-04-28,ROYL,0.2732
2015-04-28,RTI,0.0
2015-04-29,AEC,0.8805
2015-04-29,AVL,0.0
2015-04-29,ELX,-0.3182
2015-04-29,EXL,0.743
2015-04-29,GTI,-0.5574
2015-04-29,HCBK,0.0
2015-04-29,ICA,0.0
2015-04-29,ISH,0.0
2015-04-29,KCLI,0.0
2015-04-29,MVNR,0.296
2015-04-29,MWV,0.0
2015-04-29,NBS,0.0
2015-04-29,ONFC,-0.296
2015-04-29,RKT,0.0
2015-04-29,RTI,0.0
2015-04-29,TAXI,0.0
2015-04-29,TRW,0.2023
2015-04-29,VIDE,-0.2023
2015-04-30,ABCW,-0.296
2015-04-30,ADNC,-0.005549999999999999
2015-04-30,AXLL,0.0
2015-04-30,CAP,0.0
2015-04-30,CKSW,0.08092
2015-04-30,JDSU,0.0
2015-04-30,LOCM,0.4019
2015-04-30,LRE,0.2732
2015-04-30,MILL,0.6486
2015-04-30,MWV,0.2023
2015-04-30,PWRD,0.5719
2015-04-30,USBI,0.6369
2015-04-30,ZAZA,0.2732
2015-05-01,CKSW,0.24914999999999998
2015-05-01,CRWN,0.0
2015-05-01,GTI,0.02476666666666667
2015-05-01,JDSU,-0.3818
2015-05-01,PCO,0.0
2015-05-01,PCYC,0.0
2015-05-01,ROIAK,0.0
2015-05-01,TAXI,0.743
2015-05-03,BBC,0.25
2015-05-03,SBIO,0.25
2015-05-04,AEC,0.0
2015-05-04,BALT,-0.5574
2015-05-04,CYNI,0.04046
2015-05-04,FSRV,-0.296
2015-05-04,IKAN,-0.802
2015-05-04,INFA,0.4588
2015-05-04,MERU,-0.5574
2015-05-04,PBCP,-0.296
2015-05-04,PMFG,0.059199999999999996
2015-05-04,SCOK,0.0
2015-05-05,AMZG,0.0258
2015-05-05,BGCA,0.0
2015-05-05,CRV,-0.5423
2015-05-05,CYNI,0.3127666666666667
2015-05-05,ELX,0.0772
2015-05-05,GCA,0.0
2015-05-05,GFIG,0.0
2015-05-05,IGTE,0.0
2015-05-05,PCYC,0.0258
2015-05-05,QCCO,-0.296
2015-05-05,RVM,0.0
2015-05-05,SQBK,0.2023
2015-05-05,TEG,0.2732
2015-05-05,TRW,-0.022579999999999996
2015-05-05,VIAS,0.0
2015-05-05,VTG,0.0
2015-05-06,BDBD,0.0
2015-05-06,BRDR,0.11234285714285715
2015-05-06,CMLP,0.4939
2015-05-06,LACO,0.1531
2015-05-06,NCFT,0.06743333333333333
2015-05-06,ROYL,0.0
2015-05-06,SPPR,0.4939
2015-05-06,USTR,0.4215
2015-05-06,XLS,0.0
2015-05-07,ADVS,0.0
2015-05-07,BVA,-0.296
2015-05-07,DEJ,-0.34
2015-05-07,DXM,-0.3645
2015-05-07,GRH,-0.3182
2015-05-07,IGTE,0.0
2015-05-07,MCRL,0.148
2015-05-07,PMFG,-0.43779999999999997
2015-05-07,QLTY,0.0
2015-05-07,SPPR,0.0
2015-05-07,VTG,0.0
2015-05-08,BAGR,0.47550000000000003
2015-05-08,BCA,0.2023
2015-05-08,CMLP,0.0
2015-05-08,DRC,0.3612
2015-05-08,MCRL,0.12196666666666667
2015-05-08,MERU,-0.3182
2015-05-08,OSGB,0.0
2015-05-08,QLTY,0.06743333333333333
2015-05-08,RVBD,0.3818
2015-05-08,ZAZA,0.5106
2015-05-09,CHII,0.0258
2015-05-09,SBIO,0.0258
2015-05-11,AMZG,0.1366
2015-05-11,BBLU,-0.296
2015-05-11,BRDR,0.0
2015-05-11,FISH,0.0
2015-05-11,FSGI,0.34
2015-05-11,GEVA,0.0
2015-05-11,MCRL,0.5719
2015-05-11,OUTR,0.0
2015-05-11,QLTY,0.06743333333333333
2015-05-11,REE,-0.5423
2015-05-11,SEMI,-0.128
2015-05-11,SUBK,0.06743333333333333
2015-05-11,TSRE,0.24338
2015-05-11,URZ,-0.3182
2015-05-12,ATL,-0.148
2015-05-12,CBIN,-0.0258
2015-05-12,COVR,0.0
2015-05-12,ELX,-0.3612
2015-05-12,FSGI,0.34
2015-05-12,MDW,0.0
2015-05-12,MILL,0.2732
2015-05-12,SQBK,0.3818
2015-05-12,SUBK,0.0
2015-05-12,SWSH,0.0
2015-05-13,BDMS,-0.5423
2015-05-13,DARA,0.0
2015-05-13,FISH,0.06743333333333333
2015-05-13,ITF,-0.3182
2015-05-13,JDSU,0.296
2015-05-13,MDW,0.0
2015-05-13,MNRK,0.0
2015-05-13,PDII,0.0
2015-05-13,PMX,0.6369
2015-05-13,RSH,0.5719
2015-05-13,VKI,0.6369
2015-05-14,BDCV,0.0
2015-05-14,COVR,-0.296
2015-05-14,HMPR,0.0
2015-05-14,RGDX,-0.296
2015-05-14,SCOK,-0.296
2015-05-14,TRGT,0.4939
2015-05-14,USMD,0.0
2015-05-14,ZAZA,0.0
2015-05-15,ACFN,-0.1806
2015-05-15,COV,0.0
2015-05-15,DOVR,-0.2787
2015-05-15,KCLI,0.5719
2015-05-15,LOCM,0.021799999999999986
2015-05-15,MIL,-0.148
2015-05-15,PETM,0.21075
2015-05-15,QKLS,-0.27115
2015-05-15,SPDC,0.296
2015-05-15,SUTR,-0.13455
2015-05-15,THTI,0.0
2015-05-15,TRW,-0.0129
2015-05-15,ZAZA,-0.5267
2015-05-16,GAZ,0.0258
2015-05-16,TLM,0.0
2015-05-17,COV,0.60615
2015-05-18,ADVS,0.2023
2015-05-18,AMCO,0.0
2015-05-18,BSCM,0.2023
2015-05-18,COV,0.0
2015-05-18,DBEU,0.0
2015-05-18,ERB,0.0
2015-05-18,GTI,0.28595
2015-05-18,HCBK,0.516
2015-05-18,HGH,0.0
2015-05-18,PHO,0.0
2015-05-18,SARA,-0.128
2015-05-19,RUK,0.06743333333333333
2015-05-20,BVA,0.0
2015-05-20,CMLP,0.06743333333333333
2015-05-20,FCA,0.5106
2015-05-20,HGR,0.0
2015-05-20,JDSU,0.23835
2015-05-21,ESSX,0.0
2015-05-21,NBS,0.28595
2015-05-21,OCR,0.0
2015-05-21,PCYC,0.148
2015-05-21,ROYL,0.7579
2015-05-21,TEG,0.5994
2015-05-22,ERB,0.0
2015-05-22,FRS,0.148
2015-05-22,LRE,0.3612
2015-05-22,PCYC,0.4417
2015-05-22,PWRD,0.2023
2015-05-22,TSLF,0.296
2015-05-22,XLS,0.38075000000000003
2015-05-23,MILL,-0.1779
2015-05-24,IBLN,0.4939
2015-05-25,ASHS,0.2732
2015-05-25,JO,0.2732
2015-05-26,EUO,0.0
2015-05-26,GEVA,0.0
2015-05-26,IMRS,0.0
2015-05-26,MERU,0.5994
2015-05-26,OCIR,0.10115
2015-05-26,TEU,0.0
2015-05-26,XLS,0.7096
2015-05-27,BWS,0.0
2015-05-27,CHEV,0.0
2015-05-27,CYNI,0.0
2015-05-27,FSRV,0.2023
2015-05-27,GDEF,0.6808
2015-05-27,MERU,0.0
2015-05-27,MOLG,-0.26335
2015-05-27,NBS,0.296
2015-05-27,WHZ,0.5106
2015-05-28,ANV,-0.6705
2015-05-28,BRDR,-0.6249
2015-05-28,CMLP,0.0
2015-05-28,CYN,0.0
2015-05-28,GTI,0.0
2015-05-28,NBS,-0.3645
2015-05-28,PCYC,0.0
2015-05-28,PRXI,0.0
2015-05-29,AMCF,0.0
2015-05-29,BAMM,0.0
2015-05-29,BZC,0.0
2015-05-29,DOVR,0.743
2015-05-29,ESSX,0.2023
2015-05-29,GEVA,0.4588
2015-05-29,GKNT,0.0
2015-05-29,NBS,0.0
2015-05-29,RALY,0.0
2015-05-29,REE,0.296
2015-05-31,GKNT,0.0
2015-06-01,ANCI,0.0
2015-06-01,BIZD,0.0
2015-06-01,CAP,0.368
2015-06-01,MCP,0.0516
2015-06-01,SBSA,0.0
2015-06-02,CMCSK,0.0
2015-06-02,CNCO,0.0
2015-06-02,GCA,0.0
2015-06-02,GII,0.0
2015-06-02,GKNT,0.22761666666666666
2015-06-02,ICF,0.0
2015-06-02,IMRS,-0.2023
2015-06-02,MWV,0.4939
2015-06-02,OMG,0.10115
2015-06-02,PMFG,0.0
2015-06-02,SYE,0.4939
2015-06-02,TSRE,0.0
2015-06-03,AMCO,0.296
2015-06-03,CNCO,0.0
2015-06-03,ESSX,0.0
2015-06-03,GKNT,0.5574
2015-06-03,SLTC,0.34
2015-06-04,CMCSK,0.0
2015-06-04,CYBX,-0.1027
2015-06-04,DARA,0.37652
2015-06-04,GEVA,0.0
2015-06-04,JOEZ,0.0
2015-06-04,NVSL,0.28006666666666663
2015-06-04,OCR,0.0
2015-06-04,PGN,0.4939
2015-06-04,SCOK,-0.6249
2015-06-04,SMEZ,0.0
2015-06-04,TAXI,0.0772
2015-06-05,BHL,0.9313
2015-06-05,CRRC,0.0
2015-06-05,CWB,0.0
2015-06-05,EOC,0.0
2015-06-05,ERUS,0.128
2015-06-05,ICF,0.0
2015-06-05,KCLI,0.2023
2015-06-05,RWR,0.0
2015-06-05,WHZ,0.5106
2015-06-08,AEC,0.0
2015-06-08,BRLI,0.0
2015-06-08,DAKP,0.5574
2015-06-08,DHRM,0.296
2015-06-08,GOMO,0.04563333333333334
2015-06-08,JDSU,0.0
2015-06-08,LOCM,-0.2023
2015-06-08,LSG,0.0
2015-06-08,MCGC,0.4019
2015-06-08,PTBI,0.0
2015-06-08,RIF,0.0
2015-06-08,SPDC,0.0
2015-06-09,BKT,0.4404
2015-06-09,FCA,0.0
2015-06-09,GDEF,0.4404
2015-06-09,GSC,0.0
2015-06-09,HGR,0.0
2015-06-09,JDSU,0.0
2015-06-09,SURG,0.0
2015-06-10,APP,0.0
2015-06-10,BDBD,0.0
2015-06-10,DOL,0.0
2015-06-10,ENL,0.2023
2015-06-10,FREE,0.0
2015-06-10,FSGI,0.6808
2015-06-10,KEF,-0.296
2015-06-10,LND,0.0
2015-06-10,MCGC,0.0
2015-06-10,RUK,0.2023
2015-06-10,SEMI,-0.128
2015-06-10,SLTC,-0.2787
2015-06-10,URZ,0.7096
2015-06-10,ZQK,-0.032
2015-06-11,AXLL,0.0
2015-06-11,AXX,0.0
2015-06-11,BDBD,0.0
2015-06-11,BWC,0.296
2015-06-11,CYBX,0.0
2015-06-11,PTBI,0.10715
2015-06-11,REE,0.0
2015-06-11,ZQK,-0.2023
2015-06-12,BWC,0.0
2015-06-12,CSUN,0.0
2015-06-12,EUO,0.0
2015-06-12,RTGN,0.0
2015-06-12,SCIF,0.0258
2015-06-12,TPI,0.0
2015-06-13,KEF,0.0
2015-06-14,AUQ,0.296
2015-06-15,EXL,0.743
2015-06-15,LRE,0.37665000000000004
2015-06-15,MCGC,0.7096
2015-06-15,MCP,0.6369
2015-06-15,MIL,0.4939
2015-06-15,OIBR,0.0
2015-06-15,PCYC,-0.5719
2015-06-15,PTBI,0.263925
2015-06-15,RTGN,0.0
2015-06-15,SPDC,-0.2787
2015-06-15,TEG,0.29295
2015-06-16,ANV,-0.4939
2015-06-16,CVD,-0.1901
2015-06-16,CYNI,0.0
2015-06-16,ESCR,0.6705
2015-06-16,FREE,0.296
2015-06-16,HBOS,0.0
2015-06-16,KEF,-0.3601
2015-06-16,MCGC,0.0
2015-06-16,MEA,0.04923999999999999
2015-06-16,NKA,0.0129
2015-06-16,RBPAA,0.0
2015-06-16,ROYL,0.0
2015-06-16,RTGN,0.296
2015-06-16,RYL,0.0
2015-06-16,SCOK,0.0
2015-06-17,AVNR,0.5574
2015-06-17,CBA,0.7184
2015-06-17,CODE,0.5574
2015-06-17,FSRV,0.0
2015-06-17,GULF,0.0
2015-06-17,MES,0.0
2015-06-17,RBY,0.2263
2015-06-17,RCPI,-0.5267
2015-06-17,RYL,0.2263
2015-06-17,SPF,0.10715
2015-06-18,CTRX,0.148
2015-06-18,ISSI,0.6414500000000001
2015-06-18,LABC,0.148
2015-06-18,NOR,-0.3028333333333333
2015-06-18,URZ,0.8176
2015-06-19,EJ,0.0
2015-06-19,HEWG,0.0
2015-06-19,ISSI,0.0
2015-06-19,NOR,-0.2023
2015-06-19,PRXI,0.128
2015-06-19,PTBI,0.3818
2015-06-19,REE,0.0
2015-06-19,SARA,-0.0258
2015-06-19,TWM,0.0
2015-06-20,CNXT,0.0258
2015-06-20,SCIF,0.0258
2015-06-21,BRLI,0.3612
2015-06-21,VXF,0.0
2015-06-22,COVR,0.0
2015-06-22,ENI,0.2023
2015-06-22,FXF,-0.2732
2015-06-22,GEVA,0.6124
2015-06-22,HME,0.0
2015-06-22,ISSI,0.5859
2015-06-22,MCGC,0.4019
2015-06-22,MCP,0.0
2015-06-22,STRN,0.08305
2015-06-22,TRAK,0.2263
2015-06-22,VTG,0.6597
2015-06-23,GEVA,0.2263
2015-06-23,HME,0.06743333333333333
2015-06-23,INFA,0.4215
2015-06-23,ISSI,0.1366
2015-06-23,MCGC,0.148
2015-06-23,MCP,0.0
2015-06-23,MELA,-0.17556666666666665
2015-06-23,MSO,0.0
2015-06-23,OCIR,0.0
2015-06-23,WAVX,0.128
2015-06-24,CTRX,0.06743333333333333
2015-06-24,DAKP,-0.7717
2015-06-24,DEG,0.296
2015-06-24,DRIV,0.0
2015-06-24,LOCM,0.0
2015-06-24,MCGC,0.0
2015-06-24,MWV,0.0
2015-06-24,RKT,0.0
2015-06-24,TRGT,0.5574
2015-06-24,WAVX,-0.128
2015-06-24,WLT,-0.296
2015-06-24,ZMH,0.27954999999999997
2015-06-25,FREE,0.0
2015-06-25,LSG,0.296
2015-06-25,MCP,0.09866666666666667
2015-06-25,MSO,0.074
2015-06-25,SEMI,0.296
2015-06-25,ZMH,0.050575
2015-06-26,GEVA,0.6124
2015-06-26,ISSI,0.7096
2015-06-26,MSO,0.0
2015-06-26,OCIR,0.6705
2015-06-26,SCHG,0.3818
2015-06-26,SMTP,-0.6249
2015-06-26,SUTR,0.0
2015-06-26,URZ,0.2732
2015-06-27,ASHS,0.0258
2015-06-27,CNXT,0.0258
2015-06-27,GRU,0.0258
2015-06-27,JJG,0.0258
2015-06-29,ASBI,0.0978
2015-06-29,ATRM,-0.3612
2015-06-29,BBLU,-0.1027
2015-06-29,BWC,-0.17336666666666667
2015-06-29,CYCCP,0.4939
2015-06-29,DAX,0.4588
2015-06-29,DRC,0.41169999999999995
2015-06-29,HVB,0.4767
2015-06-29,ISDR,0.2023
2015-06-29,ISSI,0.0
2015-06-29,KYTH,0.050575
2015-06-29,MVO,0.0
2015-06-29,SSN,-0.5267
2015-06-29,TEG,0.0
2015-06-29,URZ,0.2732
2015-06-29,WHZ,0.0
2015-06-29,WLRHU,-0.5719
2015-06-30,ASBI,0.0
2015-06-30,AVNR,0.5574
2015-06-30,BAGR,0.4939
2015-06-30,ENI,0.2023
2015-06-30,FREE,0.0
2015-06-30,MRH,0.4019
2015-06-30,SPW,0.0
2015-06-30,SQBK,0.3818
2015-07-01,BAGR,0.0
2015-07-01,BWC,0.146025
2015-07-01,CAP,0.0
2015-07-01,CSG,0.5106
2015-07-01,ENL,-0.5267
2015-07-01,FXG,0.0
2015-07-01,ICA,0.2023
2015-07-01,KXI,0.0
2015-07-01,MAYS,0.7351
2015-07-01,MRH,0.0
2015-07-01,ORB,-0.1426
2015-07-01,RCPI,0.262175
2015-07-01,RUK,-0.6249
2015-07-01,TEU,0.0
2015-07-01,ZAZA,0.2732
2015-07-02,ABCW,-0.3612
2015-07-02,CSG,0.25
2015-07-02,CYCCP,-0.0772
2015-07-02,GLPW,0.0
2015-07-02,IGTE,0.0
2015-07-02,MWV,0.0
2015-07-02,NRCIB,0.2023
2015-07-02,NTL,-0.2023
2015-07-02,RKT,0.0
2015-07-02,SCOK,0.5859
2015-07-02,VTG,-0.296
2015-07-03,EJ,0.4939
2015-07-06,APP,-0.128
2015-07-06,ESSX,0.0
2015-07-06,OMG,0.0
2015-07-06,PDII,0.4767
2015-07-06,SMTP,-0.6249
2015-07-06,SUBK,0.0
2015-07-07,ATNY,-0.5574
2015-07-07,ICF,0.0
2015-07-07,OMG,0.4767
2015-07-07,QTWW,0.0
2015-07-07,RKT,0.2023
2015-07-07,RWR,0.0
2015-07-07,SCOK,-0.6249
2015-07-07,SPPR,0.2023
2015-07-07,SUSQ,0.4019
2015-07-07,ZBB,0.802
2015-07-08,DBB,-0.7579
2015-07-08,GOMO,-0.4019
2015-07-08,HMPR,0.0
2015-07-08,REM,0.0
2015-07-08,SCOK,-0.6249
2015-07-08,VIMC,-0.4019
2015-07-08,WLT,0.0516
2015-07-09,CRV,0.0
2015-07-09,GEVA,0.0
2015-07-09,LIQD,0.0
2015-07-09,MWV,0.0
2015-07-09,PRXI,-0.3182
2015-07-10,ATL,-0.16445
2015-07-10,AUQ,0.0
2015-07-10,CNXT,0.0258
2015-07-10,ESSX,-0.6249
2015-07-10,GEUR,0.0
2015-07-10,GYEN,0.0
2015-07-10,JDSU,0.0
2015-07-10,PMFG,0.0
2015-07-10,RTI,0.0
2015-07-10,SPW,0.0
2015-07-10,VIMC,0.0
2015-07-10,ZQK,0.296
2015-07-13,BAMM,0.0
2015-07-13,CLTX,0.296
2015-07-13,EPAX,0.148
2015-07-13,EXLP,0.0
2015-07-13,HKTV,0.0
2015-07-13,PGN,0.0
2015-07-13,REMY,0.05793333333333333
2015-07-13,SCOK,-0.0258
2015-07-14,ACT,0.0
2015-07-14,BAMM,0.0
2015-07-14,EPAX,-0.5267
2015-07-14,MWV,0.0
2015-07-14,PNQI,0.4588
2015-07-14,REMY,0.10115
2015-07-15,NML,0.0
2015-07-15,RTI,0.0
2015-07-15,SPPR,0.4939
2015-07-15,SQBK,0.0
2015-07-15,SUSQ,0.0
2015-07-15,WLT,0.3612
2015-07-16,EPAX,0.0
2015-07-16,FXC,0.2263
2015-07-16,GLDC,0.0
2015-07-16,IFT,0.4982666666666667
2015-07-16,VIMC,0.5719
2015-07-17,DXM,-0.2023
2015-07-17,GKNT,0.296
2015-07-17,MOAT,0.0
2015-07-17,OCIR,0.0
2015-07-17,SBIO,0.0258
2015-07-19,TRAK,0.4019
2015-07-20,HGR,0.0
2015-07-20,MCRL,0.1779
2015-07-20,MRH,0.0772
2015-07-20,OCIR,-0.2732
2015-07-20,PLTM,0.0
2015-07-21,MCOX,0.148
2015-07-21,QEPM,0.0
2015-07-21,RIVR,-0.296
2015-07-22,HME,-0.0772
2015-07-22,MCP,0.4767
2015-07-22,RCPT,0.0
2015-07-22,SUBK,0.0
2015-07-23,AVNR,0.0
2015-07-23,CSUN,0.0
2015-07-23,CYN,0.0
2015-07-23,EXLP,0.0
2015-07-23,MNRK,0.0
2015-07-23,RCPT,0.0
2015-07-24,ASBI,0.0
2015-07-24,AUQ,0.0
2015-07-24,CHEV,-0.296
2015-07-24,EVBS,0.0
2015-07-24,IG,0.0
2015-07-24,LBMH,0.296
2015-07-24,OCR,0.0
2015-07-24,SFG,0.092625
2015-07-24,SMTP,0.3818
2015-07-24,USD,0.4404
2015-07-27,BRXX,-0.5423
2015-07-27,GEVA,-0.2732
2015-07-27,GRH,0.0
2015-07-27,IDU,0.0
2015-07-27,KYTH,0.0
2015-07-27,MTK,0.0
2015-07-27,OCR,0.368
2015-07-27,PEK,0.0
2015-07-27,SFG,0.0
2015-07-27,TRAK,0.25
2015-07-27,XUE,-0.174475
2015-07-28,DAEG,-0.296
2015-07-28,DBJP,0.0
2015-07-28,DOM,0.5603
2015-07-28,EOX,0.0
2015-07-28,GCA,0.0
2015-07-28,HEWJ,0.0
2015-07-28,MCGC,0.0
2015-07-28,PEK,0.4019
2015-07-28,PPH,0.0
2015-07-28,PULB,0.0
2015-07-28,PWRD,0.7845
2015-07-28,XPH,0.0
2015-07-29,CBNJ,0.0
2015-07-29,EXLP,0.0
2015-07-29,FXCB,0.0
2015-07-29,GCA,0.0
2015-07-29,GTI,-0.5574
2015-07-29,HCBK,0.0
2015-07-29,ISH,-0.5574
2015-07-29,LRE,-0.7269
2015-07-29,MCOX,0.4019
2015-07-29,ONFC,0.0
2015-07-29,PAL,-0.3182
2015-07-29,SFG,0.3818
2015-07-29,SMLR,0.0
2015-07-29,SPW,0.11333333333333334
2015-07-29,SUBK,0.0
2015-07-29,USBI,0.6369
2015-07-29,XOOM,0.0
2015-07-30,ABCW,-0.296
2015-07-30,AMJ,0.4215
2015-07-30,COB,0.0
2015-07-30,DBMX,0.4215
2015-07-30,HYXU,0.0
2015-07-30,INFA,0.0
2015-07-30,LACO,-0.1779
2015-07-30,LNCO,0.0
2015-07-30,LOCK,0.0
2015-07-30,LRE,-0.4545
2015-07-30,MILL,0.13030000000000003
2015-07-30,MVG,0.0
2015-07-30,OMG,0.3612
2015-07-30,OWW,0.0
2015-07-30,RYL,0.0
2015-07-30,SPF,0.0
2015-07-30,VTG,0.0
2015-07-31,LABC,-0.148
2015-07-31,LNCO,0.2732
2015-07-31,MOG.A,0.1998
2015-07-31,VDE,0.5267
2015-08-02,INCO,0.0
2015-08-02,SCIF,0.0
2015-08-03,ACT,0.0
2015-08-03,ELD,-0.2732
2015-08-03,GAI,0.0
2015-08-03,GTU,-0.3818
2015-08-03,KWT,0.0
2015-08-03,LNCO,0.0
2015-08-03,RCPT,0.0
2015-08-03,REMY,-0.3182
2015-08-03,SMTP,-0.26335
2015-08-04,API,0.0
2015-08-04,FRM,0.0
2015-08-04,IAK,-0.2263
2015-08-04,IFT,0.0
2015-08-04,KBWP,-0.2263
2015-08-04,KIE,-0.2263
2015-08-04,METR,0.059199999999999996
2015-08-04,NPD,-0.6249
2015-08-04,PBS,0.0
2015-08-04,PEJ,0.0
2015-08-04,SCIF,0.6597
2015-08-04,SMIN,0.6597
2015-08-04,TAXI,0.0
2015-08-04,TECU,-0.296
2015-08-04,VTG,0.0
2015-08-04,XOOM,0.1661
2015-08-05,ANCI,0.6908
2015-08-05,CLRX,-0.6249
2015-08-05,CMLP,0.0
2015-08-05,ESSX,-0.2787
2015-08-05,MSO,0.2732
2015-08-05,MTK,0.0
2015-08-05,OCIR,0.0
2015-08-05,PNQI,0.0
2015-08-05,RDIB,-0.0516
2015-08-05,TECU,0.06376
2015-08-06,BAGR,-0.5859
2015-08-06,BWINA,-0.296
2015-08-06,DXM,-0.296
2015-08-06,GY,0.8074
2015-08-06,HMPR,-0.296
2015-08-06,IKAN,-0.04356666666666667
2015-08-06,INPH,0.0
2015-08-06,IPCM,0.2023
2015-08-06,KYTH,-0.5574
2015-08-06,NKA,-0.296
2015-08-06,NPD,0.4939
2015-08-06,OWW,-0.6219
2015-08-06,PNQI,0.0
2015-08-06,PSTR,-0.5267
2015-08-06,QCCO,-0.5423
2015-08-06,QTWW,-0.5574
2015-08-06,SCHH,0.2023
2015-08-06,TSRE,0.0
2015-08-07,AVL,0.0
2015-08-07,INFA,0.0
2015-08-07,MHR,-0.5574
2015-08-07,PLNR,0.0
2015-08-07,PVA,0.2732
2015-08-07,REE,0.0
2015-08-07,SMTP,0.0
2015-08-07,TCPI,-0.128
2015-08-07,TKMR,0.0258
2015-08-07,VWOB,0.0
2015-08-09,PBS,0.0
2015-08-09,REM,0.0
2015-08-10,EWM,0.0
2015-08-10,EXLP,0.0
2015-08-10,GAI,0.25
2015-08-10,LBMH,0.0
2015-08-10,MHR,0.0
2015-08-10,NTLS,0.0
2015-08-10,PPA,0.3612
2015-08-10,RCPI,-0.3182
2015-08-10,RGDX,-0.4404
2015-08-10,SCIF,0.0
2015-08-10,SMIN,0.0
2015-08-10,SPDC,0.0
2015-08-10,SWSH,-0.5574
2015-08-10,TKMR,-0.5106
2015-08-11,APP,0.0
2015-08-11,AVNR,0.0
2015-08-11,BJK,0.0
2015-08-11,COW,0.0
2015-08-11,FCLF,-0.296
2015-08-11,GRN,0.0
2015-08-11,LOOK,0.2023
2015-08-11,MTK,0.34
2015-08-11,NTLS,0.050575
2015-08-11,PHO,0.0
2015-08-11,PNQI,0.34
2015-08-11,RCPT,0.0
2015-08-11,SYA,0.0
2015-08-11,TOF,-0.296
2015-08-11,VSCP,0.0
2015-08-11,YDLE,-0.059739999999999994
2015-08-12,AMJ,0.4404
2015-08-12,AVOL,0.2023
2015-08-12,BDCV,-0.5574
2015-08-12,BRAF,0.4215
2015-08-12,CHEV,0.0
2015-08-12,DARA,0.0
2015-08-12,DBEU,0.0
2015-08-12,DBEZ,0.0
2015-08-12,DBGR,0.0
2015-08-12,DBJP,0.0
2015-08-12,IOT,0.4215
2015-08-12,IWN,0.0
2015-08-12,IWO,0.0
2015-08-12,NTLS,0.10115
2015-08-12,OCIR,0.296
2015-08-12,PGN,0.0
2015-08-12,RYL,0.34
2015-08-12,SLTC,-0.5574
2015-08-12,SPF,0.34
2015-08-12,SPW,0.0
2015-08-12,TKMR,0.0
2015-08-12,YDLE,0.0
2015-08-13,ATRM,0.0
2015-08-13,AVOL,0.128
2015-08-13,CYT,0.10115
2015-08-13,DBJP,-0.128
2015-08-13,EMLP,0.6124
2015-08-13,GCA,-0.2263
2015-08-13,GK,0.3818
2015-08-13,GLPW,0.1779
2015-08-13,HEWJ,-0.128
2015-08-13,HRT,-0.296
2015-08-13,MELA,0.0
2015-08-13,MINT,0.6124
2015-08-13,OSGB,0.0
2015-08-13,PDII,0.3062
2015-08-13,PLNR,0.04046
2015-08-13,RYH,0.4019
2015-08-13,RYT,0.4019
2015-08-13,SPHB,-0.5984
2015-08-13,SWSH,0.1779
2015-08-13,VIMC,0.0
2015-08-13,WAVX,0.0
2015-08-13,XLG,0.0258
2015-08-13,XUE,0.0
2015-08-14,ACT,0.6808
2015-08-14,AVOL,0.0
2015-08-14,BDMS,0.0
2015-08-14,CCSC,0.0
2015-08-14,CHLN,-0.5423
2015-08-14,COW,-0.3182
2015-08-14,CPGI,0.0
2015-08-14,EPAX,0.21075
2015-08-14,FRS,0.0
2015-08-14,HSP,0.6249
2015-08-14,MSO,0.296
2015-08-14,PLNR,0.10115
2015-08-14,QKLS,-0.3182
2015-08-14,SBSA,0.0
2015-08-14,SIBC,0.0
2015-08-14,SYA,0.06743333333333333
2015-08-14,THTI,-0.5423
2015-08-14,TKMR,0.0
2015-08-16,CCSC,0.0
2015-08-16,PBJ,0.0
2015-08-16,PXE,0.0
2015-08-16,TRW,0.25
2015-08-17,APP,-0.08025000000000002
2015-08-17,BBLU,-0.5423
2015-08-17,BEE,0.0
2015-08-17,CFRXW,0.0
2015-08-17,CFRXZ,0.0
2015-08-17,CYT,0.03715
2015-08-17,EWM,-0.1303
2015-08-17,HDRA,-0.34
2015-08-17,ROIQ,-0.2263
2015-08-17,TEU,-0.6335
2015-08-17,VCR,0.3182
2015-08-17,ZU,0.38026
2015-08-18,AUQ,0.0258
2015-08-18,CLTX,0.0
2015-08-18,INPH,-0.6249
2015-08-18,ISSI,0.0
2015-08-18,KYTH,0.0
2015-08-18,NPBC,-0.039375
2015-08-18,QLTY,0.296
2015-08-18,VXUS,0.0
2015-08-18,ZU,0.296
2015-08-19,BZQ,0.0516
2015-08-19,CLTX,0.09866666666666667
2015-08-19,COPX,0.0772
2015-08-19,CU,0.0772
2015-08-19,DBGR,0.0
2015-08-19,DBJP,0.0
2015-08-19,DOM,0.6651
2015-08-19,GCA,0.296
2015-08-19,HILL,0.06323333333333334
2015-08-19,LRE,0.296
2015-08-19,NPBC,0.10115
2015-08-19,PPO,0.0
2015-08-19,SLTC,-0.2023
2015-08-19,UGL,0.0
2015-08-20,ALFA,0.0
2015-08-20,AZIA,0.0
2015-08-20,BRLI,0.296
2015-08-20,CYBX,-0.005650000000000007
2015-08-20,CYT,0.0
2015-08-20,FRN,0.0
2015-08-20,GURU,0.0
2015-08-20,HSP,0.0
2015-08-20,IG,0.0
2015-08-20,NPBC,0.0754
2015-08-20,PPO,0.0
2015-08-20,RCPI,-0.25
2015-08-20,TRAK,0.0
2015-08-20,VDE,-0.2732
2015-08-21,BIS,0.0
2015-08-21,BRLI,0.0
2015-08-21,CSUN,0.28595
2015-08-21,DSKY,0.0
2015-08-21,MOLG,0.0
2015-08-21,PGX,0.0
2015-08-21,RCPT,0.0
2015-08-21,RNF,0.0
2015-08-21,SIXD,0.0
2015-08-21,STNR,0.074
2015-08-21,TRAK,0.296
2015-08-21,TRGT,0.34
2015-08-21,VRP,0.0
2015-08-23,FXF,0.34
2015-08-23,STNR,0.0
2015-08-24,FXD,0.5106
2015-08-24,FXG,0.5106
2015-08-24,FXH,0.5106
2015-08-24,HKOR,0.0
2015-08-24,HSP,0.0
2015-08-24,LIQD,0.0
2015-08-24,LNCO,0.0
2015-08-24,PEK,0.0
2015-08-24,RCPT,0.0
2015-08-24,SIXD,0.296
2015-08-24,SMTP,-0.6249
2015-08-24,STNR,0.0
2015-08-24,THM,0.2023
2015-08-24,TKMR,0.0
2015-08-25,ADAT,0.3612
2015-08-25,AFK,0.0
2015-08-25,DAX,0.4215
2015-08-25,EJ,0.0
2015-08-25,FRN,0.0
2015-08-25,GLPW,0.40453333333333336
2015-08-25,GVAL,0.0
2015-08-25,HEWG,0.4215
2015-08-25,HSP,0.6705
2015-08-25,MVG,-0.6249
2015-08-25,NJ,0.0
2015-08-25,RCPT,0.0
2015-08-25,SIXD,0.296
2015-08-25,ZU,0.2263
2015-08-26,ATE,0.0
2015-08-26,BONA,0.0
2015-08-26,BZQ,-0.4767
2015-08-26,DGRE,-0.4019
2015-08-26,EMCG,-0.4019
2015-08-26,EXLP,0.0
2015-08-26,HYMB,0.4588
2015-08-26,IEI,0.2023
2015-08-26,IHDG,0.0
2015-08-26,IPCM,-0.296
2015-08-26,PKB,0.0
2015-08-26,PPHMP,0.3818
2015-08-26,PPLT,0.4215
2015-08-26,QTWW,0.0
2015-08-26,RCPT,0.10810000000000002
2015-08-26,SCO,-0.296
2015-08-26,SQBK,0.3818
2015-08-27,AVOL,0.0
2015-08-27,BBC,0.148
2015-08-27,DBJP,0.0
2015-08-27,EMHY,0.0
2015-08-27,EXLP,-0.2263
2015-08-27,GGAC,0.34
2015-08-27,LOOK,0.0
2015-08-27,OVTI,0.0
2015-08-27,PMFG,-0.5574
2015-08-27,SHV,-0.296
2015-08-27,SIXD,0.296
2015-08-27,TECU,0.0
2015-08-27,TMV,-0.296
2015-08-28,ACG,-0.5423
2015-08-28,CNCO,-0.296
2015-08-28,FSZ,-0.631
2015-08-28,FXF,-0.631
2015-08-28,HSP,0.10115
2015-08-28,INPH,0.4939
2015-08-28,OVTI,-0.128
2015-08-28,PVA,0.09664999999999999
2015-08-28,SJNK,0.4404
2015-08-30,IGN,0.0
2015-08-30,PKB,0.6249
2015-08-30,PXQ,0.0
2015-08-30,SCO,0.6249
2015-08-31,AXPW,0.074
2015-08-31,CLTX,0.0
2015-08-31,DXM,0.0
2015-08-31,FRAK,0.2023
2015-08-31,IEO,0.0
2015-08-31,MY,-0.296
2015-08-31,PEK,0.0
2015-08-31,PGI,0.0
2015-08-31,PXE,0.0
2015-08-31,SPPR,0.1779
2015-08-31,ZA,-0.3182
2015-09-01,EPV,0.7783
2015-09-01,EURL,0.7783
2015-09-01,GLPW,0.7964
2015-09-01,IPCM,-0.148
2015-09-01,NOR,0.0
2015-09-01,PSTR,-0.12674999999999997
2015-09-01,SPW,0.0
2015-09-01,TECU,0.2023
2015-09-01,UPV,0.7783
2015-09-01,VTG,0.0
2015-09-02,AMCF,-0.17
2015-09-02,ASHS,0.0
2015-09-02,AVL,-0.128
2015-09-02,AXLL,0.0
2015-09-02,BBRC,0.0
2015-09-02,BZQ,-0.4588
2015-09-02,DGRE,0.0
2015-09-02,FREE,0.2294
2015-09-02,IYZ,0.3321
2015-09-02,NJ,0.08895
2015-09-02,NPD,0.0
2015-09-02,SURG,0.0
2015-09-02,TKMR,-0.2732
2015-09-02,ZQK,0.0
2015-09-03,AOL,0.6597
2015-09-03,DBBR,-0.3875
2015-09-03,DBMX,-0.3875
2015-09-03,ENVI,-0.5574
2015-09-03,IBCC,0.1027
2015-09-03,MM,0.32415
2015-09-03,QKLS,-0.2023
2015-09-03,VCIT,0.0
2015-09-03,WBII,0.0
2015-09-04,AVOL,0.0
2015-09-04,ENVI,0.0
2015-09-04,MTS,0.0
2015-09-04,QDEM,0.0
2015-09-04,QDXU,0.0
2015-09-04,QEM,0.0
2015-09-04,QXUS,0.0
2015-09-04,SMLV,0.1027
2015-09-04,XMLV,-0.2732
2015-09-07,UBIC,0.4019
2015-09-08,BEE,0.32985
2015-09-08,DBEU,0.0
2015-09-08,DBEZ,0.0
2015-09-08,EOX,0.0
2015-09-08,GII,0.3612
2015-09-08,INFA,0.0
2015-09-08,JOEZ,0.1779
2015-09-08,PPHMP,-0.802
2015-09-08,RAVI,0.0
2015-09-08,ROIQ,0.0
2015-09-08,TE,0.05464
2015-09-08,XMLV,0.4215
2015-09-09,ADAT,-0.6249
2015-09-09,BEE,0.10115
2015-09-09,BONE,0.296
2015-09-09,CTRX,0.0
2015-09-09,CYB,0.0
2015-09-09,DFE,0.0
2015-09-09,ELD,0.0
2015-09-09,FMD,0.0
2015-09-09,HME,-0.296
2015-09-09,INPH,-0.6249
2015-09-09,LEMB,0.0
2015-09-09,PSBH,0.296
2015-09-09,PXH,0.0
2015-09-09,RDIV,0.0
2015-09-09,RWL,0.0
2015-09-09,RWW,0.0
2015-09-09,SNTA,0.0
2015-09-09,THRX,-0.3182
2015-09-09,ZQK,-0.15293333333333334
2015-09-10,CLTX,-0.148
2015-09-10,DAEG,0.0
2015-09-10,ENVI,0.16536666666666666
2015-09-10,IWB,0.34
2015-09-10,KCLI,0.0
2015-09-10,PGI,0.0
2015-09-10,PSBH,0.0
2015-09-10,SIXD,0.0
2015-09-10,SWSH,0.0
2015-09-10,TRIV,0.0
2015-09-10,VWOB,0.0
2015-09-10,WBIH,0.4019
2015-09-10,WBII,0.4019
2015-09-11,BIL,0.0
2015-09-11,BZQ,0.0
2015-09-11,CNCO,0.2023
2015-09-11,EEV,0.0
2015-09-11,EPV,0.0
2015-09-11,FXP,0.0
2015-09-11,INPH,0.3619666666666667
2015-09-11,PGI,0.04046
2015-09-11,SCHB,0.0
2015-09-11,SCHX,0.0
2015-09-11,VO,0.0
2015-09-12,EJ,0.0
2015-09-12,IJS,0.5859
2015-09-13,BIL,-0.2732
2015-09-14,CNW,0.0
2015-09-14,FNFV,0.5267
2015-09-14,IYZ,0.6261
2015-09-14,MCOX,0.0
2015-09-14,QAT,-0.4767
2015-09-14,SMTP,0.0
2015-09-14,SPW,0.0
2015-09-14,TLR,0.296
2015-09-14,TRAK,0.296
2015-09-14,VFH,0.6261
2015-09-14,VTG,0.0
2015-09-15,ARKW,0.0
2015-09-15,CPGI,0.148
2015-09-15,EEMA,0.4215
2015-09-15,ERB,-0.296
2015-09-15,FPE,0.0
2015-09-15,HILL,0.4019
2015-09-15,HME,0.2023
2015-09-15,IKAN,0.128
2015-09-15,INDY,0.4215
2015-09-15,MBRG,0.0
2015-09-15,PGX,0.0
2015-09-15,PRE,0.128
2015-09-15,PZE,0.0
2015-09-15,SPW,0.0
2015-09-15,TLO,0.2023
2015-09-15,TLR,0.21697499999999997
2015-09-15,TRIV,0.0
2015-09-15,VIMC,0.22052
2015-09-15,VRP,0.0
2015-09-16,ADEP,-0.02425555555555556
2015-09-16,DOM,0.6651
2015-09-16,DWX,0.296
2015-09-16,FUR,0.5106
2015-09-16,HCBK,-0.3182
2015-09-16,HMPR,-0.34
2015-09-16,IEO,0.4404
2015-09-16,ISSI,0.3182
2015-09-16,OWW,0.41505
2015-09-16,PJP,0.0
2015-09-16,SAGG,0.0
2015-09-16,SIRO,0.3389
2015-09-16,TMV,0.0
2015-09-16,WLT,0.6597
2015-09-16,YDLE,0.0
2015-09-17,ADAT,-0.6597
2015-09-17,BRDR,0.5106
2015-09-17,CMCSK,0.0
2015-09-17,CYCCP,-0.0772
2015-09-17,DBJP,0.0
2015-09-17,IDU,0.0
2015-09-17,NOR,0.5267
2015-09-17,OWW,0.0
2015-09-17,PFF,0.0
2015-09-17,PGN,0.0
2015-09-17,PGX,0.0
2015-09-17,QAT,0.0
2015-09-17,SCHM,0.5574
2015-09-17,SIAL,0.5719
2015-09-17,SLTC,0.0
2015-09-17,TSRE,0.48324999999999996
2015-09-17,UAE,0.0
2015-09-18,ABCW,0.2023
2015-09-18,ADAT,0.2023
2015-09-18,CNW,-0.5574
2015-09-18,CRVP,-0.5574
2015-09-18,DAKP,0.0
2015-09-18,MM,0.2023
2015-09-21,CCSC,0.4939
2015-09-21,CLTX,0.1366
2015-09-21,DAKP,-0.5267
2015-09-21,HGR,0.4588
2015-09-21,MEIL,-0.5267
2015-09-21,ROIQ,0.2023
2015-09-21,SIRO,0.0
2015-09-21,SIXD,0.296
2015-09-21,SPW,0.0
2015-09-21,ZAZA,0.3818
2015-09-22,AXPW,-0.34
2015-09-22,BLVDU,0.0
2015-09-22,CYBX,0.3182
2015-09-22,IDU,0.0
2015-09-22,KYTH,0.0
2015-09-22,OWW,0.4019
2015-09-22,PGAL,0.2023
2015-09-22,PRXI,-0.6249
2015-09-22,SLH,0.0
2015-09-22,SVBL,0.2023
2015-09-22,TPI,0.5267
2015-09-22,YDLE,0.0
2015-09-23,AFCB,0.0
2015-09-23,BMR,0.0
2015-09-23,CEW,0.34
2015-09-23,CNYD,0.2023
2015-09-23,CYT,0.10115
2015-09-23,ELD,0.34
2015-09-23,FXG,0.4939
2015-09-23,HME,0.296
2015-09-23,IEZ,0.0
2015-09-23,IPCM,0.0
2015-09-23,MM,0.5267
2015-09-23,PSL,0.4939
2015-09-24,BBLU,0.25
2015-09-24,BIL,0.0
2015-09-24,CBNJ,0.0
2015-09-24,DAEG,0.0
2015-09-24,EMQQ,-0.4019
2015-09-24,ENI,0.7096
2015-09-24,EWT,-0.4019
2015-09-24,HCBK,0.0
2015-09-24,HSP,0.0
2015-09-24,IKAN,0.0
2015-09-24,LIQD,-0.04573333333333333
2015-09-24,MHR,0.0
2015-09-24,MNRK,0.148
2015-09-24,PCO,0.0
2015-09-24,RYL,0.0
2015-09-24,SPF,0.24503333333333333
2015-09-24,THRX,0.0
2015-09-24,TRAK,0.0
2015-09-24,UBIC,0.0
2015-09-24,XOOM,-0.5709
2015-09-24,XSOE,-0.4019
2015-09-25,FRI,0.4215
2015-09-25,FRM,0.4939
2015-09-25,MHR,0.296
2015-09-25,ROYL,0.2732
2015-09-26,AZIA,-0.5849
2015-09-26,BRAF,-0.5849
2015-09-26,GURX,-0.5849
2015-09-26,JUNR,-0.5849
2015-09-28,ADAT,0.0
2015-09-28,BRLI,0.0
2015-09-28,CSUN,-0.3182
2015-09-28,ESMC,0.0
2015-09-28,GAI,-0.3612
2015-09-28,JAXB,0.0
2015-09-28,NBS,0.4019
2015-09-28,PRE,0.4019
2015-09-28,SPDC,0.5719
2015-09-29,ELD,0.3182
2015-09-29,ENVI,0.0
2015-09-29,EQAL,0.7845
2015-09-29,HKTV,-0.0044399999999999995
2015-09-29,IEO,0.296
2015-09-29,IHI,0.0
2015-09-29,IKAN,0.516
2015-09-29,JST,-0.11315
2015-09-29,NVSL,0.7579
2015-09-29,PFX,0.04746
2015-09-29,PNX,0.03955
2015-09-29,PSCH,0.0
2015-09-29,SLH,0.0
2015-09-29,TEU,0.0
2015-09-29,TRAK,0.296
2015-09-30,BBLU,0.0
2015-09-30,HCBK,0.4393
2015-09-30,INPH,0.148
2015-09-30,IYK,0.0
2015-09-30,JPEM,0.0
2015-09-30,JPGE,0.0
2015-09-30,JPIN,0.0
2015-09-30,PPH,-0.4019
2015-09-30,TRAK,0.7096
2015-10-01,CBNJ,0.0
2015-10-01,DAEG,0.0
2015-10-01,DBEF,0.0
2015-10-01,ESSX,0.0
2015-10-01,INPH,-0.6249
2015-10-01,IPCM,0.0
2015-10-01,JAXB,0.11839999999999999
2015-10-01,KYTH,0.0
2015-10-01,RYL,0.2732
2015-10-01,SPF,0.2732
2015-10-01,TRAK,-0.296
2015-10-01,UACL,0.2023
2015-10-01,ZU,0.6854499999999999
2015-10-02,BZQ,-0.3818
2015-10-02,CNW,0.1591
2015-10-02,HME,-0.2732
2015-10-02,PEK,-0.5994
2015-10-02,PULB,0.0
2015-10-02,SKBI,-0.3182
2015-10-03,PPLT,0.0
2015-10-05,APP,0.0
2015-10-05,BBLU,0.0
2015-10-05,CYBX,0.5267
2015-10-05,DARA,0.0
2015-10-05,HME,0.5267
2015-10-05,ICA,0.2023
2015-10-05,IG,-0.17556666666666665
2015-10-05,PLTM,-0.4588
2015-10-05,WAVX,0.4939
2015-10-06,AXPW,0.0129
2015-10-06,BEE,0.296
2015-10-06,DSKY,0.2023
2015-10-06,LNCO,0.0
2015-10-06,TEU,0.0
2015-10-06,USLV,0.0
2015-10-07,AXPW,-0.2098
2015-10-07,ESCR,0.148
2015-10-07,IHDG,0.0
2015-10-07,JST,0.6597
2015-10-07,LOOK,0.0
2015-10-07,OVTI,0.0
2015-10-07,PDP,0.34
2015-10-07,PRF,0.34
2015-10-07,PWV,0.34
2015-10-07,RTI,-0.22474999999999998
2015-10-07,TKMR,-0.296
2015-10-07,XNY,-0.5423
2015-10-08,ATNY,0.0
2015-10-08,BMR,0.0
2015-10-08,CYN,0.4767
2015-10-08,DAEG,0.24695
2015-10-08,DBE,0.4404
2015-10-08,FEM,0.2144
2015-10-08,FEN,0.8519
2015-10-08,MAYS,0.0
2015-10-08,NCQ,-0.296
2015-10-08,SLTC,0.0
2015-10-08,TKMR,0.0
2015-10-08,VDE,0.4404
2015-10-09,ADEP,0.0
2015-10-09,EQAL,0.0
2015-10-09,HCBK,0.4767
2015-10-09,MOLG,0.0
2015-10-09,PEZ,0.0
2015-10-09,PSL,0.0
2015-10-09,PTF,0.0
2015-10-12,EOX,0.3818
2015-10-12,FTT,0.5994
2015-10-12,IAI,0.0
2015-10-12,IDX,0.0
2015-10-12,MHR,0.18366666666666667
2015-10-12,SCPB,0.0
2015-10-12,TLR,0.5574
2015-10-13,ADAT,-0.3182
2015-10-13,AVOL,0.0
2015-10-13,CNW,0.128
2015-10-13,CNY,0.0
2015-10-13,DAEG,0.0
2015-10-13,EOX,-0.5267
2015-10-13,EPAX,0.0
2015-10-13,FREE,0.0
2015-10-13,ICN,0.0
2015-10-13,IEUR,0.0
2015-10-13,IG,0.5994
2015-10-13,MELA,0.0
2015-10-13,NBBC,0.120975
2015-10-13,PRE,0.0
2015-10-13,QAT,0.0
2015-10-13,TMV,0.0
2015-10-13,UAE,0.0
2015-10-13,UTIW,0.2023
2015-10-14,CNW,0.0
2015-10-14,LIQD,0.0
2015-10-14,MHFI,-0.3612
2015-10-14,PEZ,0.0
2015-10-14,PRXI,-0.34906666666666664
2015-10-14,PSL,0.0
2015-10-14,REMY,0.4767
2015-10-14,TPLM,0.296
2015-10-15,BEE,0.5267
2015-10-15,CCSC,-0.07655
2015-10-15,CNY,0.2732
2015-10-15,CVSL,0.0
2015-10-15,DBEF,0.2732
2015-10-15,FBT,0.0
2015-10-15,JPGE,0.0
2015-10-15,MHR,0.0
2015-10-15,PPHMP,-0.4767
2015-10-15,PVA,0.0
2015-10-15,RCPI,0.29295
2015-10-16,BBLU,0.0
2015-10-16,BRLI,0.0085
2015-10-16,IFMI,0.4939
2015-10-16,MM,0.296
2015-10-16,OCIR,0.0
2015-10-16,ROYL,-0.2023
2015-10-16,TPI,0.2023
2015-10-19,CCG,0.295725
2015-10-19,DHRM,0.5719
2015-10-19,FGM,0.0
2015-10-19,FKU,0.0
2015-10-19,FSZ,0.0
2015-10-19,IFV,0.0
2015-10-19,ISH,0.28293999999999997
2015-10-19,NRCIB,0.2023
2015-10-19,PDII,0.5574
2015-10-19,PGN,0.0
2015-10-19,SBY,0.5106
2015-10-19,SPHQ,0.0
2015-10-19,ZMH,0.1779
2015-10-20,ASHS,0.0
2015-10-20,CYT,0.6249
2015-10-20,DXKW,0.0
2015-10-20,EPAX,0.0
2015-10-20,HSP,0.3818
2015-10-20,OMG,0.0
2015-10-20,RIVR,-0.296
2015-10-20,SIAL,0.6249
2015-10-20,SNTA,-0.6597
2015-10-21,BIL,0.0
2015-10-21,DBEF,0.0
2015-10-21,FBT,0.6249
2015-10-21,FXH,0.6249
2015-10-21,IFV,0.6249
2015-10-21,LSG,0.0
2015-10-21,PDII,0.34
2015-10-21,SHV,0.0
2015-10-21,SNTA,-0.32735
2015-10-21,SUBK,0.0
2015-10-21,UIL,0.0
2015-10-21,UTIW,0.0
2015-10-22,ASBI,0.0
2015-10-22,CYN,0.0
2015-10-22,CYT,0.0
2015-10-22,FPX,0.0
2015-10-22,FSL,0.0
2015-10-22,IG,0.0
2015-10-22,MNRK,0.0
2015-10-22,NBBC,0.0
2015-10-22,PPLT,0.3818
2015-10-22,SFG,0.0
2015-10-22,UACL,0.0
2015-10-22,UIL,0.0
2015-10-23,AOL,0.296
2015-10-23,CBNJ,0.0
2015-10-23,FSL,-0.24695
2015-10-23,MM,0.296
2015-10-23,PLNR,0.0
2015-10-23,RIT,0.4767
2015-10-24,SH,0.0
2015-10-24,TMV,0.0
2015-10-25,IXJ,0.34
2015-10-26,ATE,-0.5267
2015-10-26,CCG,0.10115
2015-10-26,CHLN,-0.5267
2015-10-26,EXLP,0.1909
2015-10-26,FWV,0.296
2015-10-26,ISH,-0.5267
2015-10-26,METR,0.0
2015-10-26,PBJ,-0.4019
2015-10-26,PFI,0.0
2015-10-26,PGJ,0.5859
2015-10-26,PRE,0.2732
2015-10-26,PSL,-0.20095
2015-10-26,PTF,0.0
2015-10-26,PVA,0.0
2015-10-26,RIVR,0.403325
2015-10-26,ROIQ,0.296
2015-10-26,SKBI,-0.5267
2015-10-26,TRIV,0.3715
2015-10-26,WAVX,0.296
2015-10-26,YDLE,0.0
2015-10-27,EELV,0.0
2015-10-27,ENVI,0.296
2015-10-27,EXLP,0.6369
2015-10-27,IPCM,-0.148
2015-10-27,LIQD,0.296
2015-10-27,LOOK,0.148
2015-10-27,OMG,0.0
2015-10-27,RIVR,0.0
2015-10-27,SKBI,0.4767
2015-10-27,SYA,0.0
2015-10-27,TRIV,-0.26335
2015-10-27,WVFC,0.0
2015-10-28,BZC,0.0
2015-10-28,CNW,0.0
2015-10-28,CRWN,0.296
2015-10-28,EPS,0.0
2015-10-28,EWT,-0.4019
2015-10-28,FXCB,0.0
2015-10-28,NVSL,0.7579
2015-10-28,OMG,0.0
2015-10-28,PZE,-0.1779
2015-10-28,ROYL,0.0
2015-10-28,STNR,0.0
2015-10-28,STRN,0.0
2015-10-28,THRX,0.074
2015-10-28,XPL,0.296
2015-10-29,CYN,0.296
2015-10-29,DFE,0.0
2015-10-29,DIG,0.0
2015-10-29,DMND,0.27115
2015-10-29,FHLC,0.3182
2015-10-29,IFMI,-0.296
2015-10-29,IHE,0.6369
2015-10-29,LBMH,0.10115
2015-10-29,LOCK,0.0
2015-10-29,LSG,0.0
2015-10-29,NPBC,0.0
2015-10-29,ONEQ,0.3182
2015-10-29,PCM,0.0
2015-10-29,PGI,0.0
2015-10-29,PJP,0.6369
2015-10-29,SIAL,0.0
2015-10-29,STNR,0.0
2015-10-30,BIOD,0.2023
2015-10-30,CNW,0.1351
2015-10-30,COB,0.0
2015-10-30,CYN,0.0
2015-10-30,DLN,0.0
2015-10-30,GCC,0.0
2015-10-30,MOKO,-0.3645
2015-10-30,MWE,0.2732
2015-10-30,THRX,0.296
2015-10-30,VSCP,0.0
2015-10-31,PALL,0.0
2015-10-31,PPLT,0.0
2015-11-01,MY,0.0
2015-11-02,ACSF,0.3818
2015-11-02,CRWN,0.0
2015-11-02,CYN,0.2451
2015-11-02,DARA,-0.3182
2015-11-02,ENI,0.296
2015-11-02,FRM,0.151775
2015-11-02,HTCH,0.0
2015-11-02,IAK,0.1531
2015-11-02,ICN,-0.4939
2015-11-02,IHE,0.1531
2015-11-02,PDII,0.0
2015-11-02,PDP,0.0
2015-11-02,PGN,0.0
2015-11-02,SYA,0.0
2015-11-02,UIL,0.0
2015-11-03,ACWV,-0.2732
2015-11-03,AMTG,0.0
2015-11-03,BIOD,0.0
2015-11-03,EJ,0.0
2015-11-03,ESSX,0.0
2015-11-03,EUMV,-0.2732
2015-11-03,EXLP,0.0
2015-11-03,FRM,-0.07945
2015-11-03,MDAS,0.10115
2015-11-03,MHR,0.3404
2015-11-03,SJNK,0.0
2015-11-04,CHEV,0.0
2015-11-04,EOX,0.0
2015-11-04,FSL,0.0
2015-11-04,GTU,-0.3612
2015-11-04,MVG,0.0
2015-11-04,MWE,0.2732
2015-11-04,PBS,0.5994
2015-11-04,QQEW,0.03484999999999999
2015-11-04,QQQE,-0.2263
2015-11-04,SLH,0.5719
2015-11-04,SMTP,-0.2787
2015-11-04,TAXI,0.0
2015-11-04,TNH,0.0
2015-11-05,AMTG,0.0
2015-11-05,AND,-0.296
2015-11-05,ARPI,0.0
2015-11-05,AWAY,0.14087500000000003
2015-11-05,BAGR,0.0
2015-11-05,BEE,0.0
2015-11-05,BMR,0.5106
2015-11-05,CWB,0.4019
2015-11-05,ISIS,0.06743333333333333
2015-11-05,MSO,0.0
2015-11-05,NKA,0.0
2015-11-05,OCIR,0.0
2015-11-05,SLH,0.0
2015-11-05,TE,0.2732
2015-11-05,WGA,-0.5423
2015-11-06,BONA,0.0
2015-11-06,CTCT,0.0
2015-11-06,DAKP,0.0
2015-11-06,EWD,0.0
2015-11-06,FDO,-0.3612
2015-11-06,FPX,0.7003
2015-11-06,FRM,0.0
2015-11-06,GLRI,-0.0516
2015-11-06,IYF,0.0
2015-11-06,REE,0.0
2015-11-06,YOKU,0.0
2015-11-08,BIND,0.6369
2015-11-08,ISIS,0.3818
2015-11-08,YOKU,0.0
2015-11-09,AWAY,0.0
2015-11-09,BLT,0.296
2015-11-09,EQAL,-0.2732
2015-11-09,EUO,0.0
2015-11-09,FMD,0.0
2015-11-09,FRAK,0.3612
2015-11-09,FULL,0.0
2015-11-09,IDLV,-0.2732
2015-11-09,ISIS,0.0
2015-11-09,JGW,0.0
2015-11-09,OSGB,0.0
2015-11-09,PCL,0.5574
2015-11-09,PFF,0.3412
2015-11-09,PGN,0.0
2015-11-09,POZN,0.0
2015-11-09,PPHMP,-0.6124
2015-11-09,PVA,0.3404
2015-11-09,PXE,0.3612
2015-11-09,QTWW,-0.5574
2015-11-09,RLD,0.0
2015-11-09,TKMR,0.0
2015-11-09,TRIV,0.0
2015-11-09,UPIP,0.0
2015-11-09,UTIW,0.0129
2015-11-09,VXF,0.0
2015-11-09,YDLE,0.0
2015-11-09,ZINC,0.0
2015-11-09,ZSPH,0.19041999999999998
2015-11-10,GNMA,-0.2732
2015-11-10,IEUR,-0.2732
2015-11-10,IPAC,-0.2732
2015-11-10,IRC,0.0
2015-11-10,ITOT,-0.2732
2015-11-10,IUSB,-0.2732
2015-11-10,IUSV,-0.2732
2015-11-10,IWN,0.0
2015-11-10,MHFI,0.0
2015-11-10,MWE,0.2732
2015-11-10,PCL,0.368
2015-11-10,PJP,-0.296
2015-11-10,PVA,0.0
2015-11-10,SCHB,-0.2732
2015-11-10,SIAL,0.23835
2015-11-10,VGGL,-0.5267
2015-11-10,YOKU,0.0
2015-11-11,AVOL,0.0
2015-11-11,DEG,0.2263
2015-11-11,DIG,0.3182
2015-11-11,DMND,0.0
2015-11-11,FREE,0.7906
2015-11-11,ITOT,-0.296
2015-11-11,JST,-0.296
2015-11-11,MELA,0.0
2015-11-11,PSTR,0.2732
2015-11-11,RNDY,0.08248333333333334
2015-11-11,SCHX,-0.296
2015-11-11,TKMR,0.0
2015-11-11,ULTR,0.0
2015-11-12,BVA,-0.148
2015-11-12,DBEF,0.0
2015-11-12,DSLV,0.0
2015-11-12,FES,0.2732
2015-11-12,HRT,0.0
2015-11-12,MCP,0.5859
2015-11-12,MELA,0.0
2015-11-12,NBG,0.0
2015-11-12,PSEM,0.7845
2015-11-12,QTWW,0.0
2015-11-12,SIAL,0.296
2015-11-12,SIVR,0.0
2015-11-12,TLTD,0.0
2015-11-12,TLTE,0.0
2015-11-12,XOOM,0.19226666666666667
2015-11-12,ZSL,0.0
2015-11-13,ADAT,0.0
2015-11-13,AXN,-0.148
2015-11-13,KFYP,0.0
2015-11-13,MELA,0.0
2015-11-13,OUTR,0.0
2015-11-13,PDII,-0.5267
2015-11-13,PHB,0.0
2015-11-13,SIAL,0.06743333333333333
2015-11-13,SIBC,0.0
2015-11-13,VCO,0.0
2015-11-14,DGRO,0.0
2015-11-16,ACFN,-0.0258
2015-11-16,AMCO,0.0
2015-11-16,CHLN,0.0
2015-11-16,DFE,0.1695
2015-11-16,DFJ,0.1695
2015-11-16,ERS,0.0
2015-11-16,ESMC,-0.296
2015-11-16,HEZU,0.0
2015-11-16,ISH,0.0
2015-11-16,MIL,0.0
2015-11-16,MOBI,0.0
2015-11-16,NBG,0.7184
2015-11-16,RCAP,0.0
2015-11-16,RKT,0.296
2015-11-16,SBSA,-0.296
2015-11-16,SCHD,0.0
2015-11-16,THTI,0.0
2015-11-16,VGGL,-0.6249
2015-11-16,WAVX,0.0
2015-11-16,WRES,0.296
2015-11-16,ZMLP,0.0
2015-11-17,BAMM,0.2023
2015-11-17,GDEF,0.7184
2015-11-17,IPCM,0.0
2015-11-17,MDAS,0.368
2015-11-17,MWE,0.296
2015-11-17,MY,0.2679333333333333
2015-11-17,PCL,0.0
2015-11-17,PMR,0.6808
2015-11-17,RCAP,0.0
2015-11-17,STNR,0.0
2015-11-17,TOF,0.0
2015-11-18,BDBD,0.0
2015-11-18,EJ,0.0
2015-11-18,ISIS,0.06743333333333333
2015-11-18,MSN,-0.5267
2015-11-18,MSO,0.1779
2015-11-18,MWE,0.2023
2015-11-18,PPA,-0.4404
2015-11-18,PSEM,-0.01634285714285714
2015-11-18,SIAL,0.296
2015-11-18,SIXD,0.26886666666666664
2015-11-18,TRIV,0.0
2015-11-18,UDN,0.0
2015-11-18,VCO,0.0
2015-11-18,VGGL,0.0
2015-11-18,ZINC,0.4033
2015-11-18,ZSPH,0.10115
2015-11-19,ACE,0.0
2015-11-19,BZC,0.6808
2015-11-19,CLDN,0.15194000000000002
2015-11-19,EUFX,0.0
2015-11-19,FXF,0.0
2015-11-19,GURU,0.0
2015-11-19,IACI,0.1531
2015-11-19,IHDG,0.0
2015-11-19,IXC,0.0
2015-11-19,KBWB,0.0
2015-11-19,LONG,0.10115
2015-11-19,MDAS,0.7351
2015-11-19,NBG,0.3182
2015-11-19,NPD,0.0
2015-11-19,PMCS,0.5267
2015-11-19,PSEM,0.0
2015-11-19,QAI,0.0
2015-11-19,USD,0.2732
2015-11-19,USDU,0.0
2015-11-19,WRES,0.296
2015-11-19,XUE,-0.296
2015-11-20,CCSC,-0.148
2015-11-20,JGW,0.296
2015-11-20,LBMH,0.057025
2015-11-20,OSGB,0.0
2015-11-20,PCO,0.2124
2015-11-20,PIO,0.4215
2015-11-20,PSEM,0.4215
2015-11-20,SFY,0.5994
2015-11-20,SIRO,0.0
2015-11-20,TMV,0.0
2015-11-20,TYO,0.0
2015-11-23,ACE,0.0
2015-11-23,COB,0.45420000000000005
2015-11-23,CSUN,0.0
2015-11-23,CTCT,0.10115
2015-11-23,DAEG,0.2808
2015-11-23,ERB,-0.5267
2015-11-23,IPCM,0.0
2015-11-23,METR,0.23835
2015-11-23,PHB,0.0
2015-11-23,POZN,0.0
2015-11-23,STNR,0.0
2015-11-23,TRIV,0.10115
2015-11-23,TSYS,0.03936666666666666
2015-11-23,USDU,0.0
2015-11-23,WSH,0.2023
2015-11-24,BAMM,0.0
2015-11-24,CHEV,0.15886
2015-11-24,COW,0.4939
2015-11-24,CU,0.0
2015-11-24,DGZ,0.0
2015-11-24,DZZ,0.0
2015-11-24,FSL,0.0
2015-11-24,GCC,0.4939
2015-11-24,GLL,0.0
2015-11-24,JJN,0.4939
2015-11-24,JO,0.4939
2015-11-24,LG,0.0
2015-11-24,PMCS,0.03153333333333334
2015-11-24,TSYS,0.24914999999999998
2015-11-25,ATE,-0.25
2015-11-25,BAMM,0.2263
2015-11-25,BDBD,0.0
2015-11-25,BONA,0.0
2015-11-25,DEG,0.0
2015-11-25,GFA,-0.6249
2015-11-25,IAT,0.5994
2015-11-25,KBWB,0.1695
2015-11-25,NPD,0.0
2015-11-25,YOKU,0.0
2015-11-25,ZINC,0.296
2015-11-27,AV,0.0
2015-11-27,ESMC,-0.5267
2015-11-27,FSL,0.4767
2015-11-27,HEZU,0.0
2015-11-27,IACI,-0.7351
2015-11-27,LONG,-0.7351
2015-11-27,MDSY,-0.5267
2015-11-27,NBG,0.296
2015-11-27,NOR,-0.2802
2015-11-27,OEF,0.0
2015-11-28,CU,0.3612
2015-11-28,LONG,-0.4588
2015-11-30,AVOL,0.0
2015-11-30,BDBD,-0.128
2015-11-30,BVA,0.0
2015-11-30,CHLN,-0.5267
2015-11-30,CLDN,0.0
2015-11-30,DBEF,0.5267
2015-11-30,EMCG,0.0
2015-11-30,HKTV,0.5267
2015-11-30,UTIW,0.0
2015-11-30,VB,0.34
2015-11-30,WSH,0.2023
2015-12-01,AVNR,0.0
2015-12-01,AXN,-0.25
2015-12-01,CLDN,0.0
2015-12-01,DHRM,0.0
2015-12-01,EWT,-0.4215
2015-12-01,GAI,0.0
2015-12-01,GQRE,0.7003
2015-12-01,HFFC,0.21953333333333336
2015-12-01,ICA,0.7906
2015-12-01,MWE,0.4215
2015-12-01,NFRA,0.7003
2015-12-01,NRCIB,0.7269
2015-12-01,PCL,0.6369
2015-12-01,PEK,0.0
2015-12-01,XTN,0.7351
2015-12-02,ACE,0.0
2015-12-02,AFCB,0.09866666666666667
2015-12-02,AMCO,0.0
2015-12-02,BDCV,0.0
2015-12-02,DARA,0.4767
2015-12-02,EMCB,0.0
2015-12-02,MTSN,0.027419999999999993
2015-12-02,PSUN,0.0
2015-12-02,RCAP,0.3818
2015-12-02,SFY,0.40085000000000004
2015-12-02,THRX,0.148
2015-12-02,UCO,-0.15445
2015-12-02,YOKU,0.3818
2015-12-03,DEG,-0.6249
2015-12-03,DHRM,0.5994
2015-12-03,DYAX,0.029524999999999996
2015-12-03,ENZN,0.4019
2015-12-03,EUO,0.5106
2015-12-03,MTSN,0.10115
2015-12-03,NBG,0.296
2015-12-03,OVTI,0.0
2015-12-03,PGI,0.0
2015-12-03,PULB,0.296
2015-12-03,TE,0.5994
2015-12-03,UCO,0.0
2015-12-03,UTIW,0.0
2015-12-03,YOKU,0.0
2015-12-04,AMJ,0.0
2015-12-04,ARPI,0.0
2015-12-04,AXN,-0.318
2015-12-04,CAM,0.4588
2015-12-04,DYAX,0.2023
2015-12-04,GAI,0.6369
2015-12-04,ISIS,0.25
2015-12-04,MWE,-0.0516
2015-12-04,NBG,0.4019
2015-12-04,SUBK,0.0
2015-12-04,ZSPH,0.5766
2015-12-06,DYAX,0.0
2015-12-06,GAI,0.0
2015-12-06,GOVT,0.0
2015-12-07,ACE,0.5267
2015-12-07,DATE,0.0
2015-12-07,DBEF,0.4939
2015-12-07,DXGE,0.148
2015-12-07,DXKW,0.3818
2015-12-07,EMLP,0.3182
2015-12-07,FSL,0.1779
2015-12-07,GAI,0.0
2015-12-07,MCOX,0.0
2015-12-07,MDAS,0.4939
2015-12-07,MM,0.0
2015-12-07,ONFC,0.0
2015-12-07,POZN,0.3275
2015-12-07,TAXI,0.296
2015-12-07,TSYS,0.0
2015-12-07,VRNG,0.09785999999999999
2015-12-08,ACE,0.296
2015-12-08,BEE,0.0
2015-12-08,BZC,0.24695
2015-12-08,CSJ,0.0
2015-12-08,DATE,0.24695
2015-12-08,ESSX,0.296
2015-12-08,FXCB,0.09866666666666667
2015-12-08,OUTR,-0.15295
2015-12-08,RLD,0.0
2015-12-08,SJNK,0.0
2015-12-08,SLH,0.0
2015-12-08,TPLM,0.0
2015-12-09,COV,0.0
2015-12-09,DMND,0.34
2015-12-09,FXCB,0.0
2015-12-09,IACI,0.0
2015-12-09,IYG,0.0
2015-12-09,IYM,0.0
2015-12-09,MDAS,0.0
2015-12-09,MLPA,0.1779
2015-12-09,OVTI,0.296
2015-12-09,PDII,-0.2023
2015-12-09,RLD,0.0
2015-12-09,RTM,0.0
2015-12-09,VAW,0.0
2015-12-10,BAMM,-0.4767
2015-12-10,BLT,0.3207
2015-12-10,DSCO,0.4215
2015-12-10,HYHG,0.34
2015-12-10,IYM,0.5994
2015-12-10,ROYL,0.8126
2015-12-10,SFY,0.0
2015-12-10,SWSH,-0.6249
2015-12-10,UPIP,0.0
2015-12-11,DBO,0.2975
2015-12-11,PCP,0.4019
2015-12-11,PSI,0.0
2015-12-11,SPHB,-0.2732
2015-12-11,TYO,0.4404
2015-12-11,WSH,0.3395
2015-12-11,XMLV,-0.2732
2015-12-11,XSLV,-0.2732
2015-12-11,ZINC,0.0
2015-12-13,RENT,-0.2263
2015-12-14,DGS,0.4404
2015-12-14,FCA,0.34
2015-12-14,NGLS,-0.3182
2015-12-14,PGN,0.0
2015-12-14,PULB,0.0
2015-12-14,QTWW,0.0
2015-12-14,SJB,-0.0826
2015-12-14,VGGL,0.321075
2015-12-14,ZINC,-0.3612
2015-12-15,ASHS,0.0
2015-12-15,AWAY,0.148
2015-12-15,BONA,0.1442
2015-12-15,CFRXW,-0.2263
2015-12-15,CHLN,0.3034
2015-12-15,CNXT,0.0
2015-12-15,CTCT,0.0
2015-12-15,DAX,0.3182
2015-12-15,DBC,0.0
2015-12-15,FFNM,0.148
2015-12-15,IRC,-0.02054
2015-12-15,NIB,0.6369
2015-12-15,ULTR,-0.2263
2015-12-15,VIMC,0.0
2015-12-15,WAVX,0.7579
2015-12-16,ACE,0.2023
2015-12-16,AOL,0.0
2015-12-16,CRDC,0.4404
2015-12-16,DSLV,0.0
2015-12-16,GTU,0.4939
2015-12-16,GXG,-0.6115
2015-12-16,ISH,0.0
2015-12-16,IYJ,0.0
2015-12-16,KCLI,0.296
2015-12-16,NPBC,0.0
2015-12-16,PALL,0.0
2015-12-16,PMCS,0.0
2015-12-16,PPLT,0.0
2015-12-16,RENT,0.1591
2015-12-16,RLD,-0.4767
2015-12-16,SIVR,0.0
2015-12-16,SJB,0.0
2015-12-16,UACL,0.0
2015-12-16,UIL,0.19733333333333333
2015-12-16,VRNG,0.296
2015-12-16,XUE,0.0
2015-12-16,ZSL,0.0
2015-12-17,AFCB,0.4939
2015-12-17,BIOD,0.0
2015-12-17,ENI,0.42669999999999997
2015-12-17,EOC,0.42669999999999997
2015-12-17,IMS,-0.128
2015-12-17,KWT,0.4404
2015-12-17,MNRK,0.296
2015-12-17,NBG,0.4215
2015-12-17,NECB,0.148
2015-12-17,PBCP,0.1909
2015-12-17,PGN,0.0
2015-12-17,PMCS,0.2023
2015-12-17,POZN,0.296
2015-12-17,RNDY,0.0
2015-12-17,SPDC,0.5994
2015-12-17,USDU,0.0
2015-12-17,VCO,0.0
2015-12-17,VIIX,0.0
2015-12-17,YDKN,0.0
2015-12-17,ZSPH,0.0
2015-12-18,ABGB,0.0
2015-12-18,CCSC,0.39495
2015-12-18,DATE,0.0928
2015-12-18,DBEF,0.0
2015-12-18,DGRO,0.0
2015-12-18,DXPS,0.0
2015-12-18,HSP,0.3182
2015-12-18,ICA,0.6701
2015-12-18,ISIS,0.0
2015-12-18,IWC,-0.6249
2015-12-18,JJA,0.0772
2015-12-18,LOCK,0.0
2015-12-18,QTWW,0.0
2015-12-18,RJA,0.0772
2015-12-18,RNDY,0.51555
2015-12-18,SFY,0.6249
2015-12-18,XLG,-0.6249
2015-12-19,NUV,0.7269
2015-12-21,BBCN,0.10115
2015-12-21,EPHE,0.0
2015-12-21,IACI,-0.4588
2015-12-21,IEZ,0.34
2015-12-21,MWE,0.5994
2015-12-21,NGLS,-0.08723333333333333
2015-12-21,NRCIA,0.4648
2015-12-21,NRCIB,0.4648
2015-12-21,ONTY,0.34
2015-12-21,SRLN,0.4019
2015-12-21,TSYS,0.0
2015-12-21,VIIX,0.0
2015-12-22,BIV,-0.128
2015-12-22,BOTA,0.0
2015-12-22,CRDT,0.0
2015-12-22,FRAK,0.4939
2015-12-22,IEO,0.4939
2015-12-22,LBMH,-0.5
2015-12-22,MCOX,0.4939
2015-12-22,MGK,-0.128
2015-12-22,MGV,-0.128
2015-12-22,MWE,0.3818
2015-12-22,PDII,-0.3182
2015-12-22,VGLT,-0.128
2015-12-22,VHT,-0.128
2015-12-22,VMBS,-0.128
2015-12-23,ABGB,0.6124
2015-12-23,JAXB,0.3818
2015-12-23,NTI,0.23775000000000002
2015-12-23,PETM,0.0
2015-12-23,UCO,-0.5719
2015-12-24,ABGB,0.128
2015-12-24,CHLN,-0.1366
2015-12-24,CLDN,0.0
2015-12-24,ENI,-0.6249
2015-12-24,EOX,0.4215
2015-12-24,IVAL,0.0
2015-12-24,NTL,-0.6249
2015-12-24,PKB,0.6369
2015-12-24,PMR,0.1779
2015-12-24,PSUN,0.0772
2015-12-24,QVAL,0.0
2015-12-28,POZN,0.23835
2015-12-28,PWX,0.5423
2015-12-28,SBSA,0.0
2015-12-28,UACL,0.0
2015-12-28,WSH,0.6808
2015-12-28,XUE,-0.05904999999999999
2015-12-29,BONA,0.0
2015-12-29,CSD,0.4019
2015-12-29,DATE,0.0
2015-12-29,DSCO,0.0
2015-12-29,FREE,0.4019
2015-12-29,IACI,0.5574
2015-12-29,PFF,0.0
2015-12-29,PGF,0.0
2015-12-29,PSL,0.31845
2015-12-29,SPHB,0.4939
2015-12-29,SPIL,0.4939
2015-12-29,URA,0.0
2015-12-29,USBI,0.6369
2015-12-29,VCR,0.6369
2015-12-29,WSH,0.1858
2015-12-30,ABGB,-0.2023
2015-12-30,ACE,0.6369
2015-12-30,BBLU,0.0
2015-12-30,FCOM,0.6369
2015-12-30,IYZ,0.6369
2015-12-30,KBWP,0.6369
2015-12-30,MBB,-0.296
2015-12-30,PBY,0.148
2015-12-30,SBSA,0.4767
2015-12-30,SFXE,0.2023
2015-12-30,WAVX,0.4215
2015-12-31,BUNT,-0.4588
2015-12-31,DAKP,0.0772
2015-12-31,DSKY,0.19733333333333333
2015-12-31,HPY,0.10115
2015-12-31,JGBT,-0.4588
2015-12-31,MIL,0.0
2015-12-31,PCP,0.128
2015-12-31,SBSA,-0.296
2015-12-31,VDE,0.5574
2016-01-02,PPH,-0.6369
2016-01-02,UCO,0.4588
2016-01-03,DSKY,0.0
2016-01-03,RENT,-0.5994
2016-01-04,BBC,0.1591
2016-01-04,DOM,0.765
2016-01-04,DSKY,0.0
2016-01-04,DTD,0.1531
2016-01-04,HPY,0.0
2016-01-04,IACI,0.0
2016-01-04,LG,0.0
2016-01-04,MELA,0.4767
2016-01-04,NGE,0.0
2016-01-04,NGLS,0.0
2016-01-04,PBS,0.0
2016-01-04,RCAP,0.044125000000000004
2016-01-04,TSYS,0.0
2016-01-04,WSH,0.0
2016-01-05,DBAW,0.4404
2016-01-05,DBEF,0.4404
2016-01-05,DBEM,0.4404
2016-01-05,DBEZ,0.4404
2016-01-05,DSKX,0.0
2016-01-05,DXM,-0.128
2016-01-05,GSI,0.148
2016-01-05,GULF,-0.4019
2016-01-05,JGW,0.0
2016-01-05,PBY,0.0
2016-01-05,RVNU,0.4404
2016-01-06,AMIC,0.0
2016-01-06,CBNJ,0.0
2016-01-06,CSUN,-0.34
2016-01-06,CVY,0.0
2016-01-06,DBEF,0.7351
2016-01-06,DMND,0.6369
2016-01-06,HEOP,0.0
2016-01-06,LONG,0.0
2016-01-06,PPHMP,-0.7579
2016-01-06,SSN,0.296
2016-01-06,TLOG,-0.0305
2016-01-06,UIL,0.5423
2016-01-06,XSOE,0.0
2016-01-07,ACSF,0.0
2016-01-07,CORN,0.0
2016-01-07,CRDC,0.7003
2016-01-07,EFAV,0.0
2016-01-07,EIRL,0.0
2016-01-07,FCG,-0.296
2016-01-07,FSL,0.2023
2016-01-07,GLDC,0.0
2016-01-07,LBMH,0.2023
2016-01-07,MHFI,0.0
2016-01-07,OIBR,0.0
2016-01-07,PSCU,0.0
2016-01-07,TLOG,0.0
2016-01-07,URA,0.0
2016-01-08,AMIC,0.0
2016-01-08,APP,0.0
2016-01-08,CVSL,0.2023
2016-01-08,MOLG,-0.3182
2016-01-08,OIBR,0.0
2016-01-08,SFXE,0.6249
2016-01-08,THRX,0.0
2016-01-08,UPIP,0.0
2016-01-08,YDKN,-0.128
2016-01-10,PBY,0.0
2016-01-10,RENT,-0.5574
2016-01-11,CSUN,0.0
2016-01-11,CVSL,0.2023
2016-01-11,DMND,0.34
2016-01-11,EWD,-0.296
2016-01-11,GXF,-0.296
2016-01-11,ICA,0.0
2016-01-11,MW,0.7506
2016-01-11,NORW,-0.296
2016-01-11,ONTY,0.1779
2016-01-11,OVTI,0.0
2016-01-11,PPA,0.0
2016-01-11,PPHMP,-0.4767
2016-01-11,PSP,0.0
2016-01-11,PSR,0.5719
2016-01-11,RBY,0.0
2016-01-11,RCG,0.4404
2016-01-11,VGGL,0.2023
2016-01-11,WNRL,-0.128
2016-01-12,ABCW,0.22199999999999998
2016-01-12,CRD.A,0.26335
2016-01-12,DMND,0.34
2016-01-12,DSKY,0.0
2016-01-12,EQS,0.0
2016-01-12,LG,0.22633333333333336
2016-01-12,PBJ,0.368
2016-01-12,PDP,0.0
2016-01-12,PVA,-0.09035000000000001
2016-01-12,SSE,0.2732
2016-01-12,TLR,0.0
2016-01-12,XSLV,0.4215
2016-01-13,ABCW,0.0
2016-01-13,ACE,0.25
2016-01-13,BBLU,0.0
2016-01-13,CRVP,0.0
2016-01-13,EIRL,0.4019
2016-01-13,IHDG,0.0
2016-01-13,ISRA,0.4404
2016-01-13,NGLS,0.0
2016-01-13,SWSH,0.0
2016-01-13,UAE,0.4404
2016-01-13,UCO,0.1531
2016-01-14,ACE,0.6808
2016-01-14,BBH,0.34
2016-01-14,EMQ,0.0
2016-01-14,ERS,-0.148
2016-01-14,FREE,0.0
2016-01-14,MDAS,0.17
2016-01-14,MES,-0.4019
2016-01-14,METR,0.4767
2016-01-14,PPH,0.34
2016-01-14,SFXE,-0.6249
2016-01-14,UTIW,0.5603
2016-01-14,VA,0.368
2016-01-14,ZINC,0.296
2016-01-15,CTCT,0.0
2016-01-15,DFJ,-0.4951
2016-01-15,IACI,0.5574
2016-01-15,JAH,0.296
2016-01-17,RENT,-0.5574
2016-01-18,CSUN,0.0
2016-01-19,ANCI,0.0
2016-01-19,IHI,0.3818
2016-01-19,KBE,0.0
2016-01-19,LMCB,0.0
2016-01-19,MOKO,0.0
2016-01-19,REM,-0.2732
2016-01-19,SPHQ,-0.4951
2016-01-19,VRNG,0.0
2016-01-20,AVNR,0.0
2016-01-20,BOTA,-0.2023
2016-01-20,CCG,0.296
2016-01-20,CRVP,0.0
2016-01-20,DYAX,0.0
2016-01-20,EIDO,0.1027
2016-01-20,FCG,-0.1531
2016-01-20,FHY,0.7717
2016-01-20,IDX,0.1027
2016-01-20,INTG,0.2023
2016-01-20,IYZ,0.296
2016-01-20,MDAS,0.0
2016-01-20,POZN,0.1779
2016-01-20,SCHH,0.3818
2016-01-20,UTIW,0.2516
2016-01-21,AAVL,0.0
2016-01-21,BMR,0.5106
2016-01-21,CCG,0.10115
2016-01-21,DATE,0.5574
2016-01-21,DAX,0.4019
2016-01-21,DSCO,-0.5267
2016-01-21,DYAX,0.0
2016-01-21,IACI,0.0
2016-01-21,IHI,0.4939
2016-01-21,NJ,0.5267
2016-01-21,UPIP,0.0772
2016-01-22,AMIC,0.0
2016-01-22,APP,0.0
2016-01-22,BIK,-0.128
2016-01-22,CODE,0.4299
2016-01-22,DGAS,0.4404
2016-01-22,DYAX,0.0
2016-01-22,GAL,0.3612
2016-01-22,IRC,0.3818
2016-01-22,ITE,0.3612
2016-01-22,PCL,0.8316
2016-01-22,PNX,-0.0516
2016-01-22,QCCO,0.0
2016-01-22,REE,0.17
2016-01-22,VGGL,0.3612
2016-01-22,ZINC,-0.5106
2016-01-24,RENT,0.2023
2016-01-25,APP,0.0
2016-01-25,BBCN,0.0
2016-01-25,BMR,-0.2263
2016-01-25,CAM,0.37895
2016-01-25,CVSL,0.2023
2016-01-25,DAKP,0.0
2016-01-25,EUMV,0.0
2016-01-25,FENY,0.4588
2016-01-25,HFFC,0.0
2016-01-25,HTCH,0.0
2016-01-25,ITOT,0.0
2016-01-25,JST,-0.008066666666666666
2016-01-25,MGN,0.2023
2016-01-25,MVG,0.0
2016-01-25,MW,0.296
2016-01-25,PCL,0.2263
2016-01-25,PCP,0.0
2016-01-25,PZE,0.0
2016-01-25,TLR,0.7096
2016-01-25,TRW,0.0
2016-01-25,WIBC,0.0
2016-01-26,CCG,0.4215
2016-01-26,DSKY,-0.25
2016-01-26,DYAX,0.0
2016-01-26,EELV,-0.5267
2016-01-26,FMER,0.0
2016-01-26,FXCB,0.0
2016-01-26,GLPW,0.0
2016-01-26,IYF,0.0
2016-01-26,JAH,0.6369
2016-01-26,MDAS,0.5267
2016-01-26,METR,0.0
2016-01-26,MW,0.148
2016-01-26,OSHC,0.0
2016-01-26,PBY,0.5267
2016-01-26,PCP,0.26335
2016-01-26,PULB,0.0
2016-01-26,RENT,0.0
2016-01-26,RNF,0.0
2016-01-26,SYA,0.4215
2016-01-26,TLR,0.6705
2016-01-27,ADAT,0.0
2016-01-27,BIOD,0.0
2016-01-27,BOTA,0.0
2016-01-27,FMER,0.0
2016-01-27,IAT,0.3089
2016-01-27,JAH,0.10115
2016-01-27,MNRK,0.0
2016-01-27,MOKO,-0.2263
2016-01-27,PSCC,0.2023
2016-01-27,RENT,0.0
2016-01-27,RLD,0.34
2016-01-28,ADAT,0.0
2016-01-28,CAM,0.0
2016-01-28,CVSL,0.0
2016-01-28,DEG,0.0
2016-01-28,LIQD,0.0
2016-01-28,MBRG,0.0
2016-01-28,NBBC,0.0
2016-01-28,NPBC,0.0
2016-01-28,OVTI,0.296
2016-01-28,SFXE,-0.10170000000000001
2016-01-28,SHV,0.0
2016-01-28,TLMR,0.0
2016-01-28,WIBC,0.0
2016-01-29,ABCW,0.0
2016-01-29,AXLL,0.0
2016-01-29,BIOD,0.0
2016-01-29,CBNJ,0.0
2016-01-29,CFNB,-0.296
2016-01-29,COB,0.0
2016-01-29,CSUN,-0.296
2016-01-29,FDO,0.5859
2016-01-29,MOG.A,0.0
2016-01-29,MW,0.0
2016-01-29,PCP,0.10115
2016-01-29,SIRO,0.0
2016-01-29,ULTR,0.2732
2016-01-31,RENT,-0.6908
2016-02-01,AAVL,0.023424999999999994
2016-02-01,AXLL,0.00425
2016-02-01,AXN,0.0
2016-02-01,DSCO,0.20584999999999998
2016-02-01,GB,0.0
2016-02-01,GLPW,0.0
2016-02-01,HEOP,0.0
2016-02-01,JAH,0.0
2016-02-01,KUTV,0.0
2016-02-01,LOJN,0.0
2016-02-01,MFRI,-0.09106666666666667
2016-02-01,MINT,0.4019
2016-02-01,OUTR,0.0
2016-02-01,PFF,-0.296
2016-02-01,RLD,0.0
2016-02-01,SFG,0.0
2016-02-01,SFXE,0.4215
2016-02-01,WAVX,0.38634999999999997
2016-02-01,WRES,0.4019
2016-02-01,ZFC,-0.3612
2016-02-02,ABGB,-0.0258
2016-02-02,ANAD,0.4866333333333333
2016-02-02,AOL,0.0
2016-02-02,DBMX,0.0
2016-02-02,GMT,-0.17
2016-02-02,HNSN,0.1366
2016-02-02,HPY,0.0
2016-02-02,KBIO,-0.5256
2016-02-02,KUTV,0.20095
2016-02-02,LOJN,0.12461428571428572
2016-02-02,SFXE,-0.6249
2016-02-02,TLMR,0.296
2016-02-02,ZINC,0.22555
2016-02-03,ABGB,0.0
2016-02-03,EWD,0.0
2016-02-03,FPE,0.0
2016-02-03,FXS,0.0
2016-02-03,HNSN,0.0
2016-02-03,IACI,0.0
2016-02-03,ICA,0.296
2016-02-03,LG,0.0
2016-02-03,MY,0.0
2016-02-03,PCL,0.0
2016-02-03,RCPI,-0.3612
2016-02-03,SEMI,0.0
2016-02-03,TE,0.2732
2016-02-03,TPI,-0.6249
2016-02-03,USD,-0.6124
2016-02-04,CRDC,0.0
2016-02-04,FSL,0.7845
2016-02-04,GSI,0.4767
2016-02-04,KBIO,-0.3818
2016-02-04,LG,0.0
2016-02-04,LONG,0.32926666666666665
2016-02-04,NKA,0.0
2016-02-04,NTLS,0.3818
2016-02-04,PBY,0.296
2016-02-04,TE,0.0
2016-02-04,VA,0.368
2016-02-05,CAM,0.0
2016-02-05,DHRM,0.0
2016-02-05,EWT,-0.4939
2016-02-05,LNCO,0.0
2016-02-05,MFLX,0.13895
2016-02-05,NGE,-0.3919
2016-02-05,OUTR,0.0
2016-02-05,POZN,0.2732
2016-02-05,RIVR,0.0
2016-02-05,SOCL,-0.296
2016-02-05,TUBE,0.0
2016-02-05,UPIP,0.0
2016-02-06,PUI,0.5267
2016-02-08,ACSF,0.0
2016-02-08,AXN,0.0
2016-02-08,BOTA,0.0
2016-02-08,DAX,0.8442
2016-02-08,EOX,0.0
2016-02-08,FBT,0.4404
2016-02-08,FXD,0.4404
2016-02-08,FXG,0.4404
2016-02-08,FXH,0.4404
2016-02-08,IWB,0.4708
2016-02-08,LSG,0.0
2016-02-08,NCQ,0.0
2016-02-08,NGLS,0.0516
2016-02-08,PNQI,0.2023
2016-02-08,PRE,0.0
2016-02-08,SFG,0.4588
2016-02-08,SFXE,-0.6249
2016-02-08,SIRO,0.0
2016-02-08,TLM,-0.2732
2016-02-09,ACSF,-0.128
2016-02-09,CTCT,0.148
2016-02-09,EDE,0.0
2016-02-09,EVBS,0.0
2016-02-09,FMD,0.0
2016-02-09,HPY,-0.296
2016-02-09,MGN,-0.6249
2016-02-09,MTSN,0.0
2016-02-09,NRCIA,0.0
2016-02-09,OPWR,0.0
2016-02-09,PBY,0.2023
2016-02-09,SLH,0.6908
2016-02-09,SSE,-0.0258
2016-02-09,XMLV,0.4404
2016-02-09,XSLV,0.4404
2016-02-10,CTCT,0.2023
2016-02-10,EDE,0.0
2016-02-10,FNFG,-0.3612
2016-02-10,GAS,0.0
2016-02-10,GSY,0.4019
2016-02-10,HMPR,0.4404
2016-02-10,JGBL,0.4019
2016-02-10,JGBT,0.4019
2016-02-10,LSG,0.0
2016-02-10,QTWW,0.5859
2016-02-11,AMJ,0.368
2016-02-11,ATLS,0.3919
2016-02-11,JAH,0.0
2016-02-11,LNCO,0.0
2016-02-11,SEMI,0.0
2016-02-11,TPLM,0.0
2016-02-12,EIDO,-0.3612
2016-02-12,FNFV,0.22194999999999998
2016-02-12,IWR,0.3818
2016-02-12,LNCO,0.0
2016-02-12,NGLS,0.4767
2016-02-14,ICLN,0.4588
2016-02-16,ACE,-0.296
2016-02-16,BIOD,0.0
2016-02-16,BONA,0.0
2016-02-16,BOTA,0.0772
2016-02-16,CLDN,0.128
2016-02-16,CWB,0.0
2016-02-16,ESMC,0.0
2016-02-16,FDO,-0.4728
2016-02-16,FULL,0.148
2016-02-16,ICN,0.4019
2016-02-16,LOJN,0.296
2016-02-16,NKA,0.0
2016-02-16,PBY,0.296
2016-02-16,PCL,0.148
2016-02-16,POZN,-0.4215
2016-02-16,UBIC,0.0
2016-02-16,UIL,0.0
2016-02-17,ANAD,0.6908
2016-02-17,CBA,0.2732
2016-02-17,CRDC,0.0
2016-02-17,FXG,0.0
2016-02-17,MIE,0.2732
2016-02-17,NML,0.2732
2016-02-17,PCL,0.0
2016-02-17,PRE,0.0
2016-02-17,SEMI,-0.128
2016-02-17,SMM,0.2732
2016-02-17,SSE,0.2732
2016-02-17,TAXI,0.0
2016-02-17,TNH,0.0
2016-02-17,VDE,-0.2104666666666667
2016-02-17,XBKS,0.0
2016-02-18,AFOP,0.0
2016-02-18,GMT,-0.296
2016-02-18,LNCO,0.25
2016-02-18,MGN,0.2023
2016-02-18,SWY,0.0
2016-02-18,UDF,0.22693333333333332
2016-02-18,WBII,0.0
2016-02-19,AFOP,-0.128
2016-02-19,BAL,0.0
2016-02-19,BBH,0.1877
2016-02-19,DFE,0.0
2016-02-19,DTV,0.368
2016-02-19,MARPS,0.2023
2016-02-19,SUNE,0.1366
2016-02-19,USFR,0.4939
2016-02-19,VHT,0.0
2016-02-22,AFOP,0.0
2016-02-22,AMCO,0.2023
2016-02-22,ANAD,0.5423
2016-02-22,BRCM,0.2732
2016-02-22,DOO,-0.0516
2016-02-22,DSKX,0.159
2016-02-22,EDE,0.2787
2016-02-22,FCG,0.6369
2016-02-22,IWV,0.34
2016-02-22,MHFI,-0.128
2016-02-22,MVG,0.0
2016-02-22,NKA,0.0
2016-02-22,RDIB,0.3612
2016-02-22,SGG,-0.1695
2016-02-22,SH,0.4588
2016-02-22,UDF,0.4215
2016-02-23,FCE.A,0.0
2016-02-23,MGN,0.2023
2016-02-23,NEWP,-0.134775
2016-02-23,RHS,0.0
2016-02-24,DMND,0.34
2016-02-24,GB,0.6083666666666666
2016-02-24,HFFC,0.0
2016-02-24,IMS,0.0
2016-02-24,MOLG,-0.2263
2016-02-24,NEWP,0.06743333333333333
2016-02-24,NRX,0.0
2016-02-24,RLD,0.6597
2016-02-24,TXTR,0.0
2016-02-24,VHT,0.0772
2016-02-25,ANAD,0.7096
2016-02-25,DBV,0.6908
2016-02-25,FVD,0.0
2016-02-25,GLTR,0.5719
2016-02-25,HNT,0.0
2016-02-25,LOJN,0.0
2016-02-25,PMCS,0.2023
2016-02-25,POWR,0.24633333333333332
2016-02-25,QDF,0.0
2016-02-25,RJET,0.148
2016-02-25,ROIAK,0.0
2016-02-25,RSE,0.323575
2016-02-25,SIRO,0.5267
2016-02-25,SLH,-0.4019
2016-02-25,UACL,0.0
2016-02-26,AMTG,0.21015
2016-02-26,BIN,-0.2023
2016-02-26,BOTA,0.5574
2016-02-26,BYBK,0.296
2016-02-26,EDE,0.4404
2016-02-26,FLTX,-0.128
2016-02-26,GGOV,-0.1779
2016-02-26,HGR,0.296
2016-02-26,HNT,0.0
2016-02-26,KHI,0.8519
2016-02-26,PSP,0.0
2016-02-26,RJET,-0.028000000000000008
2016-02-26,RSE,0.0
2016-02-26,SH,0.0
2016-02-26,SIRO,0.5267
2016-02-26,STRZA,-0.128
2016-02-26,WNRL,0.2732
2016-02-28,AMTG,0.0
2016-02-28,PCP,0.0
2016-02-29,AMTG,0.0
2016-02-29,ANAD,0.0
2016-02-29,ATML,-0.148
2016-02-29,ATNY,0.15768571428571426
2016-02-29,BIN,-0.2732
2016-02-29,DMND,0.34
2016-02-29,FUR,0.6124
2016-02-29,GLTR,0.25
2016-02-29,IDV,0.0
2016-02-29,MOBI,0.0
2016-02-29,NKA,0.5267
2016-02-29,NTI,0.1695
2016-02-29,ONTY,-0.6597
2016-02-29,RSE,0.0
2016-02-29,SIRO,0.0
2016-02-29,SOCL,0.296
2016-02-29,SSRG,0.0
2016-02-29,SWSH,0.0
2016-03-01,AAVL,-0.128
2016-03-01,ATML,0.0
2016-03-01,BBCN,0.0
2016-03-01,BVA,0.0
2016-03-01,DEG,-0.07945
2016-03-01,FCOM,0.0
2016-03-01,FUTY,0.0
2016-03-01,GRH,0.0
2016-03-01,KOLD,0.5574
2016-03-01,OPWR,-0.064
2016-03-01,PRF,0.4019
2016-03-01,RSE,0.0
2016-03-01,SLH,0.0
2016-03-01,STRZA,0.0
2016-03-01,SUNE,0.0
2016-03-01,TUBE,-0.128
2016-03-01,UNL,0.5574
2016-03-01,USMD,0.0
2016-03-02,ATLS,-0.2023
2016-03-02,BLT,0.0
2016-03-02,DTN,0.6697
2016-03-02,DTV,0.0
2016-03-02,EIDO,-0.20845000000000002
2016-03-02,FCA,0.6597
2016-03-02,HYLS,0.4215
2016-03-02,MDIV,0.4215
2016-03-02,TLMR,0.10115
2016-03-02,TYD,-0.34
2016-03-02,UDF,0.2023
2016-03-02,UGL,0.3612
2016-03-03,AAVL,0.0
2016-03-03,BRCM,0.0
2016-03-03,BVA,0.0
2016-03-03,CKP,-0.0756
2016-03-03,JMI,0.0
2016-03-03,MCP,0.0
2016-03-03,MTU,0.0772
2016-03-03,PGJ,0.0
2016-03-03,SUNE,-0.064
2016-03-04,ADAT,0.0
2016-03-04,ANCI,0.0
2016-03-04,ATLS,0.5106
2016-03-04,DBEF,0.0
2016-03-04,GMCR,0.0
2016-03-04,KBIO,0.0
2016-03-04,PSUN,-0.3612
2016-03-04,RJET,0.148
2016-03-07,ATML,0.0
2016-03-07,BRCM,0.296
2016-03-07,ENY,-0.3182
2016-03-07,FCOM,0.0
2016-03-07,FENY,0.0
2016-03-07,FHLC,0.0
2016-03-07,FNDX,0.5106
2016-03-07,GB,0.0
2016-03-07,GXG,0.2617
2016-03-07,LINE,0.0
2016-03-07,PZE,0.3818
2016-03-07,ULTR,0.0
2016-03-08,DXJR,0.0258
2016-03-08,IAT,0.0
2016-03-08,IFMI,0.0
2016-03-08,JGW,0.0
2016-03-08,LINE,0.0
2016-03-08,RCAP,0.296
2016-03-08,SUNE,0.368
2016-03-09,ATLS,0.2732
2016-03-09,CLDN,0.2023
2016-03-09,CRWN,0.05464
2016-03-09,DATE,0.0
2016-03-09,DEF,0.3818
2016-03-09,GLRI,0.2732
2016-03-09,IYC,0.3818
2016-03-09,JGW,-0.128
2016-03-09,LINE,0.1366
2016-03-09,SEMI,-0.128
2016-03-09,SPIL,-0.24975
2016-03-09,VRNG,0.18694999999999998
2016-03-09,VTWO,0.4404
2016-03-10,AXLL,0.0
2016-03-10,CKP,0.0
2016-03-10,CNYD,0.32926666666666665
2016-03-10,HRT,0.0
2016-03-10,IYF,0.0
2016-03-10,RCD,0.6369
2016-03-10,RPV,0.6369
2016-03-10,SEMI,0.0
2016-03-11,BAB,0.0
2016-03-11,DAKP,0.0
2016-03-11,KBE,0.0
2016-03-11,PEY,0.0
2016-03-11,PGHY,0.0
2016-03-11,PGX,0.0
2016-03-11,ZFC,0.296
2016-03-13,YOKU,0.0
2016-03-14,ATML,0.0
2016-03-14,BEE,0.0
2016-03-14,FCG,0.4939
2016-03-14,ONTY,-0.32985
2016-03-14,RNF,0.2423
2016-03-14,STRZA,0.0
2016-03-14,SZYM,0.0
2016-03-14,TFM,0.5301333333333333
2016-03-14,YOKU,0.8402
2016-03-15,AAVL,-0.34
2016-03-15,BCA,0.0
2016-03-15,BIB,0.0
2016-03-15,DZZ,0.0
2016-03-15,GLL,0.0
2016-03-15,IJK,0.31825
2016-03-15,IJT,0.6365
2016-03-15,LINE,0.2732
2016-03-15,OUTR,0.0
2016-03-15,PNX,0.0
2016-03-15,POWR,0.10115
2016-03-15,PPH,0.0
2016-03-15,QTWW,0.4767
2016-03-15,RNF,0.0
2016-03-15,SGF,0.0
2016-03-15,SIXD,0.0
2016-03-15,SLI,0.0
2016-03-15,STCK,0.0
2016-03-15,SZYM,0.046650000000000025
2016-03-15,TFM,0.1735
2016-03-16,ANAD,0.0
2016-03-16,CRVP,0.0
2016-03-16,DLN,0.0
2016-03-16,LINE,0.2732
2016-03-16,LNCO,0.0
2016-03-16,LONG,0.0
2016-03-16,NPD,0.0
2016-03-16,PGX,0.0
2016-03-16,RNF,0.0
2016-03-16,SUNE,0.0
2016-03-16,TAO,0.0
2016-03-17,ARO,0.0
2016-03-17,BBH,0.4215
2016-03-17,BOTA,-0.128
2016-03-17,DTD,0.128
2016-03-17,RNF,0.0
2016-03-17,RSTI,0.02422
2016-03-17,SLXP,0.0
2016-03-17,SRLN,0.0
2016-03-18,AOL,-0.3818
2016-03-18,ARO,0.1468
2016-03-18,ATLS,0.2732
2016-03-18,IDI,0.296
2016-03-18,PSK,0.0
2016-03-18,PWV,0.34
2016-03-18,RSTI,0.6486
2016-03-20,ICLN,0.0
2016-03-21,AV,0.0
2016-03-21,BRCM,0.4215
2016-03-21,CBON,0.4019
2016-03-21,DATE,0.0
2016-03-21,FBT,0.3818
2016-03-21,FMER,0.0
2016-03-21,FV,0.3818
2016-03-21,FXD,0.3818
2016-03-21,FXG,0.3818
2016-03-21,FXH,0.3818
2016-03-21,KCNY,0.4019
2016-03-21,OSGB,0.0
2016-03-21,RSTI,0.0
2016-03-21,TLO,-0.6124
2016-03-21,UDF,0.4215
2016-03-22,EWK,-0.33842
2016-03-22,GAS,0.4767
2016-03-22,HNT,0.23835
2016-03-22,IRC,0.296
2016-03-22,MSN,0.2023
2016-03-22,MVG,0.0
2016-03-23,BLT,-0.296
2016-03-23,EGPT,-0.2263
2016-03-23,EOX,0.21146666666666666
2016-03-23,EUDG,0.0
2016-03-23,FNFG,0.4767
2016-03-23,GLRI,0.1366
2016-03-23,GMCR,-0.0516
2016-03-23,HNT,0.23835
2016-03-23,IDI,0.296
2016-03-23,IRC,0.4215
2016-03-23,MTSN,0.0
2016-03-23,POM,0.21824999999999997
2016-03-23,QTWW,0.6908
2016-03-23,RLD,0.0
2016-03-23,SGOL,0.0
2016-03-23,SHM,0.3612
2016-03-23,SPIL,-0.1705
2016-03-23,SUNE,-0.064
2016-03-24,CBRX,0.0
2016-03-24,DAKP,0.0772
2016-03-24,DSCO,0.0
2016-03-24,FDO,0.25
2016-03-24,GSI,0.0
2016-03-24,HQL,0.7351
2016-03-24,POM,0.05283333333333334
2016-03-24,PRE,0.0
2016-03-24,PULB,-0.2023
2016-03-24,RNF,0.296
2016-03-24,TPLM,0.2023
2016-03-25,COW,0.0
2016-03-25,RJET,0.5106
2016-03-28,AFFX,0.16545714285714289
2016-03-28,ALXA,-0.15293333333333334
2016-03-28,CAM,0.0
2016-03-28,CKP,0.0
2016-03-28,DGRO,0.6486
2016-03-28,DSKX,-0.296
2016-03-28,FES,0.09106666666666667
2016-03-28,HEOP,0.0
2016-03-28,HNT,0.0
2016-03-28,KIE,0.2263
2016-03-28,MOLG,0.0
2016-03-28,NJ,0.0
2016-03-28,RNF,0.296
2016-03-28,SWSH,0.0
2016-03-28,VSCP,0.2581
2016-03-29,ABGB,0.148
2016-03-29,CAM,0.0
2016-03-29,DEG,0.0
2016-03-29,DXKW,0.0
2016-03-29,EGPT,-0.4588
2016-03-29,KBWR,0.4588
2016-03-29,LG,0.0
2016-03-29,ONTY,0.0
2016-03-29,RPV,0.6249
2016-03-29,SPIL,0.25
2016-03-29,WPT,0.0
2016-03-30,AFFX,0.0
2016-03-30,ERS,0.0
2016-03-30,FNFV,0.0
2016-03-30,GLPW,0.296
2016-03-30,PRF,0.7184
2016-03-30,PULB,0.7003
2016-03-30,TGD,-0.296
2016-03-30,USMD,-0.3182
2016-03-30,YOD,-0.128
2016-03-31,AFFX,-0.148
2016-03-31,DSKX,0.0
2016-03-31,EWD,0.0
2016-03-31,FBT,0.0
2016-03-31,FV,0.0
2016-03-31,FXH,0.0
2016-03-31,FXN,0.0
2016-03-31,KBIO,0.0
2016-03-31,SCHP,0.6369
2016-04-01,AMIC,0.0
2016-04-01,ATML,0.4019
2016-04-01,MBRG,0.0
2016-04-01,PARN,-0.128
2016-04-01,SSE,0.3919
2016-04-01,TOF,0.0
2016-04-01,ZTR,0.2083
2016-04-02,DBC,-0.296
2016-04-02,GCC,-0.296
2016-04-02,USLV,0.0
2016-04-03,EDIV,0.0
2016-04-04,AMCO,0.0
2016-04-04,ATML,0.0
2016-04-04,CAM,0.3818
2016-04-04,CKP,0.0
2016-04-04,DBGR,0.0
2016-04-04,DSKX,-0.25
2016-04-04,EIDO,0.25
2016-04-04,IDX,0.25
2016-04-04,NBG,-0.1027
2016-04-04,PRF,0.5574
2016-04-04,PXH,0.5574
2016-04-04,TFM,0.3182
2016-04-04,VA,0.1909
2016-04-04,WFD,0.51555
2016-04-05,ATML,0.24914999999999998
2016-04-05,BIN,-0.18426666666666666
2016-04-05,CFNB,0.0
2016-04-05,IJJ,0.296
2016-04-05,IJK,0.296
2016-04-05,JPIN,0.1027
2016-04-05,KBE,0.4019
2016-04-05,KIE,0.0
2016-04-05,KUTV,0.3402
2016-04-05,LINE,0.4767
2016-04-05,MDY,0.296
2016-04-05,MDYV,0.296
2016-04-05,PHF,0.3818
2016-04-05,PRE,0.0
2016-04-05,PSUN,-0.6705
2016-04-05,RFG,0.296
2016-04-05,RKUS,0.050575
2016-04-05,SBY,0.6486
2016-04-05,STR,0.46035000000000004
2016-04-05,VA,0.0
2016-04-05,WFD,0.09785999999999999
2016-04-05,WSH,0.0
2016-04-05,YOKU,-0.4767
2016-04-06,ABGB,0.26335
2016-04-06,BIN,0.3818
2016-04-06,ENI,0.0
2016-04-06,HPY,0.0
2016-04-06,NEWP,0.296
2016-04-06,PPH,0.0
2016-04-06,PSUN,0.5994
2016-04-06,SFY,0.8834
2016-04-06,UACL,-0.064
2016-04-06,UPIP,0.0
2016-04-06,WRES,0.4215
2016-04-07,BIND,0.148
2016-04-07,BLT,0.296
2016-04-07,CST,0.0
2016-04-07,DTH,0.0
2016-04-07,HPY,0.0
2016-04-07,NCQ,0.0
2016-04-07,PSUN,0.0
2016-04-07,RCG,0.0
2016-04-07,RKUS,0.0
2016-04-07,SLI,-0.09824
2016-04-07,TLOG,0.128
2016-04-07,UACL,0.0
2016-04-07,UPIP,0.09956666666666668
2016-04-08,AFOP,-0.03771666666666667
2016-04-08,ALU,0.148
2016-04-08,AOL,0.0
2016-04-08,BLT,0.0
2016-04-08,DHRM,0.0
2016-04-08,ISRA,0.4215
2016-04-08,JAH,0.18076666666666666
2016-04-08,NRX,0.0
2016-04-08,STCK,0.0
2016-04-08,VA,0.0
2016-04-11,BAA,0.0
2016-04-11,BOTA,0.0
2016-04-11,DTD,0.0
2016-04-11,FSYS,0.4939
2016-04-11,FXF,0.1531
2016-04-11,GMCR,-0.4404
2016-04-11,GMT,0.0
2016-04-11,HTS,-0.06498000000000001
2016-04-11,MGN,0.2023
2016-04-11,NTI,0.43784999999999996
2016-04-11,POWR,0.0
2016-04-11,TUBE,0.0
2016-04-12,BOTA,0.0
2016-04-12,DMD,-0.128
2016-04-12,EVBS,0.0
2016-04-12,FMER,0.0258
2016-04-12,FNFG,0.0258
2016-04-12,HTS,0.0
2016-04-12,IXC,0.6124
2016-04-12,MCOX,0.4767
2016-04-12,MHFI,0.0
2016-04-12,MRKT,0.0
2016-04-12,NGE,0.296
2016-04-12,RSTI,0.5859
2016-04-13,BJK,0.0
2016-04-13,DMD,-0.128
2016-04-13,HPY,0.5574
2016-04-13,MOLG,0.0
2016-04-13,MVG,0.4767
2016-04-13,SBSA,0.0
2016-04-13,SIL,0.4767
2016-04-13,TGD,0.0
2016-04-13,WGA,0.25
2016-04-13,WNRL,0.0
2016-04-14,ETAK,-0.128
2016-04-14,GAS,0.4767
2016-04-14,HQL,0.296
2016-04-14,KUTV,0.25
2016-04-14,MLPA,0.0
2016-04-14,QKLS,0.0
2016-04-14,SNTA,0.51495
2016-04-14,TPLM,0.0
2016-04-14,VGGL,0.2263
2016-04-15,BIN,-0.4215
2016-04-15,EJ,0.0
2016-04-15,MOG.A,0.3818
2016-04-15,NATL,0.0
2016-04-15,NRX,0.0
2016-04-15,SIL,0.0
2016-04-15,SMLR,0.0
2016-04-15,VA,0.0
2016-04-17,EJ,0.0
2016-04-18,BBCN,0.0
2016-04-18,CRDC,0.0
2016-04-18,DSCO,0.0
2016-04-18,IHDG,0.3182
2016-04-18,ISRA,0.0
2016-04-18,MY,-0.0516
2016-04-18,SCHD,0.3612
2016-04-18,TPLM,0.0
2016-04-18,TTHI,0.4406666666666667
2016-04-18,ULTR,0.0
2016-04-18,WIBC,0.0
2016-04-19,AAU,0.0
2016-04-19,HPY,0.0
2016-04-19,MRKT,0.0
2016-04-19,NCQ,0.3182
2016-04-19,ONTY,0.0772
2016-04-19,RWC,0.0
2016-04-19,SSE,-0.1027
2016-04-19,TFM,0.1027
2016-04-20,AFOP,0.0
2016-04-20,BSI,0.7096
2016-04-20,GMT,0.0
2016-04-20,GRO,-0.5267
2016-04-20,HNSN,0.2795666666666667
2016-04-20,HPY,0.0
2016-04-20,RITT,-0.1611
2016-04-20,SPHQ,0.0
2016-04-20,UBIC,0.0
2016-04-21,AAVL,0.296
2016-04-21,AMTG,0.368
2016-04-21,ARO,0.0007199999999999984
2016-04-21,DGICB,0.0
2016-04-21,FCG,-0.4449
2016-04-21,GMT,0.0
2016-04-21,GRN,-0.4449
2016-04-21,IYK,-0.0191
2016-04-21,KWT,-0.4449
2016-04-21,MNRK,0.0
2016-04-21,NATL,0.0
2016-04-21,NJ,0.0
2016-04-21,TTFS,0.296
2016-04-21,UBIC,0.0
2016-04-21,WFBI,0.0
2016-04-21,WNRL,0.5106
2016-04-21,XLG,0.0
2016-04-22,ARO,0.0
2016-04-22,CWB,-0.5106
2016-04-22,GMT,0.0
2016-04-22,NBG,0.0
2016-04-22,NJ,0.6486
2016-04-25,EVBS,0.0
2016-04-25,HFFC,0.0
2016-04-25,SGDM,0.0
2016-04-25,SSE,-0.0258
2016-04-25,TTHI,0.0
2016-04-25,UBIC,0.0
2016-04-25,VRNG,0.4215
2016-04-26,ACPW,0.22329999999999997
2016-04-26,ALXA,-0.6249
2016-04-26,CERE,0.6808
2016-04-26,EPS,0.0
2016-04-26,EZM,0.0
2016-04-26,FCG,0.0
2016-04-26,FCLF,0.296
2016-04-26,FMER,0.0
2016-04-26,GTWN,0.0
2016-04-26,HEWG,-0.5106
2016-04-26,HNSN,0.0
2016-04-26,LG,-0.1027
2016-04-26,MKTO,0.2732
2016-04-26,NJ,0.2023
2016-04-26,OSHC,0.0
2016-04-26,SGBK,0.0
2016-04-26,SH,0.0
2016-04-26,TFM,0.0516
2016-04-27,BIN,-0.2732
2016-04-27,CNXT,0.0
2016-04-27,EELV,-0.2732
2016-04-27,EXAM,0.0
2016-04-27,FNFV,0.0
2016-04-27,FUR,0.743
2016-04-27,FXCB,0.0
2016-04-27,HTCH,0.0
2016-04-27,MHFI,0.0
2016-04-27,MKTO,0.0
2016-04-27,NEWP,0.0
2016-04-27,NU,0.2732
2016-04-27,PFBX,0.0
2016-04-27,PZE,0.0
2016-04-27,SPIL,0.0
2016-04-27,STR,0.0
2016-04-27,TFM,0.5994
2016-04-27,TLMR,0.0
2016-04-27,VGT,0.0
2016-04-28,CERE,0.4767
2016-04-28,DHRM,0.0
2016-04-28,DW,0.3818
2016-04-28,EDE,0.0
2016-04-28,FNFG,0.0
2016-04-28,GB,0.0
2016-04-28,HEOP,0.0
2016-04-28,MFRI,0.0
2016-04-28,MOBI,0.0
2016-04-28,SNTA,0.0
2016-04-28,SPIL,0.0
2016-04-28,TXTR,0.1661
2016-04-28,UACL,0.0
2016-04-29,CHEV,0.0
2016-04-29,FNFG,0.0
2016-04-29,HNT,-0.1531
2016-04-29,IAI,0.0
2016-04-29,KCE,0.0
2016-04-29,PERF,0.0
2016-04-29,STRZA,0.0
2016-04-29,TPI,0.296
2016-04-30,MOAT,0.0
2016-05-02,BSI,0.0
2016-05-02,FSYS,0.0
2016-05-02,HH,0.3818
2016-05-02,HTS,0.0
2016-05-02,IDI,0.0
2016-05-02,NATL,0.0
2016-05-02,NKA,0.4404
2016-05-02,NRX,0.05567142857142856
2016-05-02,PFF,0.4404
2016-05-02,PKB,0.0
2016-05-02,PRE,0.0
2016-05-02,PRGN,0.08518
2016-05-02,RKUS,0.0
2016-05-02,RSE,0.0
2016-05-02,SNBC,0.0
2016-05-02,SSRG,0.271475
2016-05-02,STRZA,0.0
2016-05-02,UAMY,0.3182
2016-05-02,WFD,0.0
2016-05-03,DWA,-0.5994
2016-05-03,GAS,0.0
2016-05-03,HEWJ,0.0
2016-05-03,IFMI,0.0
2016-05-03,JAH,0.0
2016-05-03,MEP,0.66845
2016-05-03,OPWR,0.0
2016-05-03,RKUS,-0.34
2016-05-03,SKOR,0.0
2016-05-03,SLI,0.0
2016-05-03,SNTA,0.0
2016-05-03,SSRG,0.134475
2016-05-03,UPIP,0.0
2016-05-04,ADGE,0.5304000000000001
2016-05-04,AVOL,0.0
2016-05-04,CRDC,0.0
2016-05-04,CYB,0.0
2016-05-04,FXC,0.7184
2016-05-04,NBG,0.0
2016-05-04,REM,0.148
2016-05-04,SCHH,0.0
2016-05-04,SZYM,0.0
2016-05-04,TNH,0.0
2016-05-04,TORM,0.0
2016-05-04,XBKS,0.0
2016-05-05,CRDC,0.0
2016-05-05,DWA,0.0
2016-05-05,EXAM,-0.6249
2016-05-05,FCE.A,0.0
2016-05-05,FCG,0.2732
2016-05-05,FNCL,0.0
2016-05-05,GAS,0.4019
2016-05-05,IPKW,0.0
2016-05-05,IXJ,0.0
2016-05-05,IYF,0.0
2016-05-05,IYG,0.0
2016-05-05,LIOX,0.0
2016-05-05,MFLX,0.0
2016-05-05,MKTO,0.0
2016-05-05,PRF,0.34
2016-05-05,PXH,0.34
2016-05-05,REZ,0.3182
2016-05-05,RING,-0.431
2016-05-05,ROIAK,0.0
2016-05-05,RYH,0.0
2016-05-05,SSRG,0.0
2016-05-05,STCK,0.0
2016-05-05,TE,0.2732
2016-05-05,UYG,0.0
2016-05-05,VFH,0.0
2016-05-06,AAVL,0.0
2016-05-06,BAB,0.5413
2016-05-06,CIFC,0.0
2016-05-06,ECH,-0.4019
2016-05-06,FXD,0.0
2016-05-06,IAI,0.0
2016-05-06,IST,0.0
2016-05-06,JJC,-0.4019
2016-05-06,NRCIB,0.0
2016-05-06,PBS,0.0
2016-05-06,PEJ,0.0
2016-05-06,PMR,-0.25
2016-05-06,PNX,0.4767
2016-05-06,THM,0.2023
2016-05-09,BIOD,0.0
2016-05-09,BSI,0.4588
2016-05-09,CAM,0.0
2016-05-09,CKP,0.2732
2016-05-09,DW,0.0
2016-05-09,DWA,0.0
2016-05-09,FSYS,0.1779
2016-05-09,FXP,0.0
2016-05-09,GMCR,0.0
2016-05-09,GMT,0.25
2016-05-09,GXG,0.0
2016-05-09,LMCK,0.5267
2016-05-09,MUB,0.0
2016-05-09,ONTY,0.0
2016-05-09,POWR,0.0
2016-05-09,QEMM,0.0
2016-05-09,RSTI,0.0
2016-05-09,YOD,0.43025
2016-05-10,ALXA,0.10115
2016-05-10,BSI,0.2574
2016-05-10,CKP,0.0
2016-05-10,CRDC,0.296
2016-05-10,EELV,-0.2732
2016-05-10,EEMV,-0.2732
2016-05-10,EXAM,0.0
2016-05-10,FMD,0.0
2016-05-10,JGW,0.0
2016-05-10,KKD,0.2023
2016-05-10,MHGC,0.2023
2016-05-10,MRKT,0.0
2016-05-10,PNX,0.0
2016-05-10,QQQE,0.0
2016-05-10,RITT,-0.4215
2016-05-10,TAXI,0.0
2016-05-10,UBIC,0.0
2016-05-11,ALXA,0.0
2016-05-11,AV,0.0
2016-05-11,EPRS,0.0
2016-05-11,HMPR,0.0
2016-05-11,LINE,0.7906
2016-05-11,SPXU,0.0
2016-05-11,TTHI,0.0
2016-05-11,VCIT,0.0
2016-05-11,YOD,-0.0258
2016-05-12,BRF,-0.4767
2016-05-12,FUR,0.5106
2016-05-12,HH,0.0
2016-05-12,HRT,0.0
2016-05-12,IMS,0.25
2016-05-12,LINE,0.15415
2016-05-12,SAJA,0.0
2016-05-12,SYRX,0.0
2016-05-12,ULTR,0.0
2016-05-13,ABY,0.0
2016-05-13,ADGE,0.2732
2016-05-13,BDMS,0.0
2016-05-13,FPX,0.0
2016-05-13,FULL,0.0
2016-05-13,GLRI,0.2732
2016-05-13,IVE,0.34
2016-05-13,LIME,0.2732
2016-05-13,RPV,0.34
2016-05-13,TGD,0.0
2016-05-13,TXTR,0.296
2016-05-16,AVNR,0.0
2016-05-16,AXN,0.0
2016-05-16,BIN,0.3182
2016-05-16,BVA,0.0
2016-05-16,CYB,0.7783
2016-05-16,DGRO,0.3818
2016-05-16,DSKY,-0.2263
2016-05-16,DXJF,0.0
2016-05-16,ENZN,0.0
2016-05-16,EPRS,0.10115
2016-05-16,ERS,0.0
2016-05-16,FES,0.1366
2016-05-16,FSYS,0.1666
2016-05-16,HTS,0.0
2016-05-16,IDV,0.3612
2016-05-16,KKD,0.0
2016-05-16,LIME,-0.2023
2016-05-16,PBW,-0.6249
2016-05-16,PBY,0.0
2016-05-16,QCLN,-0.6249
2016-05-16,SRSC,0.7269
2016-05-16,UBIC,-0.26335
2016-05-16,YOD,-0.128
2016-05-17,ACAS,0.0
2016-05-17,BBCN,0.4767
2016-05-17,CRDC,0.2023
2016-05-17,DANG,0.06743333333333333
2016-05-17,DXJF,-0.2732
2016-05-17,EWD,0.5994
2016-05-17,FSL,0.0
2016-05-17,HFFC,0.6249
2016-05-17,HTS,0.0
2016-05-17,IMN,0.0
2016-05-17,MNRK,0.4215
2016-05-17,MRD,0.10115
2016-05-17,MUB,-0.4404
2016-05-17,NORW,0.5994
2016-05-17,NTT,0.6124
2016-05-17,TOF,0.0
2016-05-17,WIBC,0.4767
2016-05-17,XUE,0.7506
2016-05-18,ANAC,0.24914999999999998
2016-05-18,APPY,0.21075
2016-05-18,BIN,-0.4939
2016-05-18,IDI,0.07144999999999999
2016-05-18,IVE,0.34
2016-05-18,NGE,0.0
2016-05-18,SAAS,0.06376
2016-05-18,SRLN,-0.3182
2016-05-18,VLU,0.34
2016-05-19,APPY,0.0
2016-05-19,BWINA,0.0
2016-05-19,CNV,0.0
2016-05-19,FUR,0.0516
2016-05-19,FUTY,0.6369
2016-05-19,GURU,0.6369
2016-05-19,HEZU,0.0
2016-05-19,PRGN,0.0
2016-05-19,RWC,0.296
2016-05-19,SAAS,0.10115
2016-05-19,SCHP,0.0
2016-05-19,STCK,0.148
2016-05-19,TIP,0.0
2016-05-19,USMD,0.0
2016-05-20,ACTS,0.0
2016-05-20,AMIC,0.0
2016-05-20,BDMS,0.0
2016-05-20,CROC,-0.296
2016-05-20,GNI,0.3818
2016-05-20,ICA,0.296
2016-05-20,PRGN,-0.17556666666666665
2016-05-20,RSE,0.0
2016-05-22,XTN,-0.5574
2016-05-23,ACAS,0.131675
2016-05-23,ACTS,0.29286666666666666
2016-05-23,BIV,0.2023
2016-05-23,BRCM,0.128
2016-05-23,BRF,0.08895
2016-05-23,CSD,0.0
2016-05-23,CUT,0.0
2016-05-23,DXPS,-0.4215
2016-05-23,EXAM,0.0
2016-05-23,FDO,0.0
2016-05-23,FKU,-0.4215
2016-05-23,FRN,-0.743
2016-05-23,FSYS,0.3612
2016-05-23,GMT,0.0
2016-05-23,IMN,-0.4019
2016-05-23,KIE,-0.5719
2016-05-23,MW,0.0
2016-05-23,NSPH,0.16176666666666667
2016-05-23,REXI,0.21183333333333332
2016-05-23,RITT,-0.12092499999999999
2016-05-23,RWR,-0.5719
2016-05-23,SCHB,0.0
2016-05-23,SCHX,0.0
2016-05-23,SCHZ,0.0
2016-05-23,VCIT,0.2023
2016-05-23,VTIP,0.0
2016-05-24,ACAS,0.0
2016-05-24,BIZD,0.0
2016-05-24,CISG,0.0
2016-05-24,DLS,0.0
2016-05-24,INXX,0.0
2016-05-24,MGN,0.22455
2016-05-24,MOBI,0.4404
2016-05-24,REXI,0.0
2016-05-24,RPX,0.0
2016-05-24,TGD,-0.6249
2016-05-25,BSI,0.296
2016-05-25,FLTX,-0.3612
2016-05-25,FSYS,0.0
2016-05-25,FUTY,0.0
2016-05-25,JGW,-0.2023
2016-05-25,MRD,0.0
2016-05-25,PBW,0.2732
2016-05-25,PRGN,0.0
2016-05-25,PSCC,0.0
2016-05-25,RCAP,0.0
2016-05-25,SPIL,0.0
2016-05-25,SYRX,0.0
2016-05-25,UBIC,0.4767
2016-05-26,ACTS,0.0
2016-05-26,ANAC,0.20623333333333335
2016-05-26,BSI,0.0772
2016-05-26,CMCSK,0.2202
2016-05-26,DGRS,0.0
2016-05-26,FMER,-0.2023
2016-05-26,FSYS,0.296
2016-05-26,PRE,0.0
2016-05-26,SGBK,0.0
2016-05-26,SLI,0.4019
2016-05-26,SRLN,0.0
2016-05-27,AWAY,0.2023
2016-05-27,CAS,-0.5267
2016-05-27,FBT,-0.6597
2016-05-27,FEIC,0.1609
2016-05-27,IHE,-0.6597
2016-05-27,IHF,-0.6597
2016-05-27,IHI,-0.6597
2016-05-27,IWC,-0.3089
2016-05-27,IXJ,-0.6597
2016-05-27,PJP,-0.6597
2016-05-27,PZI,-0.3089
2016-05-27,ROIAK,0.0
2016-05-27,SNDK,-0.296
2016-05-27,TYC,0.0
2016-05-27,VHT,-0.6597
2016-05-27,ZSPH,-0.2023
2016-05-30,FEIC,0.0
2016-05-31,ANAC,0.296
2016-05-31,BSI,0.34
2016-05-31,DANG,0.074
2016-05-31,EFAV,-0.2732
2016-05-31,ERB,0.0
2016-05-31,FEIC,0.06743333333333333
2016-05-31,FES,0.2732
2016-05-31,FSYS,0.0
2016-05-31,HERO,0.4939
2016-05-31,KKD,0.0
2016-05-31,MKTO,0.0
2016-05-31,NPD,0.0
2016-05-31,PSK,0.0
2016-05-31,REXI,0.296
2016-05-31,RKUS,0.0
2016-05-31,SQI,0.09866666666666667
2016-05-31,STCK,0.10115
2016-06-01,CJES,0.39994999999999997
2016-06-01,CSJ,-0.4019
2016-06-01,INFA,0.0
2016-06-01,KKD,0.10115
2016-06-01,MKTO,0.12266666666666666
2016-06-01,RHS,0.4404
2016-06-01,SAAS,0.0
2016-06-01,SQI,-0.148
2016-06-01,STCK,0.0
2016-06-01,TINY,0.0
2016-06-01,TXTR,0.0
2016-06-01,VCSH,-0.4019
2016-06-02,ECTE,0.0
2016-06-02,EDEN,0.6249
2016-06-02,EXAM,0.0567
2016-06-02,NSPH,0.0
2016-06-02,RWC,0.0
2016-06-02,WRES,0.0
2016-06-02,XOOM,0.296
2016-06-02,XPH,-0.4019
2016-06-03,BWX,0.0
2016-06-03,FMD,0.124925
2016-06-03,GURU,0.4404
2016-06-03,ITR,0.0
2016-06-03,MFLX,0.6908
2016-06-03,NRF,0.2023
2016-06-03,PSK,0.0
2016-06-03,RITT,-0.3182
2016-06-03,TGD,0.2023
2016-06-03,TPUB,0.45855
2016-06-03,TYC,0.0
2016-06-03,VRTB,-0.25
2016-06-03,WRES,0.05948
2016-06-03,YOD,-0.128
2016-06-05,BRF,0.5719
2016-06-05,ONTY,-0.6597
2016-06-06,AMIC,0.0
2016-06-06,CNCO,0.0
2016-06-06,EFUT,0.0
2016-06-06,FVD,0.0
2016-06-06,GK,0.0
2016-06-06,HERO,0.0
2016-06-06,IMN,0.0
2016-06-06,MY,-0.2263
2016-06-06,NRF,0.1374
2016-06-06,QLIK,0.0
2016-06-06,SNDK,0.0
2016-06-06,TPUB,-0.2478
2016-06-06,YOD,-0.128
2016-06-07,ASHR,0.6369
2016-06-07,BRF,0.3412
2016-06-07,DWRE,0.0
2016-06-07,FUR,0.2732
2016-06-07,GAS,0.4767
2016-06-07,GMCR,0.296
2016-06-07,NRF,0.3612
2016-06-07,NTK,0.4404
2016-06-07,PFF,0.6369
2016-06-07,PVCT,0.0
2016-06-07,RLYP,0.0
2016-06-07,TPUB,0.4136
2016-06-07,ZMH,0.0
2016-06-08,CERE,0.0
2016-06-08,EAC,-0.5267
2016-06-08,FMD,-0.4767
2016-06-08,GLRI,0.2732
2016-06-08,GRO,0.0
2016-06-08,KNOW,0.0
2016-06-08,MBLX,0.296
2016-06-08,MGN,0.2023
2016-06-08,MKTO,0.0
2016-06-08,MM,0.0
2016-06-08,NTK,0.7506
2016-06-08,ONTY,0.0
2016-06-08,RYL,0.0
2016-06-08,TPUB,0.0
2016-06-08,XMLV,0.1027
2016-06-09,ANAC,0.3595
2016-06-09,AVNR,0.0
2016-06-09,DMD,0.296
2016-06-09,EAC,0.125
2016-06-09,IMN,-0.4019
2016-06-09,LDRH,0.0
2016-06-09,MOAT,0.4019
2016-06-09,MUB,0.0
2016-06-09,REXI,0.4215
2016-06-09,RHS,0.1531
2016-06-09,RYU,0.1531
2016-06-09,XTN,0.3818
2016-06-10,ANAC,0.3595
2016-06-10,DMD,0.3182
2016-06-10,FRM,-0.5267
2016-06-10,HSP,0.4019
2016-06-10,LDRH,0.06743333333333333
2016-06-10,MDY,0.0
2016-06-10,MTU,0.0
2016-06-10,NKA,0.0
2016-06-11,GURU,-0.4767
2016-06-13,ANAC,0.3182
2016-06-13,AOL,0.0
2016-06-13,DWRE,0.2023
2016-06-13,FMER,0.0
2016-06-13,HYD,-0.1027
2016-06-13,ITM,-0.1027
2016-06-13,PUI,0.0
2016-06-13,PVCT,0.0
2016-06-13,RCG,0.148
2016-06-13,TPUB,0.2732
2016-06-14,BUNL,-0.3612
2016-06-14,BUNT,-0.3612
2016-06-14,DBMX,0.0
2016-06-14,DWRE,0.3542
2016-06-14,EFUT,0.4019
2016-06-14,EPRS,0.42775
2016-06-14,FUR,0.886
2016-06-14,GGOV,-0.3612
2016-06-14,HH,0.4767
2016-06-14,KBWY,-0.34
2016-06-14,LIOX,0.4939
2016-06-14,PERF,0.0
2016-06-14,PGAL,-0.3612
2016-06-14,SQI,0.0
2016-06-14,UDN,-0.2023
2016-06-15,ASHR,0.128
2016-06-15,CJES,0.3919
2016-06-15,CVC,0.21075
2016-06-15,DBEU,0.0
2016-06-15,EPHE,0.0
2016-06-15,FUR,0.7579
2016-06-15,GGAC,0.148
2016-06-15,GRO,0.0
2016-06-15,LDRH,0.050575
2016-06-15,MKTO,0.296
2016-06-15,NGE,0.0
2016-06-15,QLTI,0.11938
2016-06-15,SYRX,0.296
2016-06-15,TPUB,0.0
2016-06-16,ALXA,-0.3524
2016-06-16,CVC,0.3818
2016-06-16,EDE,0.0
2016-06-16,FNFG,0.3499
2016-06-16,HERO,0.5859
2016-06-16,HNT,0.0
2016-06-16,QLGC,0.08680000000000004
2016-06-16,RLYP,0.0
2016-06-16,SJB,0.0
2016-06-16,TPUB,0.0
2016-06-17,CERE,0.1643
2016-06-17,DFE,0.0
2016-06-17,GGAC,0.0
2016-06-17,LDRH,0.10115
2016-06-17,QLGC,0.10606666666666666
2016-06-17,RDEN,-0.07224
2016-06-17,SLQD,0.1027
2016-06-17,SPDC,-0.6249
2016-06-17,STRZA,0.0
2016-06-17,UDF,0.0
2016-06-19,CERE,0.0
2016-06-20,CAFE,0.0
2016-06-20,CISG,0.0
2016-06-20,CLMS,0.25
2016-06-20,CMCSK,0.0
2016-06-20,CRDC,0.0
2016-06-20,DWRE,0.0
2016-06-20,ERUS,-0.296
2016-06-20,GBIM,-0.5267
2016-06-20,JO,0.0
2016-06-20,MRKT,0.0
2016-06-20,NSPH,0.0
2016-06-20,TWC,0.125
2016-06-20,VRP,0.0
2016-06-21,ANGL,0.0
2016-06-21,CVC,0.7003
2016-06-21,DBC,0.4404
2016-06-21,DBUK,0.0
2016-06-21,DGP,0.0
2016-06-21,DXPS,0.0
2016-06-21,EWUS,0.0
2016-06-21,FKU,0.0
2016-06-21,ISL,0.0
2016-06-21,MDGN,-0.35229999999999995
2016-06-21,NRF,0.0
2016-06-21,PFF,0.0
2016-06-21,QGBR,0.0
2016-06-21,TLOG,-0.6249
2016-06-21,TNGO,0.3612
2016-06-21,UGL,0.0
2016-06-22,ALXA,0.0
2016-06-22,BIB,0.0
2016-06-22,ECTE,0.1591
2016-06-22,HYD,-0.1027
2016-06-22,KBWY,0.3818
2016-06-22,MVG,0.0
2016-06-22,NCQ,0.0
2016-06-22,NTI,0.0
2016-06-22,QLTI,0.2997
2016-06-22,RITT,0.25
2016-06-22,SCTY,-0.064
2016-06-23,DXPS,0.0
2016-06-23,EWUS,0.26335
2016-06-23,HYEM,0.0
2016-06-23,IHF,0.431
2016-06-23,JAXB,0.0
2016-06-23,KBWY,0.0
2016-06-23,MOBI,0.25
2016-06-23,PKW,0.0
2016-06-23,QUNR,0.09286666666666667
2016-06-23,RSE,0.0
2016-06-23,SCTY,-0.128
2016-06-23,TWC,0.3182
2016-06-23,VHT,0.431
2016-06-24,AV,-0.5267
2016-06-24,DHRM,0.0
2016-06-24,EDEN,0.0
2016-06-24,ELRC,-0.08315
2016-06-24,EWD,0.0
2016-06-24,EWN,0.0
2016-06-24,FULL,0.6164000000000001
2016-06-24,FXC,0.0
2016-06-24,ICF,-0.4574
2016-06-24,IDI,0.2023
2016-06-24,NORW,0.0
2016-06-24,QLIK,-0.1366
2016-06-24,RWR,-0.4574
2016-06-24,RYT,0.0
2016-06-24,SQI,-0.09106666666666667
2016-06-25,BJK,0.0
2016-06-25,DBUK,0.0
2016-06-25,DXPS,0.0
2016-06-25,EWUS,0.0
2016-06-25,FKU,0.0
2016-06-25,PBS,0.0
2016-06-25,PEJ,0.0
2016-06-25,QGBR,0.0
2016-06-26,ELRC,0.0
2016-06-27,AIA,0.0
2016-06-27,AMIC,0.0
2016-06-27,AMJ,0.368
2016-06-27,AV,0.0
2016-06-27,CROC,0.6369
2016-06-27,DGAS,-0.296
2016-06-27,DON,0.4215
2016-06-27,EAC,0.4019
2016-06-27,ELRC,0.0
2016-06-27,MOBI,0.4019
2016-06-27,MRKT,0.2263
2016-06-27,MRVC,0.3612
2016-06-27,NTT,0.10115
2016-06-27,SYG,0.4939
2016-06-28,AGQ,-0.34
2016-06-28,BWC,0.0
2016-06-28,DWA,0.0
2016-06-28,ECTE,-0.42955
2016-06-28,FCOM,-0.3182
2016-06-28,HTWR,0.2023
2016-06-28,ICA,0.0
2016-06-28,IXC,0.0
2016-06-28,RCG,-0.296
2016-06-28,RLOC,-0.008150000000000004
2016-06-28,RWC,0.5267
2016-06-28,SCTY,0.0
2016-06-28,SIL,-0.34
2016-06-28,SIVR,-0.34
2016-06-28,TYC,-0.6249
2016-06-29,AFA,0.5574
2016-06-29,CBF,0.3818
2016-06-29,COB,0.3818
2016-06-29,CVC,0.0
2016-06-29,FDIS,-0.296
2016-06-29,FENY,-0.296
2016-06-29,FHLC,-0.296
2016-06-29,FLTX,-0.1806
2016-06-29,GAS,0.6242000000000001
2016-06-29,HTWR,0.07538333333333334
2016-06-29,HYD,-0.765
2016-06-29,HYMB,-0.765
2016-06-29,ITM,-0.765
2016-06-29,MRKT,0.5927
2016-06-29,NATL,0.5574
2016-06-29,NTI,0.6808
2016-06-29,PRB,-0.765
2016-06-29,PWZ,-0.765
2016-06-29,PZA,-0.765
2016-06-29,PZT,-0.765
2016-06-29,SAAS,-0.3612
2016-06-29,TYC,0.4019
2016-06-29,VIDE,-0.6249
2016-06-30,AXN,0.0
2016-06-30,CERE,0.0
2016-06-30,DAKP,0.296
2016-06-30,DBJP,0.0
2016-06-30,DON,0.0
2016-06-30,DRII,0.296
2016-06-30,DVY,0.0
2016-06-30,DWRE,0.0
2016-06-30,EIRL,-0.357
2016-06-30,HEWJ,0.0
2016-06-30,HMPR,0.0
2016-06-30,MRD,0.34
2016-06-30,MUB,0.1779
2016-06-30,OEF,0.0
2016-06-30,RSTI,0.0
2016-06-30,SPIL,0.25
2016-06-30,STRZB,0.5106
2016-06-30,TINY,0.296
2016-06-30,TPLM,-0.17556666666666665
2016-06-30,TTHI,0.0
2016-07-01,AVOL,0.0
2016-07-01,CRED,0.0
2016-07-01,DRII,0.28683333333333333
2016-07-01,EVBS,-0.6249
2016-07-01,SCTY,0.2732
2016-07-01,STRZA,0.0
2016-07-05,AV,-0.2732
2016-07-05,EPRS,-0.2023
2016-07-05,FXY,-0.3612
2016-07-05,GBIM,0.22199999999999998
2016-07-05,RITT,0.0
2016-07-05,SGDM,0.0
2016-07-05,SRLN,0.4939
2016-07-05,UAMY,0.5574
2016-07-06,EMQQ,0.4404
2016-07-06,EUFN,-0.2057
2016-07-06,FXY,-0.2263
2016-07-06,GBIM,0.045720000000000025
2016-07-06,HH,0.0
2016-07-06,KBE,0.0
2016-07-06,NATL,0.5344
2016-07-06,NTK,0.10790000000000001
2016-07-06,USDU,0.4019
2016-07-07,AVG,0.09866666666666667
2016-07-07,CSD,0.0
2016-07-07,DHRM,0.0
2016-07-07,EWT,-0.4019
2016-07-07,MBLX,0.0
2016-07-07,NCQ,0.0
2016-07-07,PSCU,0.0
2016-07-07,PUI,0.0
2016-07-07,THM,-0.6249
2016-07-07,XME,0.0
2016-07-08,AVG,0.018575
2016-07-08,DSI,0.0
2016-07-08,DTV,0.3612
2016-07-08,ENZL,0.0
2016-07-08,EXAM,0.296
2016-07-08,FXY,0.4767
2016-07-08,KUTV,0.5822499999999999
2016-07-08,PLCM,0.023619999999999995
2016-07-08,SNDK,0.0
2016-07-08,XRA,-0.5267
2016-07-09,CJES,0.7906
2016-07-10,PLCM,0.0
2016-07-11,ANGL,-0.3612
2016-07-11,CACQ,0.7184
2016-07-11,CADT,-0.3612
2016-07-11,CJES,0.5106
2016-07-11,ECTE,0.075525
2016-07-11,ERB,-0.2023
2016-07-11,EXAM,0.3182
2016-07-11,FES,0.5106
2016-07-11,HTWR,0.06743333333333333
2016-07-11,JXSB,0.0
2016-07-11,MRKT,0.4215
2016-07-11,PLCM,0.0
2016-07-11,QDEF,0.0
2016-07-11,RDEN,0.0
2016-07-11,ROVI,0.23835
2016-07-11,SGNT,-0.06743333333333333
2016-07-12,CNV,-0.4767
2016-07-12,EEMV,0.4767
2016-07-12,ESMC,-0.5267
2016-07-12,FNFG,0.4767
2016-07-12,IDI,0.0
2016-07-12,MGN,-0.6249
2016-07-12,MRKT,0.0
2016-07-12,PVCT,0.4588
2016-07-12,TIP,0.0
2016-07-12,XMLV,0.4767
2016-07-13,AGQ,0.0
2016-07-13,DLBL,0.3612
2016-07-13,DVY,0.0
2016-07-13,EWM,0.0
2016-07-13,GRO,-0.2023
2016-07-13,IMPR,0.06253333333333333
2016-07-13,KBIO,0.0
2016-07-13,OSHC,0.23679999999999998
2016-07-13,PVCT,-0.6597
2016-07-13,QLGC,0.0
2016-07-13,RNDY,0.0
2016-07-13,SIVR,0.0
2016-07-13,TDIV,0.0
2016-07-14,ALD,-0.3182
2016-07-14,AOL,0.5719
2016-07-14,CLMS,0.6249
2016-07-14,EFAV,-0.296
2016-07-14,EFUT,0.1531
2016-07-14,GAS,0.0
2016-07-14,HDRA,0.7506
2016-07-14,IILG,0.148
2016-07-14,IMPR,0.10115
2016-07-14,NTI,-0.7003
2016-07-14,PPHMP,0.1027
2016-07-14,PVCT,0.0
2016-07-14,QIHU,0.0
2016-07-14,QLIK,0.0
2016-07-14,SAPE,0.5719
2016-07-14,VCIT,0.0
2016-07-15,CLMS,0.3818
2016-07-15,DWAS,-0.2732
2016-07-15,FYLD,0.4767
2016-07-15,HYEM,-0.3612
2016-07-15,IILG,0.3182
2016-07-15,MRKT,0.0
2016-07-15,PDP,-0.2732
2016-07-15,QIHU,0.1244
2016-07-15,SYLD,0.4767
2016-07-15,XSLV,-0.2732
2016-07-18,AMCO,-0.6249
2016-07-18,BBCN,0.0
2016-07-18,CIU,0.3818
2016-07-18,DFJ,0.34
2016-07-18,DON,0.0
2016-07-18,EAC,0.5267
2016-07-18,GSI,0.0
2016-07-18,GUR,-0.5994
2016-07-18,IWR,0.0
2016-07-18,MDY,0.0
2016-07-18,PVCT,0.0
2016-07-18,QLIK,0.0
2016-07-18,SGNT,0.0
2016-07-18,WIBC,0.0
2016-07-18,XNY,0.0
2016-07-19,DBUK,0.1027
2016-07-19,DRR,0.1027
2016-07-19,DXPS,0.1027
2016-07-19,EGT,0.4215
2016-07-19,ERO,0.1027
2016-07-19,EUFX,0.1027
2016-07-19,EUO,0.1027
2016-07-19,EWUS,0.1027
2016-07-19,FKU,0.1027
2016-07-19,GLDC,0.24955714285714284
2016-07-19,KEF,0.0
2016-07-19,LEMB,0.3182
2016-07-19,QGBR,0.1027
2016-07-19,QLIK,0.0
2016-07-19,TMV,0.5994
2016-07-19,TYD,0.5994
2016-07-19,TYO,0.5994
2016-07-19,URR,0.1027
2016-07-20,ASHR,0.0
2016-07-20,CJES,0.3919
2016-07-20,DBJP,0.0
2016-07-20,EGT,-0.5267
2016-07-20,FNI,0.0
2016-07-20,INDY,0.0
2016-07-20,KBWB,0.34
2016-07-20,PGJ,0.0
2016-07-20,WIBC,0.4404
2016-07-21,ARMH,0.1891
2016-07-21,COV,0.5994
2016-07-21,HYEM,0.4404
2016-07-21,MBLX,0.0
2016-07-21,PLCM,0.0
2016-07-21,PRF,0.5106
2016-07-21,RLYP,0.0
2016-07-21,TYC,0.0
2016-07-22,ARMH,0.0
2016-07-22,CISG,-0.6249
2016-07-22,EMCB,-0.6249
2016-07-22,EMCD,-0.6249
2016-07-22,HYEM,-0.6249
2016-07-22,RLYP,0.0
2016-07-22,YDKN,0.0
2016-07-24,RDIB,0.0
2016-07-25,ARMH,0.0
2016-07-25,BBCN,0.5267
2016-07-25,EPRS,0.13505
2016-07-25,EVBS,0.0
2016-07-25,FNFG,0.5267
2016-07-25,MUB,0.34
2016-07-25,NATL,0.38915
2016-07-25,OUTR,0.0
2016-07-25,PBJ,0.0
2016-07-25,VMEM,0.0
2016-07-25,WIBC,0.5267
2016-07-26,ACPW,0.5335666666666666
2016-07-26,ARMH,0.0
2016-07-26,CSH,0.6908
2016-07-26,DRII,0.0
2016-07-26,EPV,0.0
2016-07-26,EXAM,0.6486
2016-07-26,FINU,0.0
2016-07-26,FINZ,0.0
2016-07-26,FMER,0.0
2016-07-26,GLU,0.1969
2016-07-26,GTWN,0.0
2016-07-26,OSHC,0.0
2016-07-26,QLGC,0.0
2016-07-26,RLYP,0.09866666666666667
2016-07-26,RYL,0.7351
2016-07-26,SBY,0.5106
2016-07-26,SGBK,0.0
2016-07-26,SNBC,0.0
2016-07-26,UPV,0.0
2016-07-26,WIBC,0.0
2016-07-27,ARMH,0.0
2016-07-27,CFA,0.0
2016-07-27,EQY,0.0
2016-07-27,FMER,0.0
2016-07-27,IACI,0.0
2016-07-27,IYJ,0.5574
2016-07-27,KKD,0.0
2016-07-27,PEJ,0.0
2016-07-27,PFBX,0.0
2016-07-27,RLOC,-0.0516
2016-07-27,SFXE,0.4215
2016-07-27,SQNM,-0.004071428571428567
2016-07-27,TLMR,0.0
2016-07-27,XBKS,0.0
2016-07-27,XME,0.0
2016-07-27,XRS,0.165325
2016-07-28,CSH,0.0
2016-07-28,EDE,0.0
2016-07-28,FULL,0.0
2016-07-28,FUR,0.0
2016-07-28,ITC,0.0
2016-07-28,MBRG,0.0
2016-07-28,MEP,-0.0516
2016-07-28,MRD,-0.3182
2016-07-28,QLIK,0.0
2016-07-28,ROVI,0.0
2016-07-28,SCHB,0.0
2016-07-28,SCHX,0.0
2016-07-28,SCHZ,0.0
2016-07-28,SNDK,0.0
2016-07-28,USBI,0.6369
2016-07-29,DWRE,0.4767
2016-07-29,EFUT,-0.1591
2016-07-29,FNFG,0.0
2016-07-29,HTCH,0.0
2016-07-29,MBRG,0.0
2016-07-29,MOG.A,0.0
2016-07-29,MRD,0.0
2016-07-29,MTU,0.0
2016-07-29,MW,-0.3818
2016-07-29,NPD,0.0
2016-07-29,RLOC,0.0
2016-07-29,STRZA,0.0
2016-07-29,TYC,0.0
2016-07-30,BRLI,0.7636
2016-07-30,NHS,0.7636
2016-07-30,TWC,0.0
2016-08-01,AMIC,0.0
2016-08-01,AVG,0.296
2016-08-01,CACQ,-0.2263
2016-08-01,CMN,0.0
2016-08-01,DRII,0.2086
2016-08-01,DWAS,0.0
2016-08-01,EMQQ,0.0
2016-08-01,HEOP,0.0
2016-08-01,HTCH,-0.5267
2016-08-01,NGE,-0.4019
2016-08-01,PDP,0.0
2016-08-01,RIGP,0.0
2016-08-01,SCHD,0.0
2016-08-01,SCTY,0.296
2016-08-01,SGNT,0.802
2016-08-01,SSE,0.2732
2016-08-01,SWY,0.0
2016-08-01,TLMR,0.7579
2016-08-01,UAMY,0.0
2016-08-01,UCP,0.0
2016-08-01,XSLV,0.0
2016-08-02,ASHR,0.0772
2016-08-02,ASHS,0.0772
2016-08-02,CACQ,0.21075
2016-08-02,FLTX,0.0
2016-08-02,GMCR,0.0
2016-08-02,GRO,0.0
2016-08-02,IMPR,0.25
2016-08-02,NATL,0.0
2016-08-02,NJ,0.0
2016-08-02,REXI,0.0
2016-08-02,SCTY,-0.064
2016-08-02,TSYS,0.0
2016-08-03,ACAS,0.0
2016-08-03,ACSF,0.0
2016-08-03,ANGL,-0.3612
2016-08-03,BABS,0.0
2016-08-03,BIK,0.0
2016-08-03,CXA,0.0
2016-08-03,EMBB,0.0
2016-08-03,EMCD,0.0
2016-08-03,IFMI,0.0
2016-08-03,IJNK,0.0
2016-08-03,INY,0.0
2016-08-03,JPP,0.0
2016-08-03,JSC,0.0
2016-08-03,MDD,0.0
2016-08-03,OWW,0.0
2016-08-03,QIHU,0.0
2016-08-03,RORO,0.0
2016-08-03,RWC,0.0
2016-08-03,SSS,0.1366
2016-08-03,STR,0.0
2016-08-03,TNH,0.0
2016-08-04,AAXJ,0.0
2016-08-04,ACAS,0.368
2016-08-04,BWINA,0.0
2016-08-04,CLMS,0.0
2016-08-04,CNW,0.2023
2016-08-04,DMD,-0.128
2016-08-04,DW,0.0
2016-08-04,FEIC,0.0
2016-08-04,FLTX,0.0
2016-08-04,IILG,0.0
2016-08-04,INDY,0.0
2016-08-04,IXC,0.0
2016-08-04,LIOX,0.0
2016-08-04,MDGN,0.0
2016-08-04,MRVC,0.0
2016-08-04,NRF,0.0
2016-08-04,SAAS,0.0
2016-08-04,SSS,0.10115
2016-08-04,TORM,0.0
2016-08-05,BRF,0.0
2016-08-05,ELRC,0.21075
2016-08-05,FUR,0.8074
2016-08-05,MEG,0.0
2016-08-05,SQNM,0.0
2016-08-05,THM,-0.0258
2016-08-07,ENI,0.0
2016-08-08,AVG,0.0
2016-08-08,CAS,0.0
2016-08-08,ENI,0.0
2016-08-08,FCS,0.5904
2016-08-08,IDI,0.0
2016-08-08,IMN,0.0
2016-08-08,JPEP,0.29586666666666667
2016-08-08,MHGC,0.0
2016-08-08,MRD,0.0
2016-08-08,NTK,0.0
2016-08-08,NTLS,0.6249
2016-08-08,QLGC,0.296
2016-08-08,QWLD,-0.296
2016-08-08,YOKU,0.6124
2016-08-09,AV,0.10115
2016-08-09,CAS,0.0
2016-08-09,DGS,0.25
2016-08-09,DJP,0.0
2016-08-09,EPIQ,0.0
2016-08-09,FLTX,0.0
2016-08-09,INP,0.0
2016-08-09,NTL,0.2023
2016-08-09,OSHC,0.2023
2016-08-09,QLTI,0.0
2016-08-09,RLYP,0.0
2016-08-09,SQNM,0.7351
2016-08-09,SSE,0.2732
2016-08-09,TINY,0.0
2016-08-09,TUBE,0.296
2016-08-09,VMEM,0.3182
2016-08-09,WPT,0.0
2016-08-09,XBKS,0.0
2016-08-10,ACWI,0.4404
2016-08-10,ADGE,0.5574
2016-08-10,BSI,0.5719
2016-08-10,EUFN,0.0
2016-08-10,MTK,0.0
2016-08-10,RDEN,0.0
2016-08-10,SSS,0.0846
2016-08-10,STR,0.0
2016-08-10,XHS,0.0
2016-08-11,ADGE,0.2732
2016-08-11,BIOD,0.0
2016-08-11,EGT,0.4215
2016-08-11,ENZL,0.1531
2016-08-11,EPIQ,0.10115
2016-08-11,EUFN,0.5719
2016-08-11,FCS,-0.6361
2016-08-11,FIW,0.3182
2016-08-11,GLRI,-0.0516
2016-08-11,HH,0.0
2016-08-11,HRT,0.0
2016-08-11,PHO,0.3182
2016-08-11,SYRX,0.0
2016-08-12,DEM,0.2732
2016-08-12,DGS,0.0
2016-08-12,DRII,0.0
2016-08-12,FLML,0.0
2016-08-12,INDY,0.2732
2016-08-12,ITC,0.0
2016-08-12,NGLS,0.0
2016-08-12,SCHE,0.2732
2016-08-12,SSS,0.10115
2016-08-12,TWC,0.0
2016-08-14,LOCK,0.0
2016-08-15,ALU,0.0
2016-08-15,AMIC,0.0
2016-08-15,BDMS,0.0
2016-08-15,CIFC,0.0
2016-08-15,DBUK,0.128
2016-08-15,DXPS,0.128
2016-08-15,EAC,0.0
2016-08-15,EMXX,-0.296
2016-08-15,EQY,0.0
2016-08-15,ERS,0.0
2016-08-15,EVO,0.0
2016-08-15,FES,0.1366
2016-08-15,GDF,0.6808
2016-08-15,IBLN,0.0
2016-08-15,IGV,0.0
2016-08-15,IMPR,0.4939
2016-08-15,IOT,0.4215
2016-08-15,LIME,-0.0516
2016-08-15,MIW,0.0
2016-08-15,MPET,0.1779
2016-08-15,NAC,0.25
2016-08-15,NVX,0.0
2016-08-15,PPS,-0.131675
2016-08-15,PWX,0.20454999999999998
2016-08-15,QEFA,0.0
2016-08-15,QTEC,0.0
2016-08-15,QWLD,0.0
2016-08-15,ROVI,0.1779
2016-08-15,SBSA,0.0
2016-08-15,SSS,0.0
2016-08-15,TWC,0.0
2016-08-15,VKI,0.25
2016-08-15,YOD,-0.128
2016-08-16,ACTS,0.0
2016-08-16,CAS,0.2023
2016-08-16,DRII,0.296
2016-08-16,DW,0.0
2016-08-16,FMER,0.5267
2016-08-16,ITC,0.4215
2016-08-16,KBIO,0.39635000000000004
2016-08-16,LIME,-0.2824
2016-08-16,PFF,0.0
2016-08-16,PPS,0.10115
2016-08-16,ROVI,0.4754
2016-08-16,SKUL,0.0
2016-08-16,TOF,-0.1366
2016-08-16,TUBE,0.0
2016-08-16,TWC,-0.3252
2016-08-17,DON,0.0
2016-08-17,EAC,0.34
2016-08-17,ITC,0.0
2016-08-17,PKW,0.4019
2016-08-17,QLIK,0.4215
2016-08-17,RIF,0.0
2016-08-17,SKUL,0.296
2016-08-17,TYC,0.0
2016-08-17,XHS,0.0
2016-08-18,CISG,0.0
2016-08-18,GK,0.368
2016-08-18,IDU,0.0
2016-08-18,IYF,0.0
2016-08-18,MPET,0.0
2016-08-18,NCQ,0.296
2016-08-18,SEMI,0.0
2016-08-18,SKUL,0.27115
2016-08-18,SQI,0.0
2016-08-18,TYC,0.34
2016-08-19,CFNL,0.2023
2016-08-19,CSJ,0.0
2016-08-19,FCS,0.0
2016-08-19,GMAN,0.10892500000000001
2016-08-19,GRO,0.0
2016-08-19,IDI,-0.2023
2016-08-19,PSUN,-0.3182
2016-08-19,SCHP,0.0
2016-08-19,TGD,0.0
2016-08-19,TIP,0.0
2016-08-19,VCIT,0.0
2016-08-19,VCSH,0.0
2016-08-20,CMF,0.0
2016-08-20,CNDA,0.0
2016-08-20,CXA,0.0
2016-08-20,ENY,0.0
2016-08-20,FCAN,0.0
2016-08-20,INY,0.0
2016-08-20,NYF,0.0
2016-08-20,PWZ,0.0
2016-08-20,PZT,0.0
2016-08-20,QCAN,0.0
2016-08-20,SRSC,0.0
2016-08-22,CFNL,0.0
2016-08-22,CIFC,-0.1333
2016-08-22,COSI,-0.128
2016-08-22,CSH,0.296
2016-08-22,CST,0.296
2016-08-22,EPU,0.0
2016-08-22,ERB,-0.5267
2016-08-22,FCE.A,0.0
2016-08-22,FLML,0.296
2016-08-22,LIME,0.5106
2016-08-22,MBLX,0.1779
2016-08-22,MOBI,0.1591
2016-08-22,PCYC,0.0
2016-08-22,QLIK,-0.3612
2016-08-22,RLYP,0.0
2016-08-22,ROVI,0.0
2016-08-22,SGNT,0.296
2016-08-22,TLMR,0.296
2016-08-22,URA,0.0
2016-08-23,COSI,-0.16696666666666662
2016-08-23,CSH,0.0
2016-08-23,CST,0.08333333333333333
2016-08-23,DON,0.5423
2016-08-23,DWA,0.5267
2016-08-23,EPU,0.0
2016-08-23,LPTN,-0.5267
2016-08-23,PVCT,0.0
2016-08-23,RYL,0.0
2016-08-23,SGNT,0.0
2016-08-23,SKUL,-0.5106
2016-08-23,SQNM,0.0
2016-08-23,STR,0.7351
2016-08-23,VO,0.5423
2016-08-24,AMTG,0.4767
2016-08-24,CMCSK,0.3818
2016-08-24,CMN,0.10115
2016-08-24,DXGE,0.6249
2016-08-24,EPIQ,0.0
2016-08-24,MDVN,-0.1366
2016-08-24,PERF,0.0
2016-08-24,PHB,0.4404
2016-08-24,PPH,0.0
2016-08-24,PPS,0.0
2016-08-24,PVCT,0.31845
2016-08-24,ROVI,0.0
2016-08-24,SGBK,0.296
2016-08-24,SKUL,-0.10533999999999999
2016-08-24,WFD,0.0
2016-08-25,AEPI,0.029524999999999996
2016-08-25,COSI,0.0
2016-08-25,CUT,0.34
2016-08-25,DSCI,0.0
2016-08-25,EQY,0.0
2016-08-25,FCS,0.2861666666666667
2016-08-25,ITC,0.4215
2016-08-25,MGN,0.2023
2016-08-25,MLPA,0.0
2016-08-25,MNA,0.4364
2016-08-25,PVTB,0.0
2016-08-25,QAI,0.4364
2016-08-25,RLY,0.4364
2016-08-25,TYC,0.6808
2016-08-25,ULTR,0.0
2016-08-25,WDTI,0.4364
2016-08-25,WOOD,0.34
2016-08-26,AEPI,0.0
2016-08-26,CNXT,0.0
2016-08-26,ERB,0.0
2016-08-26,FDO,0.296
2016-08-26,TTHI,0.7096
2016-08-26,UDN,0.0
2016-08-26,USDU,0.0
2016-08-26,VCO,0.0
2016-08-27,BJK,0.0
2016-08-27,MDVN,0.0
2016-08-28,SGNT,0.0
2016-08-28,TTHI,0.0
2016-08-29,ACWX,0.0
2016-08-29,CMN,0.10115
2016-08-29,DGRS,0.0
2016-08-29,DGRW,0.0
2016-08-29,GXG,0.4927
2016-08-29,ICLD,-0.2023
2016-08-29,ITC,0.0
2016-08-29,KBIO,0.0
2016-08-29,KZ,0.0
2016-08-29,MCUR,0.15806
2016-08-29,MDVN,0.0
2016-08-29,PPS,0.2023
2016-08-30,ABY,0.0
2016-08-30,BWINA,0.0
2016-08-30,BWINB,0.0
2016-08-30,CORN,-0.5719
2016-08-30,DRV,-0.1531
2016-08-30,FEIC,0.0
2016-08-30,IAK,0.128
2016-08-30,KIE,0.128
2016-08-30,MCUR,-0.5267
2016-08-30,NTT,-0.0258
2016-08-30,RAX,0.10115
2016-08-30,USMD,0.0
2016-08-30,YZC,0.2023
2016-08-31,AMIC,0.296
2016-08-31,BZQ,-0.0772
2016-08-31,CACQ,-0.2732
2016-08-31,EMQQ,0.7003
2016-08-31,FXZ,0.5994
2016-08-31,IDLV,0.0
2016-08-31,ININ,0.0
2016-08-31,KBIO,0.0
2016-08-31,QUNR,0.0
2016-08-31,RKUS,0.0
2016-08-31,ROVI,0.0
2016-08-31,SCHM,0.0
2016-09-01,DEM,0.0
2016-09-01,DWRE,0.0
2016-09-01,FDO,0.5859
2016-09-01,PFF,0.0
2016-09-01,QLIK,0.0
2016-09-01,TTHI,0.0
2016-09-02,BBH,-0.34
2016-09-02,CSH,-0.06337499999999999
2016-09-02,DWA,0.0
2016-09-02,FBT,-0.34
2016-09-02,FCS,0.128
2016-09-02,FXO,0.4466
2016-09-02,FXZ,0.4466
2016-09-02,ICLD,0.3182
2016-09-02,ININ,0.3395
2016-09-02,PPP,0.0
2016-09-02,ROVI,0.0
2016-09-02,TLTE,0.0
2016-09-06,COV,0.0
2016-09-06,EWH,0.4404
2016-09-06,FDO,0.0
2016-09-06,ICLD,0.296
2016-09-06,MIFI,0.148
2016-09-06,STRZA,0.0
2016-09-06,VNM,0.0
2016-09-07,AV,0.10115
2016-09-07,BAB,0.0
2016-09-07,CPHD,0.10115
2016-09-07,EMQQ,0.5267
2016-09-07,LMCK,0.0
2016-09-07,NRF,0.3612
2016-09-07,PLCM,0.4939
2016-09-07,YZC,-0.6249
2016-09-08,APPY,0.0
2016-09-08,CPHD,0.0
2016-09-08,ICLD,0.5267
2016-09-08,KIE,0.0
2016-09-08,LPTN,0.2869833333333333
2016-09-08,RDEN,0.4019
2016-09-08,SNDK,0.0
2016-09-08,VFH,0.0
2016-09-08,VMEM,0.0
2016-09-08,YZC,-0.16999999999999998
2016-09-09,AEPI,0.0
2016-09-09,AND,0.0
2016-09-09,CRBN,0.0
2016-09-09,CVD,0.0
2016-09-09,GLRI,0.2732
2016-09-09,GXG,0.0
2016-09-09,JPEP,0.38225000000000003
2016-09-09,LPTN,0.1343
2016-09-09,MBLX,-0.2023
2016-09-09,MFRI,0.0
2016-09-09,MHGC,0.281
2016-09-09,PERF,0.0
2016-09-09,SHY,-0.2023
2016-09-09,TIP,-0.2023
2016-09-09,TLH,-0.2023
2016-09-09,VMEM,0.1343
2016-09-11,COV,-0.5719
2016-09-11,PBJ,0.3612
2016-09-12,ACTS,0.0
2016-09-12,CPHD,0.10115
2016-09-12,CSBK,0.0
2016-09-12,DANG,0.4767
2016-09-12,DMD,0.03715
2016-09-12,DSKX,0.0
2016-09-12,IILG,0.296
2016-09-12,KBWB,0.4404
2016-09-12,RPTP,-0.005357142857142854
2016-09-13,APPY,-0.296
2016-09-13,EIRL,0.3612
2016-09-13,EWT,0.0
2016-09-13,FHLC,-0.2732
2016-09-13,FKO,0.0
2016-09-13,IILG,0.3182
2016-09-13,LMCK,0.0
2016-09-13,MDVN,0.0
2016-09-13,VXF,0.1779
2016-09-13,WPT,0.0
2016-09-14,AEGR,0.296
2016-09-14,APPY,-0.29596666666666666
2016-09-14,MHGC,0.06952
2016-09-14,QAI,-0.1779
2016-09-14,UDF,0.7184
2016-09-14,VMEM,0.0
2016-09-14,VTAE,0.08333333333333333
2016-09-14,YDKN,0.0
2016-09-15,BSCG,0.0
2016-09-15,CPHD,0.0
2016-09-15,GSOL,0.0
2016-09-15,ITC,0.4215
2016-09-15,MCZ,-0.4939
2016-09-15,MHGC,0.0
2016-09-15,MRD,0.3182
2016-09-15,MSN,0.2023
2016-09-15,NTT,0.7845
2016-09-15,POM,-0.296
2016-09-15,SWY,0.0
2016-09-15,VTAE,0.18726666666666666
2016-09-15,WPT,0.0
2016-09-16,CFD,0.0
2016-09-16,CTF,0.0
2016-09-16,DMD,-0.128
2016-09-16,LIME,0.5106
2016-09-16,MCZ,-0.2817
2016-09-16,MDVN,-0.25
2016-09-16,RPTP,0.10115
2016-09-16,SOCL,0.3818
2016-09-16,STR,0.0
2016-09-16,VTAE,0.3182
2016-09-19,EMCG,0.4215
2016-09-19,ENZL,0.0
2016-09-19,IEUR,-0.2732
2016-09-19,SPHB,0.0
2016-09-19,VMEM,-0.2023
2016-09-19,WFD,0.4767
2016-09-19,YOD,-0.128
2016-09-20,BLOX,0.10115
2016-09-20,DANG,0.0
2016-09-20,DTSI,0.112275
2016-09-20,EVBS,0.0
2016-09-20,FEIC,0.6808
2016-09-20,FIW,0.2732
2016-09-20,HOT,0.3404
2016-09-20,IMN,0.0
2016-09-20,RAX,-0.3182
2016-09-20,YZC,0.2023
2016-09-21,DTSI,0.10115
2016-09-21,FEIC,0.0
2016-09-21,GEVA,0.0
2016-09-21,HH,0.0
2016-09-21,ITM,0.0
2016-09-21,KMM,0.0
2016-09-21,KSM,0.0
2016-09-21,KST,0.0
2016-09-21,KZ,0.0
2016-09-21,LBF,0.0
2016-09-21,MDVN,0.0
2016-09-21,PXLV,0.6249
2016-09-21,VTAE,0.0
2016-09-21,YCS,0.0
2016-09-22,AEGR,0.0
2016-09-22,EIDO,0.2023
2016-09-22,HOT,0.5859
2016-09-22,HTCH,0.13804
2016-09-22,IDX,0.2023
2016-09-22,MBB,0.296
2016-09-22,MIFI,0.19733333333333333
2016-09-22,RIGP,0.0
2016-09-22,TSRA,0.0
2016-09-23,CACQ,0.0
2016-09-23,DTV,-0.5267
2016-09-23,DWA,-0.2023
2016-09-23,EFUT,0.26330000000000003
2016-09-23,FIW,-0.2023
2016-09-23,HOT,0.41915
2016-09-23,ITC,0.0
2016-09-23,MDGN,0.0
2016-09-23,MDVN,0.0
2016-09-23,MIFI,0.0
2016-09-23,SH,0.6249
2016-09-23,VA,0.0
2016-09-26,ANGL,-0.1779
2016-09-26,CACQ,0.0
2016-09-26,CHMT,0.0
2016-09-26,CPHD,0.0
2016-09-26,DTV,0.2732
2016-09-26,DW,-0.0516
2016-09-26,DXKW,-0.5859
2016-09-26,FKO,-0.5859
2016-09-26,HOT,0.0
2016-09-26,ITC,0.2732
2016-09-26,JO,-0.0772
2016-09-26,SBY,0.7034
2016-09-27,CHMT,0.0
2016-09-27,DCA,0.0
2016-09-27,DWA,0.6705
2016-09-27,EDEN,-0.2668
2016-09-27,EPIQ,0.60605
2016-09-27,IHE,0.0
2016-09-27,IILG,0.296
2016-09-27,MEG,0.0
2016-09-27,PLCM,0.7906
2016-09-27,PPH,0.0
2016-09-27,PPHMP,-0.8442
2016-09-27,VCR,0.6486
2016-09-27,XPH,0.0
2016-09-28,AEGR,0.4215
2016-09-28,ARKW,0.4019
2016-09-28,CACQ,0.6808
2016-09-28,COSI,0.148
2016-09-28,EPIQ,-0.07955
2016-09-28,FULL,0.0
2016-09-28,IEZ,0.1531
2016-09-28,RIGP,0.0
2016-09-29,AEGR,-0.07224
2016-09-29,CMN,0.0
2016-09-29,COSI,0.5267
2016-09-29,DLS,0.6597
2016-09-29,ERB,-0.05295
2016-09-29,EWGS,0.3182
2016-09-29,FAC,0.2023
2016-09-29,IEZ,-0.1513
2016-09-29,MBLX,0.6908
2016-09-29,TTFS,0.0
2016-09-29,UAMY,0.2023
2016-09-29,YZC,0.06743333333333335
2016-09-30,ACPW,0.60195
2016-09-30,CORN,0.0
2016-09-30,LXK,0.22118333333333332
2016-09-30,NGE,-0.5849
2016-09-30,PCY,0.0
2016-09-30,SOCL,-0.128
2016-09-30,SPFF,0.0
2016-09-30,TOF,0.6597
2016-10-02,BRCM,0.4404
2016-10-03,BLOX,0.0
2016-10-03,CHMT,0.0
2016-10-03,CNXT,0.0
2016-10-03,COSI,0.0
2016-10-03,HH,-0.6249
2016-10-03,JNS,0.148
2016-10-03,MPET,0.0
2016-10-03,TNGO,0.0
2016-10-04,CPHD,0.0
2016-10-04,DGAS,0.4404
2016-10-04,EMCG,0.5106
2016-10-04,GCC,0.2263
2016-10-04,GDXJ,0.7783
2016-10-04,HDV,0.0
2016-10-04,KYE,0.4215
2016-10-04,PBW,0.743
2016-10-04,SCHD,0.0
2016-10-04,SCHV,0.0
2016-10-05,DFJ,0.0
2016-10-05,DGRO,-0.5859
2016-10-05,ENH,0.0
2016-10-05,GBSN,-0.3645
2016-10-05,HDV,-0.5859
2016-10-05,ICF,0.743
2016-10-05,IEUR,-0.5859
2016-10-05,ILTB,-0.5859
2016-10-05,IPAC,-0.5859
2016-10-05,ISTB,-0.5859
2016-10-05,IUSB,-0.5859
2016-10-05,IXUS,-0.5859
2016-10-05,MPET,0.6369
2016-10-05,RAX,0.0
2016-10-05,TSRA,0.0
2016-10-05,YZC,0.2023
2016-10-06,AUMA,0.4019
2016-10-06,BLOX,0.10115
2016-10-06,DGRO,-0.296
2016-10-06,DTSI,0.0
2016-10-06,FLML,0.5267
2016-10-06,FXP,-0.5106
2016-10-06,GRO,0.296
2016-10-06,GTWN,0.04615999999999999
2016-10-06,SCTY,0.0
2016-10-06,TUBE,0.0
2016-10-07,APPY,0.2023
2016-10-07,BRF,0.0
2016-10-07,ENH,0.10115
2016-10-07,EPU,0.0
2016-10-07,ERS,0.2023
2016-10-07,FBZ,0.0
2016-10-07,FLN,0.0
2016-10-07,GAZ,0.3818
2016-10-07,JPEP,0.5622
2016-10-07,PCY,0.4404
2016-10-07,WAYN,0.0
2016-10-09,MCUR,0.5574
2016-10-10,HDV,0.0
2016-10-10,IHE,0.0
2016-10-10,INDY,0.0
2016-10-10,IOC,0.7096
2016-10-10,MCUR,0.0
2016-10-10,MDGN,0.0
2016-10-10,PBW,0.2732
2016-10-10,SCHA,0.0
2016-10-10,SCHB,0.0
2016-10-10,SCHE,0.0
2016-10-10,SCHF,0.0
2016-10-10,SCHM,0.0
2016-10-10,SCHZ,0.0
2016-10-10,USBI,0.6369
2016-10-11,APL,-0.2732
2016-10-11,COSI,-0.3182
2016-10-11,EGAS,0.2023
2016-10-11,FXY,0.0
2016-10-11,ITC,0.4019
2016-10-11,KFYP,0.4404
2016-10-11,LXK,-0.0258
2016-10-11,MCUR,0.0
2016-10-11,PSG,0.296
2016-10-11,RYT,0.0
2016-10-11,VA,0.368
2016-10-12,ALU,-0.09223333333333332
2016-10-12,DON,0.4019
2016-10-12,DXPS,0.0
2016-10-12,ENH,0.10115
2016-10-12,EUO,-0.2732
2016-10-12,HYD,0.0
2016-10-12,JXSB,0.0
2016-10-12,MGT,0.0665
2016-10-12,SGG,0.0
2016-10-12,ULTR,-0.3182
2016-10-13,BIB,0.128
2016-10-13,DLS,0.0
2016-10-13,GNCMA,0.0
2016-10-13,HDV,0.0
2016-10-13,ISLE,0.4588
2016-10-13,NEWP,0.3612
2016-10-13,PBE,0.128
2016-10-13,SBIO,0.128
2016-10-13,URA,0.0
2016-10-14,BLOX,0.0
2016-10-14,CMN,0.0
2016-10-14,DMB,0.0
2016-10-14,ITOT,-0.0258
2016-10-14,MGT,0.290975
2016-10-14,MLPA,0.0
2016-10-14,PSG,-0.148
2016-10-14,VMEM,-0.2023
2016-10-17,BIB,0.128
2016-10-17,BIOD,0.5106
2016-10-17,BNCN,0.0
2016-10-17,CHMT,0.0
2016-10-17,DLS,0.3818
2016-10-17,INVT,0.5106
2016-10-17,MBLX,0.0
2016-10-17,PBE,0.128
2016-10-17,QKOR,0.0
2016-10-17,QTWN,0.0
2016-10-17,RIGP,0.0
2016-10-17,SBIO,0.128
2016-10-17,SYUT,0.0
2016-10-17,VRP,0.0
2016-10-17,VTAE,0.0
2016-10-18,GRO,0.0
2016-10-18,LIOX,0.0
2016-10-18,LLTC,0.1404
2016-10-18,RAX,0.0
2016-10-18,SPHB,0.0
2016-10-19,AAXJ,0.0
2016-10-19,ACWV,0.5719
2016-10-19,EEMV,0.5719
2016-10-19,EFAV,0.5719
2016-10-19,ENH,0.10115
2016-10-19,JPMV,0.5719
2016-10-19,MFRI,0.0
2016-10-19,MGT,0.03484999999999999
2016-10-19,QUNR,0.0
2016-10-19,TIP,-0.3612
2016-10-20,BBH,0.4019
2016-10-20,BLOX,0.4767
2016-10-20,FBT,0.4019
2016-10-20,FLML,0.0
2016-10-20,FSBK,0.0
2016-10-20,LEI,0.2732
2016-10-20,LLTC,0.4215
2016-10-20,MGT,0.0
2016-10-20,MIFI,0.7184
2016-10-20,PKB,0.0
2016-10-20,PSG,0.0
2016-10-20,PVTB,0.0
2016-10-20,QAT,0.0
2016-10-20,RBPAA,0.0
2016-10-20,SGM,0.10115
2016-10-21,EGAS,0.296
2016-10-21,EVDY,0.06415714285714286
2016-10-21,HDRA,0.8957
2016-10-21,MDVN,0.0
2016-10-21,NRF,0.0
2016-10-21,NSAM,0.2023
2016-10-21,PBJ,-0.4019
2016-10-21,PEJ,-0.4019
2016-10-21,PSCD,-0.4019
2016-10-22,SPHB,0.4767
2016-10-23,EVDY,0.0
2016-10-24,BIOD,0.0
2016-10-24,CNY,-0.2732
2016-10-24,CPHD,0.0
2016-10-24,DBV,0.0
2016-10-24,DLN,0.3818
2016-10-24,DTV,0.0
2016-10-24,EFUT,-0.1591
2016-10-24,EGAS,0.3182
2016-10-24,EVBS,0.0
2016-10-24,EVDY,-0.064
2016-10-24,HEDJ,0.4939
2016-10-24,ISIL,0.0
2016-10-24,JPEP,0.1874
2016-10-24,MBRG,0.08796666666666668
2016-10-24,MBVT,0.27935
2016-10-24,PHF,0.0
2016-10-24,PPHMP,0.0516
2016-10-24,STS,-0.5267
2016-10-24,SYRX,0.2023
2016-10-24,TINY,0.296
2016-10-24,TWC,0.0
2016-10-24,TWER,0.0
2016-10-24,USD,-0.2732
2016-10-24,WFBI,0.0
2016-10-25,DTV,0.4215
2016-10-25,DVYE,0.0
2016-10-25,EAC,0.2023
2016-10-25,ENZL,0.53075
2016-10-25,EPHE,-0.2023
2016-10-25,JNS,0.0
2016-10-25,KFH,0.0
2016-10-25,MBVT,0.0
2016-10-25,OSHC,0.0
2016-10-25,SIM,0.296
2016-10-25,SYRG,0.3404
2016-10-25,TSYS,0.0
2016-10-25,WPT,0.0
2016-10-26,EQY,0.0
2016-10-26,FCS,0.1779
2016-10-26,HOT,0.296
2016-10-26,NEN,0.5423
2016-10-26,OGXI,-0.1806
2016-10-26,PFBX,0.0
2016-10-26,PKB,0.34
2016-10-26,SCHE,0.0
2016-10-26,SGBK,0.0
2016-10-26,STEM,0.4019
2016-10-26,UCO,-0.5719
2016-10-26,XTN,0.34
2016-10-27,AEPI,0.0
2016-10-27,CNV,0.4019
2016-10-27,DW,0.2023
2016-10-27,EDE,0.0
2016-10-27,EZM,0.4767
2016-10-27,FBT,0.25
2016-10-27,FV,0.25
2016-10-27,HEOP,0.0
2016-10-27,MBVT,0.0
2016-10-27,STEM,0.4404
2016-10-27,TUBE,0.0
2016-10-27,UNIS,0.0
2016-10-27,XRS,0.09866666666666667
2016-10-28,AMCC,0.0
2016-10-28,DCM,0.296
2016-10-28,LXK,0.0
2016-10-28,MCZ,-0.6249
2016-10-28,NSAM,0.0
2016-10-28,OGXI,0.0
2016-10-28,STRZA,0.0
2016-10-28,XRS,0.46035000000000004
2016-10-30,CSBK,0.0
2016-10-31,BLOX,0.3612
2016-10-31,CFO,-0.0516
2016-10-31,CHMT,0.0
2016-10-31,CPHR,0.18639999999999998
2016-10-31,DLN,0.5574
2016-10-31,FULL,0.6249
2016-10-31,MEP,0.2732
2016-10-31,MOAT,0.0
2016-10-31,PPS,0.0
2016-10-31,PSG,0.1727
2016-10-31,PWX,0.0
2016-10-31,SNBC,0.0
2016-10-31,TMH,0.0
2016-10-31,UCP,0.0
2016-10-31,WGBS,0.0
2016-11-01,CPHR,0.0
2016-11-01,IFMI,0.0
2016-11-01,IM,0.0
2016-11-01,NATL,0.0
2016-11-01,OCLS,0.22275999999999999
2016-11-01,QLTI,0.0
2016-11-01,RAX,0.296
2016-11-01,SCAI,-0.5758
2016-11-01,TMH,0.22615000000000002
2016-11-01,TSRA,-0.064
2016-11-01,UCP,0.0
2016-11-02,ADGE,0.5106
2016-11-02,CSBK,0.0
2016-11-02,DGRW,0.5267
2016-11-02,DPM,0.0
2016-11-02,ERUS,0.0
2016-11-02,FNFV,0.0
2016-11-02,IM,0.4767
2016-11-02,KED,0.4215
2016-11-02,KYE,0.4215
2016-11-02,OCLS,0.4767
2016-11-02,PWE,0.0
2016-11-02,RAX,0.13396666666666665
2016-11-02,RWC,0.0
2016-11-02,SYRG,0.10115
2016-11-02,TLM,0.0
2016-11-02,TLOG,0.21906666666666666
2016-11-02,TMH,0.0
2016-11-02,TNH,0.0
2016-11-03,ACAS,0.0
2016-11-03,ACT,0.5267
2016-11-03,AEGR,0.0
2016-11-03,CHMT,0.0
2016-11-03,CIFC,0.0
2016-11-03,DW,0.0
2016-11-03,GLU,0.0
2016-11-03,ICLD,0.6808
2016-11-03,IQNT,0.0469
2016-11-03,MCZ,-0.4939
2016-11-03,MDGN,0.0
2016-11-03,MIFI,0.32985
2016-11-03,MRVC,0.0
2016-11-03,RDIV,0.1027
2016-11-03,RWL,0.1027
2016-11-03,SGM,0.0
2016-11-03,SNOW,0.0
2016-11-03,SYRG,0.0
2016-11-03,TORM,0.0
2016-11-03,VIP,0.296
2016-11-04,CAS,0.0
2016-11-04,DW,0.0
2016-11-04,ENH,0.0
2016-11-04,IOC,0.283925
2016-11-04,MOG.A,0.0
2016-11-04,MRVC,-0.5267
2016-11-04,OCLS,0.7906
2016-11-07,ALFA,0.6166
2016-11-07,BLOX,0.7579
2016-11-07,CKEC,-0.3182
2016-11-07,CRD.A,0.0
2016-11-07,DMD,-0.128
2016-11-07,DTLK,0.01687142857142857
2016-11-07,DTSI,0.0
2016-11-07,EEMA,0.3818
2016-11-07,ELNK,0.16912857142857143
2016-11-07,FLML,0.0
2016-11-07,GCH,0.5719
2016-11-07,GURU,0.6166
2016-11-07,HWAY,0.3729
2016-11-07,IHI,0.0
2016-11-07,IQNT,0.0
2016-11-07,JPEP,0.5622
2016-11-07,LMIA,0.0
2016-11-07,NILE,-0.03335
2016-11-07,PCP,0.296
2016-11-07,PJP,0.0
2016-11-07,RYL,0.0
2016-11-07,TCK,0.2023
2016-11-07,TMH,0.1172
2016-11-08,AGQ,0.0
2016-11-08,APP,0.0
2016-11-08,CKEC,-0.4215
2016-11-08,DBA,0.0
2016-11-08,DTLK,0.0
2016-11-08,DWTI,0.0
2016-11-08,ELNK,0.0
2016-11-08,HWAY,0.148
2016-11-08,IMN,0.0
2016-11-08,IOC,0.26335
2016-11-08,IQNT,0.0
2016-11-08,JJC,0.0
2016-11-08,LIOX,0.0
2016-11-08,MFRI,0.0
2016-11-08,NILE,0.0
2016-11-08,NRF,0.0
2016-11-08,NSAM,0.3612
2016-11-08,PALL,0.0
2016-11-08,PVI,0.0
2016-11-08,SYRG,0.2732
2016-11-08,UAM,0.0
2016-11-08,WGBS,0.0
2016-11-09,AMSG,-0.064
2016-11-09,CAS,0.0
2016-11-09,EAC,0.4767
2016-11-09,EGAS,0.3612
2016-11-09,HNR,0.0772
2016-11-09,HRT,0.0
2016-11-09,ICLD,0.0
2016-11-09,IHE,0.4404
2016-11-09,ININ,0.7003
2016-11-09,LGI,0.0
2016-11-09,MBLX,0.0
2016-11-09,MEG,0.0
2016-11-09,MEP,0.5106
2016-11-09,NSAM,0.0
2016-11-09,PPP,-0.26335
2016-11-09,SSE,-0.0516
2016-11-09,UDN,0.4939
2016-11-09,WPT,0.0
2016-11-09,XPH,0.4404
2016-11-10,ADGE,0.2732
2016-11-10,CVC,0.0
2016-11-10,DSCI,0.0
2016-11-10,EGT,0.4215
2016-11-10,ELSE,0.0
2016-11-10,FAC,0.4588
2016-11-10,HH,0.0
2016-11-10,IM,0.0
2016-11-10,ISIL,0.0
2016-11-10,MHGC,0.0
2016-11-10,NSAM,0.1779
2016-11-10,OCLS,0.29675
2016-11-10,OGXI,0.0
2016-11-10,PPS,0.4767
2016-11-10,TSRA,0.0
2016-11-10,TUBE,0.0
2016-11-11,CHIX,0.4404
2016-11-11,CPHR,0.12726666666666667
2016-11-11,DEM,-0.1531
2016-11-11,DWTI,0.0
2016-11-11,FCA,0.4939
2016-11-11,FXD,0.2263
2016-11-11,HNT,0.0
2016-11-11,IYC,0.2263
2016-11-11,NTT,0.0
2016-11-11,PMR,0.2263
2016-11-11,RCD,0.2263
2016-11-11,RTH,0.2263
2016-11-11,TCK,0.0
2016-11-11,TUBE,0.0
2016-11-11,TWER,0.0
2016-11-11,VCR,0.2263
2016-11-12,MCUR,0.0
2016-11-13,ENZL,0.0
2016-11-14,BLOX,0.2732
2016-11-14,BYBK,0.0
2016-11-14,CFRXW,0.0
2016-11-14,CKEC,0.2732
2016-11-14,DGRO,0.2023
2016-11-14,ERS,0.0
2016-11-14,GMCR,0.0
2016-11-14,LEI,0.2732
2016-11-14,MEG,0.296
2016-11-14,PNQI,-0.2732
2016-11-14,ROVI,0.296
2016-11-14,RSO,-0.037519999999999984
2016-11-14,SBSA,0.0
2016-11-14,STEM,0.0
2016-11-14,SYRX,0.1806
2016-11-14,XBKS,0.0
2016-11-14,XRS,0.296
2016-11-14,YOD,-0.296
2016-11-15,CKEC,0.4215
2016-11-15,DWTI,0.0
2016-11-15,EQY,0.0
2016-11-15,EURL,0.34
2016-11-15,FCG,0.0258
2016-11-15,HTS,0.0
2016-11-15,INDY,-0.6369
2016-11-15,PPA,0.5859
2016-11-15,SHY,0.0
2016-11-15,SJNK,0.0
2016-11-15,TCK,0.0
2016-11-16,ALU,-0.0516
2016-11-16,BNCN,-0.3612
2016-11-16,CMN,0.0
2016-11-16,DWTI,0.0772
2016-11-16,FDO,0.0
2016-11-16,FIDU,0.1531
2016-11-16,FLML,0.0
2016-11-16,HAR,0.0
2016-11-16,LEI,0.5106
2016-11-16,LLTC,-0.1779
2016-11-16,SCTY,0.0
2016-11-16,STEM,0.41638000000000003
2016-11-16,TWER,0.0
2016-11-16,VLTC,0.0
2016-11-17,AEGR,0.0
2016-11-17,CFNL,0.0
2016-11-17,CFRXW,0.7351
2016-11-17,DPM,0.0
2016-11-17,DSKX,0.0
2016-11-17,DW,0.0
2016-11-17,DWTI,0.4754
2016-11-17,EEMV,0.3818
2016-11-17,EFAV,0.3818
2016-11-17,LEI,-0.26335
2016-11-17,MDGN,0.4939
2016-11-17,PBY,0.0
2016-11-17,SPP,0.013060000000000006
2016-11-17,SYUT,0.4939
2016-11-17,TCK,-0.0692
2016-11-17,UAM,0.0
2016-11-18,BBH,0.0
2016-11-18,FDO,0.0
2016-11-18,KED,0.23775000000000002
2016-11-18,SPHB,0.0
2016-11-18,STEM,0.0
2016-11-18,SYUT,0.21334999999999998
2016-11-18,TNGO,0.0
2016-11-18,UAM,0.0
2016-11-18,WNR,-0.5267
2016-11-21,AIXG,0.0
2016-11-21,AMCC,0.148
2016-11-21,CISG,0.0
2016-11-21,FXY,0.5106
2016-11-21,GMAN,-0.2023
2016-11-21,HNR,0.0
2016-11-21,LOCK,0.0
2016-11-21,RIGP,-0.017
2016-11-21,TCK,0.0
2016-11-21,TRTL,0.4019
2016-11-21,YZC,0.2023
2016-11-22,AMCC,0.050575
2016-11-22,BNCN,0.24914999999999998
2016-11-22,HW,0.10115
2016-11-22,IAK,0.3612
2016-11-22,KIE,0.3612
2016-11-22,LOCK,0.0
2016-11-22,NILE,0.0
2016-11-22,OPXA,-0.5267
2016-11-22,RIGP,0.0
2016-11-23,AGND,0.0
2016-11-23,AIXG,0.0
2016-11-23,BMR,0.0
2016-11-23,CNDA,-0.0572
2016-11-23,DGAS,0.0
2016-11-23,EGAS,0.6908
2016-11-23,ENY,-0.0572
2016-11-23,FCAN,-0.0572
2016-11-23,HW,0.10115
2016-11-23,HYND,0.0
2016-11-23,MENT,0.0
2016-11-23,QCAN,-0.0572
2016-11-23,UST,0.4215
2016-11-23,UYM,0.0
2016-11-25,DGRW,0.0
2016-11-25,GNCMA,0.2023
2016-11-25,HW,0.10115
2016-11-25,OPXA,0.128
2016-11-25,QUNR,0.0
2016-11-25,TWER,-0.3645
2016-11-28,AMSG,0.0
2016-11-28,EEMV,-0.2732
2016-11-28,MENT,0.19469999999999998
2016-11-28,MPET,0.0
2016-11-28,PBIB,0.0
2016-11-28,SGNL,-0.5267
2016-11-28,SYRG,0.0
2016-11-28,TWER,-0.2023
2016-11-28,WGBS,0.06743333333333333
2016-11-29,AMSG,0.0
2016-11-29,BNCN,0.0
2016-11-29,CAS,-0.4136
2016-11-29,CPHR,0.0
2016-11-29,CYT,0.5267
2016-11-29,ENZN,0.168475
2016-11-29,IM,0.0
2016-11-29,LXK,0.0
2016-11-29,NILE,0.3818
2016-11-29,QLTI,-0.3612
2016-11-29,RVBD,0.296
2016-11-29,STEM,0.4939
2016-11-29,WPT,0.0
2016-11-30,FLML,0.0
2016-11-30,GMAN,0.17
2016-11-30,HNR,0.0
2016-11-30,IM,0.0
2016-11-30,RPV,0.5994
2016-11-30,RTK,-0.6808
2016-11-30,RZG,0.5994
2016-11-30,TCK,0.24914999999999998
2016-11-30,XBKS,0.0
2016-11-30,XME,0.3182
2016-12-01,APPY,0.0
2016-12-01,CISG,-0.296
2016-12-01,CLC,0.6808
2016-12-01,CNCO,0.0772
2016-12-01,DTSI,0.296
2016-12-01,FXG,0.0
2016-12-01,FXR,0.0
2016-12-01,GVI,0.0
2016-12-01,IM,0.6289
2016-12-01,ININ,0.296
2016-12-01,ISLE,0.0
2016-12-01,KBA,0.34
2016-12-01,KZ,0.4939
2016-12-01,RIGP,0.5423
2016-12-01,SCHZ,0.0
2016-12-01,SGG,0.0
2016-12-01,SNDK,0.0
2016-12-01,TSRA,0.296
2016-12-02,AIXG,-0.4404
2016-12-02,AMSG,-0.06736
2016-12-02,CLC,0.06743333333333333
2016-12-02,DTSI,0.0
2016-12-02,EPP,-0.296
2016-12-02,IM,0.38695
2016-12-02,ININ,0.0
2016-12-02,ISLE,0.0
2016-12-02,KZ,0.0
2016-12-02,PBIB,0.3182
2016-12-02,PVTB,0.0
2016-12-02,QUNR,0.0
2016-12-03,AIXG,0.4588
2016-12-04,EPP,-0.2732
2016-12-05,AIXG,0.0
2016-12-05,AMSG,0.0
2016-12-05,EPP,0.0
2016-12-05,KZ,0.0
2016-12-05,LEI,-0.5267
2016-12-05,MENT,0.0
2016-12-05,MW,0.0
2016-12-05,PSG,0.0
2016-12-06,ARCX,0.0
2016-12-06,BNCN,0.0
2016-12-06,CAS,-0.011099999999999999
2016-12-06,CISG,0.0
2016-12-06,CRD.A,0.4588
2016-12-06,CVC,0.5106
2016-12-06,DXJS,0.4215
2016-12-06,FCE.A,0.6597
2016-12-06,FXY,0.4215
2016-12-06,HWAY,0.0
2016-12-06,IL,-0.1163
2016-12-06,IM,0.0258
2016-12-06,MDGN,0.10115
2016-12-06,MSTX,-0.5106
2016-12-06,RIGP,0.4767
2016-12-06,SCAI,0.0
2016-12-07,COPX,0.0
2016-12-07,EPP,0.0
2016-12-07,GXC,0.0
2016-12-07,IL,0.06743333333333333
2016-12-07,JJC,0.0
2016-12-07,SIM,0.0
2016-12-07,SNDK,0.25383333333333336
2016-12-07,STS,0.0
2016-12-07,TIP,0.4019
2016-12-07,TIPX,0.4019
2016-12-07,VA,0.368
2016-12-07,XBKS,0.0
2016-12-08,AIXG,0.2294
2016-12-08,APOL,0.3243
2016-12-08,ARCX,0.0
2016-12-08,BRCM,0.7184
2016-12-08,DWTI,0.0
2016-12-08,ENZN,0.8225
2016-12-08,EPP,0.0
2016-12-08,FXG,0.0
2016-12-08,GSOL,0.0
2016-12-08,GXC,0.11534999999999998
2016-12-08,HNR,0.3612
2016-12-08,ISIL,0.0
2016-12-08,JNS,0.4767
2016-12-08,NWBO,0.0
2016-12-08,PVTB,0.4588
2016-12-08,SCO,0.0
2016-12-08,TSL,-0.5423
2016-12-08,TSRA,0.0
2016-12-08,UCO,0.0
2016-12-08,WFBI,0.0
2016-12-08,WNR,-0.0334
2016-12-08,XPH,0.0
2016-12-09,CFD,0.0
2016-12-09,CTF,0.0
2016-12-09,DWTI,0.3818
2016-12-09,ENH,0.0
2016-12-09,IL,0.0
2016-12-09,MOO,0.0
2016-12-09,NRF,0.0
2016-12-09,NSAM,0.0
2016-12-09,TRTL,0.0
2016-12-09,VMEM,-0.6249
2016-12-12,EPP,-0.148
2016-12-12,EQY,0.0
2016-12-12,GXC,0.0
2016-12-12,IWD,0.6249
2016-12-12,LIOX,0.0
2016-12-12,MCZ,-0.6249
2016-12-12,NSAM,-0.28595
2016-12-12,NTT,0.10115
2016-12-12,OPXA,-0.5267
2016-12-12,SYRX,0.0
2016-12-13,AMCC,0.0
2016-12-13,CAFE,0.296
2016-12-13,DGRE,0.0
2016-12-13,DGRW,0.0
2016-12-13,EVBS,0.5267
2016-12-13,GXC,-0.296
2016-12-13,HEOP,0.0
2016-12-13,ISIL,0.0
2016-12-13,ITA,0.0
2016-12-13,JO,0.296
2016-12-13,MFRI,0.0
2016-12-13,PBW,0.5859
2016-12-13,PERF,0.0
2016-12-13,SGG,0.0
2016-12-13,SWHC,0.23835
2016-12-13,SYUT,0.0
2016-12-13,TMH,-0.128
2016-12-13,XME,0.0
2016-12-14,EPP,0.0
2016-12-14,HAR,0.2283666666666667
2016-12-14,HEOP,0.0
2016-12-14,ISIL,-0.2263
2016-12-14,LMCK,0.5267
2016-12-14,MLPA,0.0
2016-12-14,MLPX,0.0
2016-12-14,MTU,0.0
2016-12-14,PVTB,0.296
2016-12-14,SGG,0.296
2016-12-14,UGLD,0.0
2016-12-15,ACAS,-0.128
2016-12-15,APOL,-0.2263
2016-12-15,FDML,0.0
2016-12-15,ISLE,0.6597
2016-12-15,LMCK,0.836
2016-12-15,MGT,-0.4404
2016-12-15,MSLI,-0.1443333333333333
2016-12-15,OKSB,-0.17439999999999997
2016-12-15,PCY,0.5267
2016-12-16,DIVI,0.6808
2016-12-16,FDML,0.8126
2016-12-16,FLML,0.0
2016-12-16,OKSB,0.0
2016-12-16,SGG,0.296
2016-12-16,USDU,0.0
2016-12-18,VLTC,0.4767
2016-12-19,CLMS,0.3612
2016-12-19,GBSN,0.6249
2016-12-19,MSN,0.0
2016-12-19,NSR,-0.4767
2016-12-19,VLTC,0.09330000000000004
2016-12-20,AIXG,0.148
2016-12-20,FXG,0.2732
2016-12-20,HBK,0.0
2016-12-20,PSL,0.2732
2016-12-20,TINY,0.148
2016-12-20,VIP,0.0
2016-12-20,VLTC,0.0
2016-12-21,APOL,0.3818
2016-12-21,AWH,0.37985
2016-12-21,CKEC,0.7346
2016-12-21,DBA,0.0
2016-12-21,FDML,0.5859
2016-12-21,FXY,0.6597
2016-12-21,JJG,0.0
2016-12-21,JO,0.0
2016-12-21,MDSY,-0.5267
2016-12-21,MDVN,-0.4767
2016-12-21,PZE,0.0258
2016-12-21,RJA,0.0
2016-12-21,VLTC,0.5859
2016-12-21,YCS,0.6597
2016-12-22,DPRX,0.8126
2016-12-22,DWA,0.0
2016-12-22,HCAC,0.0
2016-12-22,HNR,0.5423
2016-12-22,IHI,0.6369
2016-12-22,LPTN,-0.5267
2016-12-22,OPXA,0.0
2016-12-22,PBCP,0.4939
2016-12-22,TKAI,0.06227999999999999
2016-12-22,XHE,0.6369
2016-12-23,AGQ,0.0
2016-12-23,BIV,-0.5994
2016-12-23,DBC,0.6369
2016-12-23,DPRX,0.15111428571428573
2016-12-23,HCAC,0.0
2016-12-23,INVT,0.0
2016-12-23,MGK,-0.5994
2016-12-23,MGV,-0.5994
2016-12-23,MPET,0.0
2016-12-23,OPXA,-0.5267
2016-12-23,PIP,0.6369
2016-12-23,TKAI,-0.5758
2016-12-23,VCSH,-0.5994
2016-12-23,VGIT,-0.5994
2016-12-23,VGLT,-0.5994
2016-12-23,VHT,-0.5994
2016-12-23,VMBS,-0.5994
2016-12-27,ARIS,-0.5423
2016-12-27,CAPN,0.074
2016-12-27,CNV,0.17041666666666666
2016-12-27,DCM,0.14369999999999997
2016-12-27,DPRX,0.0
2016-12-27,PRF,0.34
2016-12-27,PSI,0.6369
2016-12-27,PXF,0.34
2016-12-27,SWHC,0.148
2016-12-27,VISN,0.05747999999999999
2016-12-28,ANAC,0.0
2016-12-28,CNV,0.0
2016-12-28,COPX,0.6369
2016-12-28,CST,0.0
2016-12-28,DRAM,0.0
2016-12-28,EGAS,0.3612
2016-12-28,EGT,0.7717
2016-12-28,EPU,0.6369
2016-12-28,GSOL,0.0
2016-12-28,PBIB,0.0
2016-12-28,PSCC,0.6369
2016-12-28,SGNL,0.0
2016-12-28,SIL,0.6369
2016-12-28,SLVP,0.6369
2016-12-28,SWHC,0.1403
2016-12-28,VISN,-0.14556666666666665
2016-12-29,DON,0.0
2016-12-29,DRAM,-0.5267
2016-12-29,HCAC,-0.148
2016-12-29,IEO,0.0
2016-12-29,IJJ,0.0
2016-12-29,MDY,0.0
2016-12-29,SGG,0.296
2016-12-29,VO,0.0
2016-12-30,AIXG,-0.25
2016-12-30,BBC,-0.7783
2016-12-30,EGPT,-0.7783
2016-12-30,KWT,-0.7783
2016-12-30,NGE,-0.7783
2016-12-30,TNGO,-0.25
2016-12-30,VIP,0.0
2017-01-02,BNCN,0.6369
2017-01-03,ALJ,-0.3612
2017-01-03,APOL,0.5106
2017-01-03,DBEU,-0.25
2017-01-03,DRAM,-0.5267
2017-01-03,LEI,0.6486
2017-01-03,MBLX,0.25
2017-01-03,SWHC,0.4019
2017-01-03,TNGO,0.148
2017-01-03,TSL,0.0
2017-01-04,ALJ,0.0
2017-01-04,ALU,0.0
2017-01-04,DPM,0.0593
2017-01-04,FDML,0.0
2017-01-04,IMN,0.5106
2017-01-04,IVE,0.34
2017-01-04,LEI,0.4939
2017-01-04,NSAM,0.3612
2017-01-04,SCAI,0.4939
2017-01-04,STJ,0.148
2017-01-04,SWHC,0.0
2017-01-04,SYRG,0.0
2017-01-04,TIP,0.6249
2017-01-04,UAM,0.21075
2017-01-05,DPM,0.09106666666666667
2017-01-05,OGXI,0.3619666666666667
2017-01-05,PWE,-0.0516
2017-01-05,RDIV,0.0
2017-01-05,RWL,0.0
2017-01-05,TKAI,0.0
2017-01-06,AWH,0.6037
2017-01-06,DRAM,-0.5267
2017-01-06,DTLK,0.0
2017-01-06,DWTI,0.0
2017-01-06,HWAY,0.050575
2017-01-06,NSR,0.2023
2017-01-07,MSTX,0.7096
2017-01-09,AGA,0.0
2017-01-09,APOL,0.0
2017-01-09,GDXJ,0.4588
2017-01-09,IJS,0.34
2017-01-09,MFRI,0.3182
2017-01-09,MSTX,0.0
2017-01-09,NSR,0.0
2017-01-09,PEY,0.0
2017-01-09,SCAI,0.15798
2017-01-09,STJ,-0.020224999999999993
2017-01-09,VIP,0.296
2017-01-09,XNY,0.4019
2017-01-10,APOL,0.0
2017-01-10,CNY,-0.4019
2017-01-10,CYB,-0.4019
2017-01-10,HGG,-0.44394999999999996
2017-01-10,MENT,0.296
2017-01-10,NOBL,0.3818
2017-01-10,SGNL,0.296
2017-01-10,TNGO,0.0
2017-01-11,CLMS,0.5106
2017-01-11,DSCI,-0.08785714285714286
2017-01-11,EPU,0.0
2017-01-11,GXG,0.0
2017-01-11,JO,0.296
2017-01-11,LMCA,0.0
2017-01-11,PPA,0.0
2017-01-11,PSI,0.0
2017-01-11,RBL,0.0
2017-01-11,SGNL,-0.08494999999999998
2017-01-11,TMH,0.0
2017-01-11,UGLD,-0.296
2017-01-11,WGBS,0.0
2017-01-11,WNRL,0.25
2017-01-12,CLMS,0.0
2017-01-12,MEG,0.0
2017-01-12,SGNL,-0.5267
2017-01-12,TWC,0.6249
2017-01-13,AEPI,0.0
2017-01-13,ATLS,0.2732
2017-01-13,EWN,-0.2732
2017-01-13,SHV,0.0
2017-01-13,SNOW,0.0
2017-01-17,CAFE,0.296
2017-01-17,CEW,-0.0772
2017-01-17,CWEI,0.0627777777777778
2017-01-17,EWH,0.0
2017-01-17,GLPW,0.0
2017-01-17,GXC,0.0
2017-01-17,JO,0.296
2017-01-17,LLTC,0.0
2017-01-17,LMCA,0.26335
2017-01-17,LUX,0.0
2017-01-17,MNA,0.4588
2017-01-17,QAI,0.4588
2017-01-17,ROKA,0.4939
2017-01-17,SCHD,0.0
2017-01-17,UDN,-0.0772
2017-01-17,UGLD,-0.34
2017-01-17,WDTI,0.4588
2017-01-18,CLC,0.0
2017-01-18,CUNB,-0.3612
2017-01-18,DPM,0.0
2017-01-18,FDML,0.4019
2017-01-18,GBB,0.0
2017-01-18,LMCA,0.7579
2017-01-18,MPET,0.0
2017-01-18,OB,0.296
2017-01-18,PPP,0.0
2017-01-18,PVTB,0.0
2017-01-18,TINY,0.0
2017-01-19,BSF,0.0
2017-01-19,CKEC,0.22515000000000002
2017-01-19,CLC,0.0
2017-01-19,ECON,0.0
2017-01-19,FDML,0.0
2017-01-19,IWD,0.6249
2017-01-19,MDSY,0.0
2017-01-19,MEG,-0.125
2017-01-19,MNA,0.4588
2017-01-19,MPET,-0.26335
2017-01-19,PIP,0.148
2017-01-19,QAI,0.4588
2017-01-19,SCHG,0.6597
2017-01-19,STJ,-0.25
2017-01-19,UBOH,0.4215
2017-01-19,VLUE,0.6249
2017-01-19,WDTI,0.4588
2017-01-20,CAFE,0.296
2017-01-20,GBSN,0.6249
2017-01-20,IYZ,0.0
2017-01-20,JO,0.296
2017-01-20,MNA,0.0
2017-01-20,OEF,0.2263
2017-01-20,QAI,0.0
2017-01-20,SGG,0.5994
2017-01-20,WDTI,0.0
2017-01-22,BNCN,0.0
2017-01-23,BOXC,-0.0733
2017-01-23,CAFE,0.296
2017-01-23,DPM,0.0
2017-01-23,FDML,0.0
2017-01-23,JO,0.296
2017-01-23,LMCA,0.26335
2017-01-23,MUB,0.4767
2017-01-23,NAME,0.0
2017-01-23,XOOM,0.5994
2017-01-24,ARIS,0.0
2017-01-24,BAL,0.0
2017-01-24,CNDA,0.0
2017-01-24,DWTI,0.0
2017-01-24,FCAN,0.0
2017-01-24,FDML,-0.1909
2017-01-24,GNVC,0.10296666666666665
2017-01-24,GTWN,0.0
2017-01-24,IYZ,0.3818
2017-01-24,JNS,0.0
2017-01-24,LMCA,0.0
2017-01-24,OKSB,0.0
2017-01-24,QCAN,0.0
2017-01-24,USDU,0.0
2017-01-25,CFNL,0.0
2017-01-25,DLN,0.4019
2017-01-25,GNVC,-0.042666666666666665
2017-01-25,OKSB,0.0
2017-01-25,PBIB,0.0
2017-01-25,PFBX,0.0
2017-01-26,ACAT,0.12457499999999999
2017-01-26,ALU,0.0
2017-01-26,AMJ,0.0
2017-01-26,ARIA,0.296
2017-01-26,AWH,0.34
2017-01-26,CAPN,0.0
2017-01-26,CBF,0.0
2017-01-26,CFNB,0.0
2017-01-26,CUNB,0.0
2017-01-26,FSBK,0.0
2017-01-26,HAR,0.0
2017-01-26,HGG,0.0
2017-01-26,LMCA,0.0
2017-01-26,MBVT,0.0
2017-01-26,PSTB,0.0
2017-01-26,URA,0.0
2017-01-27,ARIA,0.3182
2017-01-27,DBMX,0.0
2017-01-27,DCM,0.0
2017-01-27,GMAN,-0.4019
2017-01-27,HEDJ,0.0
2017-01-27,MEP,0.24630000000000005
2017-01-27,PCO,0.6249
2017-01-27,PSG,-0.296
2017-01-27,SGM,0.03695999999999999
2017-01-27,VOX,0.0
2017-01-28,KKD,-0.3818
2017-01-29,PKB,0.0
2017-01-30,ACAT,0.10115
2017-01-30,ARIA,0.296
2017-01-30,BYBK,0.0
2017-01-30,CUNB,0.0
2017-01-30,FCE.A,0.2023
2017-01-30,HEOP,0.0
2017-01-30,ICF,0.0
2017-01-30,INVT,0.4939
2017-01-30,ISIL,0.0
2017-01-30,LUX,0.0
2017-01-30,MBRG,0.0
2017-01-30,MEP,0.5719
2017-01-30,MFRM,-0.10068333333333333
2017-01-30,OKSB,0.0
2017-01-30,PKW,0.0
2017-01-30,RBPAA,0.0
2017-01-30,RWR,0.0
2017-01-30,SYRX,0.0
2017-01-30,VLUE,0.34
2017-01-31,AOL,-0.3182
2017-01-31,ARIA,0.3182
2017-01-31,FCE.A,0.0
2017-01-31,GK,0.0
2017-01-31,GNVC,0.2023
2017-01-31,SLW,0.5267
2017-01-31,SLY,0.4019
2017-01-31,SNBC,0.0
2017-01-31,XTN,-0.2263
2017-02-01,ACAT,0.0
2017-02-01,APOL,0.0
2017-02-01,AWH,0.34
2017-02-01,CBR,0.296
2017-02-01,CSBK,0.0
2017-02-01,FNFV,0.0
2017-02-01,INVN,0.296
2017-02-01,IOC,-0.1779
2017-02-01,LNKD,0.5994
2017-02-01,LOCK,0.0
2017-02-01,OKS,-0.08713333333333334
2017-02-01,OPXA,-0.2732
2017-02-02,BLT,0.7003
2017-02-02,CSC,0.0
2017-02-02,DV,0.0
2017-02-02,INVN,0.10606666666666666
2017-02-02,IYM,0.0
2017-02-02,LNKD,0.4576
2017-02-02,MCZ,-0.4939
2017-02-02,MOO,0.0
2017-02-02,NOBL,0.4588
2017-02-02,NSR,0.0
2017-02-02,OKS,0.0
2017-02-02,SNOW,0.0
2017-02-02,SQQQ,0.5106
2017-02-02,TSL,0.0
2017-02-02,UTEK,0.148
2017-02-03,CBR,0.0
2017-02-03,CSC,0.0
2017-02-03,MTU,0.32216666666666666
2017-02-03,RDIB,0.0
2017-02-03,RTH,0.5423
2017-02-03,UTEK,0.0
2017-02-05,DV,0.34
2017-02-05,WWAV,0.34
2017-02-06,ARIA,0.0
2017-02-06,CKEC,0.4215
2017-02-06,CLMS,0.3612
2017-02-06,EGAS,0.3612
2017-02-06,EVBS,0.0
2017-02-06,EZM,0.4404
2017-02-06,INVN,0.296
2017-02-06,MFRM,0.4939
2017-02-06,NTT,0.0
2017-02-06,PSCF,-0.7096
2017-02-06,STJ,0.0
2017-02-06,TMH,0.8316
2017-02-07,ACAT,0.0
2017-02-07,ACUR,0.296
2017-02-07,DV,0.0
2017-02-07,FXCM,0.12936
2017-02-07,JIVE,0.0
2017-02-07,KBWB,0.0
2017-02-07,MNA,0.0
2017-02-07,OB,0.0
2017-02-07,PHB,0.1531
2017-02-07,QAI,0.0
2017-02-07,SGNL,0.0
2017-02-07,STJ,0.34
2017-02-07,SYRG,0.0
2017-02-07,ULTR,-0.11315
2017-02-07,WDTI,0.0
2017-02-08,ACUR,-0.5267
2017-02-08,EFAV,0.0
2017-02-08,FXCM,-0.26335
2017-02-08,JIVE,0.0
2017-02-08,JOY,0.765
2017-02-08,LMCA,0.4215
2017-02-08,LMCB,0.4215
2017-02-08,MNA,0.0
2017-02-08,QAI,0.0
2017-02-08,WDTI,0.0
2017-02-09,LDR,0.0
2017-02-09,MNA,0.0
2017-02-09,QAI,0.0
2017-02-09,SPP,0.0
2017-02-09,SYUT,0.0
2017-02-09,WDTI,0.0
2017-02-09,WILN,0.0
2017-02-10,EPHE,0.0
2017-02-10,HEDJ,0.3612
2017-02-10,IMN,0.0
2017-02-10,NTT,0.0
2017-02-10,SAJA,0.0
2017-02-10,SRLN,0.3612
2017-02-10,VCO,-0.3612
2017-02-10,VIG,0.0
2017-02-13,DPRX,-0.5267
2017-02-13,DXPS,0.0
2017-02-13,FXCM,0.2732
2017-02-13,INVT,-0.296
2017-02-13,IUSG,0.3818
2017-02-13,JJC,0.296
2017-02-13,KKD,0.25
2017-02-13,LEVYU,0.25
2017-02-13,SGNL,-0.5267
2017-02-13,WAYN,0.0
2017-02-13,WNR,0.4939
2017-02-13,ZLTQ,0.074
2017-02-14,AOL,0.1761
2017-02-14,ELNK,0.0
2017-02-14,GIG,0.004880000000000001
2017-02-14,IOC,0.296
2017-02-14,ITOT,0.0258
2017-02-14,MSLI,0.0
2017-02-14,NEWS,0.0
2017-02-14,NRCIA,0.0
2017-02-14,PHMD,0.0
2017-02-14,SCHG,0.0258
2017-02-14,URA,0.0
2017-02-14,VIP,0.0
2017-02-14,ZLTQ,0.050575
2017-02-15,CBR,0.0
2017-02-15,CLMS,0.296
2017-02-15,CWEI,0.6249
2017-02-15,DBMX,-0.5267
2017-02-15,EVO,0.296
2017-02-15,FXCM,0.0
2017-02-15,HGG,0.0
2017-02-15,HYS,0.0258
2017-02-15,ISTB,0.0258
2017-02-15,IXC,0.2732
2017-02-15,MEP,-0.0516
2017-02-15,NILE,-0.1027
2017-02-15,SJNK,0.0258
2017-02-15,UMX,-0.5267
2017-02-15,WGBS,0.0
2017-02-16,ACUR,-0.5267
2017-02-16,AFK,0.5267
2017-02-16,ARIA,0.13935
2017-02-16,DV,0.23343333333333335
2017-02-16,FRN,0.5267
2017-02-16,GULF,0.5267
2017-02-16,HGG,0.0
2017-02-16,NRCIB,0.0
2017-02-16,UAM,0.0
2017-02-16,WWAV,0.03423333333333333
2017-02-17,AFK,0.2023
2017-02-17,FRN,0.2023
2017-02-17,GULF,0.2023
2017-02-17,LMIA,0.2872
2017-02-17,WWAV,0.0
2017-02-19,AFK,0.6249
2017-02-19,FM,0.6249
2017-02-19,FRN,0.6249
2017-02-19,GULF,0.6249
2017-02-21,CACQ,0.8402
2017-02-21,DGAS,0.18372000000000002
2017-02-21,ELD,0.4019
2017-02-21,FUEL,0.0
2017-02-21,FXCM,0.0
2017-02-21,IOC,0.743
2017-02-21,LMIA,0.0
2017-02-21,RTK,0.049900000000000014
2017-02-21,TSRA,0.4939
2017-02-22,CHMT,0.0
2017-02-22,FVD,0.0
2017-02-22,HAR,0.10115
2017-02-22,HEZU,0.0
2017-02-22,JNK,0.0
2017-02-22,MFRI,-0.5719
2017-02-22,PLKI,0.0
2017-02-22,TLLP,-0.44394999999999996
2017-02-22,TSRA,0.0
2017-02-23,ALJ,0.1366
2017-02-23,CLC,0.0
2017-02-23,DSCI,0.6908
2017-02-23,EQY,0.0
2017-02-23,HGG,0.296
2017-02-23,ISIL,0.0
2017-02-23,ISLE,0.0
2017-02-23,KBWB,-0.4019
2017-02-23,LUX,0.4939
2017-02-23,SPHQ,0.0
2017-02-23,SYRG,0.0
2017-02-23,TORM,0.0
2017-02-23,VISN,0.0
2017-02-24,CMCSK,0.0
2017-02-24,ENH,0.0
2017-02-24,HNR,0.5423
2017-02-24,ISIL,0.296
2017-02-24,PEY,0.0
2017-02-24,PHB,0.0
2017-02-24,PRF,0.0
2017-02-24,PSTB,0.10115
2017-02-24,QIHU,0.4767
2017-02-24,UGLD,0.765
2017-02-26,FCE.A,0.0
2017-02-26,WWAV,0.0
2017-02-27,ABY,0.0
2017-02-27,AFK,0.0
2017-02-27,CST,0.0
2017-02-27,EGPT,0.0
2017-02-27,FCH,0.765
2017-02-27,HGG,-0.3182
2017-02-27,JPEM,0.0
2017-02-27,NGE,0.0
2017-02-27,OKS,0.0
2017-02-27,PPP,0.0
2017-02-27,RSP,0.0
2017-02-27,SBY,0.6593666666666667
2017-02-27,SGOL,0.0
2017-02-27,SIVR,0.0
2017-02-27,SOCL,0.0
2017-02-27,UCP,0.0
2017-02-27,VIP,0.0
2017-02-27,VISN,0.4588
2017-02-27,VSS,0.4215
2017-02-27,WNR,0.0
2017-02-27,ZPIN,0.0
2017-02-28,ABY,0.24914999999999998
2017-02-28,ACAT,0.296
2017-02-28,AIRM,0.0
2017-02-28,EQY,0.0
2017-02-28,FCH,0.8074
2017-02-28,HGG,-0.0516
2017-02-28,INVT,-0.6124
2017-02-28,ITR,0.4215
2017-02-28,KNOW,0.296
2017-02-28,LIOX,0.4767
2017-02-28,LNKD,0.0
2017-02-28,MSLI,0.0
2017-02-28,NAME,0.0
2017-02-28,SBY,0.6705
2017-02-28,SPHB,-0.2732
2017-02-28,SYRX,0.4767
2017-02-28,UAM,0.0
2017-03-01,CKEC,-0.1779
2017-03-01,FCH,0.0
2017-03-01,GNCMA,0.0
2017-03-01,ICLD,0.0
2017-03-01,MOCO,0.0
2017-03-01,MSLI,0.0
2017-03-01,NSR,0.4939
2017-03-01,OGXI,0.0
2017-03-01,PHMD,0.0
2017-03-01,RAX,0.7184
2017-03-01,RWC,0.0
2017-03-01,TSL,0.296
2017-03-01,WGBS,0.0
2017-03-01,ZLTQ,0.0
2017-03-02,AIRM,0.0
2017-03-02,FLOT,0.5106
2017-03-02,FRP,0.4588
2017-03-02,JOY,0.146475
2017-03-02,LNKD,0.0
2017-03-02,MENT,0.0
2017-03-02,PLKI,0.0
2017-03-02,SNBC,-0.296
2017-03-03,AIRM,0.0
2017-03-03,ASMI,0.0
2017-03-03,CSC,0.296
2017-03-03,DBMX,0.0
2017-03-03,LIOX,-0.296
2017-03-03,LNKD,0.3818
2017-03-03,MOCO,0.0
2017-03-03,PKB,0.3818
2017-03-03,SMK,0.0
2017-03-03,UMX,0.0
2017-03-03,WPPGY,-0.17556666666666665
2017-03-04,ENZN,0.0
2017-03-06,BSF,0.0
2017-03-06,FRP,-0.074
2017-03-06,HEDJ,0.0
2017-03-06,HNH,0.5574
2017-03-06,HNR,0.0772
2017-03-06,LLTC,0.296
2017-03-06,MJN,0.2023
2017-03-06,MSTX,0.24695
2017-03-06,RPV,0.0
2017-03-06,TSL,-0.148
2017-03-06,XRA,0.296
2017-03-07,ABY,0.0
2017-03-07,AF,0.0
2017-03-07,BDE,-0.1081333333333333
2017-03-07,DCM,0.0
2017-03-07,EZM,0.4019
2017-03-07,FCH,0.5267
2017-03-07,GY,0.0
2017-03-07,IHF,0.0
2017-03-07,LLTC,0.0
2017-03-07,MPEL,0.3182
2017-03-07,NMBL,0.296
2017-03-07,RFV,0.0
2017-03-07,ROIAK,-0.296
2017-03-07,SNDK,0.0
2017-03-07,TSL,0.0
2017-03-07,VHT,0.0
2017-03-08,AF,0.050575
2017-03-08,CAPN,0.0516
2017-03-08,GBB,-0.4767
2017-03-08,HH,0.4404
2017-03-08,LNKD,0.2732
2017-03-08,NMBL,0.07538333333333334
2017-03-08,NTL,0.0
2017-03-08,THM,0.0
2017-03-08,USFR,0.0
2017-03-08,VRTB,0.38634999999999997
2017-03-09,AIQ,0.0
2017-03-09,ARIS,0.0
2017-03-09,CGW,0.4019
2017-03-09,DGS,-0.1298
2017-03-09,DRAM,0.4019
2017-03-09,FHCO,0.0
2017-03-09,MOO,0.5574
2017-03-09,MRVC,0.0
2017-03-09,NVGN,-0.0516
2017-03-09,PPA,0.4215
2017-03-09,ROKA,0.0
2017-03-09,SGM,0.0
2017-03-09,TVIZ,0.3818
2017-03-09,VIIX,0.3818
2017-03-09,XSLV,0.6369
2017-03-10,GBSN,0.9246
2017-03-10,PLKI,0.0
2017-03-10,TNGO,0.0
2017-03-10,VIP,0.10115
2017-03-11,QIHU,0.4754
2017-03-13,AAXJ,0.0
2017-03-13,ARCX,0.0
2017-03-13,CAPN,0.0
2017-03-13,GK,-0.0772
2017-03-13,GMAN,0.0
2017-03-13,HAR,0.296
2017-03-13,MSLI,0.0
2017-03-13,TNGO,0.0
2017-03-13,TSL,-0.2263
2017-03-14,AIRM,0.3029833333333333
2017-03-14,CBR,0.0
2017-03-14,DVY,0.0
2017-03-14,EIRL,0.25
2017-03-14,FAC,0.1779
2017-03-14,IAT,0.34
2017-03-14,IFMI,0.0
2017-03-14,JOY,-0.34
2017-03-14,LLTC,0.0
2017-03-14,PIP,0.0
2017-03-15,AMFW,0.08895
2017-03-15,CAPN,0.0
2017-03-15,CBF,0.0
2017-03-15,FCOM,0.0
2017-03-15,IYZ,0.0
2017-03-15,LMIA,0.0
2017-03-15,MBRG,0.0
2017-03-15,MPEL,0.4215
2017-03-15,NSR,0.0
2017-03-15,PIP,0.0
2017-03-15,PPP,0.0
2017-03-15,PWE,0.0
2017-03-15,RWR,-0.3241
2017-03-15,SHY,0.2263
2017-03-15,THM,0.0
2017-03-15,TINY,0.3182
2017-03-15,VOX,0.0
2017-03-16,CLM,0.0
2017-03-16,CRVP,0.0
2017-03-16,EGAS,0.3612
2017-03-16,MENT,0.0
2017-03-16,RTK,-0.1591
2017-03-16,RYT,0.0
2017-03-16,TNGO,0.0
2017-03-16,VB,0.0258
2017-03-16,VBR,0.0258
2017-03-16,WPPGY,-0.296
2017-03-17,CACQ,0.6808
2017-03-17,GK,0.4767
2017-03-17,SRLN,0.0
2017-03-20,CBR,-0.296
2017-03-20,CERU,0.074
2017-03-20,CLAC,0.34
2017-03-20,FNDA,0.0
2017-03-20,FTLS,0.4019
2017-03-20,GK,0.296
2017-03-20,KZ,0.743
2017-03-20,MENT,0.0
2017-03-20,NMBL,0.10115
2017-03-20,PLKI,0.296
2017-03-20,QCCO,0.5267
2017-03-21,ADGE,0.2732
2017-03-21,CBR,0.34
2017-03-21,FUEL,0.0
2017-03-21,HEOP,0.4767
2017-03-21,MPEL,0.2165
2017-03-21,PLKI,0.0
2017-03-21,SCZ,0.0
2017-03-21,SLW,0.1341
2017-03-21,TLLP,0.10115
2017-03-21,UTEK,0.0
2017-03-22,ADK,0.0
2017-03-22,AWH,0.4019
2017-03-22,FCOM,0.5256
2017-03-22,HRT,0.0
2017-03-22,IYZ,0.5256
2017-03-22,MCZ,-0.6705
2017-03-22,PCY,0.4404
2017-03-22,PSQ,0.0
2017-03-22,SLW,0.0
2017-03-22,UBOH,0.8979
2017-03-23,DEG,-0.2924
2017-03-23,HDGE,0.0
2017-03-23,HQH,0.7351
2017-03-23,INVN,0.0
2017-03-23,MBLY,0.0
2017-03-23,MCZ,-0.4939
2017-03-23,MPEL,0.4939
2017-03-23,NEN,-0.2023
2017-03-23,NMBL,0.2023
2017-03-23,PKW,0.0
2017-03-23,SLW,0.6597
2017-03-23,VSR,0.36669999999999997
2017-03-24,ADK,0.0
2017-03-24,ALJ,0.08250000000000002
2017-03-24,CHMT,0.6124
2017-03-24,SPP,0.0
2017-03-24,WNR,0.1909
2017-03-27,BIZD,-0.3818
2017-03-27,CSC,0.4019
2017-03-27,NVGN,0.0
2017-03-27,PVTB,0.0
2017-03-27,SGBK,0.0
2017-03-28,CERU,0.0
2017-03-28,CSC,0.6705
2017-03-28,IJH,0.0
2017-03-28,IJJ,0.0
2017-03-28,MDY,0.0
2017-03-28,PIO,0.0
2017-03-28,UTEK,0.0
2017-03-28,VO,0.0
2017-03-28,VSR,0.08167500000000001
2017-03-28,XRA,0.25876
2017-03-29,EXAR,0.258925
2017-03-29,FXB,0.296
2017-03-29,HYD,0.0
2017-03-29,MUB,0.0
2017-03-29,VSR,0.7845
2017-03-29,XRA,0.10115
2017-03-30,BRCM,0.296
2017-03-30,EXAR,0.06743333333333333
2017-03-30,FEZ,0.3612
2017-03-30,HEDJ,0.3612
2017-03-30,MSN,0.0
2017-03-30,PIP,0.0
2017-03-30,SCHX,0.2263
2017-03-30,SLXP,-0.5945
2017-03-30,SPHQ,0.2263
2017-03-30,USD,-0.0772
2017-03-31,CBR,0.0
2017-03-31,CSC,0.0
2017-03-31,ERS,0.0
2017-03-31,EZM,0.34
2017-03-31,INVT,-0.3182
2017-03-31,SSRI,0.17765
2017-03-31,TRR,0.08045
2017-03-31,WWAV,0.0
2017-04-03,ADK,0.0
2017-04-03,BAA,0.0
2017-04-03,CSC,0.0
2017-04-03,ELOS,0.0
2017-04-03,FV,0.0
2017-04-03,FXN,0.0
2017-04-03,IOT,0.4215
2017-04-03,IST,0.4588
2017-04-03,JOY,0.5859
2017-04-03,KZ,0.0
2017-04-03,MJN,0.1507666666666667
2017-04-03,MTU,0.0
2017-04-03,SRSC,0.0
2017-04-03,TBF,0.0
2017-04-03,TRR,0.0
2017-04-03,WWAV,0.0
2017-04-04,ADK,-0.34
2017-04-04,ATML,0.296
2017-04-04,DRV,0.0
2017-04-04,ELOS,0.0
2017-04-04,EXAR,0.0
2017-04-04,FXB,-0.5267
2017-04-04,GIG,0.6908
2017-04-04,GNCMA,0.11236666666666667
2017-04-04,JOY,0.0
2017-04-04,KYE,0.4215
2017-04-04,LVNTA,0.23775
2017-04-04,LVNTB,0.8807
2017-04-04,PLKI,0.0
2017-04-04,SSN,0.2263
2017-04-04,TGD,0.24695
2017-04-04,TRR,0.0
2017-04-04,UNIS,0.0
2017-04-04,VGT,-0.5994
2017-04-05,IHE,0.34
2017-04-05,MPEL,0.4215
2017-04-05,TASR,0.2908428571428571
2017-04-05,UNIS,0.03472000000000001
2017-04-05,UTEK,0.128
2017-04-06,CUNB,0.2202
2017-04-06,EIDO,0.4588
2017-04-06,IDX,0.4588
2017-04-06,KFI,0.296
2017-04-06,KKD,-0.1027
2017-04-06,LXK,0.5574
2017-04-06,NVGN,-0.5267
2017-04-06,PIP,0.0
2017-04-06,SLW,0.296
2017-04-06,TASR,0.39205
2017-04-06,VB,0.0
2017-04-06,WWAV,0.0
2017-04-06,ZLTQ,0.0
2017-04-06,ZPIN,0.0
2017-04-07,CUNB,0.06743333333333333
2017-04-07,EWD,0.0
2017-04-07,FEZ,0.0
2017-04-07,FXB,-0.6249
2017-04-07,FXC,-0.5267
2017-04-07,GBB,-0.6249
2017-04-07,SPXS,0.0
2017-04-07,UGLD,-0.1695
2017-04-07,UWTI,-0.128
2017-04-07,VIP,0.0
2017-04-07,ZPIN,0.0
2017-04-09,DGS,0.5859
2017-04-09,EGPT,-0.802
2017-04-09,SNOW,0.0
2017-04-10,ACAT,0.0
2017-04-10,CBR,0.10606666666666666
2017-04-10,EGT,0.128
2017-04-10,IM,0.0
2017-04-10,INVT,-0.2023
2017-04-10,MPEL,0.4812
2017-04-10,NVGN,0.0
2017-04-10,OB,0.0
2017-04-10,RUSS,0.0
2017-04-10,SNOW,0.0
2017-04-10,TGD,0.4767
2017-04-10,UWTI,0.0
2017-04-11,AIQ,0.0
2017-04-11,ANAD,0.0
2017-04-11,ANGL,0.0
2017-04-11,BKSC,0.0
2017-04-11,CFNL,0.0
2017-04-11,FCS,0.2732
2017-04-11,JXSB,0.0
2017-04-11,KCG,0.0
2017-04-11,MSTX,0.3612
2017-04-11,PETM,-0.0276
2017-04-11,PWE,0.0
2017-04-11,SSRI,0.0
2017-04-11,TASR,0.0
2017-04-11,TSL,0.0
2017-04-11,UCP,0.18409999999999999
2017-04-12,AAU,0.0
2017-04-12,ABY,0.296
2017-04-12,ARIA,0.0
2017-04-12,ARMH,0.0
2017-04-12,BAA,0.4767
2017-04-12,CFNL,0.0
2017-04-12,CLC,0.0
2017-04-12,ELNK,0.0
2017-04-12,FHCO,0.5859
2017-04-12,HYD,-0.6757
2017-04-12,JIVE,0.0
2017-04-12,LIOX,0.0
2017-04-12,MDIV,0.0
2017-04-12,MYCC,0.1316
2017-04-12,OCRX,0.3612
2017-04-12,SCAI,0.0
2017-04-12,TKAI,0.0
2017-04-12,TRR,0.5267
2017-04-12,UNIS,0.22593333333333332
2017-04-13,ADGE,0.6369
2017-04-13,DBA,-0.1531
2017-04-13,HEWG,0.4926
2017-04-13,HNR,0.31103333333333333
2017-04-13,IVE,0.5859
2017-04-13,IWD,0.5859
2017-04-13,JJG,-0.1531
2017-04-13,PPP,0.3818
2017-04-13,RJA,-0.1531
2017-04-14,CAPN,0.296
2017-04-15,DBA,0.0
2017-04-15,JJG,0.0
2017-04-15,MOO,0.0
2017-04-15,RJA,0.0
2017-04-16,LNKD,0.0
2017-04-17,ADK,0.0
2017-04-17,BNCN,0.0
2017-04-17,CERU,0.0
2017-04-17,CNDA,0.0
2017-04-17,ENY,0.0
2017-04-17,EUDG,0.0
2017-04-17,FCAN,0.0
2017-04-17,GFA,-0.3612
2017-04-17,KCG,0.0
2017-04-17,MLPA,0.4215
2017-04-17,MOCO,0.07525714285714284
2017-04-17,MSTX,0.0
2017-04-17,OCRX,0.0
2017-04-17,PFI,0.0
2017-04-17,PTF,0.0
2017-04-17,PUI,0.0
2017-04-17,QCAN,0.0
2017-04-17,SCLN,0.0
2017-04-17,SPU,-0.3182
2017-04-17,UWTI,-0.5719
2017-04-17,WILN,0.14229999999999998
2017-04-18,CFNL,0.0
2017-04-18,DBE,0.0
2017-04-18,INVN,0.0
2017-04-18,NWBO,-0.4588
2017-04-18,OKS,0.0
2017-04-18,PSIX,0.13419999999999999
2017-04-18,RIF,0.0
2017-04-18,SPU,-0.26335
2017-04-18,SYMX,0.802
2017-04-18,SYUT,0.3612
2017-04-18,TGD,0.0
2017-04-18,USL,0.0
2017-04-18,WILN,-0.26335
2017-04-19,DGS,0.4767
2017-04-19,EGT,0.0
2017-04-19,FXP,-0.7184
2017-04-19,HAR,0.2023
2017-04-19,INVN,0.296
2017-04-19,KCG,0.0
2017-04-19,PBIB,0.0
2017-04-19,PSIX,0.0
2017-04-19,SSH,-0.13196
2017-04-20,AGQ,0.4215
2017-04-20,AMFW,0.6808
2017-04-20,BSF,0.0
2017-04-20,DGICB,0.0
2017-04-20,DXPS,0.0
2017-04-20,EPOL,0.0
2017-04-20,FSBK,0.0
2017-04-20,KCG,0.04933333333333333
2017-04-20,MBLY,0.296
2017-04-20,MBVT,0.0
2017-04-20,MSTX,0.4019
2017-04-20,PLND,0.0
2017-04-20,PVTB,0.0
2017-04-20,RTI,0.6808
2017-04-20,SGOL,0.4215
2017-04-20,SIVR,0.4215
2017-04-20,SPU,0.0
2017-04-20,SSH,0.6597
2017-04-20,UTEK,0.0
2017-04-21,ALDW,0.1947
2017-04-21,BJK,0.2263
2017-04-21,BOXC,0.16463333333333333
2017-04-21,CHMT,0.1404
2017-04-21,CRED,0.4019
2017-04-21,CTV,0.4019
2017-04-21,FEZ,0.0
2017-04-21,KCG,0.2732
2017-04-21,SSH,0.6597
2017-04-21,VBR,0.34
2017-04-24,BOXC,0.0
2017-04-24,CBF,0.0
2017-04-24,EFNL,0.0
2017-04-24,EQS,0.6124
2017-04-24,FCH,0.7221
2017-04-24,FDIS,0.1779
2017-04-24,FDN,0.1779
2017-04-24,GMCR,0.5574
2017-04-24,ISLE,0.0
2017-04-24,LNKD,0.0
2017-04-24,NEWS,0.0
2017-04-24,WFBI,0.0
2017-04-25,EURL,0.0
2017-04-25,FCH,0.7346
2017-04-25,FDN,-0.6369
2017-04-25,GFA,-0.5267
2017-04-25,GTWN,0.0
2017-04-25,JNS,0.4215
2017-04-25,MBLY,0.2732
2017-04-25,NORD,0.07246666666666667
2017-04-25,OKSB,0.0
2017-04-25,PCP,0.6597
2017-04-25,PNRA,0.0
2017-04-25,VBK,-0.6369
2017-04-26,AF,0.0
2017-04-26,AWH,0.0
2017-04-26,EUFN,0.0
2017-04-26,GXC,0.0
2017-04-26,MJN,-0.1779
2017-04-26,NADL,0.0
2017-04-26,NORD,0.45493333333333336
2017-04-26,PFBX,0.0
2017-04-26,PHMD,0.0
2017-04-26,RSP,0.5719
2017-04-26,SAJA,0.1284857142857143
2017-04-26,SSRI,0.4588
2017-04-26,TORM,0.0
2017-04-26,WMAR,0.0
2017-04-26,XBKS,0.0
2017-04-27,AF,0.0
2017-04-27,BYBK,0.0
2017-04-27,FEZ,0.0
2017-04-27,FXB,-0.1189
2017-04-27,HYMB,0.296
2017-04-27,ISLE,-0.17556666666666665
2017-04-27,MJN,0.0
2017-04-27,NADL,0.296
2017-04-27,NORD,0.1661
2017-04-27,PSTB,0.27423333333333333
2017-04-27,SAJA,0.0
2017-04-28,CFNB,0.0
2017-04-28,DTV,0.0
2017-04-28,FNBC,0.0
2017-04-28,HW,0.0
2017-04-28,MIDU,0.0
2017-04-28,MIDZ,0.0
2017-04-28,NADL,0.3182
2017-04-28,SPU,0.0
2017-04-28,SPXS,0.0
2017-04-28,SYUT,0.0
2017-04-28,WAYN,0.0
2017-04-28,WSTC,0.0
2017-05-01,BDE,0.1027
2017-05-01,FNBC,0.023866666666666665
2017-05-01,HW,0.26335
2017-05-01,JIVE,0.19733333333333333
2017-05-01,SPAN,0.14728
2017-05-02,DGI,0.0
2017-05-02,EPHE,-0.6124
2017-05-02,EUFN,0.34
2017-05-02,EWM,0.0
2017-05-02,FHCO,0.0
2017-05-02,HNH,0.0
2017-05-02,ISRL,-0.1779
2017-05-02,JIVE,0.050575
2017-05-02,NRCIA,0.0
2017-05-02,OB,0.37985
2017-05-02,PERF,0.0
2017-05-02,RSP,-0.3412
2017-05-02,SPAN,-0.07734999999999999
2017-05-02,WNR,0.0
2017-05-02,WNRL,0.0
2017-05-02,WSTC,-0.07244999999999999
2017-05-03,DEL,0.0
2017-05-03,FCH,0.5267
2017-05-03,IFMI,0.0
2017-05-03,MDSY,0.296
2017-05-03,MRVC,0.0
2017-05-03,NEWS,0.0
2017-05-03,OB,0.0
2017-05-03,PHMD,0.21082500000000004
2017-05-03,PIP,0.0
2017-05-03,PPP,0.0
2017-05-03,RAI,0.0
2017-05-03,RHS,0.0
2017-05-03,SSRI,0.0
2017-05-03,TNH,0.0
2017-05-04,ARCX,0.0
2017-05-04,CBF,0.296
2017-05-04,CNNX,0.0
2017-05-04,DV,0.0
2017-05-04,EGT,0.4215
2017-05-04,EWT,0.3612
2017-05-04,FNBC,0.0
2017-05-04,FRP,0.0
2017-05-04,HYD,-0.743
2017-05-04,HYMB,-0.743
2017-05-04,INVN,-0.4019
2017-05-04,NSR,0.0
2017-05-04,PVTB,0.0
2017-05-04,PWE,-0.4767
2017-05-04,ROIAK,-0.296
2017-05-04,SGM,0.0
2017-05-04,SNOW,0.0
2017-05-04,SPAN,0.0
2017-05-04,TRR,0.0
2017-05-04,UCP,0.0
2017-05-04,WILN,0.0
2017-05-05,DRAM,0.0
2017-05-05,EURL,0.2023
2017-05-05,SRLN,0.4019
2017-05-08,ALDW,0.0
2017-05-08,ALJ,0.1366
2017-05-08,BDE,0.34
2017-05-08,CST,0.0
2017-05-08,CUNB,0.0
2017-05-08,EGT,0.1531
2017-05-08,EXAR,0.7506
2017-05-08,HW,0.296
2017-05-08,ICLD,0.3612
2017-05-08,QDF,0.0
2017-05-08,ROKA,0.0
2017-05-08,SBRAP,0.7506
2017-05-08,SGOC,0.03383333333333333
2017-05-08,TICC,0.7269
2017-05-08,TLLP,0.0
2017-05-08,VTTI,0.21833333333333335
2017-05-09,AIQ,0.0
2017-05-09,ENOC,0.0
2017-05-09,EXAR,0.0
2017-05-09,FAC,0.4588
2017-05-09,FCH,0.0
2017-05-09,FHCO,0.0
2017-05-09,FUE,0.0
2017-05-09,FUEL,0.0
2017-05-09,GMCR,0.0
2017-05-09,GURU,-0.296
2017-05-09,HEDJ,0.0
2017-05-09,IEO,0.5423
2017-05-09,IXUS,0.0
2017-05-09,LDR,0.0
2017-05-09,LVNTA,0.5267
2017-05-09,NAME,0.0
2017-05-09,OCRX,0.0
2017-05-09,RWC,0.0
2017-05-09,SLW,0.0
2017-05-09,SSH,0.4939
2017-05-09,TESO,-0.03260000000000002
2017-05-09,TRMR,0.09106666666666667
2017-05-09,VEU,0.0
2017-05-09,VTTI,0.2808
2017-05-09,VXUS,0.0
2017-05-09,WPT,0.0
2017-05-09,WSTC,0.0
2017-05-10,ACSF,0.0
2017-05-10,BWINA,-0.4767
2017-05-10,BWINB,-0.4767
2017-05-10,CSBK,0.0
2017-05-10,EGAS,0.3612
2017-05-10,ELOS,0.4939
2017-05-10,EMCR,0.4404
2017-05-10,FUEL,0.3818
2017-05-10,LMIA,0.0
2017-05-10,MOCO,0.0
2017-05-10,SCLN,0.0
2017-05-10,SNC,0.0
2017-05-10,SSNI,0.0
2017-05-10,TKAI,0.0
2017-05-10,WSTC,0.09046000000000001
2017-05-11,CAPN,0.0
2017-05-11,ELSE,0.0
2017-05-11,FRP,-0.3612
2017-05-11,MSLI,0.0
2017-05-11,ROKA,0.0
2017-05-11,RTK,0.0
2017-05-11,SYMX,0.6324333333333333
2017-05-12,CDI,0.296
2017-05-12,ELOS,0.24914999999999998
2017-05-12,JNK,0.0
2017-05-12,SYMX,-0.5267
2017-05-12,TRR,0.6369
2017-05-14,FHCO,0.0
2017-05-15,ADK,0.0
2017-05-15,BAA,0.0
2017-05-15,EWH,0.4588
2017-05-15,GUID,0.7003
2017-05-15,OGXI,0.0
2017-05-15,SPP,0.0
2017-05-15,SPU,0.0
2017-05-15,TWER,0.0
2017-05-16,SPU,0.0
2017-05-16,VYM,-0.3182
2017-05-16,WFBI,0.09866666666666667
2017-05-17,CNNX,0.0
2017-05-17,ELOS,0.0
2017-05-17,IOT,0.4215
2017-05-17,PRF,0.6597
2017-05-17,PXLG,0.6597
2017-05-17,WFBI,0.0
2017-05-18,ACUR,0.0
2017-05-18,BAA,-0.2023
2017-05-18,GFA,-0.28914999999999996
2017-05-18,IEF,0.2617
2017-05-18,JNS,0.0
2017-05-18,PHB,0.6908
2017-05-18,TMF,0.0
2017-05-18,TMV,0.0
2017-05-18,TYD,0.0
2017-05-18,UTEK,0.2023
2017-05-18,VDE,-0.6249
2017-05-19,GMM,0.0
2017-05-19,PHMD,0.25
2017-05-19,SNC,0.0
2017-05-22,CHIM,0.0
2017-05-22,CNNX,0.0
2017-05-22,DV,0.0
2017-05-22,ENZL,0.0
2017-05-22,GBSN,0.13540000000000002
2017-05-22,KXI,0.0
2017-05-22,NUTR,0.2578142857142857
2017-05-22,XBKS,0.4939
2017-05-22,XPP,0.0
2017-05-22,ZPIN,0.0
2017-05-23,ARMH,0.25
2017-05-23,ELOS,0.296
2017-05-23,FHCO,0.0
2017-05-23,FXB,-0.8957
2017-05-23,GBB,-0.8957
2017-05-23,GSOL,-0.0946
2017-05-23,NUTR,0.0
2017-05-23,PNRA,0.0
2017-05-23,SIM,-0.2263
2017-05-23,SSH,0.4939
2017-05-24,AFK,-0.802
2017-05-24,DANG,0.3818
2017-05-24,DV,0.0
2017-05-24,EGPT,-0.802
2017-05-24,LMOS,0.4215
2017-05-24,ZPIN,0.2023
2017-05-25,AMFW,0.0
2017-05-25,ARIS,0.0
2017-05-25,FEZ,0.4215
2017-05-25,GAA,0.0
2017-05-25,GBSN,-0.5267
2017-05-25,GSOL,0.27253333333333335
2017-05-25,RAI,0.0
2017-05-25,UWTI,0.5574
2017-05-25,WNR,0.0
2017-05-26,FM,0.0
2017-05-26,FXR,0.0
2017-05-26,PERF,0.0
2017-05-26,PWE,0.2732
2017-05-26,RGI,0.0
2017-05-26,RYT,0.6369
2017-05-26,SPU,0.296
2017-05-26,UTEK,0.7717
2017-05-30,DBA,0.4215
2017-05-30,EQS,0.6597
2017-05-30,MLPA,-0.4951
2017-05-30,MLPX,-0.4951
2017-05-30,PBJ,0.4019
2017-05-30,PEJ,0.4019
2017-05-30,PSCD,0.4019
2017-05-30,RAI,0.4939
2017-05-30,TSO,0.2023
2017-05-30,VMBS,-0.1027
2017-05-31,ELOS,0.0
2017-05-31,ENOC,0.4215
2017-05-31,EPI,0.0
2017-05-31,FXB,0.0
2017-05-31,GBB,0.0
2017-05-31,IEO,0.2732
2017-05-31,MJN,0.0
2017-05-31,MSN,0.0
2017-05-31,NRO,0.0
2017-06-01,GBSN,0.0
2017-06-01,MBLY,0.0
2017-06-01,OCRX,0.0
2017-06-01,SPHQ,0.0
2017-06-01,TLLP,0.0
2017-06-01,TSO,0.0
2017-06-01,WILN,0.2732
2017-06-02,NOBL,0.5859
2017-06-02,PBJ,0.0
2017-06-02,PEJ,0.0
2017-06-02,PPP,0.0
2017-06-02,PSCD,0.0
2017-06-02,SRSC,-0.5267
2017-06-02,TLLP,-0.3612
2017-06-02,WPT,0.0
2017-06-05,ARKW,0.3182
2017-06-05,COVS,0.17759999999999998
2017-06-05,FM,0.0
2017-06-05,FXB,-0.6124
2017-06-05,GBB,-0.6124
2017-06-05,GULF,0.0
2017-06-05,IYZ,0.0516
2017-06-05,MLNK,0.1779
2017-06-05,NCIT,0.7845
2017-06-05,PEJ,-0.5574
2017-06-05,QAT,0.0
2017-06-05,SGG,0.0
2017-06-05,VSR,0.0
2017-06-06,AMRI,0.09866666666666667
2017-06-06,COVS,-0.1806
2017-06-06,ISTB,0.6249
2017-06-06,JNK,0.6249
2017-06-06,PHB,0.6249
2017-06-06,PNRA,0.0516
2017-06-06,TRMR,0.0
2017-06-06,UGLD,0.4939
2017-06-07,AMRI,0.0
2017-06-07,BEBE,0.0
2017-06-07,BNO,0.4215
2017-06-07,HYMB,0.0
2017-06-07,INVT,-0.29596666666666666
2017-06-07,ISRL,-0.4404
2017-06-07,LNBB,-0.26955
2017-06-07,PWE,0.0
2017-06-07,SGAR,0.128
2017-06-07,SGG,0.128
2017-06-07,STS,0.5574
2017-06-08,AMRI,0.28515
2017-06-08,ARIS,0.0
2017-06-08,DLS,0.0
2017-06-08,FXB,0.0
2017-06-08,GBB,0.0
2017-06-08,LMIA,0.4215
2017-06-08,LNBB,0.2023
2017-06-08,MAYS,0.516
2017-06-08,NEN,0.6705
2017-06-08,NMRX,-0.3612
2017-06-08,PVTB,0.0
2017-06-08,SCLN,0.1162
2017-06-08,SEV,0.4588
2017-06-08,TLTE,0.0
2017-06-08,TRR,0.0
2017-06-08,TSO,0.0
2017-06-09,ACFC,0.06743333333333333
2017-06-09,AHP,0.06743333333333333
2017-06-09,BAA,0.0
2017-06-09,BF.B,-0.4215
2017-06-09,BNO,0.0
2017-06-09,FCE.A,0.5106
2017-06-09,FXB,0.0
2017-06-09,GBB,0.0
2017-06-09,HEDJ,0.0
2017-06-09,LNBB,-0.3182
2017-06-09,MSF,0.2023
2017-06-09,QLGC,0.5267
2017-06-09,SCHD,0.0
2017-06-09,SCLN,0.0
2017-06-09,SPU,0.0
2017-06-10,KATE,0.0
2017-06-12,BNO,0.0
2017-06-12,DFT,0.28175
2017-06-12,DRAM,0.0
2017-06-12,EQS,0.0
2017-06-12,FEP,0.4019
2017-06-12,FSBK,0.16463333333333333
2017-06-12,MBLY,-0.08895
2017-06-12,MJN,0.3858333333333333
2017-06-12,TSO,0.296
2017-06-12,UWTI,0.0
2017-06-12,YHOO,-0.296
2017-06-13,ARKW,0.0
2017-06-13,BNO,-0.8126
2017-06-13,CLAC,0.10115
2017-06-13,DFT,0.10115
2017-06-13,DGAS,0.5106
2017-06-13,FDN,-0.6908
2017-06-13,FPO,0.0
2017-06-13,JW.A,0.0
2017-06-13,LUX,-0.3612
2017-06-13,NSR,0.0258
2017-06-13,TSO,0.0
2017-06-13,YHOO,0.0
2017-06-14,AEPI,0.34
2017-06-14,CRVP,0.0
2017-06-14,DBC,-0.1531
2017-06-14,DBO,-0.1531
2017-06-14,KIE,-0.21075
2017-06-14,MCHI,0.0
2017-06-14,NAME,0.0
2017-06-14,PERF,0.0
2017-06-14,YHOO,0.0
2017-06-15,AMFW,0.0
2017-06-15,BDE,0.5574
2017-06-15,ELOS,0.4767
2017-06-15,ERUS,0.40835
2017-06-15,FSBK,0.5267
2017-06-15,FXB,0.4588
2017-06-15,GBB,0.4588
2017-06-15,GLTR,0.5574
2017-06-15,KATE,0.0
2017-06-15,NAME,0.06743333333333333
2017-06-15,OKS,-0.11534999999999998
2017-06-15,PALL,0.5574
2017-06-15,RBL,0.40835
2017-06-15,RWC,0.7717
2017-06-15,SGOL,0.5574
2017-06-15,TICC,0.4767
2017-06-15,UWTI,0.0
2017-06-15,YHOO,0.0
2017-06-16,BEBE,0.0
2017-06-16,BHI,-0.128
2017-06-16,BNO,0.4588
2017-06-16,KATE,0.0
2017-06-16,PCO,0.38585
2017-06-16,UDN,0.0
2017-06-16,YHOO,0.296
2017-06-19,BOXC,0.2023
2017-06-19,CERU,0.0
2017-06-19,DEL,0.2732
2017-06-19,EMFM,0.3818
2017-06-19,GCC,0.3818
2017-06-19,HYMB,0.0
2017-06-19,KATE,0.0
2017-06-19,NADL,0.7003
2017-06-19,NVDQ,0.0
2017-06-19,PMR,-0.0772
2017-06-19,UTG,0.0
2017-06-19,YHOO,0.148
2017-06-19,ZPIN,0.4019
2017-06-20,AHP,0.0
2017-06-20,FM,0.0
2017-06-20,PRXL,0.0
2017-06-21,ARIS,0.4215
2017-06-21,DRAM,0.0
2017-06-21,LNKD,0.6369
2017-06-21,MYCC,0.0
2017-06-21,NUTR,0.0
2017-06-21,PRXL,0.0
2017-06-21,PZE,0.21813333333333337
2017-06-21,SCO,0.0
2017-06-21,SEV,-0.5267
2017-06-21,SRSC,0.0
2017-06-22,ARIS,0.0
2017-06-22,CVC,0.0
2017-06-22,DFT,0.050575
2017-06-22,EMQQ,0.6369
2017-06-22,ENOC,0.19733333333333333
2017-06-22,NWBO,0.2732
2017-06-22,OKS,0.6808
2017-06-22,PKW,0.0
2017-06-22,SRSC,0.09006666666666667
2017-06-23,AKP,0.0
2017-06-23,ENOC,0.050575
2017-06-23,KATE,0.0
2017-06-23,PIP,-0.7269
2017-06-23,SYT,-0.1027
2017-06-24,SNOW,0.0
2017-06-26,COVS,0.0
2017-06-26,CST,0.53385
2017-06-26,FVD,0.5106
2017-06-26,GSI,0.0772
2017-06-26,JDST,0.0
2017-06-26,KATE,0.26335
2017-06-26,KBIO,0.0
2017-06-26,NADL,0.296
2017-06-26,NMRX,-0.03260000000000002
2017-06-26,PBMD,0.1366
2017-06-26,PSCH,0.4939
2017-06-26,SSRI,0.0
2017-06-26,SYT,0.0
2017-06-26,VUG,0.0
2017-06-27,BHI,0.0
2017-06-27,CERU,0.0
2017-06-27,GQRE,0.0
2017-06-27,HNH,-0.04197500000000001
2017-06-27,KYO,0.0
2017-06-27,NADL,0.3182
2017-06-27,QLD,0.296
2017-06-27,SWY,0.0
2017-06-27,SYT,0.06443333333333333
2017-06-27,UDOW,0.296
2017-06-27,URE,0.296
2017-06-27,UWM,0.296
2017-06-28,BOXC,0.0
2017-06-28,BRCM,-0.20095
2017-06-28,DXJ,0.0
2017-06-28,FPO,-0.002760000000000007
2017-06-28,FRP,0.3071
2017-06-28,IEFA,0.0
2017-06-28,PWE,0.03484999999999999
2017-06-28,QEFA,0.0
2017-06-28,VUG,0.0
2017-06-29,ALJ,0.4215
2017-06-29,AMFW,-0.3384
2017-06-29,EPHE,0.0
2017-06-29,EUFN,0.0
2017-06-29,IGV,0.0
2017-06-29,KATE,0.6486
2017-06-29,LNBB,-0.2732
2017-06-29,PBMD,0.0
2017-06-29,PNRA,0.4588
2017-06-29,TBT,0.0
2017-06-29,WMAR,0.148
2017-06-29,ZTR,0.0
2017-06-30,BHI,-0.125
2017-06-30,DBA,0.0
2017-06-30,KATE,0.0
2017-06-30,MOBI,-0.5574
2017-06-30,OKS,0.0
2017-06-30,PKY,0.34369999999999995
2017-06-30,PNRA,0.1779
2017-06-30,RBCN,0.0
2017-06-30,RETL,0.0
2017-06-30,SNBC,0.4404
2017-06-30,SPNC,0.0
2017-06-30,SPXS,0.0
2017-06-30,SRSC,0.8074
2017-06-30,WMAR,0.257775
2017-06-30,WPT,0.0
2017-07-02,BHI,0.0
2017-07-02,KATE,0.0
2017-07-03,AWH,0.37095
2017-07-03,IGV,0.0
2017-07-03,MRVC,0.13396666666666665
2017-07-03,NCIT,0.15045
2017-07-03,OPXA,0.026475
2017-07-03,RATE,0.01765
2017-07-05,ALDW,0.2023
2017-07-05,CERU,0.802
2017-07-05,KEF,0.0
2017-07-05,MORE,0.2023
2017-07-05,RATE,0.2023
2017-07-05,UWTI,0.5719
2017-07-05,XGTIW,0.0
2017-07-06,AAXJ,0.0
2017-07-06,ANGL,-0.3612
2017-07-06,DRAM,0.6808
2017-07-06,EIDO,0.0
2017-07-06,ENZY,0.296
2017-07-06,EPHE,-0.1806
2017-07-06,EPI,0.0
2017-07-06,EPP,0.0
2017-07-06,EWT,0.0
2017-07-06,FXR,0.0
2017-07-06,GALE,0.4404
2017-07-06,HSNI,-0.20373333333333332
2017-07-06,MORE,0.0
2017-07-06,PHMD,0.4767
2017-07-06,PKY,0.24914999999999998
2017-07-06,PNRA,-0.631
2017-07-06,QVCB,0.5267
2017-07-06,SRSC,0.5267
2017-07-06,USAG,0.2023
2017-07-06,VNM,0.0
2017-07-07,AAU,0.0
2017-07-07,AWH,0.0
2017-07-07,BHI,-0.25
2017-07-07,HSNI,0.0
2017-07-07,ITOT,0.0
2017-07-07,NEWS,0.1779
2017-07-07,SCHB,0.0
2017-07-07,SCHX,0.0
2017-07-10,CRDS,-0.5423
2017-07-10,HCOM,0.296
2017-07-10,MBLY,0.4215
2017-07-10,MORE,0.296
2017-07-10,MSLI,0.7351
2017-07-10,MYCC,0.296
2017-07-10,NEOT,0.0
2017-07-10,NVDQ,0.296
2017-07-10,PBMD,0.4767
2017-07-10,ROKA,0.4939
2017-07-10,SCO,0.0
2017-07-10,SPNC,0.0
2017-07-10,VLUE,0.34
2017-07-11,ADK,0.0
2017-07-11,AMFW,0.0
2017-07-11,EWM,0.0
2017-07-11,GCC,0.1027
2017-07-11,GUID,0.4404
2017-07-11,HCOM,0.0
2017-07-11,JXSB,0.0
2017-07-11,KBA,0.0
2017-07-11,KCNY,0.0
2017-07-11,KFYP,0.0
2017-07-11,MLPX,0.1027
2017-07-11,MYCC,0.0
2017-07-11,PNRA,0.0
2017-07-11,PRXL,0.0
2017-07-11,SYT,-0.3182
2017-07-12,AMFW,-0.26335
2017-07-12,BDR,0.07144999999999999
2017-07-12,GALE,0.0
2017-07-12,MOO,0.0
2017-07-12,PCO,0.3875
2017-07-12,PEBK,0.296
2017-07-12,SPHQ,0.0
2017-07-13,BKSC,0.0
2017-07-13,CIE,-0.3612
2017-07-13,DBC,0.0
2017-07-13,DGI,0.0
2017-07-13,DRWI,-0.13609999999999997
2017-07-13,EURL,0.0
2017-07-13,FXF,0.5106
2017-07-13,LMOS,0.0
2017-07-13,MORE,0.10115
2017-07-13,NVDQ,0.41135
2017-07-13,OCLS,0.0
2017-07-13,SYT,0.296
2017-07-14,DBA,-0.2732
2017-07-14,DGICB,-0.7964
2017-07-14,FSAM,0.296
2017-07-14,FSC,0.296
2017-07-14,GFA,0.0
2017-07-14,MBLY,0.0772
2017-07-14,RAI,0.5499
2017-07-14,UWTI,0.2732
2017-07-16,PBMD,0.0
2017-07-17,CRDS,0.5106
2017-07-17,DDC,0.0
2017-07-17,FSC,0.1661
2017-07-17,NAME,0.2263
2017-07-17,RWL,0.0
2017-07-17,SEV,0.2105
2017-07-17,TESO,0.296
2017-07-18,BHI,0.0
2017-07-18,CNNX,-0.3612
2017-07-18,CRDS,-0.26335
2017-07-18,CUNB,0.0
2017-07-18,DDC,0.22057500000000002
2017-07-18,DXJ,0.3818
2017-07-18,FSC,0.06743333333333333
2017-07-18,FUEL,0.22199999999999998
2017-07-18,SCHF,0.3818
2017-07-18,SEV,0.0
2017-07-19,CERU,0.0
2017-07-19,COVS,0.0
2017-07-19,DDC,0.27115
2017-07-19,FNFV,0.0
2017-07-19,PNRA,0.4215
2017-07-19,QLD,0.0
2017-07-19,RAI,0.0
2017-07-19,VCR,0.0
2017-07-20,BKMU,0.0
2017-07-20,CBF,0.0
2017-07-20,DGI,0.0
2017-07-20,DRWI,0.098575
2017-07-20,FSBK,0.0
2017-07-20,MYCC,0.0
2017-07-20,PFO,0.1531
2017-07-20,PIE,0.4019
2017-07-20,RAI,0.296
2017-07-20,UDN,-0.6249
2017-07-20,USDU,-0.6249
2017-07-21,BKMU,0.0
2017-07-21,DFE,0.0
2017-07-21,DGI,0.0
2017-07-21,DRWI,0.2263
2017-07-21,FSC,0.0
2017-07-21,HSNI,0.5994
2017-07-21,LIT,0.0
2017-07-21,TLLP,0.0
2017-07-21,TSO,0.0
2017-07-24,CNNX,0.0
2017-07-24,LNBB,0.296
2017-07-24,NVDQ,0.4019
2017-07-24,PDN,0.0
2017-07-24,PRF,0.0
2017-07-24,TSO,0.0
2017-07-24,UWTI,0.4939
2017-07-24,WBMD,0.28134000000000003
2017-07-25,ATLS,0.5994
2017-07-25,COVS,0.5994
2017-07-25,DGRW,0.3818
2017-07-25,MORE,0.10115
2017-07-25,MSFG,0.17556666666666665
2017-07-25,NORD,0.0
2017-07-25,OKSB,0.0
2017-07-25,SPNC,0.10115
2017-07-25,VIG,0.3818
2017-07-25,WBMD,0.14579999999999999
2017-07-26,CBS.A,0.0
2017-07-26,CSBK,0.0
2017-07-26,FHCO,0.06743333333333333
2017-07-26,GUID,0.2851666666666667
2017-07-26,MKC.V,0.0
2017-07-26,MSFG,0.0
2017-07-26,MTK,0.0
2017-07-26,PBIB,0.0
2017-07-26,PFBX,0.0
2017-07-26,RBPAA,0.0
2017-07-26,SNBC,0.0
2017-07-26,SNC,0.307
2017-07-26,SPNC,0.4767
2017-07-27,ALDW,0.0
2017-07-27,BSF,0.0
2017-07-27,DFT,0.0
2017-07-27,FPO,0.5106
2017-07-27,GUID,0.0
2017-07-27,MPEL,0.5859
2017-07-27,NUTR,0.0
2017-07-27,PSTB,0.0
2017-07-27,QDEF,0.4404
2017-07-27,RBL,0.296
2017-07-27,SHOR,0.16191666666666668
2017-07-27,TMF,0.0
2017-07-27,WAYN,0.0
2017-07-27,XCO,0.0
2017-07-28,BHI,0.0
2017-07-28,CFNB,0.0
2017-07-28,DGI,0.0
2017-07-28,IPAC,0.0
2017-07-28,MSFG,0.0
2017-07-28,NSH,0.0
2017-07-28,PBIB,0.0
2017-07-28,PNRA,-0.0772
2017-07-28,SGBK,0.0
2017-07-28,SHOR,0.0
2017-07-28,VXF,0.1779
2017-07-29,CVC,0.3612
2017-07-29,MEG,0.3612
2017-07-31,AHGP,0.2787
2017-07-31,CDI,0.21025999999999997
2017-07-31,ECH,0.0
2017-07-31,HLS,-0.09866666666666667
2017-07-31,JJC,0.0
2017-07-31,MBLY,0.7717
2017-07-31,NCIT,0.0
2017-07-31,SHOR,0.10115
2017-07-31,STS,0.5574
2017-07-31,XRA,0.0
2017-07-31,ZPIN,0.0
2017-08-01,CBMX,-0.3612
2017-08-01,DRWI,-0.296
2017-08-01,GNMA,0.0
2017-08-01,GUID,0.0
2017-08-01,HDV,0.0
2017-08-01,MBLY,0.4404
2017-08-01,MUB,0.0
2017-08-01,NSR,0.0
2017-08-01,OCRX,0.0
2017-08-01,OGXI,0.34
2017-08-01,PEY,0.0
2017-08-01,UCP,0.0
2017-08-02,AHP,0.0
2017-08-02,BDE,0.27115
2017-08-02,DEL,0.0
2017-08-02,EGAS,0.8074
2017-08-02,FDN,0.4215
2017-08-02,FEZ,0.0
2017-08-02,FV,0.4215
2017-08-02,FXR,0.4215
2017-08-02,ISTB,0.0
2017-08-02,MRVC,0.0
2017-08-02,NEWS,0.0
2017-08-02,NMRX,0.148
2017-08-02,PMC,0.17556666666666665
2017-08-02,QTEC,0.4215
2017-08-02,RMP,0.0
2017-08-03,ABTL,-0.148
2017-08-03,AIQ,0.0
2017-08-03,CBMX,0.0
2017-08-03,FIG,0.0
2017-08-03,FUE,0.3182
2017-08-03,HSNI,0.0
2017-08-03,IFMI,0.0
2017-08-03,MORE,0.5106
2017-08-03,NMRX,0.03273333333333336
2017-08-03,ONVI,0.0
2017-08-03,PMC,0.06743333333333333
2017-08-03,SPNC,0.0
2017-08-03,TESO,0.6639
2017-08-03,TORM,0.0
2017-08-03,TRMR,0.0
2017-08-03,VLUE,0.0
2017-08-03,WSTC,0.0
2017-08-04,ABTL,0.12647999999999998
2017-08-04,CBMX,0.10115
2017-08-04,FM,0.0
2017-08-04,NVDQ,0.0
2017-08-04,OB,0.17
2017-08-04,PMC,0.3818
2017-08-04,Q,0.0
2017-08-04,SPNC,0.0
2017-08-04,UCBA,0.4215
2017-08-04,VNM,0.0
2017-08-07,ATW,0.1609
2017-08-07,BDE,0.34
2017-08-07,CNNX,0.0
2017-08-07,FEMS,0.4767
2017-08-07,LMOS,0.0
2017-08-07,NSR,0.5267
2017-08-07,PKY,0.4019
2017-08-07,PMM,0.8658
2017-08-07,RAI,0.0
2017-08-07,RATE,0.0
2017-08-07,SMM,0.7184
2017-08-07,SPLS,-0.2732
2017-08-07,TRMR,0.0
2017-08-07,UDN,0.0
2017-08-08,ACSF,0.5994
2017-08-08,ARCX,0.0
2017-08-08,CDI,0.0
2017-08-08,CIE,0.2732
2017-08-08,COPX,0.0
2017-08-08,CQH,0.2732
2017-08-08,DBC,0.2023
2017-08-08,ECON,0.0
2017-08-08,GALE,0.0
2017-08-08,HCOM,0.0
2017-08-08,HILO,0.0
2017-08-08,HNH,0.0
2017-08-08,INCO,0.0
2017-08-08,JJC,0.0
2017-08-08,LDR,0.0
2017-08-08,LNKD,0.0
2017-08-08,NEWS,0.0
2017-08-08,NMRX,0.0
2017-08-08,SNC,0.0
2017-08-08,SSNI,0.0
2017-08-08,TESO,0.0
2017-08-08,TICC,0.0
2017-08-08,TSO,0.0
2017-08-08,UGL,0.0
2017-08-08,VLUE,0.34
2017-08-08,VTTI,0.2732
2017-08-08,WNRL,0.0
2017-08-09,ARCX,0.0
2017-08-09,BIF,0.3818
2017-08-09,BWINA,0.0
2017-08-09,CAB,-0.3612
2017-08-09,CSBK,0.0
2017-08-09,FAC,0.4588
2017-08-09,FCH,0.0
2017-08-09,FSC,0.0
2017-08-09,FUEL,-0.1591
2017-08-09,GALE,0.0
2017-08-09,MORE,0.0
2017-08-09,NTL,0.0
2017-08-09,NVDQ,0.4767
2017-08-09,PMC,0.8074
2017-08-09,PZE,0.0
2017-08-09,SCLN,0.0
2017-08-09,STS,0.29768
2017-08-09,XSOE,0.0
2017-08-10,CAB,-0.3612
2017-08-10,CEMP,-0.1081333333333333
2017-08-10,INVN,-0.4588
2017-08-10,LLTC,-0.4588
2017-08-10,NEOT,0.0
2017-08-10,RTK,0.0
2017-08-10,STS,0.0
2017-08-10,UWTI,-0.7096
2017-08-10,VIXY,0.0
2017-08-11,ADHD,0.0
2017-08-11,EPI,0.0
2017-08-11,ETRM,-0.19972499999999999
2017-08-11,HEDJ,0.0
2017-08-11,RICE,0.2732
2017-08-14,AAXJ,0.6249
2017-08-14,ACUR,0.0
2017-08-14,ADK,0.0
2017-08-14,AMZA,0.1779
2017-08-14,CAB,0.0
2017-08-14,EPI,0.3612
2017-08-14,GALE,0.0
2017-08-14,MCHI,0.6249
2017-08-14,MOAT,0.0
2017-08-14,NVGN,0.0
2017-08-14,RICE,0.5835666666666667
2017-08-14,SEV,0.0
2017-08-14,TEAR,0.0
2017-08-14,TESO,0.36345
2017-08-14,VEU,0.0
2017-08-14,WNRL,0.2023
2017-08-15,AIQ,0.5423
2017-08-15,ATW,0.6124
2017-08-15,CRDS,0.359
2017-08-15,DGI,0.3182
2017-08-15,FSAM,0.3612
2017-08-15,HLS,0.0
2017-08-15,SBRAP,0.6808
2017-08-15,SPLS,0.0772
2017-08-15,TEAR,0.07190000000000002
2017-08-16,AF,0.4767
2017-08-16,BDL,0.0
2017-08-16,BLVD,0.52015
2017-08-16,CRDS,-0.26335
2017-08-16,DSLV,0.0
2017-08-16,ENZY,0.0
2017-08-16,PBMD,0.0
2017-08-16,SCHZ,0.0
2017-08-16,SCZ,0.4404
2017-08-16,SIL,0.0
2017-08-16,SIVR,0.0
2017-08-16,XCO,0.0
2017-08-16,ZSL,0.0
2017-08-17,AMRI,0.4767
2017-08-17,FHY,0.5106
2017-08-17,GUID,0.0
2017-08-17,MDYG,0.0
2017-08-17,MDYV,0.0
2017-08-17,ROKA,0.3612
2017-08-17,RYH,0.7096
2017-08-18,AMRI,0.0
2017-08-18,EFNL,-0.4767
2017-08-21,ENRJ,0.0
2017-08-21,FSAM,0.3612
2017-08-21,MLPA,-0.4404
2017-08-21,MLPX,-0.4404
2017-08-22,BNSO,0.0
2017-08-22,BSF,0.2202
2017-08-22,CBMX,0.0
2017-08-22,DRW,0.0
2017-08-22,KOL,-0.132
2017-08-22,NVGN,0.0
2017-08-22,XMLV,0.2023
2017-08-22,XSLV,0.2023
2017-08-23,BNSO,-0.5267
2017-08-23,BSF,0.0
2017-08-23,ENZY,-0.1779
2017-08-23,FAC,0.4588
2017-08-23,WPPGY,-0.17556666666666665
2017-08-24,DBC,0.3182
2017-08-24,DCM,0.6124
2017-08-24,ENZY,0.0
2017-08-24,PKY,-0.1779
2017-08-24,SPLS,0.0
2017-08-24,TRMR,0.296
2017-08-25,COPX,0.5859
2017-08-25,DXJ,0.2263
2017-08-25,ECH,0.5859
2017-08-25,FPE,0.34
2017-08-25,FXY,0.2263
2017-08-25,JJC,0.5859
2017-08-25,KORU,0.5859
2017-08-26,BNO,0.0
2017-08-27,PERF,0.0
2017-08-28,DEL,0.0
2017-08-28,ENZY,-0.08895
2017-08-28,EXA,0.0
2017-08-28,IAK,-0.2023
2017-08-28,IXYS,0.0321
2017-08-28,JDST,0.4019
2017-08-28,KBWP,-0.2023
2017-08-28,NFRA,0.4588
2017-08-28,NSH,0.0
2017-08-28,PRXL,0.0
2017-08-28,UNXL,-0.07617777777777777
2017-08-28,WFM,-0.0663
2017-08-29,ABCO,0.2910142857142857
2017-08-29,AMRI,0.128
2017-08-29,ARCX,0.25
2017-08-29,ATW,0.0
2017-08-29,ETRM,0.0
2017-08-29,ICLD,0.5574
2017-08-30,ARCX,0.0
2017-08-30,ENZY,0.5106
2017-08-30,Q,0.0
2017-08-30,TEAR,0.0
2017-08-31,AF,0.4215
2017-08-31,CIE,0.0
2017-08-31,DGI,0.4215
2017-08-31,HLS,-0.07945
2017-08-31,IAK,0.0
2017-08-31,IXYS,0.0
2017-08-31,KBWP,0.0
2017-08-31,RWC,0.0
2017-08-31,VGT,0.2263
2017-08-31,YYY,0.0
2017-09-01,BAR,0.0
2017-09-01,CARZ,-0.128
2017-09-01,DTV,0.0
2017-09-01,KITE,-0.17
2017-09-01,KYO,0.0
2017-09-01,NVDQ,0.296
2017-09-01,VLUE,0.34
2017-09-01,WFM,-0.3818
2017-09-01,ZPIN,0.0
2017-09-04,WFM,0.4588
2017-09-05,BWINB,0.296
2017-09-05,CWB,0.0
2017-09-05,ETRM,0.4767
2017-09-05,FNFV,0.0
2017-09-05,KITE,0.4404
2017-09-05,MSN,0.0
2017-09-05,PBMD,0.5423
2017-09-05,PERF,0.5859
2017-09-05,SPLS,0.0
2017-09-05,UNXL,0.0
2017-09-06,ABTL,0.0
2017-09-06,CAB,0.28459999999999996
2017-09-06,DDC,0.22666666666666668
2017-09-06,EFV,0.34
2017-09-06,IPCC,-0.8885
2017-09-06,JJC,0.0
2017-09-06,LDR,0.3635333333333333
2017-09-06,MGCD,0.0
2017-09-06,SPLS,0.4019
2017-09-06,WPCS,0.0
2017-09-07,CAB,0.119175
2017-09-07,CBF,0.4939
2017-09-07,FSC,0.4939
2017-09-07,GUID,0.0
2017-09-07,KITE,0.0
2017-09-07,MYCC,0.2023
2017-09-07,RAS,0.7184
2017-09-07,WFM,0.0
2017-09-07,XSOE,0.4767
2017-09-08,EUFN,0.0
2017-09-08,GALE,0.6808
2017-09-08,LNBB,-0.16445
2017-09-08,PBMD,0.25
2017-09-08,RICE,-0.017066666666666636
2017-09-11,CEW,0.7003
2017-09-11,CUT,0.0
2017-09-11,EPI,0.296
2017-09-11,GALE,0.0
2017-09-11,NVDQ,0.296
2017-09-11,RIC,0.06867999999999999
2017-09-11,RTH,0.2023
2017-09-11,SSNI,0.4019
2017-09-11,WOOD,0.0
2017-09-12,CDI,0.44094999999999995
2017-09-12,MOO,0.0
2017-09-12,WMAR,0.20095
2017-09-13,BNO,-0.5719
2017-09-13,DFT,0.4019
2017-09-13,EEMA,0.0
2017-09-13,FPO,-0.1779
2017-09-13,FTSL,0.4404
2017-09-13,HNH,0.296
2017-09-13,NADL,0.0
2017-09-13,RATE,0.20095
2017-09-13,SNLN,0.4404
2017-09-13,SRLN,0.4404
2017-09-13,VTTI,0.2732
2017-09-13,WPCS,-0.3182
2017-09-13,XTN,-0.5719
2017-09-14,ATW,0.4939
2017-09-14,CRVP,0.0
2017-09-14,HSNI,0.0772
2017-09-14,LIT,0.5106
2017-09-14,MORE,0.0
2017-09-14,PFF,0.0
2017-09-14,PHMD,-0.4404
2017-09-14,Q,0.296
2017-09-14,REMX,0.5106
2017-09-14,SPFF,0.0
2017-09-14,XSOE,0.0
2017-09-15,IVW,0.3818
2017-09-15,MYCC,0.0
2017-09-15,RSP,0.0
2017-09-15,VUG,0.3818
2017-09-18,BEBE,0.0
2017-09-18,NRCIA,0.0
2017-09-18,NRCIB,0.0
2017-09-18,PKW,0.4215
2017-09-18,PRXL,0.0
2017-09-18,SCZ,0.0
2017-09-18,SSNI,0.4404
2017-09-19,ALR,0.296
2017-09-19,BFOR,0.2732
2017-09-19,BOBE,0.1244
2017-09-19,ERUS,0.0
2017-09-19,Q,0.0
2017-09-19,SBRAP,0.5859
2017-09-19,SSNI,0.0
2017-09-20,ADK,0.4588
2017-09-20,CSD,0.0
2017-09-20,GRN,0.0
2017-09-20,NWBO,0.0
2017-09-20,TSL,0.0
2017-09-20,WFM,-0.1779
2017-09-21,EWGS,0.0
2017-09-21,SHOR,0.3612
2017-09-21,VYM,0.0
2017-09-22,AKP,0.0
2017-09-22,BOBE,-0.02363333333333333
2017-09-22,EIRL,0.0
2017-09-22,RPV,0.6124
2017-09-22,SEV,0.0
2017-09-22,SSNI,0.0
2017-09-24,FIG,0.0
2017-09-25,ACTA,0.41135
2017-09-25,ATW,-0.1973
2017-09-25,CAB,0.0
2017-09-25,NVGN,0.4215
2017-09-25,OB,0.2023
2017-09-25,PKY,0.20095
2017-09-25,SGBK,0.0
2017-09-25,VSR,0.8271
2017-09-25,WFM,0.0
2017-09-25,ZPIN,0.0
2017-09-26,ACTA,0.187425
2017-09-26,AF,0.5267
2017-09-26,CQH,0.2732
2017-09-26,FPO,0.3825
2017-09-26,IEFA,-0.296
2017-09-26,JDST,0.0
2017-09-26,KITE,0.0
2017-09-26,PRXL,0.5267
2017-09-26,QQQE,0.0
2017-09-26,ROKA,0.2732
2017-09-26,SYT,-0.11535000000000001
2017-09-26,TRMR,0.0
2017-09-27,ANCB,0.4939
2017-09-27,BWX,0.0
2017-09-27,BYBK,0.44236666666666663
2017-09-27,CBMX,0.7269
2017-09-27,CEMP,0.0
2017-09-27,HEDJ,0.0
2017-09-27,IYG,0.0
2017-09-27,NDRO,0.5106
2017-09-28,ALR,-0.22820000000000001
2017-09-28,ATW,0.0
2017-09-28,BYBK,0.0
2017-09-28,CEMP,0.0
2017-09-28,EXA,0.12038333333333333
2017-09-28,FM,0.0
2017-09-28,GULF,0.0
2017-09-28,NDRO,0.5106
2017-09-28,QVCA,0.3182
2017-09-28,SNAK,0.0
2017-09-28,TWER,0.0
2017-09-28,VUG,0.1531
2017-09-28,XME,-0.2263
2017-09-29,ALR,0.24695
2017-09-29,CPN,0.128
2017-09-29,HEWJ,0.0
2017-09-29,PRXL,0.0
2017-09-29,WFM,0.0
2017-10-02,ABCO,0.25
2017-10-02,ABTL,0.0
2017-10-02,ALR,0.0
2017-10-02,FNCL,-0.3182
2017-10-02,GALE,0.296
2017-10-02,IXC,0.0
2017-10-02,IXJ,-0.3182
2017-10-02,IYF,-0.3182
2017-10-02,IYG,-0.3182
2017-10-02,KXI,0.0
2017-10-02,LVLT,0.49920000000000003
2017-10-02,PXE,0.0
2017-10-02,RYH,-0.3182
2017-10-02,UYG,-0.3182
2017-10-02,VFH,-0.3182
2017-10-03,AMZA,0.0
2017-10-03,BRCD,-0.1219
2017-10-03,CPN,0.128
2017-10-03,ETRM,0.5267
2017-10-03,IVW,0.3818
2017-10-03,KYO,0.0
2017-10-03,LVLT,0.0
2017-10-03,YUME,0.25
2017-10-04,CEMP,0.0
2017-10-04,HOT,0.0
2017-10-04,LVLT,0.296
2017-10-04,XHE,-0.4588
2017-10-05,IEFA,0.5994
2017-10-05,KYO,-0.296
2017-10-05,LNBB,0.296
2017-10-05,LVLT,0.296
2017-10-05,MAYS,0.516
2017-10-05,ONVI,0.185
2017-10-06,ATW,0.6124
2017-10-06,BBC,0.34
2017-10-06,CURE,0.7096
2017-10-06,FHLC,0.7096
2017-10-06,KITE,0.34
2017-10-06,OME,-0.027285714285714285
2017-10-06,ONVI,0.0
2017-10-06,PBE,0.7096
2017-10-06,TESO,0.0258
2017-10-06,VHT,0.7096
2017-10-09,ABTL,0.0
2017-10-09,ADHD,0.3818
2017-10-09,BAR,0.0
2017-10-09,FSAM,0.0
2017-10-09,HYMB,-0.6369
2017-10-09,MLPA,0.0
2017-10-09,OME,0.0
2017-10-09,PBW,0.5859
2017-10-09,PZT,-0.6369
2017-10-10,ADHD,0.3818
2017-10-10,BAR,0.5106
2017-10-10,DGRS,0.6597
2017-10-10,MSN,0.4939
2017-10-10,PKY,0.4019
2017-10-10,ROKA,0.296
2017-10-10,SNC,0.0
2017-10-10,WPCS,0.0
2017-10-11,COH,0.0
2017-10-11,GVAL,0.34
2017-10-11,KBE,0.4404
2017-10-11,LDR,0.296
2017-10-11,LMOS,-0.296
2017-10-11,LVLT,-0.1779
2017-10-11,PBMD,0.0
2017-10-11,RTH,0.5719
2017-10-11,SCLN,0.296
2017-10-11,WPCS,0.3404
2017-10-12,ARKW,0.0
2017-10-12,COH,-0.4585
2017-10-12,EXA,0.0
2017-10-12,JXSB,0.0
2017-10-12,LDR,0.0
2017-10-12,RIC,0.0
2017-10-12,RUSL,0.34
2017-10-12,RUSS,0.34
2017-10-12,SCLN,0.0
2017-10-12,VTIP,0.0
2017-10-13,DWAS,0.0
2017-10-13,FSAM,0.6369
2017-10-13,IXYS,0.3716
2017-10-16,AGII,-0.4019
2017-10-16,CCUR,0.0
2017-10-16,FSAM,0.0
2017-10-16,LEMB,0.0
2017-10-16,MLNK,0.0
2017-10-16,OKSB,0.0
2017-10-16,PLKI,0.0
2017-10-16,RT,0.0
2017-10-17,ETRM,0.0
2017-10-17,ITOT,0.0
2017-10-17,JW.A,0.0
2017-10-17,MLNK,0.27423333333333333
2017-10-17,NEOT,0.0
2017-10-17,NEWS,0.4019
2017-10-17,RICE,0.5719
2017-10-17,RT,0.0
2017-10-17,SCSS,0.24080000000000001
2017-10-17,SNAK,0.0
2017-10-17,SPYG,0.0
2017-10-17,SPYV,0.0
2017-10-17,TEAR,0.0
2017-10-18,BKMU,0.0
2017-10-18,BRCD,-0.1779
2017-10-18,MLNK,0.0
2017-10-18,NEOT,0.0
2017-10-18,OKSB,0.4019
2017-10-18,RAS,0.5106
2017-10-18,RPRX,0.0
2017-10-18,SCSS,0.0
2017-10-18,WAYN,0.0
2017-10-18,WFBI,0.0
2017-10-19,ADHD,-0.005080000000000006
2017-10-19,BSF,0.0
2017-10-19,CBF,0.0
2017-10-19,CCUR,0.0
2017-10-19,CZFC,0.0
2017-10-19,CZNC,0.0
2017-10-19,DGICB,-0.0516
2017-10-19,FHY,0.2732
2017-10-19,FSBK,0.0
2017-10-19,NEOT,0.0
2017-10-19,SCSS,0.0
2017-10-19,USDU,0.0
2017-10-19,VYM,-0.1531
2017-10-19,WFBI,0.0
2017-10-19,XSLV,-0.2732
2017-10-20,ADHD,0.0
2017-10-20,CBMX,0.0
2017-10-20,CNNX,0.0
2017-10-20,CNXR,0.0
2017-10-20,COH,-0.2481
2017-10-20,DFE,0.1779
2017-10-20,ENRJ,0.34
2017-10-20,FSAM,0.6369
2017-10-20,NEOT,0.0
2017-10-20,NSH,0.0516
2017-10-20,RMP,0.0
2017-10-21,PMF,0.6369
2017-10-22,COH,0.0
2017-10-23,BHI,-0.3818
2017-10-23,BKMU,0.5106
2017-10-23,CNXR,0.06436
2017-10-23,COH,0.0
2017-10-23,DEL,0.14006000000000002
2017-10-23,ENRJ,0.0
2017-10-23,ETRM,0.296
2017-10-23,NTL,0.0
2017-10-23,QUAL,0.3612
2017-10-23,RPRX,0.0
2017-10-23,SCHM,0.0
2017-10-23,SNBC,0.5106
2017-10-23,SNC,0.0
2017-10-24,ACFC,0.0
2017-10-24,ALDW,0.0
2017-10-24,BKMU,0.44789999999999996
2017-10-24,BSFT,0.06743333333333333
2017-10-24,CFNB,0.0
2017-10-24,CNXR,0.0
2017-10-24,FDN,0.0
2017-10-24,RBPAA,0.0
2017-10-24,SNBC,0.4019
2017-10-24,SNC,0.4019
2017-10-24,WAC,0.0
2017-10-25,BCR,0.3818
2017-10-25,CPN,-0.1779
2017-10-25,DXJ,0.0
2017-10-25,DYN,0.296
2017-10-25,ESSA,0.0
2017-10-25,FNFV,0.34
2017-10-25,FSAM,0.42255
2017-10-25,GULF,0.0
2017-10-25,MSFG,0.0
2017-10-25,PBIB,0.0
2017-10-25,PFBX,0.0
2017-10-25,ROKA,0.296
2017-10-25,SYMX,0.2732
2017-10-25,TBT,0.0
2017-10-26,BONT,0.148
2017-10-26,BYBK,0.0
2017-10-26,DCM,0.0
2017-10-26,FEZ,-0.296
2017-10-26,HLS,0.0
2017-10-26,JPIN,-0.296
2017-10-26,KCLI,0.0
2017-10-26,NEOT,0.0
2017-10-26,PLPM,0.148
2017-10-26,POT,0.29295
2017-10-26,Q,0.0
2017-10-26,RETL,0.5267
2017-10-26,SNAK,0.17759999999999998
2017-10-26,SNBC,0.0
2017-10-26,TORM,0.0
2017-10-26,XCO,0.0
2017-10-27,BONT,0.0
2017-10-27,DYN,0.0
2017-10-27,GIMO,0.10115
2017-10-27,PLPM,0.03558
2017-10-27,PSTB,0.0
2017-10-27,Q,0.0
2017-10-27,SNAK,0.0
2017-10-27,TORM,0.0
2017-10-27,WAC,0.0
2017-10-27,XCO,0.0
2017-10-27,XME,0.0
2017-10-29,BSFT,0.0
2017-10-30,AHGP,0.0
2017-10-30,ALU,0.296
2017-10-30,ANCB,0.0
2017-10-30,BONT,0.0
2017-10-30,COH,0.0
2017-10-30,DYN,0.6705
2017-10-30,EVAR,0.148
2017-10-30,GIMO,0.0
2017-10-30,LVLT,0.3980666666666666
2017-10-30,PLPM,0.0
2017-10-30,WNRL,0.296
2017-10-31,BONT,0.0
2017-10-31,CNXR,0.0
2017-10-31,CPLA,0.0
2017-10-31,DGAZ,0.0
2017-10-31,DYN,0.0
2017-10-31,EVAR,0.28975
2017-10-31,FSBK,0.5106
2017-10-31,LVLT,0.0
2017-10-31,QVCA,0.0
2017-10-31,RICE,0.4404
2017-10-31,SMLR,0.0
2017-10-31,VGT,0.0
2017-10-31,WPPGY,0.1909
2017-10-31,WR,0.2732
2017-11-01,ABY,0.0
2017-11-01,AHP,-0.296
2017-11-01,CEMP,0.0
2017-11-01,CNXR,0.0
2017-11-01,CPN,0.0
2017-11-01,CRTN,0.0
2017-11-01,DYN,-0.3182
2017-11-01,EFA,0.0
2017-11-01,EVAR,0.148
2017-11-01,GXP,0.7351
2017-11-01,IEFA,0.0
2017-11-01,NEWS,0.0
2017-11-01,SCSS,0.56555
2017-11-01,SNAK,0.0
2017-11-01,TNH,0.0
2017-11-01,VEA,0.0
2017-11-02,AGII,0.0
2017-11-02,CIE,0.1366
2017-11-02,CNNX,0.0
2017-11-02,COH,0.2787
2017-11-02,CRTN,0.0662
2017-11-02,CSBK,0.0
2017-11-02,FNK,0.2732
2017-11-02,HDNG,0.35026666666666667
2017-11-02,HLS,0.0
2017-11-02,KED,0.4215
2017-11-02,KYE,0.4215
2017-11-02,LIT,-0.01935
2017-11-02,OCRX,0.148
2017-11-02,OMAM,0.3612
2017-11-02,RAS,0.6705
2017-11-02,RICE,0.2732
2017-11-02,RMP,0.0
2017-11-02,TICC,0.0
2017-11-03,BRCD,0.0
2017-11-03,CEMP,0.0
2017-11-03,CIE,0.0
2017-11-03,CRTN,0.0
2017-11-03,EFA,0.0
2017-11-03,FVD,0.0
2017-11-03,HDNG,0.0
2017-11-03,MOG.A,0.0
2017-11-03,OCRX,0.0
2017-11-03,RAS,0.0
2017-11-03,RTH,-0.5848
2017-11-04,DGRW,0.0
2017-11-06,BCR,0.0
2017-11-06,BSFT,0.0
2017-11-06,CBMX,0.0
2017-11-06,CIE,0.0
2017-11-06,MUB,0.0
2017-11-06,NVGN,0.0
2017-11-06,PGEM,0.0
2017-11-06,RIC,0.2023
2017-11-06,TICC,0.0
2017-11-07,AGU,-0.296
2017-11-07,ARCX,0.0
2017-11-07,BSFT,0.0
2017-11-07,DGAZ,0.4404
2017-11-07,EVEP,0.0
2017-11-07,FAC,0.4588
2017-11-07,HCN,-0.042666666666666665
2017-11-07,HCOM,0.0
2017-11-07,NRCIA,0.0
2017-11-07,NSH,0.0
2017-11-07,POT,0.4767
2017-11-07,SNAK,0.0
2017-11-07,TBT,-0.1779
2017-11-07,TESO,0.0
2017-11-07,UGAZ,0.4404
2017-11-07,XCO,0.0
2017-11-08,ABCO,0.0
2017-11-08,ALDW,0.4063
2017-11-08,BRCD,-0.1779
2017-11-08,DEM,0.34
2017-11-08,HCN,-0.3612
2017-11-08,HCOM,0.0
2017-11-08,HSNI,0.0
2017-11-08,LMOS,0.0
2017-11-08,NEOT,0.0
2017-11-08,OME,0.0
2017-11-08,RIC,0.0
2017-11-08,SSNI,0.0
2017-11-09,ACTA,0.0
2017-11-09,ADHD,0.0
2017-11-09,CHIQ,0.0
2017-11-09,EVEP,0.2732
2017-11-09,FIG,0.0
2017-11-09,GALE,-0.296
2017-11-09,HDNG,0.0
2017-11-09,INCR,0.0
2017-11-09,ISRL,0.0
2017-11-09,LVNTA,0.5267
2017-11-09,PMC,0.0
2017-11-09,Q,-0.1806
2017-11-09,QVCA,0.148
2017-11-09,SGOC,0.8689
2017-11-09,SYMX,0.4939
2017-11-09,WAC,0.0
2017-11-09,WG,0.19733333333333333
2017-11-10,CALL,0.0
2017-11-10,CBMX,0.4939
2017-11-10,CRTN,0.296
2017-11-10,GFA,0.5267
2017-11-10,INCR,-0.064
2017-11-10,UGLD,-0.5106
2017-11-10,VCIT,0.0
2017-11-10,VCSH,0.0
2017-11-10,WG,0.0
2017-11-12,FCE.A,0.0
2017-11-12,NVGN,0.3592
2017-11-13,ABY,0.0
2017-11-13,BAA,0.3182
2017-11-13,CRTN,0.0
2017-11-13,CSC,0.34
2017-11-13,ELSE,0.0
2017-11-13,INCR,-0.15284999999999999
2017-11-13,INDY,0.0
2017-11-13,ISRL,0.2732
2017-11-13,KITE,0.0
2017-11-13,NTL,0.0
2017-11-13,Q,0.0
2017-11-13,RAS,0.5904
2017-11-13,RPRX,0.0
2017-11-13,STLY,0.0
2017-11-14,ADRE,0.0
2017-11-14,CPN,0.0
2017-11-14,EGI,-0.3182
2017-11-14,FDL,0.0
2017-11-14,FVD,0.0
2017-11-14,GIGA,0.0
2017-11-14,INCR,0.2732
2017-11-14,LVNTA,0.4404
2017-11-14,OMAM,0.148
2017-11-14,SCHE,0.0
2017-11-14,SOR,0.296
2017-11-14,SYMX,0.2732
2017-11-14,XBKS,0.0
2017-11-14,ZX,0.0
2017-11-15,ABCO,0.4939
2017-11-15,BLVD,0.0
2017-11-15,BSFT,0.10115
2017-11-15,CBG,0.8271
2017-11-15,CCUR,0.0
2017-11-15,CIE,0.2732
2017-11-15,ENZY,0.0
2017-11-15,HEZU,0.4404
2017-11-15,IXP,0.0
2017-11-15,OMAM,0.31103333333333333
2017-11-15,VOX,0.0
2017-11-15,WPCS,0.872
2017-11-15,ZX,0.0
2017-11-16,AFAM,0.0
2017-11-16,BCR,0.4215
2017-11-16,BF.A,0.0
2017-11-16,BF.B,0.0
2017-11-16,BRCD,-0.08789999999999999
2017-11-16,DIG,0.2023
2017-11-16,EMB,-0.4404
2017-11-16,HOT,0.0
2017-11-16,ICLD,0.0
2017-11-16,JNK,0.0
2017-11-16,PCY,-0.4404
2017-11-16,PSTB,0.0
2017-11-16,RIC,0.4767
2017-11-16,SSN,0.148
2017-11-16,WLB,-0.5719
2017-11-16,WPPGY,0.0
2017-11-17,ACFC,0.5606
2017-11-17,AFAM,0.0
2017-11-17,AGU,0.0
2017-11-17,ANCB,0.296
2017-11-17,BGI,-0.015550000000000008
2017-11-17,DSWL,0.0
2017-11-17,POT,0.0
2017-11-17,RMP,0.296
2017-11-17,VGT,-0.4019
2017-11-19,WFM,0.2449
2017-11-20,AFAM,0.0
2017-11-20,BGI,0.0
2017-11-20,BND,0.0
2017-11-20,BRCD,0.0
2017-11-20,DYN,-0.296
2017-11-20,GXP,0.4019
2017-11-20,LMOS,0.0
2017-11-20,NEWS,0.0
2017-11-20,PBMD,0.0
2017-11-20,STLY,0.31415000000000004
2017-11-20,WR,0.4019
2017-11-21,GXP,0.9117
2017-11-21,HLS,0.0
2017-11-21,LMOS,0.0
2017-11-21,RIC,0.4767
2017-11-21,SGY,0.6950666666666666
2017-11-21,SNI,-0.2263
2017-11-21,SYMX,0.5994
2017-11-21,TBT,0.0
2017-11-21,TWC,0.0
2017-11-21,WR,0.9117
2017-11-22,COH,0.1027
2017-11-22,DLS,0.0
2017-11-22,RLOG,0.36669999999999997
2017-11-22,SGY,0.0
2017-11-22,TBT,0.0
2017-11-24,BAMM,0.4522
2017-11-24,EGPT,-0.8452500000000001
2017-11-24,ITB,0.2263
2017-11-24,RETL,0.6369
2017-11-24,RLOG,-0.02054
2017-11-24,SPLS,0.4522
2017-11-24,SWY,0.4522
2017-11-27,CCUR,0.0
2017-11-27,EFAV,-0.2732
2017-11-27,EMQQ,0.5719
2017-11-27,EPI,0.4019
2017-11-27,GFA,0.5766
2017-11-27,MENT,0.0
2017-11-27,MGCD,0.0
2017-11-27,RLOG,0.0
2017-11-28,AMZA,0.0
2017-11-28,CBG,-0.1779
2017-11-28,GIMO,0.0
2017-11-28,IEUR,0.4404
2017-11-28,MGCD,0.0
2017-11-28,PPHMP,0.4939
2017-11-28,SGY,0.5106
2017-11-28,WLB,0.0
2017-11-29,BDR,0.8091
2017-11-29,CURE,0.0
2017-11-29,SGY,0.0
2017-11-29,TMF,0.4588
2017-11-29,TMV,0.4588
2017-11-29,TYD,0.4588
2017-11-29,TYO,0.4588
2017-11-30,DCM,0.0
2017-11-30,KITE,0.0
2017-11-30,PFBX,0.0
2017-11-30,SYMX,0.6369
2017-12-01,BWLD,0.6486
2017-12-01,WAC,0.0
2017-12-02,RETL,0.6369
2017-12-04,BWLD,0.26496666666666663
2017-12-04,FV,0.0
2017-12-04,MLNK,0.0
2017-12-04,MSFG,0.0
2017-12-04,NWBO,-0.296
2017-12-04,RAS,0.7717
2017-12-04,RBPAA,0.6486
2017-12-04,URA,0.5106
2017-12-05,AGU,-0.3612
2017-12-05,BOBE,0.4588
2017-12-05,KBWB,0.1695
2017-12-05,POT,-0.3612
2017-12-05,SSNI,0.0772
2017-12-05,TICC,0.296
2017-12-05,VEA,0.6369
2017-12-06,ARKK,0.0
2017-12-06,ARKW,0.0
2017-12-06,BF.A,0.0
2017-12-06,BOBE,0.0
2017-12-06,CPN,-0.1779
2017-12-06,DPK,0.0
2017-12-06,FCE.A,0.0
2017-12-06,IAK,0.0
2017-12-06,NMRX,0.4939
2017-12-06,WAC,0.4939
2017-12-06,ZX,0.0
2017-12-07,BBG,0.2023
2017-12-07,CPLA,0.0
2017-12-07,CPN,-0.1779
2017-12-07,IVE,0.34
2017-12-07,IWD,0.34
2017-12-07,MLNK,0.0
2017-12-07,PMC,0.296
2017-12-07,TESO,0.296
2017-12-08,BEBE,0.148
2017-12-08,FEN,0.3612
2017-12-08,HCOM,0.4767
2017-12-08,RIF,0.7506
2017-12-08,STLY,-0.148
2017-12-08,TBT,0.0
2017-12-08,VNTV,0.0
2017-12-11,ARKW,0.0
2017-12-11,DCM,0.0
2017-12-11,ENZY,0.4215
2017-12-11,INCR,0.0
2017-12-11,OCRX,0.148
2017-12-11,PKW,-0.0772
2017-12-11,PPHM,0.0
2017-12-11,XNY,0.8591
2017-12-12,AGU,-0.296
2017-12-12,BEBE,0.0
2017-12-12,COV,0.6908
2017-12-12,CPN,-0.1779
2017-12-12,KFX,0.0
2017-12-12,PPHM,-0.036383333333333344
2017-12-12,RPRX,0.0
2017-12-13,AGU,0.0
2017-12-13,CCUR,0.1531
2017-12-13,CIE,0.5106
2017-12-13,KITE,0.0
2017-12-13,LVNTA,0.5267
2017-12-13,NRCIA,0.5267
2017-12-13,NRCIB,0.5267
2017-12-13,PPHM,0.0
2017-12-13,RMP,0.0
2017-12-13,RPRX,0.0
2017-12-13,STLY,0.0
2017-12-13,UGAZ,0.3818
2017-12-14,ACT,-0.5574
2017-12-14,CIE,0.2732
2017-12-14,DGAZ,0.3612
2017-12-14,TTF,0.4767
2017-12-14,UGAZ,0.3612
2017-12-14,VNTV,0.0
2017-12-15,BEBE,0.0
2017-12-15,CARZ,0.6369
2017-12-15,CNNX,0.7184
2017-12-15,CPN,0.2732
2017-12-15,EIDO,-0.7402
2017-12-15,PFBX,0.296
2017-12-15,RPRX,-0.28595
2017-12-15,WPCS,0.0
2017-12-15,XCO,0.0
2017-12-18,ARCX,0.4215
2017-12-18,BEBE,0.0
2017-12-18,CBG,0.0
2017-12-18,HBHC,0.7003
2017-12-18,HIPS,-0.296
2017-12-18,LNCE,0.21989999999999998
2017-12-18,MLNK,0.0
2017-12-18,RBCN,0.46775
2017-12-18,RT,-0.16463333333333333
2017-12-19,AGU,0.0
2017-12-19,CARZ,0.0
2017-12-19,CLNT,0.15293333333333334
2017-12-19,DGS,0.0
2017-12-19,LBIX,0.0
2017-12-19,LNCE,0.0
2017-12-19,MGCD,0.0
2017-12-19,NWBO,-0.296
2017-12-19,POT,0.0
2017-12-19,QVCA,0.9346
2017-12-19,VWO,0.0
2017-12-20,BWLD,0.148
2017-12-20,DEM,0.34
2017-12-20,GIMO,0.44394999999999996
2017-12-20,HSNI,0.5267
2017-12-20,PLPM,0.148
2017-12-20,PQ,0.7579
2017-12-20,QVCA,0.5267
2017-12-20,ROKA,0.6486
2017-12-20,RT,0.0
2017-12-20,STO,0.6908
2017-12-21,AFAM,0.51555
2017-12-21,AGU,0.296
2017-12-21,CGI,-0.2732
2017-12-21,CLNT,0.148
2017-12-21,GFA,0.8316
2017-12-21,GIMO,0.0
2017-12-21,LBIX,0.8689
2017-12-21,NEWS,0.0
2017-12-21,QVCA,0.5267
2017-12-21,SNI,0.0
2017-12-21,STO,0.4019
2017-12-21,XCO,0.3818
2017-12-21,YUME,0.18495
2017-12-22,AFAM,0.4939
2017-12-22,BAA,0.7096
2017-12-22,BCR,0.19317499999999999
2017-12-22,GAZ,0.28595
2017-12-22,GIGA,0.0
2017-12-22,GIMO,0.0
2017-12-22,ITB,0.4404
2017-12-22,RLOG,0.5267
2017-12-22,RXDX,0.3267
2017-12-22,VNM,0.4404
2017-12-22,WAYN,0.0
2017-12-22,XCO,-0.296
2017-12-23,IYR,0.5267
2017-12-26,BDL,0.0
2017-12-26,CGI,0.3818
2017-12-26,CNNX,0.0
2017-12-26,GNCMA,0.5267
2017-12-26,KED,0.6808
2017-12-26,LTPZ,-0.3818
2017-12-26,LVNTA,0.5267
2017-12-26,MTU,0.0
2017-12-26,OCIP,-0.4767
2017-12-26,PPHM,0.0
2017-12-26,RXDX,0.06743333333333333
2017-12-26,SEB,0.0
2017-12-26,STO,-0.01479999999999998
2017-12-26,STPZ,-0.3818
2017-12-26,TIPZ,-0.3818
2017-12-26,WLB,0.5267
2017-12-26,XNY,0.0
2017-12-27,AGU,0.0
2017-12-27,BAA,0.5574
2017-12-27,DGAZ,0.743
2017-12-27,ENRJ,0.4588
2017-12-27,FEN,0.9393
2017-12-27,FIG,0.19733333333333333
2017-12-27,GIMO,0.296
2017-12-27,HBHC,0.10115
2017-12-27,KND,0.4829333333333334
2017-12-27,OCIP,0.0
2017-12-27,POT,0.0
2017-12-27,SCMP,0.58165
2017-12-27,UGAZ,0.743
2017-12-27,VNTV,-0.1779
2017-12-27,YUME,0.17556666666666665
2017-12-28,AGII,0.14579999999999999
2017-12-28,ARKK,0.765
2017-12-28,ARKW,0.765
2017-12-28,BCR,0.0
2017-12-28,CLNT,0.0
2017-12-28,HCN,0.0
2017-12-28,LNCE,0.0
2017-12-28,RETL,0.4019
2017-12-28,RXDX,0.2023
2017-12-28,TVIX,-0.2732
2017-12-28,UGAZ,-0.2732
2017-12-28,XNY,0.4767
2017-12-28,YUME,0.0
2017-12-29,GALE,-0.2755
2017-12-29,POT,0.0
2017-12-29,RXDX,0.26335
2017-12-29,VEA,0.3818
2017-12-29,XNY,0.6597
2017-12-30,SCMP,0.0
2018-01-01,MPEL,0.0
2018-01-02,AGU,0.0
2018-01-02,ALR,0.0
2018-01-02,HCN,0.5994
2018-01-02,IUSG,0.4939
2018-01-02,POT,0.0
2018-01-02,RPRX,0.0
2018-01-02,SCMP,0.10115
2018-01-02,STJ,0.0
2018-01-03,ACUR,0.6597
2018-01-03,CALL,0.0
2018-01-03,EPS,0.34
2018-01-03,EVEP,0.6705
2018-01-03,FIG,0.0
2018-01-03,IGF,0.4588
2018-01-03,INCR,0.0
2018-01-03,KED,0.4215
2018-01-03,KYE,0.4215
2018-01-03,SSNI,0.4215
2018-01-03,TIME,0.0
2018-01-04,CLNT,0.1546
2018-01-04,DBGR,0.1027
2018-01-04,DFJ,0.4404
2018-01-04,DXJF,0.4404
2018-01-04,EFA,0.4404
2018-01-04,EVEP,-0.1027
2018-01-04,FIG,0.10115
2018-01-04,HBHC,0.0
2018-01-04,LNBB,0.2023
2018-01-04,PSDV,0.25
2018-01-04,REXX,0.7351
2018-01-04,VNTV,0.2023
2018-01-04,WPCS,0.296
2018-01-04,XSOE,0.1027
2018-01-05,BCR,0.0
2018-01-05,BWLD,-0.5423
2018-01-05,CBAK,0.0
2018-01-05,DBC,0.0
2018-01-05,EWM,0.0
2018-01-05,IUSG,0.0
2018-01-05,OCIP,0.0
2018-01-05,PPHM,0.296
2018-01-05,REXX,0.0
2018-01-05,YGE,0.148
2018-01-05,ZX,0.148
2018-01-08,BOBE,0.0
2018-01-08,DGRS,0.4767
2018-01-08,LLSC,0.0
2018-01-08,NEOT,0.4019
2018-01-08,PSDV,0.0
2018-01-08,RING,0.0
2018-01-08,SCHA,0.0
2018-01-08,SYT,0.0
2018-01-08,VB,0.0
2018-01-09,BOBE,0.0
2018-01-09,IGF,0.5994
2018-01-09,RING,0.1779
2018-01-09,VLUE,0.6124
2018-01-09,WGL,0.296
2018-01-10,RING,0.1779
2018-01-10,RXDX,0.296
2018-01-11,BWLD,0.0
2018-01-11,DST,0.0
2018-01-11,DVY,0.4404
2018-01-11,ENZY,0.6124
2018-01-11,EPU,0.0
2018-01-11,EVEP,0.7096
2018-01-11,FDL,0.0
2018-01-11,HDV,0.0
2018-01-11,IGF,0.2023
2018-01-11,IYR,-0.5994
2018-01-11,MLPA,0.5106
2018-01-11,RAS,0.0
2018-01-11,RING,0.1779
2018-01-11,SDOG,0.0
2018-01-11,TIME,0.296
2018-01-11,VOX,0.0
2018-01-11,XNY,0.0
2018-01-11,YUME,0.5106
2018-01-12,BGI,0.0772
2018-01-12,DST,0.0
2018-01-12,SPYG,0.6124
2018-01-12,SPYV,0.6124
2018-01-12,TIME,0.0
2018-01-12,VNTV,-0.05902500000000001
2018-01-13,DXJ,0.7089
2018-01-15,IGF,0.0
2018-01-16,BEBE,0.8481
2018-01-16,HAWK,0.1531
2018-01-16,XCO,0.0
2018-01-17,DST,0.0
2018-01-17,HAWK,0.0
2018-01-17,HBHC,0.0
2018-01-17,IGF,0.5994
2018-01-17,LQ,-0.3612
2018-01-17,NVEC,0.0
2018-01-17,WPCS,0.3182
2018-01-18,AHP,0.5267
2018-01-18,BSF,0.0
2018-01-18,BSFT,0.0
2018-01-18,GFA,0.0
2018-01-18,JXSB,0.57755
2018-01-18,LQ,-0.2023
2018-01-18,OAKS,0.11395999999999999
2018-01-18,WAC,0.6305000000000001
2018-01-19,ACTA,0.4019
2018-01-19,AMZA,0.0
2018-01-19,CLC,0.5574
2018-01-19,CZFC,0.0
2018-01-19,LQ,0.0
2018-01-19,NDRO,0.04569999999999999
2018-01-19,OAKS,0.0
2018-01-19,TBT,0.0
2018-01-22,BSFT,0.0
2018-01-22,CBG,0.10115
2018-01-22,CURE,0.0
2018-01-22,DCM,0.296
2018-01-22,FCOM,0.0
2018-01-22,IXP,0.0
2018-01-22,KBA,0.0
2018-01-22,MTU,0.0
2018-01-22,SH,0.0
2018-01-22,VCR,0.0
2018-01-22,VGT,0.0
2018-01-22,VOX,0.0
2018-01-22,XSLV,-0.2732
2018-01-23,ACFC,0.0
2018-01-23,AGII,-0.6808
2018-01-23,BKMU,0.0
2018-01-23,GXC,0.4847
2018-01-23,HAWK,-0.128
2018-01-23,PRK,0.0
2018-01-23,REXX,0.57375
2018-01-23,RTH,0.7184
2018-01-23,SPIL,0.0
2018-01-23,STLY,0.0
2018-01-23,YGE,0.4939
2018-01-24,ACTA,0.0
2018-01-24,CBG,0.296
2018-01-24,CRVP,0.0
2018-01-24,DRV,0.0
2018-01-24,HTM,0.1921
2018-01-24,JUNO,0.0
2018-01-24,JXSB,0.0
2018-01-24,KYO,0.4215
2018-01-24,LBIX,0.0
2018-01-24,PBIB,0.0
2018-01-25,COBZ,0.0
2018-01-25,HTM,0.0
2018-01-25,JUNO,-0.08895
2018-01-25,KTEC,0.17845714285714287
2018-01-25,SCHD,0.0
2018-01-25,UGLD,0.0
2018-01-26,CALL,0.2023
2018-01-26,CHFN,0.0
2018-01-26,IAK,0.0
2018-01-26,IYG,0.0
2018-01-26,KTEC,0.0
2018-01-26,NSH,0.10115
2018-01-26,ONP,-0.05464
2018-01-26,RPRX,-0.5719
2018-01-26,SCMP,0.10115
2018-01-29,AHGP,0.0
2018-01-29,ANCB,0.0
2018-01-29,BKMU,0.7717
2018-01-29,BWLD,0.32185
2018-01-29,DST,0.0
2018-01-29,FBR,0.0
2018-01-29,HAWK,0.08895
2018-01-29,MSF,0.0
2018-01-29,TIME,0.7717
2018-01-30,JUNO,0.3612
2018-01-30,KITE,0.3612
2018-01-30,TIME,-0.01630000000000001
2018-01-30,WGL,0.5106
2018-01-30,WPCS,0.0772
2018-01-31,BYBK,0.0
2018-01-31,CALD,0.04046
2018-01-31,CSBK,0.0
2018-01-31,FBR,0.10115
2018-01-31,IEMG,0.3818
2018-01-31,JPNL,0.0
2018-01-31,JUNO,0.0
2018-01-31,OCIP,0.0
2018-01-31,PGEM,0.148
2018-01-31,TIME,0.0
2018-01-31,UCBA,0.4215
2018-01-31,WFM,0.5719
2018-02-01,EMB,0.0
2018-02-01,KYO,0.0
2018-02-01,OMAM,0.0
2018-02-01,PGEM,0.0
2018-02-01,PQ,-0.34
2018-02-01,TICC,0.0
2018-02-02,ACTA,0.296
2018-02-02,DRW,0.4588
2018-02-02,GXP,0.7351
2018-02-02,JUNO,0.0
2018-02-02,KED,0.4215
2018-02-02,KYE,0.4215
2018-02-02,SCMP,-0.2732
2018-02-02,SPHQ,0.3818
2018-02-02,TORM,0.41135
2018-02-02,WAC,0.0
2018-02-02,WR,0.2732
2018-02-04,EWT,-0.3612
2018-02-05,BBG,0.19469999999999998
2018-02-05,BNCN,0.0
2018-02-05,BONT,0.0
2018-02-05,CALD,0.4215
2018-02-05,KBE,0.0
2018-02-05,VYM,0.4019
2018-02-06,AMZA,0.0
2018-02-06,BIOA,0.258
2018-02-06,CALD,-0.1779
2018-02-06,CBG,0.0
2018-02-06,GMCR,0.0
2018-02-06,IGF,0.0
2018-02-06,KTEC,0.0
2018-02-06,LVNTA,0.4404
2018-02-06,PQ,0.2732
2018-02-06,SCMP,0.6705
2018-02-06,SNI,0.7783
2018-02-06,SVXY,-0.09106666666666667
2018-02-06,TICC,0.0
2018-02-06,TVIX,0.0
2018-02-06,VIXY,0.296
2018-02-06,XXV,0.296
2018-02-06,ZIV,0.23169
2018-02-07,ASHR,0.0
2018-02-07,DBC,0.1531
2018-02-07,MFRM,-0.0772
2018-02-07,NYLD,0.0
2018-02-07,PSDV,0.1358
2018-02-07,STO,0.0
2018-02-07,SVXY,-0.3818
2018-02-07,TIME,0.296
2018-02-07,TVIX,0.2023
2018-02-07,VXZ,-0.4019
2018-02-07,WGL,0.0
2018-02-07,XIV,-0.044266666666666676
2018-02-08,BIOA,0.296
2018-02-08,CALD,0.0
2018-02-08,CBG,0.0
2018-02-08,DXJ,0.3818
2018-02-08,IEUR,0.0
2018-02-08,LBIX,0.7928999999999999
2018-02-08,NSH,0.1366
2018-02-08,NXTM,0.0
2018-02-08,PGEM,0.2023
2018-02-08,SVXY,0.0
2018-02-08,WLB,0.7964
2018-02-08,XIV,0.0
2018-02-09,BIOA,0.24695
2018-02-09,CALD,0.0
2018-02-09,ITA,0.7096
2018-02-09,NSH,0.0
2018-02-09,PSCE,0.5423
2018-02-09,SNI,0.5994
2018-02-09,SVXY,-0.34
2018-02-09,WAC,0.29295
2018-02-09,XIV,-0.17
2018-02-09,XNY,0.0
2018-02-12,ARGS,-0.4939
2018-02-12,CQH,0.7989
2018-02-12,CRVP,0.0
2018-02-12,HCN,-0.2023
2018-02-12,HDNG,0.148
2018-02-12,IGF,0.148
2018-02-12,PPA,0.4215
2018-02-12,STO,0.0
2018-02-12,XME,0.4215
2018-02-13,BIOA,0.0
2018-02-13,CCCR,0.3818
2018-02-13,DVY,0.0
2018-02-13,IPCC,-0.26335
2018-02-13,MSFG,0.0
2018-02-13,NSM,0.3990666666666667
2018-02-13,STO,0.08895
2018-02-13,XIV,-0.296
2018-02-14,DJCO,-0.0772
2018-02-14,EDC,0.0
2018-02-14,IF,0.3818
2018-02-14,IPCC,-0.0172
2018-02-14,JNK,0.0
2018-02-14,LIT,0.3612
2018-02-14,MZOR,0.0
2018-02-14,NRCIA,0.0
2018-02-14,NSM,0.0
2018-02-14,SJNK,0.0
2018-02-14,SLQD,0.0
2018-02-14,SNI,0.7351
2018-02-14,TNH,0.0
2018-02-15,ARGS,0.0
2018-02-15,BDL,0.0
2018-02-15,BIOA,0.0258
2018-02-15,BND,-0.5267
2018-02-15,BWINA,0.0
2018-02-15,DEL,0.0
2018-02-15,HDNG,0.0
2018-02-15,IPCC,0.0
2018-02-15,MDY,0.4215
2018-02-15,NYLD,0.0
2018-02-16,AHP,0.0
2018-02-16,BIOA,0.148
2018-02-16,HCN,0.0
2018-02-16,KBA,0.2732
2018-02-20,EXXI,0.2732
2018-02-20,JNK,0.2023
2018-02-20,QUAL,0.0
2018-02-21,CQH,0.0
2018-02-21,DYN,0.0
2018-02-21,GXP,0.7351
2018-02-21,ISRL,0.0
2018-02-21,JUNO,0.0
2018-02-21,LNCE,-0.2263
2018-02-21,NHF,0.8316
2018-02-21,PCLN,0.4767
2018-02-21,PGEM,0.10115
2018-02-21,ROBO,0.0
2018-02-21,SEB,0.0
2018-02-21,WR,0.1366
2018-02-22,COPX,0.1695
2018-02-22,CORN,-0.4215
2018-02-22,CPN,-0.6486
2018-02-22,EZM,-0.4404
2018-02-22,HBHC,0.0
2018-02-22,HCN,0.0
2018-02-22,LQ,0.0
2018-02-22,MSFG,0.4767
2018-02-22,PCLN,0.0
2018-02-22,RMP,0.25
2018-02-22,VDSI,0.10115
2018-02-23,BJK,0.5719
2018-02-23,HCN,-0.128
2018-02-23,JDST,0.0
2018-02-23,JNUG,0.0
2018-02-23,MTUM,0.3182
2018-02-23,QVCA,0.0
2018-02-23,VDSI,0.0
2018-02-25,ISL,0.0
2018-02-25,ROBO,0.5106
2018-02-26,AFAM,0.0
2018-02-26,PCLN,0.8555
2018-02-26,SNI,0.0
2018-02-27,BBG,0.0
2018-02-27,DEM,0.6597
2018-02-27,EZU,0.0
2018-02-27,GNMA,0.0
2018-02-27,HAWK,0.0
2018-02-27,PCLN,0.0
2018-02-27,SNI,0.5267
2018-02-27,TICC,0.0
2018-02-27,VIP,0.0
2018-02-28,AHP,0.0
2018-02-28,EGPT,0.0
2018-02-28,KND,0.0
2018-02-28,LNCE,0.0
2018-02-28,LQ,0.0
2018-02-28,PCLN,0.0
2018-02-28,PHH,0.148
2018-02-28,RUSL,0.0
2018-02-28,RUSS,0.0
2018-02-28,SMLR,0.0
2018-02-28,SNI,0.0
2018-02-28,TBT,0.0
2018-03-01,BBG,0.0
2018-03-01,CPLA,0.0
2018-03-01,EMB,0.0
2018-03-01,IPXL,0.0
2018-03-01,JNK,-0.3182
2018-03-01,KYO,0.3612
2018-03-01,LUX,0.4019
2018-03-01,NYLD,-0.1591
2018-03-01,PCY,0.0
2018-03-01,PHH,0.0
2018-03-01,QVCA,0.0
2018-03-01,RETL,0.0
2018-03-01,WGL,0.0
2018-03-02,BBG,0.10115
2018-03-02,CGI,0.0
2018-03-02,CSBK,0.0
2018-03-02,ENRJ,0.0258
2018-03-02,IYR,0.0
2018-03-02,OMAM,0.3612
2018-03-02,QVCA,0.296
2018-03-02,VSAR,0.296
2018-03-02,XNY,-0.4215
2018-03-05,CCUR,0.296
2018-03-05,CPLA,-0.24080000000000001
2018-03-05,NYRT,0.0
2018-03-05,OCIP,0.0386
2018-03-05,PGEM,0.0
2018-03-05,PQ,0.52885
2018-03-05,SNI,0.5106
2018-03-05,UBOH,0.0
2018-03-06,BCR,0.7184
2018-03-06,BIV,0.0
2018-03-06,FAC,0.4588
2018-03-06,FNCL,0.0
2018-03-06,JUNO,0.0
2018-03-06,OMAM,0.4404
2018-03-06,VCR,0.0
2018-03-06,VFH,0.0
2018-03-06,VGT,0.0
2018-03-06,VOX,0.0
2018-03-06,WLB,0.296
2018-03-07,GCC,0.0
2018-03-07,IPXL,0.10115
2018-03-07,PSIX,-0.128
2018-03-07,RPV,0.34
2018-03-07,XME,0.0
2018-03-08,CBG,0.0
2018-03-08,DISCB,0.0
2018-03-08,ELD,0.0
2018-03-08,HTM,0.0
2018-03-08,MSCC,0.0
2018-03-09,BAA,0.4019
2018-03-09,EEMV,0.0772
2018-03-09,NDRO,-0.1531
2018-03-09,SBIO,0.0
2018-03-09,SCX,0.148
2018-03-09,TVIX,0.0
2018-03-12,BRID,0.0
2018-03-12,CBG,0.0
2018-03-12,FBR,0.743
2018-03-12,OREX,0.13384000000000001
2018-03-12,PRSS,0.0
2018-03-12,SCX,0.0
2018-03-12,SGY,0.2732
2018-03-12,TNH,0.0
2018-03-12,UCBA,0.29345
2018-03-12,VTV,-0.296
2018-03-13,AGII,0.0
2018-03-13,EURL,0.0
2018-03-13,FBR,0.0
2018-03-13,GRR,0.1531
2018-03-13,GXG,0.0
2018-03-13,HCOM,0.0
2018-03-13,IPCC,-0.5267
2018-03-13,KND,0.0
2018-03-13,OREX,0.0
2018-03-13,RAS,0.296
2018-03-13,SGF,0.1531
2018-03-13,UCBA,0.0
2018-03-14,CWAY,0.148
2018-03-14,EVEP,0.6506000000000001
2018-03-14,FBR,0.0
2018-03-14,IAU,0.0
2018-03-14,IEFA,0.3818
2018-03-14,IEMG,0.3818
2018-03-14,REXX,0.4767
2018-03-14,RSO,0.1661
2018-03-14,THM,0.296
2018-03-15,CWAY,0.148
2018-03-15,DGS,0.5267
2018-03-15,EVEP,0.5106
2018-03-15,MLPX,0.33755
2018-03-15,RSO,0.0
2018-03-15,TEP,0.2732
2018-03-15,ZX,0.0
2018-03-16,BBG,0.2732
2018-03-16,BKEPP,0.2732
2018-03-16,CALL,0.0
2018-03-16,CWAY,0.0
2018-03-16,ECH,0.0
2018-03-16,EEQ,0.11887500000000001
2018-03-16,EXXI,0.1759625
2018-03-16,FBR,0.21906666666666666
2018-03-16,HMG,0.0
2018-03-16,JJC,0.0
2018-03-16,JUNO,-0.5719
2018-03-16,KND,-0.2382
2018-03-16,MLPX,-0.08895
2018-03-16,NSH,-0.3612
2018-03-16,OAKS,0.0
2018-03-16,OREX,0.4588
2018-03-19,BBG,0.2732
2018-03-19,CALL,0.4767
2018-03-19,DVY,0.0
2018-03-19,EEQ,0.0
2018-03-19,EXXI,0.0
2018-03-19,FAC,0.6369
2018-03-19,FBR,0.0
2018-03-19,HGT,0.6765
2018-03-19,LIT,0.0
2018-03-19,OAKS,0.0
2018-03-19,PSDV,0.6369
2018-03-19,SCHD,0.0
2018-03-19,VIG,0.0
2018-03-19,WG,0.16094999999999998
2018-03-20,BFOR,0.5267
2018-03-20,CRME,0.19733333333333333
2018-03-20,DGRW,0.0
2018-03-20,ENRJ,0.25
2018-03-20,KTEC,0.296
2018-03-20,TICC,0.0
2018-03-21,AFAM,0.5267
2018-03-21,CRME,0.46435000000000004
2018-03-21,ENRJ,0.5994
2018-03-21,IVE,0.34
2018-03-21,IWD,0.34
2018-03-21,KND,0.0
2018-03-21,LNCE,0.5267
2018-03-22,ACFC,0.0
2018-03-22,CCCR,0.1531
2018-03-22,CRME,0.5994
2018-03-22,EWO,0.0
2018-03-22,INDY,0.0
2018-03-23,CGG,0.0
2018-03-23,LNCE,0.4215
2018-03-23,SRLN,0.0
2018-03-26,ANTH,0.0
2018-03-26,BNSO,0.22988
2018-03-26,CCUR,0.0
2018-03-26,CNIT,0.0
2018-03-26,LAYN,0.9517
2018-03-26,OHAI,0.0
2018-03-26,STO,0.0
2018-03-26,WG,0.296
2018-03-26,XSOE,0.4404
2018-03-27,BNSO,0.0
2018-03-27,COBZ,0.0
2018-03-27,FAC,0.7506
2018-03-27,GEX,0.0
2018-03-27,IPXL,0.4215
2018-03-27,QCLN,0.0
2018-03-27,TEP,0.8176
2018-03-27,TVIX,-0.2732
2018-03-27,VWO,0.0
2018-03-28,CGG,0.050575
2018-03-28,CRME,0.296
2018-03-28,NOBL,0.0
2018-03-28,PSDV,0.19733333333333333
2018-03-28,ROBO,-0.4404
2018-03-28,TEP,0.1585
2018-03-28,WG,0.26335
2018-03-29,CGG,0.0
2018-03-29,CNIT,0.0
2018-03-29,FINL,-0.07543333333333334
2018-03-29,IXJ,0.296
2018-03-29,JNK,0.0
2018-03-29,KXI,0.296
2018-03-29,PSDV,0.0
2018-04-02,ACSF,0.0
2018-04-02,ARGS,0.0
2018-04-02,BDR,0.0
2018-04-02,BSF,0.0
2018-04-02,CGI,0.118475
2018-04-02,CRME,0.0
2018-04-02,EVEP,-0.1027
2018-04-02,FINL,0.0
2018-04-02,HYH,-0.8658
2018-04-02,IVE,0.34
2018-04-02,RAS,0.5719
2018-04-02,SNFCA,0.34
2018-04-02,SPYV,0.34
2018-04-02,VOOV,0.34
2018-04-02,WLB,0.0
2018-04-03,CGI,0.0
2018-04-03,FBND,0.0
2018-04-03,FCOR,0.0
2018-04-03,FHLC,0.0
2018-04-03,FLTB,0.0
2018-04-03,GRR,0.7003
2018-04-03,KBE,0.0
2018-04-03,KED,0.4215
2018-04-03,KOL,-0.5574
2018-04-03,KYE,0.4215
2018-04-04,EELV,-0.2732
2018-04-04,EEMV,-0.2732
2018-04-04,GXC,-0.5267
2018-04-04,IJR,0.0
2018-04-04,MCHI,-0.46429999999999993
2018-04-04,MDY,0.0
2018-04-04,RMGN,0.12405000000000001
2018-04-04,TCAP,0.175075
2018-04-04,TCCA,0.0
2018-04-05,MSCC,0.0
2018-04-05,RMGN,0.0
2018-04-05,SPYG,0.0
2018-04-05,TCAP,0.0
2018-04-05,VNM,0.0
2018-04-06,DGICB,0.0
2018-04-06,HYH,0.0954
2018-04-06,IPXL,0.0
2018-04-06,NWBO,0.8838
2018-04-08,FINL,0.0
2018-04-09,AHP,0.0
2018-04-09,CNIT,0.0
2018-04-09,DYN,0.0
2018-04-09,NYLD,-0.1779
2018-04-09,ONP,-0.3182
2018-04-09,VOT,0.0
2018-04-10,ARKK,0.0
2018-04-10,DLN,0.0
2018-04-10,DSI,0.0
2018-04-10,KONE,0.0
2018-04-10,LAYN,0.013939999999999998
2018-04-10,RSPP,0.06743333333333333
2018-04-10,SOCL,0.5106
2018-04-11,ALOG,0.12969999999999998
2018-04-11,CALI,0.296
2018-04-11,EFA,0.4215
2018-04-11,IAU,0.3612
2018-04-11,IEFA,0.4215
2018-04-11,IEMG,0.4215
2018-04-11,KONE,0.0
2018-04-11,MLPX,0.3612
2018-04-11,MOO,0.3612
2018-04-11,OHAI,0.6808
2018-04-11,PAY,0.06743333333333333
2018-04-11,VEA,0.4215
2018-04-12,ACWX,0.7269
2018-04-12,ALOG,0.0
2018-04-12,IEFA,0.7269
2018-04-12,ISL,0.0
2018-04-12,ITA,0.0258
2018-04-12,KONE,0.0
2018-04-13,AHGP,0.0
2018-04-13,CALI,0.0
2018-04-13,IXUS,0.0
2018-04-13,MSCC,0.0
2018-04-13,RUSL,0.0
2018-04-13,RUSS,0.0
2018-04-16,ANTH,0.07415
2018-04-16,CNIT,0.0
2018-04-16,CYCCP,-0.0772
2018-04-16,DEM,0.34
2018-04-16,DST,0.5267
2018-04-16,PAY,0.10115
2018-04-16,PSCE,0.2732
2018-04-16,RSPP,0.0
2018-04-16,TVIX,0.34
2018-04-16,TVIZ,0.34
2018-04-16,VIXY,0.34
2018-04-16,WR,0.0
2018-04-16,XIV,0.34
2018-04-17,BONT,0.0
2018-04-17,GGP,0.0
2018-04-17,HBHC,0.0
2018-04-17,NOBL,0.6369
2018-04-17,NRCIA,0.7351
2018-04-17,NRCIB,0.7351
2018-04-17,PQ,0.2732
2018-04-17,SDY,0.6369
2018-04-17,SIFI,0.0
2018-04-18,BONT,0.5267
2018-04-18,DRIV,-0.2732
2018-04-18,HYMB,-0.6808
2018-04-18,NIB,0.0
2018-04-18,ONP,0.0
2018-04-18,OVLY,0.0
2018-04-18,PBIB,0.0
2018-04-18,PSCH,0.4939
2018-04-19,ARGS,0.16914285714285712
2018-04-19,CZFC,0.0
2018-04-19,EPI,0.0
2018-04-19,GGP,0.34
2018-04-19,HSEA,0.0
2018-04-20,EFA,0.1779
2018-04-20,FFKT,0.148
2018-04-20,NHF,0.3818
2018-04-20,PRK,0.0
2018-04-20,VEA,0.1779
2018-04-23,AGII,0.4767
2018-04-23,CNIT,0.5719
2018-04-23,FFKT,0.0
2018-04-23,HTM,0.4019
2018-04-23,ITOT,0.0
2018-04-23,LQ,0.5859
2018-04-23,OREX,0.6674333333333333
2018-04-23,PSDV,0.0
2018-04-24,CHFN,0.148
2018-04-24,GREK,0.4019
2018-04-24,IYR,0.2023
2018-04-24,IYZ,0.2023
2018-04-24,JPIN,0.0
2018-04-24,MITL,0.0
2018-04-24,SGB,0.0
2018-04-25,DEM,0.34
2018-04-25,HAWK,0.0
2018-04-25,LSBK,0.0
2018-04-25,MITL,0.0
2018-04-26,AMZA,0.4588
2018-04-26,BNDX,-0.1082
2018-04-26,CYS,0.0
2018-04-26,EMI,0.0
2018-04-26,ENX,0.0
2018-04-26,EVM,0.0
2018-04-26,KYO,0.0
2018-04-26,LQ,0.4215
2018-04-26,MAB,0.0
2018-04-26,MATR,0.43083333333333335
2018-04-26,MITL,-0.1779
2018-04-26,MIW,0.0
2018-04-26,RMP,0.2192
2018-04-26,SHV,-0.1082
2018-04-26,SXCP,0.1624
2018-04-26,VCIT,0.0
2018-04-26,YGE,0.2732
2018-04-27,CH,0.0
2018-04-27,CHFN,0.0
2018-04-27,CYS,0.0
2018-04-27,DTV,-0.3182
2018-04-27,MATR,0.0
2018-04-27,SGY,-0.0258
2018-04-27,TMP,0.0
2018-04-29,REXX,0.0
2018-04-30,AHGP,0.0
2018-04-30,ANCB,0.0
2018-04-30,AVHI,0.0
2018-04-30,BWP,0.3907
2018-04-30,CHFN,0.2023
2018-04-30,FINL,0.0
2018-04-30,GQRE,0.0
2018-04-30,IPCC,-0.6486
2018-04-30,IPXL,0.0
2018-04-30,OAKS,0.25
2018-04-30,PBHC,0.0
2018-04-30,STO,0.0
2018-05-01,DCT,0.2553
2018-05-01,HAWK,-0.3612
2018-05-01,IPXL,-0.07945
2018-05-01,KLXI,0.0
2018-05-01,NRCIA,-0.3612
2018-05-01,TBT,0.0
2018-05-02,CCCR,0.3818
2018-05-02,CNIT,0.0
2018-05-02,CPLA,-0.1531
2018-05-02,FCA,0.1027
2018-05-02,GXP,0.7351
2018-05-02,HYH,0.0
2018-05-02,IPXL,0.39994999999999997
2018-05-02,KED,0.6486
2018-05-02,KLXI,0.06743333333333333
2018-05-02,KYE,0.6486
2018-05-02,MITL,0.0
2018-05-02,MTGE,0.0
2018-05-02,PRSS,0.0
2018-05-02,RSPP,0.0
2018-05-02,SEB,0.0
2018-05-02,TCAP,-0.2263
2018-05-02,UGLD,0.0
2018-05-03,CPLA,0.0
2018-05-03,EBIO,-0.1531
2018-05-03,GGP,0.20379999999999998
2018-05-03,HDNG,0.0
2018-05-03,IVE,0.6597
2018-05-03,KBA,0.0
2018-05-03,NSM,-0.3612
2018-05-03,NYLD,-0.3612
2018-05-03,RPV,0.6597
2018-05-03,SGY,0.743
2018-05-03,TEP,0.128
2018-05-04,AAV,0.25
2018-05-04,BBH,0.0
2018-05-04,HSEA,0.0
2018-05-04,MSCC,0.5106
2018-05-04,MTGE,0.0
2018-05-04,PQ,0.09126666666666666
2018-05-04,RSO,-0.5267
2018-05-04,USCI,0.0
2018-05-07,BAR,0.0
2018-05-07,BGC,0.0
2018-05-07,DXJ,0.0
2018-05-07,FXY,0.0
2018-05-07,GPT,0.20497500000000002
2018-05-07,IAU,-0.0258
2018-05-07,MSCC,0.3812
2018-05-07,MTGE,0.10115
2018-05-07,OCIP,0.0
2018-05-07,ONP,0.0
2018-05-07,PQ,0.128
2018-05-07,WYN,-0.137375
2018-05-08,BIOA,0.4767
2018-05-08,BXE,0.2263
2018-05-08,CNIT,0.0
2018-05-08,CVG,0.0
2018-05-08,DIVY,0.296
2018-05-08,FIG,0.0
2018-05-08,GPT,0.23763333333333336
2018-05-08,KND,-0.3612
2018-05-08,KYO,0.4939
2018-05-08,LQ,0.030149999999999982
2018-05-08,ORBK,0.0
2018-05-08,PHH,-0.3612
2018-05-08,VDSI,0.17
2018-05-08,VSAR,0.0
2018-05-08,WR,0.0516
2018-05-08,WYN,0.4215
2018-05-08,XCRA,0.0
2018-05-09,BWINA,0.0
2018-05-09,EEP,0.2732
2018-05-09,IEZ,0.5267
2018-05-09,XCRA,0.0
2018-05-10,ACFC,0.0
2018-05-10,ACSF,0.4477
2018-05-10,CALL,-0.1531
2018-05-10,EBIO,0.0
2018-05-10,EDC,0.4754
2018-05-10,ELON,0.0
2018-05-10,ELSE,0.0
2018-05-10,HCOM,0.1618
2018-05-10,IUSB,0.0
2018-05-10,OAKS,-0.2263
2018-05-10,VDSI,0.22666666666666668
2018-05-10,WVVI,0.0
2018-05-11,BRF,0.0
2018-05-11,CVG,0.296
2018-05-11,GLF,0.0
2018-05-11,GXP,0.4687
2018-05-11,IGF,0.0
2018-05-11,ONP,0.0
2018-05-11,PJP,-0.125
2018-05-11,RAS,0.6705
2018-05-11,RFT,0.6705
2018-05-11,TEP,0.296
2018-05-11,VDSI,0.34
2018-05-11,XTN,-0.3182
2018-05-14,CNIT,0.0
2018-05-14,CVG,0.0
2018-05-14,DCT,0.6486
2018-05-14,MZOR,0.0
2018-05-14,OHAI,0.3818
2018-05-14,RZG,0.3818
2018-05-14,STBZ,0.0
2018-05-14,VII,0.0
2018-05-14,WYN,0.0
2018-05-14,XHE,0.4939
2018-05-15,BDL,0.0
2018-05-15,BJK,0.6369
2018-05-15,CNXR,0.296
2018-05-15,CQH,0.45285000000000003
2018-05-15,CRME,0.0
2018-05-15,DRIV,0.0
2018-05-15,EBIO,0.0
2018-05-15,EQS,0.7269
2018-05-15,LIT,0.0
2018-05-15,MITL,0.296
2018-05-15,MTUM,0.3818
2018-05-15,RSPP,0.296
2018-05-15,STBZ,0.10115
2018-05-15,VTI,0.3818
2018-05-16,ABAX,0.2785
2018-05-16,AIQ,0.0
2018-05-16,BDL,0.0
2018-05-16,CVG,0.2023
2018-05-16,EBIO,0.14698333333333333
2018-05-16,EFA,0.5106
2018-05-16,FEM,0.5106
2018-05-16,FTC,0.5106
2018-05-16,FV,0.5106
2018-05-16,FYC,0.5106
2018-05-16,IFV,0.5106
2018-05-16,MZOR,0.296
2018-05-16,REXX,0.44235
2018-05-16,SFB,0.765
2018-05-16,WYN,0.17
2018-05-17,ABAX,0.0
2018-05-17,ALOG,-0.4939
2018-05-17,ANTH,0.0
2018-05-17,CGG,0.0
2018-05-17,CNIT,0.0
2018-05-17,CQH,0.9403
2018-05-17,CRME,0.0
2018-05-17,EBIO,0.0
2018-05-17,IAT,0.0
2018-05-17,NDRO,0.0
2018-05-17,SCMP,0.7579
2018-05-17,TEP,0.23775000000000002
2018-05-17,ZX,0.0
2018-05-18,ABAX,0.4215
2018-05-18,ANTH,0.4215
2018-05-18,BWP,0.4164
2018-05-18,EEP,0.42955
2018-05-18,EMB,-0.4019
2018-05-18,KONE,0.148
2018-05-18,MARPS,0.5106
2018-05-18,WYN,0.1255
2018-05-18,YGE,0.0258
2018-05-21,BWP,-0.6369
2018-05-21,KLXI,0.0
2018-05-21,MSCC,0.4019
2018-05-22,BGC,0.15444999999999998
2018-05-22,BOFI,0.02476666666666667
2018-05-22,CARZ,0.0
2018-05-22,EUFN,-0.4019
2018-05-22,HDNG,0.0
2018-05-22,IEFA,0.4215
2018-05-22,ITA,-0.25
2018-05-22,IYF,-0.4019
2018-05-22,JXSB,0.6486
2018-05-22,VCO,0.4404
2018-05-23,APB,0.0
2018-05-23,BDR,0.8271
2018-05-23,BGC,0.26335
2018-05-23,MSCC,0.4767
2018-05-23,SGB,0.0
2018-05-23,WLB,0.0
2018-05-23,XCRA,0.0
2018-05-23,XPL,0.0
2018-05-24,VIG,0.0
2018-05-24,ZOES,-0.128
2018-05-25,ANTH,-0.6597
2018-05-25,BLJ,0.8519
2018-05-25,BNJ,0.8519
2018-05-25,EWM,0.0
2018-05-25,PAY,0.0
2018-05-25,WR,0.296
2018-05-25,ZOES,-0.042666666666666665
2018-05-26,XTN,0.0
2018-05-29,CNIT,0.0
2018-05-29,MON,0.513325
2018-05-29,MSCC,0.296
2018-05-29,PXF,0.0
2018-05-29,QSII,0.0
2018-05-29,XCRA,0.0
2018-05-30,AFSI,-0.0129
2018-05-30,HYEM,-0.5423
2018-05-30,KBA,0.0
2018-05-30,LBIX,0.0
2018-05-30,MON,0.41325
2018-05-30,MSCC,0.0
2018-05-30,VDSI,0.0
2018-05-31,DOG,0.0
2018-05-31,DRIV,0.5267
2018-05-31,ERX,0.2732
2018-05-31,FINL,-0.2732
2018-05-31,LAYN,0.0
2018-05-31,LQ,-0.3612
2018-05-31,MZOR,0.5859
2018-05-31,NWBO,0.5346
2018-05-31,QSII,-0.07945
2018-05-31,SDOW,0.0
2018-05-31,TVIX,0.3818
2018-05-31,TVIZ,0.6908
2018-06-01,AGG,0.4019
2018-06-01,GXP,0.0
2018-06-01,HYH,0.0
2018-06-01,IPCC,-0.5267
2018-06-01,MZOR,0.0
2018-06-01,WYN,0.0
2018-06-02,BGC,0.0
2018-06-03,MON,0.0
2018-06-04,AFSI,0.33755
2018-06-04,ALOG,0.0
2018-06-04,BDR,0.0
2018-06-04,BGC,0.296
2018-06-04,MON,0.0
2018-06-04,OCIP,0.0
2018-06-04,TCAP,0.4019
2018-06-04,VSAR,0.3481
2018-06-05,ASHR,-0.296
2018-06-05,BGC,0.6124
2018-06-05,CCUR,0.0
2018-06-05,HYH,0.24695
2018-06-05,IJR,0.0
2018-06-05,KED,0.4215
2018-06-05,KYE,0.4215
2018-06-05,LAYN,-0.07655
2018-06-05,MTUM,0.0
2018-06-05,RMGN,0.7783
2018-06-05,SDT,0.78075
2018-06-05,VTV,0.34
2018-06-05,VUG,0.34
2018-06-06,EZU,0.0
2018-06-07,AFSI,0.5768
2018-06-07,AVHI,0.1468428571428571
2018-06-07,IFON,0.0
2018-06-07,JASO,-0.3871
2018-06-07,LIT,0.0
2018-06-07,MON,0.0
2018-06-07,WGP,0.6124
2018-06-08,AVHI,0.0
2018-06-08,EGI,0.0
2018-06-08,IFON,0.0
2018-06-08,IMNP,0.296
2018-06-08,JASO,0.0
2018-06-08,MITL,-0.20095
2018-06-08,PAY,-0.2263
2018-06-08,RSPP,0.0
2018-06-08,UBA,0.0
2018-06-11,AFCB,0.6249
2018-06-11,ALOG,0.2023
2018-06-11,BWINA,-0.296
2018-06-11,BWINB,-0.296
2018-06-11,CALI,0.3612
2018-06-11,EMAG,-0.128
2018-06-11,GIG,-0.296
2018-06-11,HMG,0.0
2018-06-11,OCIP,0.0
2018-06-11,PHH,0.21075
2018-06-11,TWN,0.296
2018-06-11,VSAR,0.0
2018-06-12,CYS,0.4019
2018-06-12,DGICB,0.0
2018-06-12,DSWL,0.0
2018-06-12,IWC,0.4939
2018-06-12,KONE,0.0
2018-06-12,TMF,-0.4939
2018-06-12,TMV,-0.4939
2018-06-12,TYD,-0.4939
2018-06-12,TYO,-0.4939
2018-06-13,EPI,0.0258
2018-06-13,EVHC,0.03715
2018-06-13,GIGA,0.0
2018-06-13,JASO,0.3182
2018-06-13,KMG,0.002024999999999999
2018-06-13,LAYN,0.4215
2018-06-13,MTUM,0.0
2018-06-13,TNA,0.3818
2018-06-13,ZX,0.296
2018-06-14,BNO,0.0
2018-06-14,BRF,0.296
2018-06-14,IFON,0.456225
2018-06-14,SGOC,-0.25
2018-06-15,FCOR,0.1027
2018-06-15,FINL,0.4215
2018-06-15,HAWK,0.0
2018-06-15,IFON,0.09983333333333333
2018-06-15,MTGE,0.0
2018-06-15,WGL,0.4215
2018-06-15,ZX,0.0
2018-06-18,FINL,0.0
2018-06-18,IVV,0.0
2018-06-18,NES,0.0
2018-06-19,COBZ,0.0
2018-06-19,CQH,0.6597
2018-06-19,CVG,0.0
2018-06-19,DGRW,0.0
2018-06-19,FBNK,0.38726666666666665
2018-06-19,FINL,0.0
2018-06-19,FMI,0.18685
2018-06-19,HCOM,0.4767
2018-06-19,OCIP,0.2263
2018-06-19,RSPP,0.0
2018-06-19,SCHD,0.0
2018-06-20,DUST,0.0
2018-06-20,FBNK,0.0
2018-06-20,FMI,-0.23835
2018-06-20,VII,-0.2612666666666667
2018-06-20,VOX,0.0
2018-06-21,ALOG,0.0
2018-06-21,FM,0.0
2018-06-21,QQQE,0.0
2018-06-21,TWX,-0.2617
2018-06-21,VEA,0.0
2018-06-21,VIG,0.0
2018-06-22,EWH,0.3612
2018-06-22,GBNK,0.0
2018-06-22,IMNP,0.0
2018-06-22,IWB,0.6705
2018-06-22,IWD,0.6705
2018-06-22,SHY,0.3612
2018-06-22,VCO,0.0
2018-06-25,ACWV,0.0
2018-06-25,ANGL,0.0
2018-06-25,BWP,0.296
2018-06-25,FHY,0.5106
2018-06-26,BWP,0.296
2018-06-26,CARZ,0.3182
2018-06-26,DNP,0.0
2018-06-26,EDR,0.35645000000000004
2018-06-26,HCAC,0.8176
2018-06-26,IAU,0.0
2018-06-26,TEP,0.4019
2018-06-26,XGTIW,0.0
2018-06-27,ANTH,-0.4588
2018-06-27,BNSO,0.0
2018-06-27,BWP,0.28515
2018-06-27,ECH,-0.2732
2018-06-27,HDV,0.0
2018-06-27,KND,0.0
2018-06-27,MSN,0.128
2018-06-27,TSLF,0.7096
2018-06-28,ANTH,0.5574
2018-06-28,BNSO,0.0
2018-06-28,CALL,0.0772
2018-06-28,CVG,0.148
2018-06-28,DBA,-0.296
2018-06-28,FBNK,0.0
2018-06-28,IHDG,0.6124
2018-06-28,YANG,-0.3818
2018-06-29,AKP,0.0
2018-06-29,BWP,0.6124
2018-06-29,DRV,0.0
2018-06-29,ELON,0.015539999999999988
2018-06-29,IEO,0.5423
2018-06-29,JASO,0.0
2018-06-29,NSM,0.0
2018-06-29,SENEA,0.0
2018-06-29,SENEB,0.0
2018-06-29,YGE,0.08366666666666667
2018-07-01,DDR,0.0
2018-07-02,BRF,-0.8126
2018-07-02,EHIC,0.0
2018-07-02,ELON,0.0
2018-07-02,IJR,0.7096
2018-07-02,IJT,0.7096
2018-07-02,NIB,0.6369
2018-07-02,PSCH,0.6369
2018-07-02,REMX,-0.8126
2018-07-02,SCIF,-0.8126
2018-07-02,SENEA,0.0
2018-07-02,VIIX,0.6369
2018-07-02,WGL,0.7845
2018-07-03,BGI,0.0
2018-07-03,BND,0.0
2018-07-03,DON,0.0
2018-07-03,VTI,0.0
2018-07-04,EZU,-0.802
2018-07-05,CCCR,0.3806333333333333
2018-07-05,GZT,0.0
2018-07-05,IWD,0.3612
2018-07-05,LBIX,0.2023
2018-07-05,TGC,0.0
2018-07-05,WGL,0.0
2018-07-05,XPLR,-0.06240000000000001
2018-07-06,ABAX,0.0
2018-07-06,CCCR,0.0
2018-07-06,EDC,0.0
2018-07-06,IJR,0.1027
2018-07-06,PSCC,-0.4019
2018-07-06,TGC,0.0
2018-07-06,WGL,0.0
2018-07-06,XPLR,0.10115
2018-07-07,TWX,0.0
2018-07-09,ERX,0.2732
2018-07-09,ERY,0.2732
2018-07-09,FMI,0.4939
2018-07-09,IFON,0.3182
2018-07-09,IMNP,0.41135
2018-07-09,MATR,0.6166
2018-07-09,WGL,0.0
2018-07-10,BOFI,0.0
2018-07-10,EZU,0.0516
2018-07-10,GPT,0.5106
2018-07-10,JASO,0.07655
2018-07-10,MITL,0.0
2018-07-10,VII,0.4767
2018-07-10,VSAR,0.6124
2018-07-11,FFKT,0.0
2018-07-11,OZRK,-0.1531
2018-07-11,PAY,0.0
2018-07-11,RETL,0.0
2018-07-11,VII,0.05769999999999999
2018-07-12,BOFI,0.0
2018-07-12,BORN,0.0258
2018-07-12,EDR,0.5106
2018-07-12,IEO,0.25
2018-07-12,ORBK,0.2263
2018-07-12,OZRK,0.07676
2018-07-12,PBSK,0.26335
2018-07-12,SDY,0.5423
2018-07-12,VIG,0.5423
2018-07-12,VII,0.0
2018-07-13,CYS,0.0
2018-07-13,NYRT,0.0
2018-07-13,OZRK,-0.009325
2018-07-13,PBSK,0.0
2018-07-13,TWX,-0.2263
2018-07-16,AOI,0.0
2018-07-16,CALI,0.2023
2018-07-16,GLF,0.131675
2018-07-16,JASO,0.0
2018-07-16,KLXI,0.34
2018-07-16,LBIX,0.0
2018-07-16,NSM,0.0
2018-07-17,CALI,-0.11434999999999998
2018-07-17,EWD,-0.25
2018-07-17,IMNP,0.296
2018-07-17,MTGE,0.128
2018-07-17,NSM,-0.11315
2018-07-17,RSPP,0.0
2018-07-17,RUSL,0.0
2018-07-17,RUSS,0.0
2018-07-17,TWN,0.0
2018-07-17,VIXY,-0.8126
2018-07-17,XPLR,0.7351
2018-07-18,ANCB,0.0
2018-07-18,CAW,0.0
2018-07-18,ERX,0.0
2018-07-18,EVHC,0.0
2018-07-18,FBNK,0.0
2018-07-18,FMI,-0.3612
2018-07-18,GBNK,-0.2263
2018-07-18,NXTM,0.48324999999999996
2018-07-18,PED,0.2023
2018-07-18,TECL,0.0
2018-07-19,CZFC,0.0
2018-07-19,EVHC,0.0
2018-07-19,FFKT,0.0
2018-07-19,GGP,0.3612
2018-07-19,IAU,-0.357
2018-07-19,IMUC,0.2263
2018-07-19,NXTM,0.0
2018-07-19,SYNT,0.0
2018-07-19,UBOH,0.4215
2018-07-19,UGLD,-0.357
2018-07-20,ANCB,0.0
2018-07-20,CYS,0.26335
2018-07-20,DM,0.0
2018-07-20,ERX,0.6124
2018-07-20,ERY,0.6124
2018-07-20,GZT,-0.2732
2018-07-20,MFV,-0.2732
2018-07-20,NHF,0.0
2018-07-20,OVLY,0.0
2018-07-20,OXLCO,0.0
2018-07-20,QSII,0.296
2018-07-20,RMP,0.0
2018-07-20,TCAP,0.0
2018-07-20,TLI,-0.2732
2018-07-20,TMP,0.0
2018-07-20,VNM,0.0
2018-07-22,SYNT,0.0
2018-07-23,BORN,-0.2023
2018-07-23,BSPM,0.0
2018-07-23,CYS,0.0
2018-07-23,CZNC,0.0
2018-07-23,DDT,0.0
2018-07-23,EZU,0.0
2018-07-23,FFKT,0.24695
2018-07-23,MFV,-0.2023
2018-07-23,OCLR,0.5492999999999999
2018-07-23,PBSK,0.0
2018-07-23,PRK,0.0
2018-07-23,SYNT,0.0
2018-07-23,TCAP,0.0
2018-07-24,AHL,0.0
2018-07-24,BRZU,-0.0258
2018-07-24,CYS,0.0
2018-07-24,EHIC,0.296
2018-07-24,LBIX,0.0
2018-07-24,MHE,-0.2023
2018-07-24,SGB,0.0
2018-07-24,SIM,0.0
2018-07-24,STBZ,-0.2263
2018-07-24,SYNT,0.0
2018-07-24,TAX,0.10364999999999999
2018-07-24,TCAP,0.4019
2018-07-24,UCBA,0.4215
2018-07-24,XHE,0.4939
2018-07-24,XSW,0.5994
2018-07-25,CPLA,0.5106
2018-07-25,CZNC,0.0
2018-07-25,DDR,0.1977
2018-07-25,DDT,0.0
2018-07-25,FFKT,0.0
2018-07-25,GNBC,0.0
2018-07-25,IRDMB,0.0
2018-07-25,KS,-0.1531
2018-07-25,LSBK,0.0
2018-07-25,MHE,-0.2023
2018-07-25,PAY,-0.3612
2018-07-25,SIFI,0.0
2018-07-25,SOCL,-0.4019
2018-07-25,TAX,0.0
2018-07-26,BSPM,0.148
2018-07-26,CHFN,-0.2263
2018-07-26,DDT,0.0
2018-07-26,EQS,-0.2732
2018-07-26,GGP,0.4767
2018-07-26,HOVNP,-0.2732
2018-07-26,IMNP,0.047466666666666685
2018-07-26,MCR,-0.2732
2018-07-26,MEG,0.5267
2018-07-26,PCY,0.0
2018-07-26,PHB,0.0
2018-07-26,QUAL,0.0
2018-07-26,SYNT,0.0
2018-07-26,TAX,0.0
2018-07-26,WPZ,0.0
2018-07-27,ANCB,-0.2263
2018-07-27,ATLO,0.0
2018-07-27,BSPM,0.10115
2018-07-27,CALI,-0.2263
2018-07-27,COBZ,0.0
2018-07-27,CURE,0.5106
2018-07-27,CYS,0.20095
2018-07-27,CZNC,0.0
2018-07-27,EZM,0.34
2018-07-27,GFNCP,0.0
2018-07-27,GGP,0.4767
2018-07-27,GNBC,0.0
2018-07-27,IMNP,-0.2732
2018-07-27,LPNT,-0.19733333333333333
2018-07-27,MIN,-0.2732
2018-07-27,NVEC,0.0
2018-07-27,OVLY,0.0
2018-07-27,PBSK,0.0
2018-07-27,SOCL,0.0
2018-07-27,SVU,0.08092
2018-07-27,TR,0.0
2018-07-27,UNB,0.0
2018-07-27,XCRA,0.0
2018-07-30,CALI,0.0
2018-07-30,COBZ,0.0
2018-07-30,GNBC,0.0
2018-07-30,GPT,0.5106
2018-07-30,HGT,-0.2732
2018-07-30,MCR,-0.2732
2018-07-30,MIN,-0.2732
2018-07-30,NDRO,0.0
2018-07-30,NSM,0.0
2018-07-30,PBSK,0.0
2018-07-30,RLJE,0.0386
2018-07-30,SIGM,-0.03623333333333336
2018-07-30,TRX,0.2263
2018-07-30,UNAM,-0.2732
2018-07-30,WPZ,0.0
2018-07-31,AOI,0.0
2018-07-31,BSPM,0.0
2018-07-31,CCM,0.4939
2018-07-31,GGP,0.3818
2018-07-31,GLU,0.0
2018-07-31,IJH,0.6249
2018-07-31,KYE,0.2732
2018-07-31,MDY,0.6249
2018-07-31,MTUM,-0.34
2018-07-31,PCI,0.0
2018-07-31,PRSS,0.0
2018-07-31,QSII,0.0
2018-07-31,RLJE,0.0
2018-07-31,SENEB,-0.1366
2018-07-31,SVU,0.4019
2018-07-31,SXE,-0.2732
2018-07-31,VO,0.6249
2018-07-31,XRM,0.0
2018-08-01,ABAX,0.7579
2018-08-01,AHL,-0.3612
2018-08-01,AVHI,-0.3612
2018-08-01,BXE,-0.2732
2018-08-01,CBAK,-0.2732
2018-08-01,DM,-0.1531
2018-08-01,FDN,0.0
2018-08-01,HBK,0.4588
2018-08-01,LPNT,0.0
2018-08-01,MHE,-0.2732
2018-08-01,MITL,-0.1531
2018-08-01,ONP,0.0
2018-08-01,ORBK,0.0
2018-08-01,PED,0.5994
2018-08-01,RSPP,0.2732
2018-08-01,SPFF,0.0
2018-08-01,SXE,-0.2732
2018-08-01,TAX,0.5114333333333333
2018-08-01,TECL,0.0
2018-08-01,VVC,0.0
2018-08-01,WPZ,0.0
2018-08-02,AOI,0.0
2018-08-02,BKEPP,0.0
2018-08-02,BXE,0.2263
2018-08-02,CBAK,-0.2732
2018-08-02,CGG,0.0
2018-08-02,CZFC,0.0
2018-08-02,DCT,0.4019
2018-08-02,DMO,-0.2732
2018-08-02,DXGE,0.7003
2018-08-02,EEP,0.128
2018-08-02,EGI,-0.3182
2018-08-02,EGLT,0.0
2018-08-02,ELON,0.0
2018-08-02,EVG,-0.2732
2018-08-02,FMY,-0.2732
2018-08-02,IHT,0.07732499999999999
2018-08-02,IJR,-0.5994
2018-08-02,ISDR,0.296
2018-08-02,ISRA,0.0
2018-08-02,IVV,-0.5994
2018-08-02,MIN,-0.2732
2018-08-02,MOC,0.8442
2018-08-02,MZOR,-0.0772
2018-08-02,NYLD,0.0
2018-08-02,PBSK,0.0
2018-08-02,PNK,0.296
2018-08-02,QSII,0.0
2018-08-02,SENEA,-0.2732
2018-08-02,TAX,0.0
2018-08-02,WPZ,0.0
2018-08-02,XPLR,0.0
2018-08-02,XRM,0.0
2018-08-03,AAU,-0.2732
2018-08-03,AAV,0.25
2018-08-03,BOFI,0.6808
2018-08-03,CBAK,-0.2732
2018-08-03,DCT,0.0
2018-08-03,DM,0.0
2018-08-03,DMO,-0.2732
2018-08-03,EVG,-0.2732
2018-08-03,FFKT,0.0
2018-08-03,FMI,0.0
2018-08-03,FSFG,-0.296
2018-08-03,IHT,0.10115
2018-08-03,IRDMB,0.0
2018-08-03,PCI,0.0
2018-08-03,PHH,-0.3612
2018-08-03,SEB,-0.2732
2018-08-03,SIFI,0.0
2018-08-03,SIGM,0.0
2018-08-03,UAMY,0.765
2018-08-03,VLUE,0.5106
2018-08-03,WPZ,0.0
2018-08-06,BDR,0.7845
2018-08-06,BPOPM,0.0
2018-08-06,BXE,-0.2023
2018-08-06,BZM,0.0
2018-08-06,CALL,-0.1531
2018-08-06,DCT,0.0
2018-08-06,DMO,-0.2023
2018-08-06,EEP,0.0
2018-08-06,EEQ,0.0
2018-08-06,EVHC,-0.1531
2018-08-06,FFKT,0.0
2018-08-06,GLF,0.0
2018-08-06,IJT,0.3818
2018-08-06,IRDMB,0.0
2018-08-06,LSBK,0.0
2018-08-06,RMGN,0.3182
2018-08-06,UAMY,0.0
2018-08-06,UWN,0.0
2018-08-07,AHL,0.0
2018-08-07,APF,-0.2732
2018-08-07,BOFI,-0.2263
2018-08-07,CBAK,-0.2732
2018-08-07,CVG,0.0
2018-08-07,DCT,0.0
2018-08-07,DMO,-0.2732
2018-08-07,EEP,0.296
2018-08-07,EGLT,0.3448
2018-08-07,FMI,0.0
2018-08-07,IRDMB,0.0
2018-08-07,PHK,0.0
2018-08-07,PSCF,0.5106
2018-08-07,RUSHB,0.0
2018-08-07,SEB,0.0
2018-08-07,UAMY,0.0
2018-08-07,UWN,0.0
2018-08-07,VSAR,0.0
2018-08-07,WMLP,0.25323333333333337
2018-08-07,WPZ,0.0
2018-08-07,XCRA,0.0
2018-08-08,CBAK,-0.2732
2018-08-08,DEPO,0.13092
2018-08-08,EGLT,0.012399999999999994
2018-08-08,ETE,0.2732
2018-08-08,GNBC,0.0
2018-08-08,GXG,0.0
2018-08-08,ITA,0.0644
2018-08-08,IWB,0.6124
2018-08-08,MGIC,-0.148
2018-08-08,NYRT,-0.3182
2018-08-08,PHK,0.0
2018-08-08,SDT,0.0
2018-08-08,SVU,0.0
2018-08-08,VVC,0.0
2018-08-08,WMLP,0.0
2018-08-08,WPZ,0.0
2018-08-08,XCRA,0.0
2018-08-08,XPL,-0.2732
2018-08-08,XRM,0.0
2018-08-09,CBAK,-0.2732
2018-08-09,CBSHP,0.0
2018-08-09,CORI,0.0
2018-08-09,CQH,0.2732
2018-08-09,DEPO,0.148
2018-08-09,GPT,0.5106
2018-08-09,HOVNP,-0.2732
2018-08-09,IRDMB,0.0
2018-08-09,KNOW,0.0
2018-08-09,KONA,0.0
2018-08-09,MMAC,0.5574
2018-08-09,PHIIK,0.0
2018-08-09,RLJE,0.4215
2018-08-09,SDR,0.0
2018-08-09,SDT,0.0
2018-08-09,TEAR,-0.1531
2018-08-09,XRM,0.0
2018-08-10,CBSHP,0.0
2018-08-10,CORI,0.296
2018-08-10,DEPO,0.0
2018-08-10,ECF,0.0
2018-08-10,IRDMB,0.0
2018-08-10,KBE,0.0
2018-08-10,MCV,0.0
2018-08-10,RDIV,0.0
2018-08-10,RUSL,0.2263
2018-08-10,RUSS,0.2263
2018-08-10,SFBC,0.0
2018-08-10,SIFI,-0.2732
2018-08-10,WPZ,0.0
2018-08-13,EGLT,0.5859
2018-08-13,GST,0.0
2018-08-13,HGT,0.42952
2018-08-13,HYD,0.765
2018-08-13,IMUC,0.0
2018-08-13,IWD,0.3612
2018-08-13,MMD,0.0
2018-08-13,OCLR,-0.1531
2018-08-13,ORBK,0.5106
2018-08-14,CQH,0.2732
2018-08-14,DEPO,0.0
2018-08-14,ELSE,0.0
2018-08-14,GCBC,0.0
2018-08-14,GLF,0.296
2018-08-14,HGT,0.0
2018-08-14,JOB,-0.3612
2018-08-14,KIQ,0.2235
2018-08-14,MATR,0.5766
2018-08-14,MMD,0.0
2018-08-14,OHAI,0.0
2018-08-14,PF,0.5267
2018-08-14,PNK,0.4215
2018-08-14,RETL,0.3182
2018-08-14,SXCP,0.0
2018-08-14,SXE,0.128
2018-08-14,TGC,0.0
2018-08-14,TR,0.0
2018-08-14,WVVI,0.0
2018-08-14,XPLR,0.0
2018-08-15,AFSI,0.0
2018-08-15,BDL,0.0
2018-08-15,DCT,0.0
2018-08-15,DEPO,0.0
2018-08-15,ELSE,0.0
2018-08-15,FRD,0.0
2018-08-15,GAINO,-0.2732
2018-08-15,GLQ,0.0
2018-08-15,KMG,0.406175
2018-08-15,LCM,-0.2732
2018-08-15,OHAI,0.296
2018-08-15,PAY,0.0
2018-08-15,PRKR,0.19733333333333333
2018-08-15,SIGM,0.19226666666666667
2018-08-15,SXE,-0.2732
2018-08-15,UNAM,0.0
2018-08-15,WRN,-0.2732
2018-08-16,AAU,-0.2732
2018-08-16,APF,-0.2732
2018-08-16,AQXP,0.0
2018-08-16,CHNA,0.4939
2018-08-16,ETP,0.296
2018-08-16,FRD,0.0
2018-08-16,GDL,-0.2732
2018-08-16,GST,-0.2732
2018-08-16,GZT,-0.2732
2018-08-16,IHT,0.7579
2018-08-16,KFFB,-0.2732
2018-08-16,KMG,0.0
2018-08-16,LCM,-0.2732
2018-08-16,MSF,-0.2732
2018-08-16,NEN,-0.2732
2018-08-16,PF,0.0
2018-08-16,PNK,0.296
2018-08-16,PRKR,-0.1366
2018-08-16,PSLV,-0.2732
2018-08-16,SIGM,-0.2732
2018-08-16,SPPP,-0.2732
2018-08-16,SXE,-0.2732
2018-08-16,VBFC,0.0
2018-08-16,XPL,-0.2732
2018-08-16,ZOES,0.0
2018-08-17,AAU,-0.2732
2018-08-17,BFY,-0.2732
2018-08-17,EDC,0.296
2018-08-17,ENFR,0.765
2018-08-17,ETV,0.0
2018-08-17,GAINO,0.0
2018-08-17,GOODO,0.0
2018-08-17,GOODP,0.0
2018-08-17,IHT,0.5106
2018-08-17,ISDR,0.0
2018-08-17,NEN,-0.2732
2018-08-17,PRKR,-0.2732
2018-08-17,PSLV,-0.2732
2018-08-17,RDIB,0.0
2018-08-17,SIGM,-0.2732
2018-08-17,WRN,-0.2732
2018-08-17,ZOES,0.17822500000000002
2018-08-20,AHL,0.0
2018-08-20,BBOX,0.074
2018-08-20,DCT,0.872
2018-08-20,ISDR,0.0
2018-08-20,JASO,0.0
2018-08-20,MATR,0.41135
2018-08-20,MTGE,0.128
2018-08-20,OCLR,0.0
2018-08-20,PNK,0.0
2018-08-20,SXE,0.3919
2018-08-21,BBOX,0.2023
2018-08-21,ETV,0.0
2018-08-21,FBNK,0.0
2018-08-21,GZT,-0.064
2018-08-21,HBK,-0.2732
2018-08-21,HGT,0.2732
2018-08-21,MTGE,0.0
2018-08-21,NYLD,0.0
2018-08-21,OXLCO,0.0
2018-08-21,PCI,0.0
2018-08-21,RBCN,0.0
2018-08-21,RLJE,0.0
2018-08-21,RUSL,-0.1531
2018-08-21,RUSS,-0.1531
2018-08-21,SODA,0.2023
2018-08-21,WMLP,0.296
2018-08-21,ZOES,0.296
2018-08-22,AOI,0.4767
2018-08-22,ETV,0.0
2018-08-22,FBNK,0.0
2018-08-22,HBK,-0.2732
2018-08-22,NYLD,0.0
2018-08-22,OXLCO,0.0
2018-08-22,PCI,0.0
2018-08-22,RBCN,0.0
2018-08-22,RLJE,0.0
2018-08-22,SODA,0.0
2018-08-22,XL,0.0
2018-08-23,BSPM,0.0
2018-08-23,COBZ,0.4767
2018-08-23,CPAC,-0.2732
2018-08-23,EHIC,0.46795
2018-08-23,MFRM,0.4215
2018-08-23,NWY,-0.1421
2018-08-23,PF,0.1591
2018-08-23,PNK,0.8225
2018-08-23,RLJE,0.0
2018-08-24,ACXM,0.0
2018-08-24,CPAC,-0.2732
2018-08-24,ETP,0.6369
2018-08-24,FAM,-0.2732
2018-08-24,KLXI,0.0
2018-08-24,RLJE,0.0
2018-08-24,VNQ,0.0
2018-08-24,WMLP,0.3780666666666666
2018-08-27,CALL,0.0
2018-08-27,CARZ,0.4215
2018-08-27,DGRW,0.0
2018-08-27,KCLI,0.296
2018-08-27,KONE,0.0386
2018-08-27,NHC,0.0
2018-08-27,PF,-0.0572
2018-08-27,RLJE,0.0
2018-08-28,AHL,0.0
2018-08-28,DDR,0.03715
2018-08-28,EQS,0.6249
2018-08-28,GGP,0.148
2018-08-28,KLXI,0.0
2018-08-28,NWY,0.0
2018-08-28,OIH,0.0
2018-08-28,VVC,0.2732
2018-08-29,AKP,0.0
2018-08-29,CCM,0.0
2018-08-29,CPAC,-0.2732
2018-08-29,GLQ,0.0
2018-08-29,GST,0.2263
2018-08-29,HCAC,0.128
2018-08-29,KFFB,0.0
2018-08-29,MHE,-0.2732
2018-08-29,NYLD,0.0
2018-08-29,PKO,0.4215
2018-08-29,PNK,0.802
2018-08-29,TEI,-0.2732
2018-08-29,UBOH,0.0
2018-08-29,XL,0.21075
2018-08-30,AOI,0.0
2018-08-30,BPOPM,0.0
2018-08-30,GEOS,0.3182
2018-08-30,GLQ,0.0
2018-08-30,HACK,0.0
2018-08-30,HPI,0.0
2018-08-30,HPS,0.0
2018-08-30,MTUM,0.0
2018-08-30,NHC,0.0
2018-08-30,REIS,0.26543333333333335
2018-08-30,SHOS,-0.3182
2018-08-30,TCBIP,0.0
2018-08-30,UBOH,0.0
2018-08-30,XCRA,0.0
2018-08-30,XL,0.0
2018-08-31,CHIQ,-0.5994
2018-08-31,GST,0.6249
2018-08-31,HPI,0.0
2018-08-31,HPS,0.0
2018-08-31,NHC,0.0
2018-08-31,PNK,0.4215
2018-08-31,REIS,0.06743333333333333
2018-08-31,TCBIP,0.0
2018-08-31,XL,0.6124
2018-08-31,XRM,0.0
2018-09-04,AAV,0.25
2018-09-04,AMZA,0.6705
2018-09-04,BPOPM,0.0
2018-09-04,ETE,-0.3818
2018-09-04,ETP,-0.3818
2018-09-04,GIM,-0.2732
2018-09-04,GST,-0.2732
2018-09-04,HPI,0.0
2018-09-04,HPS,0.0
2018-09-04,KS,0.0
2018-09-04,MBFI,0.0
2018-09-04,NDRO,0.8225
2018-09-04,ORIG,-0.05135
2018-09-04,PBSK,0.0
2018-09-04,QSII,0.0
2018-09-04,XL,0.0
2018-09-04,XPL,-0.2732
2018-09-05,AAV,-0.2732
2018-09-05,ACXM,0.0
2018-09-05,AOI,-0.3612
2018-09-05,BPOPM,0.0
2018-09-05,EQS,-0.2732
2018-09-05,ETP,0.1027
2018-09-05,FAM,-0.2732
2018-09-05,GST,-0.2732
2018-09-05,HPI,0.0
2018-09-05,IJH,0.0
2018-09-05,IJR,0.0
2018-09-05,JRO,-0.2732
2018-09-05,KMM,0.0
2018-09-05,MDY,0.0
2018-09-05,NAP,0.011399999999999993
2018-09-05,ORIG,0.0
2018-09-05,PERY,0.4939
2018-09-05,RSYS,0.0
2018-09-05,TEI,-0.2732
2018-09-05,XL,0.0
2018-09-06,AAV,-0.2732
2018-09-06,AMDA,0.148
2018-09-06,BME,0.0
2018-09-06,BRZU,0.0
2018-09-06,EDC,-0.3182
2018-09-06,FEO,-0.2732
2018-09-06,GST,0.12466666666666666
2018-09-06,HPI,0.0
2018-09-06,HPS,0.0
2018-09-06,IAF,-0.2732
2018-09-06,JEQ,-0.2732
2018-09-06,KS,0.0
2018-09-06,MSF,-0.2732
2018-09-06,PCI,0.0
2018-09-06,PDI,0.0
2018-09-06,PERY,0.0
2018-09-06,SLMBP,0.0
2018-09-06,WRN,-0.2732
2018-09-06,WSCI,-0.3612
2018-09-06,XRM,0.0
2018-09-07,AAV,-0.2732
2018-09-07,AHL,-0.1027
2018-09-07,AMDA,0.4939
2018-09-07,BPOPM,0.0
2018-09-07,COOL,-0.01830000000000001
2018-09-07,CPAC,-0.2732
2018-09-07,FAX,-0.2732
2018-09-07,FEO,-0.2732
2018-09-07,GLQ,0.0
2018-09-07,GST,-0.2732
2018-09-07,JEQ,-0.2732
2018-09-07,MSF,-0.2732
2018-09-07,NAP,0.0
2018-09-07,PDI,0.0
2018-09-07,PIM,-0.2732
2018-09-07,QSII,0.0
2018-09-07,TEI,-0.2732
2018-09-07,UBA,0.0
2018-09-07,UBCP,0.0
2018-09-07,WSCI,0.0
2018-09-10,AAV,-0.2732
2018-09-10,AHL,-0.128
2018-09-10,ATRM,0.8979
2018-09-10,BND,0.0
2018-09-10,BNDX,0.0
2018-09-10,BPK,0.0
2018-09-10,COOL,-0.074
2018-09-10,EDD,-0.2732
2018-09-10,FAX,-0.2732
2018-09-10,FEO,-0.2732
2018-09-10,GGN,-0.2732
2018-09-10,IAE,-0.2732
2018-09-10,IAF,-0.2732
2018-09-10,JEQ,-0.2732
2018-09-10,KLXI,0.6369
2018-09-10,MSF,-0.2732
2018-09-10,NBH,-0.2732
2018-09-10,NWY,0.4019
2018-09-10,SNFCA,0.5574
2018-09-10,VXF,0.0
2018-09-10,WSCI,0.0
2018-09-10,XL,0.0
2018-09-11,AOI,0.3751
2018-09-11,APRI,0.0
2018-09-11,CGG,0.0
2018-09-11,ETP,0.0
2018-09-11,EVHC,0.0
2018-09-11,NWY,0.0
2018-09-11,SYNT,0.0516
2018-09-11,UBA,-0.128
2018-09-12,AOI,0.0
2018-09-12,APB,-0.2732
2018-09-12,APF,-0.2732
2018-09-12,BOFI,0.4767
2018-09-12,CCM,0.0
2018-09-12,COOL,-0.07543333333333334
2018-09-12,EDC,-0.3182
2018-09-12,ETP,0.0
2018-09-12,FAM,-0.2732
2018-09-12,FEO,-0.2732
2018-09-12,GGN,-0.2732
2018-09-12,INDL,-0.3182
2018-09-12,INTG,0.0
2018-09-12,MSF,-0.2732
2018-09-12,NAP,-0.2732
2018-09-12,NES,-0.2732
2018-09-12,NLST,0.148
2018-09-12,NMI,-0.2732
2018-09-12,NWY,0.0
2018-09-12,PDI,0.0
2018-09-12,PHK,0.0
2018-09-12,TWN,-0.2732
2018-09-12,VOX,0.0
2018-09-12,WSCI,0.0
2018-09-12,XL,0.0
2018-09-13,ACXM,0.0
2018-09-13,APB,-0.2732
2018-09-13,APF,-0.2732
2018-09-13,BORN,-0.2732
2018-09-13,BPOPM,0.0
2018-09-13,BPOPN,0.0
2018-09-13,COOL,0.0
2018-09-13,DNB,0.0
2018-09-13,EDR,0.6705
2018-09-13,EFA,0.0
2018-09-13,ESSA,0.0
2018-09-13,ETY,0.0
2018-09-13,GCV,0.0
2018-09-13,GDL,0.0
2018-09-13,HPS,0.0
2018-09-13,MBFI,0.0
2018-09-13,MGF,-0.2732
2018-09-13,MMD,0.0
2018-09-13,MSF,-0.2732
2018-09-13,NCB,0.0
2018-09-13,NID,0.0
2018-09-13,NLST,0.0
2018-09-13,NMI,-0.2732
2018-09-13,NTRSP,0.0
2018-09-13,NYV,0.0
2018-09-13,PDI,0.0
2018-09-13,PERY,0.5574
2018-09-13,PHK,0.0
2018-09-13,PRKR,-0.2263
2018-09-13,UTMD,0.0
2018-09-13,UWN,0.0
2018-09-13,VGZ,-0.2732
2018-09-13,VMM,-0.2732
2018-09-14,AAV,-0.2732
2018-09-14,ACXM,0.0
2018-09-14,ADX,0.0
2018-09-14,BORN,-0.2732
2018-09-14,BPOPM,0.0
2018-09-14,BPOPN,0.0
2018-09-14,BQH,-0.2732
2018-09-14,CCE,0.1507666666666667
2018-09-14,CWAY,0.0
2018-09-14,DDR,0.02476666666666667
2018-09-14,DNB,0.0
2018-09-14,EDD,-0.2732
2018-09-14,EDR,0.0
2018-09-14,ELON,0.296
2018-09-14,ESSA,0.0
2018-09-14,ETY,0.0
2018-09-14,GCV,0.0
2018-09-14,GDL,0.0
2018-09-14,GGN,-0.2732
2018-09-14,HWBK,0.0
2018-09-14,INTG,0.0
2018-09-14,JRS,0.0
2018-09-14,KMM,0.0
2018-09-14,MBFI,0.0
2018-09-14,MGF,-0.2732
2018-09-14,MMD,0.0
2018-09-14,MQY,-0.2732
2018-09-14,NAP,-0.2732
2018-09-14,NCB,0.0
2018-09-14,NID,0.0
2018-09-14,NKG,-0.2732
2018-09-14,NMI,-0.2732
2018-09-14,NTRSP,0.0
2018-09-14,NYV,0.0
2018-09-14,OXBR,0.0
2018-09-14,RDIV,0.0
2018-09-14,UTMD,0.0
2018-09-14,VMM,-0.2732
2018-09-16,ETE,0.4939
2018-09-16,ETP,0.4939
2018-09-17,ACXM,0.0
2018-09-17,AMDA,-0.2732
2018-09-17,BKK,-0.2732
2018-09-17,BQH,-0.2732
2018-09-17,CA,0.0
2018-09-17,CCE,0.0
2018-09-17,DDR,0.0
2018-09-17,DGICB,-0.2732
2018-09-17,DNB,0.0
2018-09-17,DSM,-0.2732
2018-09-17,EDR,0.0
2018-09-17,GGN,-0.2732
2018-09-17,GOODO,0.0
2018-09-17,GOODP,0.0
2018-09-17,HMTV,0.0
2018-09-17,HWBK,0.0
2018-09-17,INTG,0.0
2018-09-17,KFS,0.0
2018-09-17,KONA,0.0
2018-09-17,MCN,0.0
2018-09-17,MIY,-0.2732
2018-09-17,MQY,-0.2732
2018-09-17,MYJ,-0.2732
2018-09-17,MYN,-0.2732
2018-09-17,NCB,-0.2732
2018-09-17,NMI,-0.2732
2018-09-17,TEI,-0.2732
2018-09-17,VMM,-0.2732
2018-09-18,AMDA,-0.2732
2018-09-18,BNY,-0.2732
2018-09-18,BRID,0.0
2018-09-18,BVX,0.0
2018-09-18,CCE,0.0
2018-09-18,DSM,-0.2732
2018-09-18,ECF,0.0
2018-09-18,ECR,-0.2732
2018-09-18,EDI,-0.2732
2018-09-18,EEP,0.4939
2018-09-18,EEQ,0.6145
2018-09-18,EGLT,0.4215
2018-09-18,ENX,-0.2732
2018-09-18,ESP,0.0
2018-09-18,ETE,0.5106
2018-09-18,EVM,-0.2732
2018-09-18,GLQ,0.0
2018-09-18,GMOM,0.3612
2018-09-18,HMTV,0.0
2018-09-18,IIF,-0.2732
2018-09-18,INTG,0.0
2018-09-18,KSM,-0.2732
2018-09-18,MIY,-0.2732
2018-09-18,MNP,-0.2732
2018-09-18,MOC,0.6808
2018-09-18,MQY,-0.2732
2018-09-18,MUE,-0.2732
2018-09-18,MYJ,-0.2732
2018-09-18,MYN,-0.2732
2018-09-18,NAP,-0.2732
2018-09-18,NKG,-0.2732
2018-09-18,NMI,-0.2732
2018-09-18,NUW,-0.2732
2018-09-18,NYRT,-0.2732
2018-09-18,PERY,0.4939
2018-09-18,UWN,0.19733333333333333
2018-09-18,VFL,-0.2732
2018-09-18,VGIT,0.3612
2018-09-18,VKQ,-0.2732
2018-09-18,VMM,-0.2732
2018-09-18,WGP,0.10115
2018-09-18,XL,-0.4019
2018-09-18,YANG,0.0
2018-09-18,YINN,0.0
2018-09-19,BFR,0.09809999999999999
2018-09-19,BRID,0.0
2018-09-19,DGRO,0.0
2018-09-19,IEZ,0.0
2018-09-19,MOC,0.06374285714285714
2018-09-19,PAH,0.0
2018-09-19,UTMD,0.0
2018-09-19,XES,0.0
2018-09-20,ACXM,0.204
2018-09-20,AGG,0.0
2018-09-20,BAF,-0.2732
2018-09-20,BFR,0.0
2018-09-20,BFY,-0.2732
2018-09-20,BKN,-0.2732
2018-09-20,BNY,-0.2732
2018-09-20,BQH,-0.2732
2018-09-20,BVX,0.0
2018-09-20,CAW,-0.2732
2018-09-20,CEV,-0.2732
2018-09-20,CVG,0.0
2018-09-20,DMF,-0.2732
2018-09-20,EIA,-0.2732
2018-09-20,ENX,-0.2732
2018-09-20,EVM,-0.2732
2018-09-20,HACK,0.34
2018-09-20,KTF,-0.2732
2018-09-20,MGF,-0.2732
2018-09-20,MHE,-0.2732
2018-09-20,MIY,-0.2732
2018-09-20,MNP,-0.2732
2018-09-20,MOC,0.0
2018-09-20,MPA,-0.2732
2018-09-20,MQY,-0.2732
2018-09-20,MUE,-0.2732
2018-09-20,MYC,-0.2732
2018-09-20,NAC,-0.2732
2018-09-20,NUW,-0.2732
2018-09-20,NXQ,-0.2732
2018-09-20,NYRT,-0.2732
2018-09-20,OIH,0.0
2018-09-20,OXLCO,0.0
2018-09-20,PNK,0.8625
2018-09-20,VGZ,-0.2732
2018-09-20,VKQ,-0.2732
2018-09-21,ACXM,0.0
2018-09-21,ADX,0.0
2018-09-21,AMDA,-0.2732
2018-09-21,BAF,-0.2732
2018-09-21,BBK,-0.2732
2018-09-21,BKT,-0.2732
2018-09-21,BNY,-0.2732
2018-09-21,BOFI,0.4767
2018-09-21,CCE,0.0
2018-09-21,CEV,-0.2732
2018-09-21,COBZ,0.0
2018-09-21,CXH,-0.2732
2018-09-21,DM,0.23775000000000002
2018-09-21,DMF,-0.2732
2018-09-21,DTF,-0.2732
2018-09-21,EIA,-0.2732
2018-09-21,ENX,-0.2732
2018-09-21,ESP,0.0
2018-09-21,EVM,-0.2732
2018-09-21,EVY,-0.2732
2018-09-21,KSM,-0.2732
2018-09-21,KTF,-0.2732
2018-09-21,MEN,-0.2732
2018-09-21,MGF,-0.2732
2018-09-21,MNE,-0.2732
2018-09-21,MPA,-0.2732
2018-09-21,MUA,-0.2732
2018-09-21,MUE,-0.2732
2018-09-21,MYC,-0.2732
2018-09-21,MYJ,-0.2732
2018-09-21,MYN,-0.2732
2018-09-21,MZOR,0.0
2018-09-21,NAC,-0.2732
2018-09-21,NCB,-0.2732
2018-09-21,NMI,-0.2732
2018-09-21,NTRSP,-0.2732
2018-09-21,NXQ,-0.2732
2018-09-21,NYH,-0.2732
2018-09-21,NYRT,-0.2732
2018-09-21,QUAL,0.0
2018-09-21,SGOC,-0.2732
2018-09-21,UAMY,0.0
2018-09-21,VMM,-0.2732
2018-09-23,EGLT,0.0
2018-09-24,ACXM,0.0
2018-09-24,ADX,0.0
2018-09-24,AGG,0.0516
2018-09-24,AMDA,-0.2732
2018-09-24,BAF,-0.2732
2018-09-24,BBK,-0.2732
2018-09-24,BFY,-0.2732
2018-09-24,BHBK,0.0
2018-09-24,BKK,-0.2732
2018-09-24,BKN,-0.2732
2018-09-24,BKT,-0.2732
2018-09-24,BNY,-0.2732
2018-09-24,BPK,0.0
2018-09-24,CCE,0.0
2018-09-24,CEV,-0.2732
2018-09-24,CWAY,0.0
2018-09-24,CXH,-0.2732
2018-09-24,CYCCP,-0.2732
2018-09-24,CZFC,0.0
2018-09-24,DMF,-0.2732
2018-09-24,DNB,0.63835
2018-09-24,EIA,-0.2732
2018-09-24,EIO,-0.2732
2018-09-24,EIP,-0.2732
2018-09-24,EIV,-0.2732
2018-09-24,ENX,-0.2732
2018-09-24,EVM,-0.2732
2018-09-24,EVY,-0.2732
2018-09-24,FNDA,0.5574
2018-09-24,FTF,-0.2732
2018-09-24,IIF,-0.2732
2018-09-24,KTWO,0.2023
2018-09-24,MBB,0.0516
2018-09-24,MEN,-0.2732
2018-09-24,MFT,-0.2732
2018-09-24,MHE,-0.2732
2018-09-24,MIN,-0.2732
2018-09-24,MNE,-0.2732
2018-09-24,MNP,-0.2732
2018-09-24,MUA,-0.2732
2018-09-24,MYC,-0.2732
2018-09-24,MYN,-0.2732
2018-09-24,NAC,-0.2732
2018-09-24,NMI,-0.2732
2018-09-24,NUW,-0.2732
2018-09-24,NXQ,-0.2732
2018-09-24,NYH,-0.2732
2018-09-24,PF,-0.128
2018-09-24,PIM,-0.2732
2018-09-24,PKW,-0.3919
2018-09-24,SNFCA,0.0
2018-09-24,UAMY,0.0
2018-09-24,VGM,-0.2732
2018-09-24,VMM,-0.2732
2018-09-24,VMO,-0.2732
2018-09-24,VSAR,-0.2732
2018-09-24,VTI,0.0
2018-09-24,VTN,-0.2732
2018-09-24,XRM,0.0
2018-09-25,ACXM,0.0
2018-09-25,BAF,-0.2732
2018-09-25,BBK,-0.2732
2018-09-25,BFY,-0.2732
2018-09-25,BKK,-0.2732
2018-09-25,BKN,-0.2732
2018-09-25,BLE,-0.2732
2018-09-25,BNY,-0.2732
2018-09-25,BPK,0.0
2018-09-25,BRZU,0.2263
2018-09-25,CEV,-0.2732
2018-09-25,CRBN,0.296
2018-09-25,EIA,-0.2732
2018-09-25,EIM,-0.2732
2018-09-25,EIO,-0.2732
2018-09-25,EIV,-0.2732
2018-09-25,ENX,-0.2732
2018-09-25,EVM,-0.2732
2018-09-25,EVY,-0.2732
2018-09-25,FTF,-0.2732
2018-09-25,IIF,-0.2732
2018-09-25,KANG,0.0
2018-09-25,KSM,-0.2732
2018-09-25,MAB,-0.2732
2018-09-25,MEN,-0.2732
2018-09-25,MFT,-0.2732
2018-09-25,MHE,-0.2732
2018-09-25,MIY,-0.2732
2018-09-25,MNE,-0.2732
2018-09-25,MNP,-0.2732
2018-09-25,MPA,-0.2732
2018-09-25,MQY,-0.2732
2018-09-25,MUA,-0.2732
2018-09-25,MUE,-0.2732
2018-09-25,MYC,-0.2732
2018-09-25,MYN,-0.2732
2018-09-25,NAC,-0.2732
2018-09-25,NJV,-0.2732
2018-09-25,NMI,-0.2732
2018-09-25,NTX,-0.2732
2018-09-25,NUW,-0.2732
2018-09-25,NXP,-0.2732
2018-09-25,NYH,-0.2732
2018-09-25,SODA,0.0
2018-09-25,UAMY,0.0
2018-09-25,VGM,-0.2732
2018-09-25,VMO,-0.2732
2018-09-25,VTN,-0.2732
2018-09-25,WGP,-0.2732
2018-09-25,XOXO,0.24163333333333334
2018-09-26,ANCB,0.0
2018-09-26,BAF,-0.2732
2018-09-26,BBK,-0.2732
2018-09-26,BFY,-0.2732
2018-09-26,BKK,-0.2732
2018-09-26,BLE,-0.2732
2018-09-26,BQH,-0.2732
2018-09-26,BSD,-0.2732
2018-09-26,CXH,-0.2732
2018-09-26,DMF,-0.2732
2018-09-26,DSM,-0.2732
2018-09-26,EDC,0.0
2018-09-26,EIA,-0.2732
2018-09-26,EIM,-0.2732
2018-09-26,EIO,-0.2732
2018-09-26,EIP,-0.2732
2018-09-26,EIV,-0.2732
2018-09-26,ENX,-0.2732
2018-09-26,EVY,-0.2732
2018-09-26,FBNK,0.4215
2018-09-26,FTF,-0.2732
2018-09-26,IQI,-0.2732
2018-09-26,KTF,-0.2732
2018-09-26,LPNT,0.0
2018-09-26,MAB,-0.2732
2018-09-26,MEN,-0.2732
2018-09-26,MFT,-0.2732
2018-09-26,MHD,-0.2732
2018-09-26,MHE,-0.2732
2018-09-26,MIW,-0.2732
2018-09-26,MNE,-0.2732
2018-09-26,MQY,-0.2732
2018-09-26,MUA,-0.2732
2018-09-26,MUC,-0.2732
2018-09-26,MUE,-0.2732
2018-09-26,MYC,-0.2732
2018-09-26,MYJ,-0.2732
2018-09-26,MYN,-0.2732
2018-09-26,NAZ,-0.2732
2018-09-26,NBO,-0.2732
2018-09-26,NHF,-0.2732
2018-09-26,NJV,-0.2732
2018-09-26,NKG,-0.2732
2018-09-26,NLST,0.4767
2018-09-26,NMI,-0.2732
2018-09-26,NMS,-0.2732
2018-09-26,NOM,-0.2732
2018-09-26,NTRSP,-0.2732
2018-09-26,NXP,-0.2732
2018-09-26,NYH,-0.2732
2018-09-26,ORIG,0.0
2018-09-26,PMO,-0.2732
2018-09-26,RSP,0.4215
2018-09-26,SODA,0.0
2018-09-26,SONC,0.06743333333333333
2018-09-26,TLI,-0.2732
2018-09-26,USG,0.4019
2018-09-26,VFL,-0.2732
2018-09-26,VGM,-0.2732
2018-09-26,VKI,-0.2732
2018-09-26,VKQ,-0.2732
2018-09-26,VMM,-0.2732
2018-09-26,VMO,-0.2732
2018-09-26,VTN,-0.2732
2018-09-26,WGP,-0.2732
2018-09-26,XOXO,0.0
2018-09-27,ANW,-0.0516
2018-09-27,APRI,0.0
2018-09-27,BKN,-0.2732
2018-09-27,BLE,-0.2732
2018-09-27,BME,0.0
2018-09-27,BVX,0.0
2018-09-27,COBZ,0.5267
2018-09-27,CXH,-0.2732
2018-09-27,DBL,-0.2732
2018-09-27,DGRW,0.7184
2018-09-27,DMF,-0.2732
2018-09-27,EIA,-0.2732
2018-09-27,EIM,-0.2732
2018-09-27,EIP,-0.2732
2018-09-27,FLC,-0.2732
2018-09-27,FPL,-0.2732
2018-09-27,GLV,-0.2732
2018-09-27,KANG,0.0
2018-09-27,MAB,-0.2732
2018-09-27,MEN,-0.2732
2018-09-27,MFL,-0.2732
2018-09-27,MFT,-0.2732
2018-09-27,MHD,-0.2732
2018-09-27,MHE,-0.2732
2018-09-27,MNE,-0.2732
2018-09-27,MNP,-0.2732
2018-09-27,MTT,-0.2732
2018-09-27,MUS,-0.2732
2018-09-27,MYC,-0.2732
2018-09-27,MYJ,-0.2732
2018-09-27,NIQ,-0.2732
2018-09-27,NMS,-0.2732
2018-09-27,NUW,-0.2732
2018-09-27,NXQ,-0.2732
2018-09-27,NYH,-0.2732
2018-09-27,PFD,-0.2732
2018-09-27,VKQ,-0.2732
2018-09-27,VMM,-0.2732
2018-09-27,VMO,-0.2732
2018-09-28,IWR,0.7096
2018-09-28,PHH,0.28073333333333333
2018-09-28,PRSS,-0.00895999999999999
2018-09-28,SONC,0.10115
2018-10-01,AST,0.4939
2018-10-01,BOFI,0.0
2018-10-01,FNDF,0.0
2018-10-01,PERY,0.3612
2018-10-01,PNK,0.5423
2018-10-01,PRSS,0.0
2018-10-01,REIS,0.0
2018-10-01,TPRE,0.0
2018-10-02,AAU,-0.2732
2018-10-02,BFZ,-0.2732
2018-10-02,BLE,-0.2732
2018-10-02,BME,0.0
2018-10-02,BXMX,0.0
2018-10-02,DIAX,0.0
2018-10-02,DJCO,0.0
2018-10-02,EIO,-0.2732
2018-10-02,HCAC,0.2732
2018-10-02,IIF,-0.2732
2018-10-02,ISF,-0.2732
2018-10-02,KMG,-0.296
2018-10-02,MHN,-0.2732
2018-10-02,MMU,-0.2732
2018-10-02,MYJ,-0.2732
2018-10-02,NAZ,-0.2732
2018-10-02,NTRSP,-0.2732
2018-10-02,PDI,0.0
2018-10-02,PNK,0.6705
2018-10-02,SCHG,0.3818
2018-10-02,USG,0.0
2018-10-02,VCR,0.1531
2018-10-02,VZA,-0.2732
2018-10-03,AMDA,0.3825
2018-10-03,AMZA,0.1779
2018-10-03,BME,0.0
2018-10-03,ETE,0.1027
2018-10-03,EVM,-0.2732
2018-10-03,GDL,-0.2732
2018-10-03,GOODO,0.0
2018-10-03,IEMG,0.0
2018-10-03,IID,-0.2732
2018-10-03,IIF,-0.2732
2018-10-03,IJR,0.0
2018-10-03,ISG,-0.2732
2018-10-03,KMM,0.0
2018-10-03,MIW,-0.2732
2018-10-03,NAZ,-0.2732
2018-10-03,NUW,-0.2732
2018-10-03,PCI,0.0
2018-10-03,PDI,0.0
2018-10-03,SIR,0.6705
2018-10-03,SONC,0.0258
2018-10-03,SVU,0.2023
2018-10-03,TR,0.0
2018-10-03,TWN,-0.2732
2018-10-03,UBA,0.0
2018-10-03,USG,0.0
2018-10-03,VFL,-0.2732
2018-10-03,VTI,0.7269
2018-10-03,VTV,0.6597
2018-10-03,VZA,-0.2732
2018-10-03,WVVI,-0.2732
2018-10-04,AGNCB,-0.2732
2018-10-04,BAF,-0.2732
2018-10-04,BFZ,-0.2732
2018-10-04,BLE,-0.2732
2018-10-04,BME,0.0
2018-10-04,BNY,-0.2732
2018-10-04,BXE,0.6369
2018-10-04,CHSCM,-0.2732
2018-10-04,CHSCN,-0.2732
2018-10-04,CHSCO,-0.2732
2018-10-04,CXH,-0.2732
2018-10-04,DIAX,0.0
2018-10-04,DMB,-0.2732
2018-10-04,DMF,-0.2732
2018-10-04,DSM,-0.2732
2018-10-04,EGN,0.0
2018-10-04,EIO,-0.2732
2018-10-04,EIP,-0.2732
2018-10-04,EVHC,0.296
2018-10-04,EVT,0.0
2018-10-04,FLC,-0.2732
2018-10-04,FMN,-0.2732
2018-10-04,FTF,-0.2732
2018-10-04,HDP,0.0
2018-10-04,IID,-0.2732
2018-10-04,IIF,-0.2732
2018-10-04,IQI,-0.2732
2018-10-04,ISF,-0.2732
2018-10-04,ISG,-0.2732
2018-10-04,IVE,0.6124
2018-10-04,KTF,-0.2732
2018-10-04,MAB,-0.2732
2018-10-04,MFT,-0.2732
2018-10-04,MHF,-0.2732
2018-10-04,MHN,-0.2732
2018-10-04,MIW,-0.2732
2018-10-04,MMU,-0.2732
2018-10-04,MMV,-0.2732
2018-10-04,MTT,-0.2732
2018-10-04,MUA,-0.2732
2018-10-04,MUC,-0.2732
2018-10-04,MUS,-0.2732
2018-10-04,MVF,-0.2732
2018-10-04,MVO,0.0
2018-10-04,MYC,-0.2732
2018-10-04,NAC,-0.2732
2018-10-04,NBH,-0.2732
2018-10-04,NIQ,-0.2732
2018-10-04,NJV,-0.2732
2018-10-04,NTRSP,-0.2732
2018-10-04,NUW,-0.2732
2018-10-04,PMM,-0.2732
2018-10-04,PMO,-0.2732
2018-10-04,RMGN,0.0
2018-10-04,SCHG,0.6124
2018-10-04,SIR,0.0
2018-10-04,SPYG,0.6124
2018-10-04,TLI,-0.2732
2018-10-04,VFL,-0.2732
2018-10-04,VMO,-0.2732
2018-10-04,VTV,0.6124
2018-10-04,VZA,-0.2732
2018-10-04,WSCI,0.0
2018-10-04,XRM,0.0
2018-10-05,CA,0.0
2018-10-05,HDP,0.0
2018-10-05,MLVF,0.2023
2018-10-05,MVO,0.0
2018-10-05,NES,0.34
2018-10-05,NYRT,0.0
2018-10-05,OIH,-0.6808
2018-10-07,CH,0.0
2018-10-07,VVC,0.6369
2018-10-08,ANCX,0.10115
2018-10-08,BAF,-0.2732
2018-10-08,BBK,-0.2732
2018-10-08,BFZ,-0.2732
2018-10-08,BKN,-0.2732
2018-10-08,BLE,-0.2732
2018-10-08,BNY,-0.2732
2018-10-08,BQH,-0.2732
2018-10-08,BRZU,0.296
2018-10-08,BTA,-0.2732
2018-10-08,CAF,-0.2732
2018-10-08,CEV,-0.2732
2018-10-08,CGO,-0.2732
2018-10-08,CHSCM,-0.2732
2018-10-08,CHSCN,-0.2732
2018-10-08,CXE,-0.2732
2018-10-08,CXH,-0.2732
2018-10-08,DBL,-0.2732
2018-10-08,DMB,-0.2732
2018-10-08,DMF,-0.2732
2018-10-08,DSM,-0.2732
2018-10-08,DTF,-0.2732
2018-10-08,DUC,-0.2732
2018-10-08,EIA,-0.2732
2018-10-08,EIM,-0.2732
2018-10-08,EIO,-0.2732
2018-10-08,EIP,-0.2732
2018-10-08,ENX,-0.2732
2018-10-08,EOD,-0.2732
2018-10-08,EVHC,0.0
2018-10-08,EVM,-0.2732
2018-10-08,EVP,-0.2732
2018-10-08,EVY,-0.2732
2018-10-08,FAS,0.0
2018-10-08,FAX,-0.2732
2018-10-08,FITBI,-0.2732
2018-10-08,FMN,-0.2732
2018-10-08,FPX,0.0
2018-10-08,FTF,-0.2732
2018-10-08,GFY,-0.2732
2018-10-08,GGT,-0.2732
2018-10-08,GLV,-0.2732
2018-10-08,GZT,-0.2732
2018-10-08,HIO,-0.2732
2018-10-08,IAE,-0.2732
2018-10-08,IFN,-0.2732
2018-10-08,IID,-0.2732
2018-10-08,IIF,-0.2732
2018-10-08,INB,-0.2732
2018-10-08,IQI,-0.2732
2018-10-08,JRS,-0.2732
2018-10-08,KTF,-0.2732
2018-10-08,MAB,-0.2732
2018-10-08,MCR,-0.2732
2018-10-08,MFD,-0.2732
2018-10-08,MFL,-0.2732
2018-10-08,MFM,-0.2732
2018-10-08,MFT,-0.2732
2018-10-08,MHD,-0.2732
2018-10-08,MHF,-0.2732
2018-10-08,MHN,-0.2732
2018-10-08,MIY,-0.2732
2018-10-08,MMT,-0.2732
2018-10-08,MMU,-0.2732
2018-10-08,MNE,-0.2732
2018-10-08,MNP,-0.2732
2018-10-08,MQT,-0.2732
2018-10-08,MQY,-0.2732
2018-10-08,MSF,0.4588
2018-10-08,MTT,-0.2732
2018-10-08,MUA,-0.2732
2018-10-08,MUC,-0.2732
2018-10-08,MUE,-0.2732
2018-10-08,MUS,-0.2732
2018-10-08,MVF,-0.2732
2018-10-08,MYC,-0.2732
2018-10-08,MYD,-0.2732
2018-10-08,MYI,-0.2732
2018-10-08,MYJ,-0.2732
2018-10-08,MYN,-0.2732
2018-10-08,NAP,0.4939
2018-10-08,NAZ,-0.2732
2018-10-08,NBH,-0.2732
2018-10-08,NBO,-0.2732
2018-10-08,NHF,-0.2732
2018-10-08,NHS,-0.2732
2018-10-08,NIQ,-0.2732
2018-10-08,NMI,-0.2732
2018-10-08,NMT,-0.2732
2018-10-08,NUO,-0.2732
2018-10-08,NUW,-0.2732
2018-10-08,NYH,-0.2732
2018-10-08,PAI,-0.2732
2018-10-08,PERY,-0.296
2018-10-08,PFD,-0.2732
2018-10-08,PIM,-0.2732
2018-10-08,PMM,-0.2732
2018-10-08,PMO,-0.2732
2018-10-08,SIR,0.296
2018-10-08,SODA,0.0
2018-10-08,TLI,-0.2732
2018-10-08,TWN,-0.2732
2018-10-08,VBF,-0.2732
2018-10-08,VCV,-0.2732
2018-10-08,VGM,-0.2732
2018-10-08,VKI,-0.2732
2018-10-08,VKQ,-0.2732
2018-10-08,VMM,-0.2732
2018-10-08,VMO,-0.2732
2018-10-08,VTN,-0.2732
2018-10-08,WSCI,0.0
2018-10-09,CNBKA,0.0
2018-10-09,CROC,0.0
2018-10-09,DDR,0.0
2018-10-09,ETE,0.2732
2018-10-09,ETP,0.0
2018-10-09,JNK,0.6369
2018-10-09,ORIG,-0.128
2018-10-09,PBSK,0.0
2018-10-09,PF,0.0
2018-10-09,SODA,0.4215
2018-10-09,UBCP,0.4215
2018-10-09,WMLP,0.6887000000000001
2018-10-10,BBF,-0.2732
2018-10-10,BFY,-0.2732
2018-10-10,BKT,-0.2732
2018-10-10,BQH,-0.2732
2018-10-10,BSD,-0.2732
2018-10-10,CA,-0.3051333333333333
2018-10-10,CEV,-0.2732
2018-10-10,CGO,-0.2732
2018-10-10,DDF,0.0
2018-10-10,DUC,-0.2732
2018-10-10,EDD,-0.2732
2018-10-10,EEA,-0.2732
2018-10-10,EIA,-0.2732
2018-10-10,EIM,-0.2732
2018-10-10,EIO,-0.2732
2018-10-10,EIP,-0.2732
2018-10-10,ERC,-0.2732
2018-10-10,EVG,-0.2732
2018-10-10,EVM,-0.2732
2018-10-10,EVO,-0.2732
2018-10-10,FAM,-0.2732
2018-10-10,FAX,-0.2732
2018-10-10,FLC,-0.2732
2018-10-10,FXY,0.0
2018-10-10,GBAB,-0.2732
2018-10-10,GGN,-0.2732
2018-10-10,HYD,0.0
2018-10-10,IAE,-0.2732
2018-10-10,IFN,-0.2732
2018-10-10,IID,-0.2732
2018-10-10,INB,-0.2732
2018-10-10,IQI,-0.2732
2018-10-10,ITM,0.0
2018-10-10,JHS,-0.2732
2018-10-10,KSM,-0.2732
2018-10-10,KTF,-0.2732
2018-10-10,KTWO,0.0
2018-10-10,MCHI,-0.06814999999999999
2018-10-10,MFD,-0.2732
2018-10-10,MFL,-0.2732
2018-10-10,MGF,-0.2732
2018-10-10,MHD,-0.2732
2018-10-10,MHN,-0.2732
2018-10-10,MIN,-0.2732
2018-10-10,MIY,-0.2732
2018-10-10,MNE,-0.2732
2018-10-10,MPA,-0.2732
2018-10-10,MQT,-0.2732
2018-10-10,MTT,-0.2732
2018-10-10,MUE,-0.2732
2018-10-10,MUS,-0.2732
2018-10-10,MVF,-0.2732
2018-10-10,MYI,-0.2732
2018-10-10,NBO,-0.2732
2018-10-10,NCA,-0.2732
2018-10-10,NHS,-0.2732
2018-10-10,NMS,-0.2732
2018-10-10,NMT,-0.2732
2018-10-10,NOM,-0.2732
2018-10-10,NTX,-0.2732
2018-10-10,NUV,-0.2732
2018-10-10,NYH,-0.2732
2018-10-10,ORIG,0.0
2018-10-10,PAI,-0.2732
2018-10-10,PIM,-0.2732
2018-10-10,PMO,-0.2732
2018-10-10,SBI,-0.2732
2018-10-10,SOR,-0.2732
2018-10-10,SWZ,-0.2732
2018-10-10,SXE,-0.2732
2018-10-10,TLI,-0.2732
2018-10-10,TVIX,0.0
2018-10-10,VBF,-0.2732
2018-10-10,VFL,-0.2732
2018-10-10,VIIX,0.0
2018-10-10,VIXY,0.0
2018-10-10,VMM,-0.2732
2018-10-10,VSAR,-0.2732
2018-10-10,VVR,-0.2732
2018-10-10,VXZ,0.0
2018-10-10,WIW,-0.2732
2018-10-11,AAU,-0.2732
2018-10-11,APF,-0.2732
2018-10-11,BAR,-0.3818
2018-10-11,BBF,-0.2732
2018-10-11,BBK,-0.2732
2018-10-11,BFY,-0.2732
2018-10-11,BKSC,0.0
2018-10-11,BKT,-0.2732
2018-10-11,BPOPN,0.0
2018-10-11,BSD,-0.2732
2018-10-11,BTT,-0.2732
2018-10-11,CA,0.0
2018-10-11,CAF,-0.2732
2018-10-11,CEV,-0.2732
2018-10-11,CGO,-0.2732
2018-10-11,CIF,0.296
2018-10-11,CORI,0.279675
2018-10-11,CRF,-0.2732
2018-10-11,DBL,-0.2732
2018-10-11,DGAZ,0.3612
2018-10-11,DSM,-0.2732
2018-10-11,DTF,-0.2732
2018-10-11,DUC,-0.2732
2018-10-11,EAD,-0.2732
2018-10-11,EDD,-0.2732
2018-10-11,EIA,-0.2732
2018-10-11,EIM,-0.2732
2018-10-11,EIV,-0.2732
2018-10-11,EMI,-0.2732
2018-10-11,EMJ,-0.2732
2018-10-11,EOD,-0.2732
2018-10-11,ERC,-0.2732
2018-10-11,ETE,0.3818
2018-10-11,EVF,-0.2732
2018-10-11,EVG,-0.2732
2018-10-11,EVJ,-0.2732
2018-10-11,EVM,-0.2732
2018-10-11,EVO,-0.2732
2018-10-11,EVP,-0.2732
2018-10-11,EVV,-0.2732
2018-10-11,FAM,-0.2732
2018-10-11,FAX,-0.2732
2018-10-11,FEO,-0.2732
2018-10-11,FLC,-0.2732
2018-10-11,FMN,-0.2732
2018-10-11,FTF,-0.2732
2018-10-11,GBAB,-0.2732
2018-10-11,GFY,-0.2732
2018-10-11,GGN,-0.2732
2018-10-11,GGT,-0.2732
2018-10-11,GGZ,-0.2732
2018-10-11,GLV,-0.2732
2018-10-11,HCAC,-0.4215
2018-10-11,HIO,-0.2732
2018-10-11,IAE,-0.2732
2018-10-11,IAF,-0.2732
2018-10-11,IFN,-0.2732
2018-10-11,IID,-0.2732
2018-10-11,IMPV,-0.031233333333333325
2018-10-11,INB,-0.2732
2018-10-11,IQI,-0.2732
2018-10-11,JEQ,-0.2732
2018-10-11,KF,-0.2732
2018-10-11,KSM,-0.2732
2018-10-11,KTF,-0.2732
2018-10-11,KTWO,0.296
2018-10-11,LGI,-0.2732
2018-10-11,MAB,-0.2732
2018-10-11,MBTF,0.10115
2018-10-11,MCR,-0.2732
2018-10-11,MFD,-0.2732
2018-10-11,MFL,-0.2732
2018-10-11,MGF,-0.2732
2018-10-11,MHD,-0.2732
2018-10-11,MHI,-0.2732
2018-10-11,MIN,-0.2732
2018-10-11,MIW,-0.2732
2018-10-11,MLVF,-0.2732
2018-10-11,MMT,-0.2732
2018-10-11,MMU,-0.2732
2018-10-11,MNE,-0.2732
2018-10-11,MNP,-0.2732
2018-10-11,MQT,-0.2732
2018-10-11,MQY,-0.2732
2018-10-11,MUS,-0.2732
2018-10-11,MVF,-0.2732
2018-10-11,MYD,-0.2732
2018-10-11,MYI,-0.2732
2018-10-11,MYJ,-0.2732
2018-10-11,NBO,-0.2732
2018-10-11,NCA,-0.2732
2018-10-11,NJV,-0.2732
2018-10-11,NKG,-0.2732
2018-10-11,NMS,-0.2732
2018-10-11,NMT,-0.2732
2018-10-11,NTRSP,-0.2732
2018-10-11,NTX,-0.2732
2018-10-11,NXQ,-0.2732
2018-10-11,OCLR,0.0
2018-10-11,ORM,0.296
2018-10-11,PAI,-0.2732
2018-10-11,PFD,-0.2732
2018-10-11,PMO,-0.2732
2018-10-11,RXII,0.296
2018-10-11,TECL,0.2263
2018-10-11,TECS,0.2263
2018-10-11,TIP,0.3818
2018-10-11,UGAZ,0.3612
2018-10-11,VNQ,0.3818
2018-10-11,WGP,0.3818
2018-10-11,WOOD,0.2023
2018-10-12,AGG,0.0
2018-10-12,APB,-0.1366
2018-10-12,APF,-0.2732
2018-10-12,BAF,-0.2732
2018-10-12,BBF,-0.2732
2018-10-12,BFY,-0.2732
2018-10-12,BKN,-0.2732
2018-10-12,BKT,-0.2732
2018-10-12,BSD,-0.2732
2018-10-12,BSE,-0.2732
2018-10-12,BSL,-0.2732
2018-10-12,BTT,-0.2732
2018-10-12,CAF,-0.2732
2018-10-12,CEV,-0.2732
2018-10-12,CGO,-0.2732
2018-10-12,CHN,-0.2732
2018-10-12,CIK,-0.2732
2018-10-12,CLM,-0.2732
2018-10-12,CORI,0.296
2018-10-12,CRF,-0.2732
2018-10-12,CUBA,-0.2732
2018-10-12,CXH,-0.2732
2018-10-12,DMF,-0.2732
2018-10-12,DMO,-0.2732
2018-10-12,DSM,-0.2732
2018-10-12,DUC,-0.2732
2018-10-12,ECF,-0.2732
2018-10-12,EDD,-0.2732
2018-10-12,EDF,-0.2732
2018-10-12,EIA,-0.2732
2018-10-12,EIM,-0.2732
2018-10-12,EIO,-0.2732
2018-10-12,EIV,-0.2732
2018-10-12,EMF,-0.2732
2018-10-12,EMI,-0.2732
2018-10-12,EMJ,-0.2732
2018-10-12,EOD,-0.2732
2018-10-12,ETO,-0.2732
2018-10-12,EVF,-0.2732
2018-10-12,EVJ,-0.2732
2018-10-12,EVN,-0.2732
2018-10-12,EVO,-0.2732
2018-10-12,EVV,-0.2732
2018-10-12,EVY,-0.2732
2018-10-12,FAM,-0.2732
2018-10-12,FMN,-0.2732
2018-10-12,FPL,-0.2732
2018-10-12,FTF,-0.2732
2018-10-12,GBAB,-0.2732
2018-10-12,GGN,-0.2732
2018-10-12,GGT,-0.2732
2018-10-12,GGZ,-0.2732
2018-10-12,GLV,-0.2732
2018-10-12,GZT,-0.2732
2018-10-12,HIO,-0.2732
2018-10-12,IAE,-0.2732
2018-10-12,IAF,-0.2732
2018-10-12,IFN,-0.2732
2018-10-12,IID,-0.2732
2018-10-12,INB,-0.2732
2018-10-12,IVV,0.0
2018-10-12,IWB,0.0
2018-10-12,JEQ,-0.2732
2018-10-12,JRS,-0.2732
2018-10-12,JTA,-0.2732
2018-10-12,KF,-0.2732
2018-10-12,KSM,-0.2732
2018-10-12,LGI,-0.2732
2018-10-12,MAB,-0.2732
2018-10-12,MAV,-0.2732
2018-10-12,MCR,-0.2732
2018-10-12,MFD,-0.2732
2018-10-12,MFL,-0.2732
2018-10-12,MFM,-0.2732
2018-10-12,MFT,-0.2732
2018-10-12,MHI,-0.2732
2018-10-12,MIW,-0.2732
2018-10-12,MLVF,-0.2732
2018-10-12,MMT,-0.2732
2018-10-12,MMV,-0.2732
2018-10-12,MPA,-0.2732
2018-10-12,MUS,-0.2732
2018-10-12,MVF,-0.2732
2018-10-12,MYD,-0.2732
2018-10-12,MYI,-0.2732
2018-10-12,OIH,-0.2263
2018-10-12,RXII,-0.4939
2018-10-12,VSAR,-0.4939
2018-10-13,ETE,-0.0772
2018-10-13,IWN,-0.0772
2018-10-15,ABCD,0.05363333333333333
2018-10-15,CAW,0.0
2018-10-15,CORI,0.06743333333333333
2018-10-15,CURE,0.4939
2018-10-15,DDT,0.0
2018-10-15,ELD,0.0
2018-10-15,GUT,0.0
2018-10-15,IMPV,0.10115
2018-10-15,IMUC,0.0
2018-10-15,NVEC,0.0
2018-10-15,PERY,0.0
2018-10-15,SCHD,0.4404
2018-10-15,SODA,-0.4215
2018-10-16,ABCD,-0.064
2018-10-16,DDT,0.0
2018-10-16,EGL,0.5719
2018-10-16,GUT,0.0
2018-10-16,IMUC,0.1471
2018-10-16,LND,0.0
2018-10-16,PF,0.0
2018-10-16,SONC,-0.07655
2018-10-16,UCFC,0.7003
2018-10-16,WSCI,0.0
2018-10-17,APRI,0.6597
2018-10-17,CARZ,0.3612
2018-10-17,ETP,0.0
2018-10-17,GLF,0.0
2018-10-17,GOODO,0.0
2018-10-17,GOODP,0.0
2018-10-17,HQH,0.0
2018-10-17,IMUC,0.03484999999999999
2018-10-17,LND,0.0
2018-10-17,PBHC,0.0
2018-10-17,SBI,0.0
2018-10-17,UBSH,0.2732
2018-10-17,WSCI,0.0
2018-10-17,XRM,0.0
2018-10-18,CZNC,0.0
2018-10-18,ETE,0.4939
2018-10-18,ETP,0.4939
2018-10-18,GOODO,0.0
2018-10-18,GOODP,0.0
2018-10-18,HFBL,0.0
2018-10-18,HWBK,0.0
2018-10-18,KTWO,0.2266
2018-10-18,OVLY,0.4588
2018-10-18,PBHC,0.0
2018-10-18,PERY,0.0
2018-10-18,ROBO,0.0516
2018-10-18,SBI,0.0
2018-10-18,SVU,0.3982
2018-10-18,UBSH,0.0
2018-10-19,BNCL,0.4404
2018-10-19,CIZN,0.0
2018-10-19,CNTF,0.0258
2018-10-19,GLBZ,0.0
2018-10-19,HFBL,0.0
2018-10-19,OIH,-0.6124
2018-10-19,SGOC,0.6955
2018-10-19,TMP,-0.11315
2018-10-19,VLP,0.17031666666666667
2018-10-22,ARII,0.02305999999999999
2018-10-22,CAW,0.0
2018-10-22,DBV,0.0
2018-10-22,ETX,0.0
2018-10-22,FBSS,0.0
2018-10-22,GNBC,0.0
2018-10-22,GRH,0.296
2018-10-22,GSVC,0.0
2018-10-22,JTPY,0.004320000000000002
2018-10-22,KF,0.4404
2018-10-22,OXLCO,0.0
2018-10-22,PRK,-0.2263
2018-10-22,SHLD,0.0
2018-10-22,STBZ,-0.2263
2018-10-22,VLP,0.0
2018-10-23,AFB,-0.2732
2018-10-23,ANCX,-0.2732
2018-10-23,ARII,0.0
2018-10-23,AST,-0.2732
2018-10-23,BAF,-0.2732
2018-10-23,BBF,-0.2732
2018-10-23,BLE,-0.2732
2018-10-23,BSD,-0.2732
2018-10-23,BTA,-0.2732
2018-10-23,CLM,-0.2732
2018-10-23,CMU,-0.2732
2018-10-23,CRF,-0.2732
2018-10-23,CXE,-0.2732
2018-10-23,CYCCP,-0.2732
2018-10-23,DBL,-0.2732
2018-10-23,DIT,-0.2732
2018-10-23,EAD,-0.2732
2018-10-23,EIM,-0.2732
2018-10-23,ENLK,0.0
2018-10-23,ERC,-0.2732
2018-10-23,FAX,-0.2732
2018-10-23,FEN,-0.2732
2018-10-23,FMN,-0.2732
2018-10-23,FTF,-0.2732
2018-10-23,GBAB,-0.2732
2018-10-23,GBNK,-0.2732
2018-10-23,GCV,-0.2732
2018-10-23,GDO,-0.2732
2018-10-23,GFNCP,0.0
2018-10-23,GFY,-0.2732
2018-10-23,GGM,-0.2732
2018-10-23,GGZ,-0.2732
2018-10-23,GLBZ,0.0
2018-10-23,GNBC,-0.2732
2018-10-23,HACK,0.0
2018-10-23,HNW,-0.2732
2018-10-23,IGA,-0.2732
2018-10-23,IQI,-0.2732
2018-10-23,ITB,0.0
2018-10-23,ITIC,-0.2732
2018-10-23,JEQ,-0.2732
2018-10-23,JOF,-0.2732
2018-10-23,JTPY,0.0
2018-10-23,KS,-0.1531
2018-10-23,KTF,-0.2732
2018-10-23,LSBK,-0.2732
2018-10-23,MAB,-0.2732
2018-10-23,MAV,-0.2732
2018-10-23,MBFI,-0.26115
2018-10-23,MFT,-0.2732
2018-10-23,MHF,-0.2732
2018-10-23,MMU,-0.2732
2018-10-23,MUH,-0.2732
2018-10-23,MVF,-0.2732
2018-10-23,NID,-0.2732
2018-10-23,NOM,-0.2732
2018-10-23,NUO,-0.2732
2018-10-23,NYV,-0.2732
2018-10-23,OFED,-0.2732
2018-10-23,PF,0.0
2018-10-23,PRK,-0.2732
2018-10-23,ROBO,0.0
2018-10-23,SHLD,0.296
2018-10-23,STBZ,-0.2732
2018-10-23,SWZ,-0.2732
2018-10-23,TECL,0.0
2018-10-23,TECS,0.0
2018-10-23,UTMD,0.0
2018-10-24,AHL,-0.2263
2018-10-24,ANCX,-0.2732
2018-10-24,ARII,0.0
2018-10-24,BBF,-0.2732
2018-10-24,BHB,-0.2732
2018-10-24,BHBK,0.0
2018-10-24,BWG,-0.2732
2018-10-24,BXE,-0.2732
2018-10-24,CIK,-0.2732
2018-10-24,CLM,-0.2732
2018-10-24,CRESY,-0.2732
2018-10-24,CRF,-0.2732
2018-10-24,DBL,-0.2732
2018-10-24,DMB,-0.2732
2018-10-24,EAD,-0.2732
2018-10-24,ECR,-0.2732
2018-10-24,EEA,-0.2732
2018-10-24,EGLT,-0.6249
2018-10-24,EIM,-0.2732
2018-10-24,EIO,-0.2732
2018-10-24,EIP,-0.2732
2018-10-24,EIV,-0.2732
2018-10-24,EMF,-0.2732
2018-10-24,ERC,-0.2732
2018-10-24,ETO,-0.2732
2018-10-24,EVG,-0.2732
2018-10-24,EVV,-0.2732
2018-10-24,FAX,-0.2732
2018-10-24,FBSS,0.0
2018-10-24,FCT,-0.2732
2018-10-24,FEN,-0.2732
2018-10-24,FMN,-0.2732
2018-10-24,GBAB,-0.2732
2018-10-24,GBNK,-0.2732
2018-10-24,GCBC,0.4588
2018-10-24,GCV,-0.2732
2018-10-24,GDL,-0.2732
2018-10-24,GDO,-0.2732
2018-10-24,GF,-0.2732
2018-10-24,GFY,-0.2732
2018-10-24,GGM,-0.2732
2018-10-24,GGN,-0.2732
2018-10-24,GGZ,-0.2732
2018-10-24,GLV,-0.2732
2018-10-24,GNBC,-0.2732
2018-10-24,GZT,-0.2732
2018-10-24,HNW,-0.2732
2018-10-24,IAE,-0.2732
2018-10-24,IGA,-0.2732
2018-10-24,IMI,-0.2732
2018-10-24,IRR,-0.2732
2018-10-24,JDD,-0.2732
2018-10-24,JEQ,-0.2732
2018-10-24,JOF,-0.2732
2018-10-24,KF,-0.2732
2018-10-24,KSM,-0.2732
2018-10-24,LDP,-0.2732
2018-10-24,LSBK,0.0
2018-10-24,MITL,0.0
2018-10-24,SIFI,0.4588
2018-10-24,TDA,0.0
2018-10-24,TMK,0.0
2018-10-24,UBNK,0.0
2018-10-24,UCFC,0.0
2018-10-25,CCE,0.0
2018-10-25,DGAZ,0.3612
2018-10-25,HFBL,0.0
2018-10-25,MBTF,-0.1531
2018-10-25,SHLD,0.128
2018-10-25,SIR,0.128
2018-10-25,SXCP,0.0516
2018-10-25,UGAZ,0.3612
2018-10-25,USG,-0.3612
2018-10-25,VLP,0.2732
2018-10-26,BNCL,0.0
2018-10-26,CHSCP,0.0
2018-10-26,CVRR,0.0
2018-10-26,CZNC,0.0
2018-10-26,ENLK,0.0
2018-10-26,GFNCP,0.0
2018-10-26,GLF,0.296
2018-10-26,JOB,0.0
2018-10-26,KF,0.0
2018-10-26,LPNT,-0.07655
2018-10-26,NVEC,0.0
2018-10-26,NXTM,0.4767
2018-10-26,PBHC,0.0
2018-10-26,PF,0.0
2018-10-26,QQQE,0.0
2018-10-26,SFBC,0.0
2018-10-26,SHLD,0.0
2018-10-26,SIR,0.0
2018-10-26,UNB,0.0
2018-10-29,ANCB,0.0
2018-10-29,APB,-0.2732
2018-10-29,AXR,-0.2732
2018-10-29,BBF,-0.2732
2018-10-29,BGB,-0.2732
2018-10-29,BLH,0.0
2018-10-29,BSD,-0.2732
2018-10-29,BSE,-0.2732
2018-10-29,BUI,-0.2732
2018-10-29,BXMX,-0.2732
2018-10-29,CHN,-0.2732
2018-10-29,CIF,-0.2732
2018-10-29,CIK,-0.2732
2018-10-29,CMU,-0.2732
2018-10-29,CUBA,-0.2732
2018-10-29,DHF,-0.2732
2018-10-29,EAD,-0.2732
2018-10-29,EDD,-0.2732
2018-10-29,EGL,0.6369
2018-10-29,EIV,-0.2732
2018-10-29,EMF,-0.2732
2018-10-29,EOD,-0.2732
2018-10-29,ERC,-0.2732
2018-10-29,ETB,-0.2732
2018-10-29,ETO,-0.2732
2018-10-29,ETW,-0.2732
2018-10-29,FAX,-0.2732
2018-10-29,FCB,-0.2732
2018-10-29,FEN,-0.2732
2018-10-29,FPL,-0.2732
2018-10-29,GAB,-0.2732
2018-10-29,GBAB,-0.2732
2018-10-29,GCV,-0.2732
2018-10-29,GF,-0.2732
2018-10-29,GFNCP,0.0
2018-10-29,GFY,-0.2732
2018-10-29,GGN,-0.2732
2018-10-29,GGT,-0.2732
2018-10-29,GGZ,-0.2732
2018-10-29,GNBC,-0.2732
2018-10-29,GOV,-0.2732
2018-10-29,GPM,-0.2732
2018-10-29,HDP,0.0
2018-10-29,HIE,-0.2732
2018-10-29,HIO,-0.2732
2018-10-29,HNW,-0.2732
2018-10-29,HQH,-0.2732
2018-10-29,HQL,-0.2732
2018-10-29,HTY,-0.2732
2018-10-29,IAE,-0.2732
2018-10-29,IAF,-0.2732
2018-10-29,IDTI,0.0
2018-10-29,IFN,-0.2732
2018-10-29,IGA,-0.2732
2018-10-29,INB,-0.2732
2018-10-29,IRR,-0.2732
2018-10-29,JDD,-0.2732
2018-10-29,JEQ,-0.2732
2018-10-29,JOF,-0.2732
2018-10-29,JTA,-0.2732
2018-10-29,JTD,-0.2732
2018-10-29,JTPY,0.4391
2018-10-29,KF,-0.2732
2018-10-29,KFFB,0.0
2018-10-29,LD,-0.2732
2018-10-29,LGI,-0.2732
2018-10-29,LPNT,0.0
2018-10-29,MHD,-0.2732
2018-10-29,MIDZ,-0.4215
2018-10-29,MMU,-0.2732
2018-10-29,SCHF,0.0
2018-10-29,SIR,0.0
2018-10-29,SPXS,-0.4215
2018-10-29,TCFC,0.0
2018-10-29,WGP,0.0
2018-10-29,WSCI,0.5106
2018-10-30,AAME,0.0
2018-10-30,ABCD,0.0
2018-10-30,APB,-0.2732
2018-10-30,ARII,0.0
2018-10-30,ATLO,0.0
2018-10-30,AXR,-0.2732
2018-10-30,BBF,-0.2732
2018-10-30,BGH,-0.2732
2018-10-30,BIT,-0.2732
2018-10-30,BORN,0.0
2018-10-30,BSE,-0.2732
2018-10-30,BTA,-0.2732
2018-10-30,BUI,-0.2732
2018-10-30,BWG,-0.2732
2018-10-30,BXMX,-0.2732
2018-10-30,CA,0.22693333333333332
2018-10-30,CHN,-0.2732
2018-10-30,CHSCN,-0.2732
2018-10-30,CHSCO,-0.2732
2018-10-30,CHSCP,-0.2732
2018-10-30,CNBKA,0.0
2018-10-30,CPAC,0.0
2018-10-30,CXE,-0.2732
2018-10-30,DBL,-0.2732
2018-10-30,DGICB,0.0
2018-10-30,DUST,-0.1779
2018-10-30,ECR,-0.2732
2018-10-30,EIM,-0.2732
2018-10-30,EMF,-0.2732
2018-10-30,EOD,-0.2732
2018-10-30,ERX,-0.1779
2018-10-30,ERY,-0.1779
2018-10-30,ETB,-0.2732
2018-10-30,ETO,-0.2732
2018-10-30,ETW,-0.2732
2018-10-30,ETX,-0.2732
2018-10-30,EVF,-0.2732
2018-10-30,FAX,-0.2732
2018-10-30,FEN,-0.2732
2018-10-30,FEO,-0.2732
2018-10-30,FMN,-0.2732
2018-10-30,FOF,-0.2732
2018-10-30,FPL,-0.2732
2018-10-30,FUND,-0.2732
2018-10-30,GAB,-0.2732
2018-10-30,GCV,-0.2732
2018-10-30,GGN,-0.2732
2018-10-30,GGT,-0.2732
2018-10-30,GGZ,-0.2732
2018-10-30,GPM,-0.2732
2018-10-30,HQH,-0.2732
2018-10-30,HQL,-0.2732
2018-10-30,HWBK,0.0
2018-10-30,IAF,-0.2732
2018-10-30,IDTI,0.0
2018-10-30,IGA,-0.2732
2018-10-30,IGHG,0.2263
2018-10-30,INB,-0.2732
2018-10-30,IVH,-0.2732
2018-10-30,JCE,-0.2732
2018-10-30,JEQ,-0.2732
2018-10-30,JOF,-0.2732
2018-10-30,JTA,-0.2732
2018-10-30,JTD,-0.2732
2018-10-30,JTPY,0.0
2018-10-30,KF,-0.2732
2018-10-30,KS,0.466275
2018-10-30,MFL,-0.2732
2018-10-30,MHD,-0.2732
2018-10-30,MHE,-0.2732
2018-10-30,MHF,-0.2732
2018-10-30,MUH,-0.2732
2018-10-30,MYD,-0.2732
2018-10-30,NBH,-0.2732
2018-10-30,NCZ,0.296
2018-10-30,NHF,-0.2732
2018-10-30,NHS,-0.2732
2018-10-30,NML,-0.2732
2018-10-30,NXTM,0.1531
2018-10-30,NYRT,-0.29569999999999996
2018-10-30,ORAN,-0.2732
2018-10-30,OVBC,-0.2732
2018-10-30,PAI,-0.2732
2018-10-30,PEO,-0.2732
2018-10-30,PNF,-0.2732
2018-10-30,PPT,-0.2732
2018-10-30,PZC,-0.2732
2018-10-30,SGB,0.0
2018-10-30,TECL,-0.1779
2018-10-30,TECS,-0.1779
2018-10-30,VLP,0.0
2018-10-30,YANG,-0.1779
2018-10-30,YINN,-0.1779
2018-10-31,AMDA,0.0
2018-10-31,APRI,0.0
2018-10-31,AST,-0.25
2018-10-31,ATLO,0.0
2018-10-31,BKEPP,0.0
2018-10-31,CHT,0.0
2018-10-31,CIX,0.0
2018-10-31,CNBKA,0.0
2018-10-31,CVRR,-0.128
2018-10-31,CZFC,0.0
2018-10-31,DGICA,0.0
2018-10-31,DGICB,0.0
2018-10-31,ECR,0.0
2018-10-31,EGL,0.0
2018-10-31,ESIO,0.10115
2018-10-31,FIF,0.0
2018-10-31,IMPV,0.0
2018-10-31,INTX,0.22199999999999998
2018-10-31,KS,0.0
2018-10-31,OIIM,0.0
2018-10-31,PBSK,0.0
2018-10-31,RUSHB,0.0
2018-10-31,VLP,0.0
2018-11-01,ABCD,0.0
2018-11-01,APRI,-0.3612
2018-11-01,BAF,-0.2732
2018-11-01,BBF,-0.2732
2018-11-01,BGB,-0.2732
2018-11-01,BLE,-0.2732
2018-11-01,BSD,-0.2732
2018-11-01,BSE,-0.2732
2018-11-01,BTA,-0.2732
2018-11-01,BUI,-0.2732
2018-11-01,BVX,0.0
2018-11-01,BXE,0.0772
2018-11-01,CA,0.0
2018-11-01,CHT,0.10115
2018-11-01,CVR,0.0
2018-11-01,DM,-0.34
2018-11-01,DNB,-0.3612
2018-11-01,EAD,-0.2732
2018-11-01,EDD,-0.2732
2018-11-01,EEP,0.128
2018-11-01,ENX,-0.2732
2018-11-01,ESIO,0.0
2018-11-01,ESRX,0.0
2018-11-01,ETX,-0.2732
2018-11-01,FCT,-0.2732
2018-11-01,FT,-0.2732
2018-11-01,GDO,-0.2732
2018-11-01,GOV,0.11870000000000003
2018-11-01,INTX,0.0
2018-11-01,ISDR,-0.1531
2018-11-01,JDD,-0.2732
2018-11-01,KANG,0.4019
2018-11-01,KSM,-0.2732
2018-11-01,LOAN,0.296
2018-11-01,MFD,-0.2732
2018-11-01,MFM,-0.2732
2018-11-01,MHD,-0.2732
2018-11-01,MLVF,-0.1531
2018-11-01,MMU,-0.2732
2018-11-01,MOAT,0.0
2018-11-01,MTR,-0.2732
2018-11-01,MUH,-0.2732
2018-11-01,MXF,-0.2732
2018-11-01,MYD,-0.2732
2018-11-01,NBH,-0.2732
2018-11-01,NHC,0.0
2018-11-01,NOM,-0.2732
2018-11-01,PAH,-0.1806
2018-11-01,SCX,-0.2732
2018-11-01,SHLD,0.0
2018-11-01,SIFI,-0.2732
2018-11-01,SXCP,-0.2732
2018-11-01,TSLF,-0.2732
2018-11-01,VCV,-0.2732
2018-11-01,VTN,-0.2732
2018-11-01,VVC,0.0
2018-11-01,VVR,-0.2732
2018-11-01,WIA,-0.2732
2018-11-01,WIW,-0.2732
2018-11-01,WRN,-0.2732
2018-11-01,XOXO,0.0
2018-11-02,ANW,-0.1027
2018-11-02,ASRV,0.0
2018-11-02,BHBK,0.0
2018-11-02,CVRR,0.0
2018-11-02,DM,0.0
2018-11-02,IPAS,0.6597
2018-11-02,ITIC,0.0
2018-11-02,KTWO,0.296
2018-11-02,LSBK,0.0
2018-11-02,NFX,0.1027
2018-11-02,SIFI,0.0
2018-11-03,FXL,0.0
2018-11-05,ANW,0.22710000000000002
2018-11-05,DGAZ,0.3612
2018-11-05,DIVY,0.296
2018-11-05,DWCH,0.1206142857142857
2018-11-05,EEP,0.0
2018-11-05,EEQ,0.0
2018-11-05,FPI,-0.07655
2018-11-05,GNBC,0.0
2018-11-05,HMTV,0.0
2018-11-05,LPNT,0.4939
2018-11-05,LSBK,0.0
2018-11-05,NAP,0.0
2018-11-05,NES,0.0
2018-11-05,RUSHB,0.0
2018-11-05,SFBC,0.0
2018-11-05,SHLD,0.44785
2018-11-05,SONC,0.0
2018-11-05,UGAZ,0.3612
2018-11-05,VVC,-0.1806
2018-11-06,ANCX,0.0
2018-11-06,ANW,-0.10606666666666666
2018-11-06,BPK,0.0
2018-11-06,BYFC,0.0
2018-11-06,CCE,0.0
2018-11-06,CVR,0.0
2018-11-06,DWCH,0.10115
2018-11-06,ECYT,0.08895
2018-11-06,EEP,0.0
2018-11-06,EEQ,0.0
2018-11-06,EGN,0.0
2018-11-06,ESL,0.0
2018-11-06,ETE,0.0
2018-11-06,GBNK,0.0
2018-11-06,GNBC,0.0
2018-11-06,IMI,0.0
2018-11-06,IMPV,0.15293333333333334
2018-11-06,INTX,0.0
2018-11-06,IPAS,0.3818
2018-11-06,MBTF,0.0
2018-11-06,MZOR,-0.3612
2018-11-06,NAP,0.0
2018-11-06,OFED,0.0
2018-11-06,P,0.06743333333333333
2018-11-06,RUSHB,0.0
2018-11-06,SFBC,0.0
2018-11-06,TPRE,0.0
2018-11-06,VBFC,0.0
2018-11-07,AQXP,-0.11315
2018-11-07,CALL,0.0
2018-11-07,CMFN,-0.1531
2018-11-07,DNB,0.4215
2018-11-07,ECYT,-0.2263
2018-11-07,FDN,0.0
2018-11-07,GBLI,0.0
2018-11-07,GSVC,0.0
2018-11-07,ITG,0.14579999999999999
2018-11-07,KTWO,0.21075
2018-11-07,ORBK,-0.12040000000000001
2018-11-07,ORM,0.3612
2018-11-07,RXII,0.3182
2018-11-07,SONC,0.0
2018-11-07,TEAR,-0.1531
2018-11-08,ASA,0.0
2018-11-08,AST,0.6486
2018-11-08,BKT,-0.2732
2018-11-08,CBSHP,0.0
2018-11-08,CUBI,-0.128
2018-11-08,DIT,0.0
2018-11-08,DTF,-0.2732
2018-11-08,DVD,0.0
2018-11-08,ENLK,0.0
2018-11-08,ESIO,0.0
2018-11-08,ESRX,0.0
2018-11-08,GBAB,-0.2732
2018-11-08,GIGA,0.0
2018-11-08,HDP,0.0
2018-11-08,HNNA,0.0
2018-11-08,IHC,-0.4215
2018-11-08,ITG,0.09866666666666667
2018-11-08,KFS,0.0
2018-11-08,KIQ,0.148
2018-11-08,KONA,-0.1806
2018-11-08,KTWO,-0.3612
2018-11-08,NHC,0.0
2018-11-08,NLST,-0.1531
2018-11-08,OCLR,-0.2263
2018-11-08,ORM,-0.12737500000000002
2018-11-08,PMM,-0.2732
2018-11-08,RSP,0.0
2018-11-08,RSYS,0.0
2018-11-08,SDR,0.0
2018-11-08,SDT,0.0
2018-11-08,SEB,0.6249
2018-11-08,SHLD,0.0
2018-11-08,UBSH,0.0
2018-11-08,UNB,-0.2732
2018-11-08,VVC,0.0
2018-11-08,WGP,0.1779
2018-11-08,WVFC,0.0
2018-11-09,APB,0.0
2018-11-09,ARRS,0.0
2018-11-09,ASA,0.0
2018-11-09,AST,0.0
2018-11-09,CBSHP,0.0
2018-11-09,FCB,-0.128
2018-11-09,HNNA,0.0
2018-11-09,INTX,0.0
2018-11-09,IRR,-0.2732
2018-11-09,JTPY,-0.1531
2018-11-09,NWY,0.0
2018-11-09,OCLR,0.0
2018-11-09,ORM,0.0
2018-11-09,SENEA,0.0
2018-11-09,SENEB,0.0
2018-11-09,STBZ,-0.128
2018-11-11,AST,0.0
2018-11-11,BBOX,0.0
2018-11-11,RXII,0.0
2018-11-12,ATHN,0.08399999999999999
2018-11-12,BBOX,-0.1779
2018-11-12,BIF,0.3818
2018-11-12,INTX,0.4019
2018-11-12,IPAS,0.6597
2018-11-12,OCLR,0.0
2018-11-12,PDEX,0.0
2018-11-12,RSP,0.0
2018-11-12,SCHP,-0.34
2018-11-12,SOR,0.4019
2018-11-13,AAME,0.0
2018-11-13,ATHN,-0.030283333333333332
2018-11-13,CCF,0.0
2018-11-13,ELSE,0.0
2018-11-13,ESP,0.0
2018-11-13,FPI,0.0
2018-11-13,LPNT,0.5267
2018-11-13,MGIC,-0.3612
2018-11-13,OCLR,0.0
2018-11-13,OPHC,0.0
2018-11-13,ORIG,-0.08533333333333333
2018-11-13,OXBR,0.0772
2018-11-13,PLM,0.0
2018-11-13,RETL,0.0
2018-11-13,RXII,-0.3182
2018-11-13,TRT,0.0
2018-11-13,WVVI,0.0
2018-11-14,ACU,0.4215
2018-11-14,AIRT,0.0
2018-11-14,DGAZ,0.3612
2018-11-14,EGN,0.5818
2018-11-14,FRD,0.0
2018-11-14,FSFG,0.0
2018-11-14,OHAI,0.0
2018-11-14,PAH,0.3182
2018-11-14,PHIIK,0.0
2018-11-14,RSXJ,0.0
2018-11-14,RXII,0.0
2018-11-14,SNFCA,0.34
2018-11-14,SXE,0.2732
2018-11-14,TAHO,-0.018399999999999993
2018-11-14,TAT,0.0
2018-11-14,TGC,0.0
2018-11-14,TRT,0.0
2018-11-14,TVPT,0.0
2018-11-14,UGAZ,0.3612
2018-11-15,AIRT,0.0
2018-11-15,APB,0.2023
2018-11-15,BH,-0.2732
2018-11-15,BZM,-0.2732
2018-11-15,CDTI,0.148
2018-11-15,CFFN,0.0
2018-11-15,DDF,0.0
2018-11-15,DGAZ,0.3612
2018-11-15,DHF,-0.2732
2018-11-15,DSWL,0.0
2018-11-15,DWCH,-0.1531
2018-11-15,EDI,0.0
2018-11-15,EGN,0.0
2018-11-15,FSIC,0.0
2018-11-15,GDL,0.0
2018-11-15,GEOS,0.0
2018-11-15,HDP,-0.2732
2018-11-15,JONE,-0.2732
2018-11-15,LXFT,0.12266666666666666
2018-11-15,MCN,-0.2732
2018-11-15,MXF,-0.2732
2018-11-15,NML,-0.2732
2018-11-15,NMS,-0.2732
2018-11-15,NXR,-0.2732
2018-11-15,OFED,-0.2732
2018-11-15,OIA,-0.2732
2018-11-15,PGP,-0.2732
2018-11-15,RXII,0.0772
2018-11-15,SRV,-0.2732
2018-11-15,SWZ,-0.2732
2018-11-15,TAHO,0.0
2018-11-15,TAT,0.41135
2018-11-15,TISA,-0.2732
2018-11-15,TPRE,-0.2732
2018-11-15,TRT,-0.2732
2018-11-15,TSLF,-0.2732
2018-11-15,UNAM,0.0
2018-11-15,UNL,0.0
2018-11-15,WGP,-0.2732
2018-11-15,XGTI,-0.296
2018-11-16,AGG,0.0
2018-11-16,BBOX,-0.1531
2018-11-16,BGH,-0.2732
2018-11-16,BGI,0.35015
2018-11-16,CDTI,0.0
2018-11-16,CIK,-0.2732
2018-11-16,ENLK,-0.2732
2018-11-16,FITBI,-0.2732
2018-11-16,FSIC,-0.1366
2018-11-16,GARS,-0.2732
2018-11-16,GLQ,-0.2732
2018-11-16,GOODO,0.0
2018-11-16,GOODP,0.0
2018-11-16,HNW,-0.2732
2018-11-16,IRR,-0.2732
2018-11-16,IVH,-0.2732
2018-11-16,KERX,0.5994
2018-11-16,LXFT,0.0
2018-11-16,MXF,-0.2732
2018-11-16,NHS,-0.2732
2018-11-16,PDEX,0.0
2018-11-19,ACP,-0.2023
2018-11-19,BGH,-0.2023
2018-11-19,CIK,-0.2023
2018-11-19,CPAC,0.0
2018-11-19,CXE,-0.2023
2018-11-19,DHF,-0.2023
2018-11-19,EGLT,-0.3612
2018-11-19,ENLK,-0.2023
2018-11-19,ERC,-0.2023
2018-11-19,FITBI,-0.2023
2018-11-19,FLC,-0.2023
2018-11-19,FSIC,-0.2023
2018-11-19,GARS,-0.2023
2018-11-19,GBAB,-0.2023
2018-11-19,GGM,-0.2023
2018-11-19,GLQ,-0.2023
2018-11-19,GOODO,0.0
2018-11-19,HNW,-0.2023
2018-11-19,HYT,-0.2023
2018-11-19,IRR,-0.2023
2018-11-19,IVH,-0.2023
2018-11-19,JOB,-0.2023
2018-11-19,LDP,-0.2023
2018-11-19,MBTF,0.0
2018-11-19,MXF,-0.2023
2018-11-19,MZOR,0.4939
2018-11-19,NEN,-0.2023
2018-11-19,NFX,-0.2023
2018-11-19,NHS,-0.2023
2018-11-19,P,0.4404
2018-11-19,PBIP,0.296
2018-11-19,PDEX,0.0
2018-11-19,RBCN,0.0
2018-11-19,REN,0.34568
2018-11-19,SWZ,-0.2023
2018-11-19,TAHO,0.296
2018-11-19,TEI,-0.2023
2018-11-19,TSI,-0.2023
2018-11-19,TSLF,-0.2023
2018-11-19,UNAM,-0.2023
2018-11-19,WRN,-0.2023
2018-11-20,ACP,-0.2732
2018-11-20,AMOV,-0.2732
2018-11-20,ANW,0.7783
2018-11-20,BGB,-0.2732
2018-11-20,BIT,-0.2732
2018-11-20,BOTJ,-0.2732
2018-11-20,CIF,-0.2732
2018-11-20,CIK,-0.2732
2018-11-20,CXE,-0.2732
2018-11-20,DMO,-0.2732
2018-11-20,EGN,-0.128
2018-11-20,EPE,-0.2732
2018-11-20,ERC,-0.2732
2018-11-20,ESL,0.0
2018-11-20,ETX,0.0
2018-11-20,FLC,-0.2732
2018-11-20,FMO,-0.2732
2018-11-20,FPF,-0.2732
2018-11-20,FSIC,-0.2732
2018-11-20,GGM,-0.2732
2018-11-20,GLQ,-0.2732
2018-11-20,GLV,-0.2732
2018-11-20,HDP,-0.2732
2018-11-20,HNW,-0.2732
2018-11-20,HYB,-0.2732
2018-11-20,HYT,-0.2732
2018-11-20,IVH,-0.2732
2018-11-20,JONE,0.0
2018-11-20,JRO,-0.2732
2018-11-20,KERX,-0.21315
2018-11-20,KORS,-0.2732
2018-11-20,LDP,-0.2732
2018-11-20,NCZ,-0.2732
2018-11-20,NHS,-0.2732
2018-11-20,NXN,-0.2732
2018-11-20,OFED,-0.2732
2018-11-20,OXLCO,0.0
2018-11-20,P,0.4215
2018-11-20,PFD,-0.2732
2018-11-20,RBCN,0.296
2018-11-20,REN,0.13396666666666665
2018-11-20,SBI,0.0
2018-11-20,SCX,-0.2732
2018-11-20,SN,-0.2732
2018-11-20,SRV,-0.2732
2018-11-20,SWZ,-0.2732
2018-11-20,TECS,0.6369
2018-11-20,TEI,-0.2732
2018-11-20,TSLF,-0.2732
2018-11-20,UNAM,-0.2732
2018-11-20,VVR,-0.2732
2018-11-21,ACP,-0.2732
2018-11-21,AFT,-0.2732
2018-11-21,AMOV,-0.2732
2018-11-21,BGB,-0.2732
2018-11-21,BGH,-0.2732
2018-11-21,BH,-0.2732
2018-11-21,BIT,-0.2732
2018-11-21,BORN,-0.2732
2018-11-21,BOTJ,-0.2732
2018-11-21,BST,-0.2732
2018-11-21,CGO,-0.2732
2018-11-21,CIF,-0.2732
2018-11-21,CIK,-0.2732
2018-11-21,CMU,-0.2732
2018-11-21,CXE,-0.2732
2018-11-21,DHF,-0.2732
2018-11-21,EAD,-0.2732
2018-11-21,ECF,-0.2732
2018-11-21,EDF,-0.2732
2018-11-21,EEA,-0.2732
2018-11-21,EFF,-0.2732
2018-11-21,EHI,-0.2732
2018-11-21,EOT,-0.2732
2018-11-21,EPE,-0.2732
2018-11-21,ERC,-0.2732
2018-11-21,ESL,0.0
2018-11-21,ETX,0.0
2018-11-21,EVG,-0.2732
2018-11-21,EVV,-0.2732
2018-11-21,FCB,-0.2732
2018-11-21,FCT,-0.2732
2018-11-21,FEI,-0.2732
2018-11-21,FEN,-0.2732
2018-11-21,FITBI,-0.2732
2018-11-21,FLC,-0.2732
2018-11-21,FMO,-0.2732
2018-11-21,FPF,-0.2732
2018-11-21,FPL,-0.2732
2018-11-21,FSIC,-0.2732
2018-11-21,FTF,-0.2732
2018-11-21,GARS,-0.2732
2018-11-21,GDO,-0.2732
2018-11-21,GF,-0.2732
2018-11-21,GGM,-0.2732
2018-11-21,GHY,-0.2732
2018-11-21,GLQ,-0.2732
2018-11-21,GLV,-0.2732
2018-11-21,GOF,-0.2732
2018-11-21,HDP,-0.2732
2018-11-21,HIO,-0.2732
2018-11-21,HIX,-0.2732
2018-11-21,HNW,-0.2732
2018-11-21,HQL,-0.2732
2018-11-21,HYB,-0.2732
2018-11-21,HYT,-0.2732
2018-11-21,INDL,0.0
2018-11-21,IPAS,0.296
2018-11-21,IRL,-0.2732
2018-11-21,IVH,-0.2732
2018-11-21,JDD,-0.2732
2018-11-21,JFR,-0.2732
2018-11-21,JMLP,-0.2732
2018-11-21,JONE,0.07655
2018-11-21,JQC,-0.2732
2018-11-21,JRO,-0.2732
2018-11-21,KERX,-0.28459999999999996
2018-11-21,KORS,-0.2732
2018-11-21,LDP,-0.2732
2018-11-21,LGI,-0.2732
2018-11-21,MCN,-0.2732
2018-11-21,MCR,-0.2732
2018-11-21,MIE,-0.2732
2018-11-21,MMT,-0.2732
2018-11-21,MXF,-0.2732
2018-11-21,NCZ,-0.2732
2018-11-21,NES,0.0
2018-11-21,NFX,-0.2732
2018-11-21,NHS,-0.2732
2018-11-21,NJV,0.0
2018-11-21,NML,-0.2732
2018-11-21,NMS,-0.2732
2018-11-21,NUO,0.0
2018-11-21,NXR,-0.2732
2018-11-21,OGCP,-0.2732
2018-11-21,OXLCO,0.0
2018-11-21,P,0.0
2018-11-21,RMCF,0.0
2018-11-21,SBI,0.0
2018-11-22,BBOX,0.0
2018-11-23,ACP,-0.2732
2018-11-23,AFT,-0.2732
2018-11-23,BGB,-0.2732
2018-11-23,BGH,-0.2732
2018-11-23,BOTJ,-0.2732
2018-11-23,CAW,-0.2732
2018-11-23,CBAK,0.4063
2018-11-23,CEM,-0.2732
2018-11-23,CMU,-0.2732
2018-11-23,COL,0.44312000000000007
2018-11-23,CTR,-0.2732
2018-11-23,CXE,-0.2732
2018-11-23,DSU,-0.2732
2018-11-23,DSWL,0.0
2018-11-23,EFF,-0.2732
2018-11-23,EHI,-0.2732
2018-11-23,EMO,-0.2732
2018-11-23,ETW,-0.2732
2018-11-23,EVG,-0.2732
2018-11-23,EVV,-0.2732
2018-11-23,FCB,-0.2732
2018-11-23,FCT,-0.2732
2018-11-23,FITBI,-0.2732
2018-11-23,FPF,-0.2732
2018-11-23,FTF,-0.2732
2018-11-23,FUND,-0.2732
2018-11-23,GDO,-0.2732
2018-11-23,GLV,-0.2732
2018-11-23,GOV,-0.2732
2018-11-23,GRF,-0.2732
2018-11-23,HBK,0.0
2018-11-23,ITG,0.0
2018-11-23,JFR,-0.2732
2018-11-23,JONE,0.0
2018-11-23,JQC,-0.2732
2018-11-23,JRO,-0.2732
2018-11-23,KERX,-0.2732
2018-11-23,LOAN,-0.2732
2018-11-23,MCN,-0.2732
2018-11-23,MTT,-0.2732
2018-11-23,NCZ,-0.2732
2018-11-23,NJV,0.0
2018-11-23,NSL,-0.2732
2018-11-23,NUO,0.0
2018-11-23,NXP,-0.2732
2018-11-23,OIA,-0.2732
2018-11-23,PFN,-0.2732
2018-11-23,PHD,-0.2732
2018-11-23,PKO,-0.2732
2018-11-23,PPT,-0.2732
2018-11-23,SN,0.28595
2018-11-23,TLI,-0.2732
2018-11-23,TSLF,-0.2732
2018-11-23,VLT,-0.2732
2018-11-23,VVR,-0.2732
2018-11-26,AET,0.5106
2018-11-26,AMOV,-0.2732
2018-11-26,ARRS,0.03715
2018-11-26,BCV,-0.2732
2018-11-26,BXE,0.1779
2018-11-26,CBAK,0.0
2018-11-26,COL,0.31070000000000003
2018-11-26,DM,0.93
2018-11-26,DSWL,0.0
2018-11-26,EFAV,0.0
2018-11-26,EGL,0.5280666666666667
2018-11-26,EGN,0.2553
2018-11-26,GLU,-0.2732
2018-11-26,HOVNP,-0.2732
2018-11-26,IMPV,0.5859
2018-11-26,IPAS,0.0
2018-11-26,ITG,0.0
2018-11-26,JOB,-0.2732
2018-11-26,JONE,0.401625
2018-11-26,MARPS,-0.2732
2018-11-26,MFNC,-0.2732
2018-11-26,QUAL,0.0258
2018-11-26,SN,0.0
2018-11-26,TLP,0.16747499999999998
2018-11-26,TPRE,0.34
2018-11-27,ACP,-0.2732
2018-11-27,AET,0.3753
2018-11-27,AFT,-0.2732
2018-11-27,ARRS,0.0
2018-11-27,AST,-0.6597
2018-11-27,ATHN,0.22615000000000002
2018-11-27,BHB,-0.2732
2018-11-27,BLW,-0.2732
2018-11-27,COL,0.21075
2018-11-27,CUBI,0.4588
2018-11-27,EGN,0.5994
2018-11-27,EOT,-0.2732
2018-11-27,GDO,-0.2732
2018-11-27,GOV,-0.2732
2018-11-27,IRL,-0.2732
2018-11-27,JFR,-0.2732
2018-11-27,JMLP,-0.2732
2018-11-27,JONE,0.5106
2018-11-27,LDP,-0.2732
2018-11-27,NFX,-0.2732
2018-11-27,NXTM,0.0
2018-11-27,OIA,-0.2732
2018-11-27,PFD,-0.2732
2018-11-27,PFN,-0.2732
2018-11-27,PHD,-0.2732
2018-11-27,SN,-0.2732
2018-11-27,SXCP,-0.2732
2018-11-27,TLI,-0.2732
2018-11-27,TLP,0.0
2018-11-27,TSLF,-0.2732
2018-11-27,VTI,0.3612
2018-11-28,ACP,-0.2732
2018-11-28,AET,0.0
2018-11-28,AFSI,0.3243
2018-11-28,AFT,-0.2732
2018-11-28,AVAL,-0.2732
2018-11-28,BHB,-0.2732
2018-11-28,BLW,-0.2732
2018-11-28,BOTJ,0.0
2018-11-28,BWG,-0.2732
2018-11-28,DGSE,-0.2732
2018-11-28,DNBF,0.0
2018-11-28,EFF,-0.2732
2018-11-28,EMD,-0.2732
2018-11-28,EOT,-0.2732
2018-11-28,FDN,0.0
2018-11-28,FMO,-0.2732
2018-11-28,FONR,-0.2732
2018-11-28,FV,0.0
2018-11-28,GDO,-0.2732
2018-11-28,GOV,-0.2732
2018-11-28,GPIC,0.17586666666666664
2018-11-28,HNNA,0.0
2018-11-28,IDTI,0.0
2018-11-28,IRL,-0.2732
2018-11-28,JFR,-0.2732
2018-11-28,JMLP,-0.2732
2018-11-28,LARK,-0.2732
2018-11-28,LDP,-0.2732
2018-11-28,MARPS,0.0
2018-11-28,MTR,0.0
2018-11-28,MTUM,0.0
2018-11-28,NFX,-0.2732
2018-11-28,NSL,-0.2732
2018-11-28,OIA,-0.2732
2018-11-28,OXBR,-0.2732
2018-11-28,PCN,-0.2732
2018-11-28,PFD,-0.2732
2018-11-28,PFN,-0.2732
2018-11-28,PHD,-0.2732
2018-11-28,RMCF,-0.2732
2018-11-28,SN,-0.2732
2018-11-28,SOR,0.0
2018-11-28,SXCP,-0.2732
2018-11-28,TLI,-0.2732
2018-11-28,TLP,0.02476666666666667
2018-11-28,TSLF,-0.2732
2018-11-28,TY,0.0
2018-11-28,VGZ,-0.2732
2018-11-28,WIW,-0.2732
2018-11-28,XGTI,0.128
2018-11-29,ACP,-0.2732
2018-11-29,AFSI,0.0
2018-11-29,AMOV,0.0
2018-11-29,ARDM,-0.2732
2018-11-29,AVAL,-0.2732
2018-11-29,BORN,-0.2732
2018-11-29,BOTJ,-0.1366
2018-11-29,CEM,-0.2732
2018-11-29,CEN,-0.2732
2018-11-29,CTR,-0.2732
2018-11-29,CTWS,0.0
2018-11-29,CVRR,0.5423
2018-11-29,EDI,-0.2732
2018-11-29,EMD,-0.2732
2018-11-29,EOT,-0.2732
2018-11-29,FCO,-0.2732
2018-11-29,FEI,-0.2732
2018-11-29,FITBI,-0.2732
2018-11-29,FMO,-0.2732
2018-11-29,FSIC,-0.2732
2018-11-29,GOV,-0.2732
2018-11-29,GPIC,0.0
2018-11-29,HNNA,-0.2732
2018-11-29,HNW,-0.2732
2018-11-29,ITIC,0.0
2018-11-29,JMLP,-0.2732
2018-11-29,KERX,0.2023
2018-11-29,MARPS,0.0
2018-11-29,MIE,-0.2732
2018-11-29,MTR,0.0
2018-11-29,NATH,0.0
2018-11-29,NFX,-0.2732
2018-11-29,NWY,-0.07655
2018-11-29,ORAN,0.0
2018-11-29,ORIG,-0.128
2018-11-29,OXBR,-0.2732
2018-11-29,PEBK,0.0
2018-11-29,PHD,-0.2732
2018-11-29,PNBK,-0.2732
2018-11-29,SMM,-0.2732
2018-11-29,SODA,0.0
2018-11-29,SOR,0.0
2018-11-29,STBZ,0.0
2018-11-29,SXCP,-0.2732
2018-11-29,TCBIP,0.0
2018-11-29,TNA,0.7184
2018-11-29,TPRE,-0.2732
2018-11-29,UBOH,0.0
2018-11-29,WIA,-0.2732
2018-11-29,WIW,-0.2732
2018-11-30,AET,0.296
2018-11-30,AWF,0.0
2018-11-30,BHBK,0.0
2018-11-30,BPK,0.0
2018-11-30,BSMX,0.0
2018-11-30,CHSCM,-0.2732
2018-11-30,CHSCN,-0.2732
2018-11-30,CHSCP,0.0
2018-11-30,CTWS,0.0
2018-11-30,DKT,-0.2732
2018-11-30,DXB,-0.4428
2018-11-30,EFF,-0.2732
2018-11-30,ESRX,0.0
2018-11-30,FEI,0.0
2018-11-30,FIF,0.0
2018-11-30,GPIC,0.4019
2018-11-30,IDTI,0.0
2018-11-30,IPAS,0.296
2018-11-30,ITIC,0.0
2018-11-30,KERX,0.2263
2018-11-30,LARK,-0.2732
2018-11-30,MLR,0.0
2018-11-30,NATH,0.0
2018-11-30,ORAN,0.0
2018-11-30,PBIP,0.0
2018-11-30,PEBK,0.0
2018-11-30,PHIIK,-0.2732
2018-11-30,PHT,-0.2732
2018-11-30,RSYS,0.3404
2018-11-30,SODA,0.0
2018-11-30,STBZ,0.0
2018-11-30,TCBIP,-0.1366
2018-11-30,TVPT,0.296
2018-12-03,FSIC,0.7506
2018-12-03,MBFI,0.0
2018-12-03,PEJ,0.0
2018-12-03,RSYS,0.0
2018-12-04,ARDM,-0.2732
2018-12-04,BHBK,0.0
2018-12-04,BPOPN,0.0
2018-12-04,CBSHP,-0.2732
2018-12-04,CIZN,-0.2732
2018-12-04,DBL,-0.2732
2018-12-04,ECYT,0.0
2018-12-04,ESIO,0.0
2018-12-04,ESL,0.06743333333333333
2018-12-04,FCA,0.0
2018-12-04,FEI,0.0
2018-12-04,FIF,0.0
2018-12-04,HDP,0.0
2018-12-04,IDTI,0.0
2018-12-04,JHS,-0.2732
2018-12-04,MARPS,-0.2732
2018-12-04,MFNC,-0.2732
2018-12-04,ORM,0.0
2018-12-04,PBHC,-0.2732
2018-12-04,PHIIK,-0.2732
2018-12-04,QAT,-0.296
2018-12-04,RMCF,-0.2732
2018-12-04,RSYS,0.0
2018-12-04,TSRO,0.0
2018-12-04,VBFC,0.0
2018-12-05,IJH,0.2732
2018-12-05,IVV,0.2732
2018-12-06,ABX,0.0
2018-12-06,AVAL,-0.4404
2018-12-06,BNCL,0.4404
2018-12-06,CDTI,0.6597
2018-12-06,CUBA,0.0
2018-12-06,EGL,0.8689
2018-12-06,ESBK,0.0
2018-12-06,FSFG,0.0
2018-12-06,GAB,0.0
2018-12-06,GARS,0.0
2018-12-06,GCV,0.0
2018-12-06,GDL,0.0
2018-12-06,GGT,0.0
2018-12-06,GHY,0.0
2018-12-06,GPIC,0.0
2018-12-06,GUT,0.0
2018-12-06,OCLR,0.6705
2018-12-06,OZM,0.0
2018-12-06,PBIP,0.0
2018-12-06,SHPG,0.47490000000000004
2018-12-06,SLMBP,0.0
2018-12-06,SN,0.5106
2018-12-06,TVPT,0.296
2018-12-06,UBCP,0.0
2018-12-07,BVX,0.0
2018-12-07,CHN,0.4767
2018-12-07,EGL,0.8271
2018-12-07,EIRL,0.0
2018-12-07,FCB,0.46775
2018-12-07,HDP,0.0
2018-12-07,OZM,0.0
2018-12-07,SHOS,0.148
2018-12-07,SHPG,0.0
2018-12-10,ADX,-0.2732
2018-12-10,ANCX,-0.2732
2018-12-10,BGB,-0.2732
2018-12-10,BGY,-0.2732
2018-12-10,BH,-0.2732
2018-12-10,BHB,-0.2732
2018-12-10,BORN,-0.2732
2018-12-10,CEM,-0.4767
2018-12-10,EPE,-0.2732
2018-12-10,ESIO,0.0
2018-12-10,ESL,0.0
2018-12-10,ETB,-0.2732
2018-12-10,ETO,-0.2732
2018-12-10,ETW,-0.2732
2018-12-10,FCB,-0.2732
2018-12-10,FEI,-0.2732
2018-12-10,FOF,-0.2732
2018-12-10,FONR,-0.2732
2018-12-10,FPL,-0.2732
2018-12-10,FSIC,0.0
2018-12-10,FUND,-0.2732
2018-12-10,GAB,-0.37495
2018-12-10,GARS,-0.2732
2018-12-10,GBNK,-0.2732
2018-12-10,GCV,-0.2732
2018-12-10,GDV,-0.2732
2018-12-10,GLU,-0.09106666666666667
2018-12-10,GOV,0.6369
2018-12-10,HQL,-0.2732
2018-12-10,IAF,-0.2732
2018-12-10,IEFA,-0.2023
2018-12-10,IGA,-0.2732
2018-12-10,INB,-0.2732
2018-12-10,IRL,-0.2732
2018-12-10,JTA,-0.2732
2018-12-10,KORS,-0.2732
2018-12-10,MBFI,-0.4767
2018-12-10,MCN,-0.2732
2018-12-10,NEN,-0.2732
2018-12-10,NFX,-0.02345
2018-12-10,OXBR,-0.2732
2018-12-10,PEO,-0.37495
2018-12-10,PHIIK,-0.2732
2018-12-10,PHT,-0.2732
2018-12-10,RGT,-0.2732
2018-12-10,SIR,0.6369
2018-12-10,SMM,-0.2732
2018-12-10,SRV,-0.4767
2018-12-10,SWZ,0.296
2018-12-10,TIPT,0.0
2018-12-10,TSRO,0.10115
2018-12-10,TVPT,-0.148
2018-12-10,VEA,-0.2023
2018-12-11,ARDM,0.19733333333333333
2018-12-11,AXR,0.0
2018-12-11,GHC,0.5622
2018-12-11,KERX,0.0
2018-12-11,SHY,-0.4084
2018-12-11,SIFI,0.0
2018-12-11,SPHQ,0.0
2018-12-11,TSRO,0.2023
2018-12-12,ARDM,0.0
2018-12-12,BIT,-0.1366
2018-12-12,BJZ,0.0
2018-12-12,BLH,-0.2732
2018-12-12,BNCL,0.7184
2018-12-12,BORN,-0.2732
2018-12-12,BPK,-0.2732
2018-12-12,BPOPN,0.0
2018-12-12,BSL,-0.2732
2018-12-12,BVX,0.0
2018-12-12,BXMX,0.0
2018-12-12,CBSHP,-0.2732
2018-12-12,CHIQ,0.0
2018-12-12,CIK,-0.2732
2018-12-12,CIZN,0.0
2018-12-12,CMFN,0.0
2018-12-12,DDF,0.0
2018-12-12,DJCO,0.0
2018-12-12,EDI,0.0
2018-12-12,ENLK,0.7003
2018-12-12,ESIO,0.0
2018-12-12,ESRX,0.4939
2018-12-12,ESSA,0.0
2018-12-12,FBSS,0.0
2018-12-12,FSFG,-0.2732
2018-12-12,FUND,0.0
2018-12-12,GBNK,-0.2732
2018-12-12,HFBL,0.6486
2018-12-12,HWBK,0.0
2018-12-12,IDTI,0.0
2018-12-12,INTX,0.0
2018-12-12,IRL,0.4767
2018-12-12,ISDR,-0.2732
2018-12-12,ITA,-0.0516
2018-12-12,JRS,0.0
2018-12-12,LDP,-0.2732
2018-12-12,MBFI,0.0
2018-12-12,MFNC,-0.2732
2018-12-12,MMD,0.0
2018-12-12,MRCC,0.0
2018-12-12,NAZ,0.0
2018-12-12,NCB,0.0
2018-12-12,NGHCP,-0.2732
2018-12-12,NID,0.0
2018-12-12,NIQ,0.0
2018-12-12,NJV,0.0
2018-12-12,NKG,0.0
2018-12-12,NMS,0.0
2018-12-12,NMT,0.0
2018-12-12,NMZ,0.0
2018-12-12,NNC,0.0
2018-12-12,NOM,0.0
2018-12-12,NTRSP,0.0
2018-12-12,NTX,0.0
2018-12-12,NUO,0.0
2018-12-12,NYV,0.0
2018-12-12,OIA,0.0
2018-12-12,OSIR,0.0
2018-12-12,PCN,0.0
2018-12-12,PFBI,0.0
2018-12-12,PZG,-0.2732
2018-12-12,RGT,-0.1366
2018-12-12,SCHH,0.0
2018-12-12,SGOC,-0.2732
2018-12-12,SPA,0.17847999999999997
2018-12-12,TSBK,-0.2732
2018-12-12,UBSH,-0.2732
2018-12-12,UTMD,0.0
2018-12-12,VNQ,0.0
2018-12-13,AET,-0.4404
2018-12-13,BF.A,0.0
2018-12-13,BF.B,0.0
2018-12-13,CNY,0.0
2018-12-13,DTF,0.4019
2018-12-13,ESRX,0.28895
2018-12-13,IYR,0.0772
2018-12-13,KERX,0.25
2018-12-13,KORS,0.2732
2018-12-13,MLP,0.296
2018-12-13,SPA,0.0
2018-12-14,ABX,-0.6249
2018-12-14,AIF,-0.2732
2018-12-14,ANCX,-0.2732
2018-12-14,APB,-0.2732
2018-12-14,APRI,0.4019
2018-12-14,ATLO,-0.2732
2018-12-14,BEL,-0.09849999999999999
2018-12-14,BGR,-0.1366
2018-12-14,BH,-0.2732
2018-12-14,BIT,-0.2732
2018-12-14,BKEPP,-0.2732
2018-12-14,BKK,-0.2732
2018-12-14,BLH,-0.2732
2018-12-14,BLW,-0.2732
2018-12-14,BSL,-0.2732
2018-12-14,BXE,-0.2732
2018-12-14,BXMX,-0.2732
2018-12-14,CAW,-0.2732
2018-12-14,CGO,-0.2732
2018-12-14,CHSCM,0.0
2018-12-14,CHSCN,-0.1366
2018-12-14,CHSCO,0.0
2018-12-14,CHSCP,0.0
2018-12-14,DMO,-0.2732
2018-12-14,DPK,0.0
2018-12-14,DSU,-0.2732
2018-12-14,DUC,-0.2732
2018-12-14,ECR,-0.2732
2018-12-14,EDC,0.0
2018-12-14,EDF,-0.2732
2018-12-14,EDI,-0.2732
2018-12-14,EOT,-0.2732
2018-12-14,ESIO,0.0
2018-12-14,FBSS,-0.2732
2018-12-14,FCB,-0.2732
2018-12-14,FCT,-0.2732
2018-12-14,FOF,-0.2732
2018-12-14,FPF,-0.2732
2018-12-14,FUND,-0.2732
2018-12-14,GBNK,-0.2732
2018-12-14,GLU,-0.2732
2018-12-14,GLV,-0.2732
2018-12-14,GOV,-0.2732
2018-12-14,IHT,0.886
2018-12-14,ISDR,-0.2732
2018-12-14,JCE,-0.2732
2018-12-14,JDD,-0.2732
2018-12-14,JFR,-0.2732
2018-12-14,JOB,-0.2732
2018-12-14,JPI,-0.2732
2018-12-14,JRO,-0.2732
2018-12-14,JTA,-0.2732
2018-12-14,JTD,-0.2732
2018-12-14,KANG,0.33525
2018-12-14,KORS,-0.2732
2018-12-14,LDP,-0.2732
2018-12-14,MRCC,-0.2732
2018-12-14,MTT,-0.2732
2018-12-14,MYF,-0.2732
2018-12-14,NSL,-0.2732
2018-12-14,NTRSP,-0.2732
2018-12-14,OFS,0.0
2018-12-14,OPOF,-0.2732
2018-12-14,OZM,-0.296
2018-12-14,PCN,0.0
2018-12-14,PEBK,-0.2732
2018-12-14,PFL,-0.2732
2018-12-14,PHD,-0.2732
2018-12-14,PHIIK,-0.2732
2018-12-14,PHT,-0.2732
2018-12-14,PIH,-0.2732
2018-12-14,PZG,-0.2732
2018-12-14,SBR,0.0
2018-12-14,SCG,0.343625
2018-12-14,SHPG,0.5574
2018-12-14,TR,0.0
2018-12-14,VALU,-0.296
2018-12-14,XGTI,0.296
2018-12-17,ABX,0.23835
2018-12-17,ACP,-0.2732
2018-12-17,ADX,-0.2732
2018-12-17,ANCX,-0.2732
2018-12-17,ARDM,-0.2732
2018-12-17,AST,-0.2732
2018-12-17,ATLO,-0.2732
2018-12-17,AWF,-0.2732
2018-12-17,BCV,-0.2732
2018-12-17,BEL,0.0
2018-12-17,BGB,-0.2732
2018-12-17,BGR,-0.2732
2018-12-17,BGY,-0.2732
2018-12-17,BLW,-0.2732
2018-12-17,BSL,-0.2732
2018-12-17,BVX,0.0
2018-12-17,BXMX,-0.2732
2018-12-17,CGO,-0.2732
2018-12-17,CHSCM,-0.2732
2018-12-17,CHW,-0.2732
2018-12-17,CMFN,-0.2732
2018-12-17,CRF,-0.2732
2018-12-17,CTR,-0.2732
2018-12-17,DHF,-0.2732
2018-12-17,DSU,-0.2732
2018-12-17,EAD,-0.2732
2018-12-17,ECF,-0.2732
2018-12-17,ECR,-0.2732
2018-12-17,ECYT,0.4939
2018-12-17,EDF,-0.2732
2018-12-17,EDI,-0.2732
2018-12-17,EEA,-0.2732
2018-12-17,EFF,-0.2732
2018-12-17,EOI,-0.2732
2018-12-17,EOT,-0.2732
2018-12-17,ERC,-0.2732
2018-12-17,ETB,-0.2732
2018-12-17,ETO,-0.2732
2018-12-17,ETV,-0.2732
2018-12-17,ETW,-0.2732
2018-12-17,EVF,-0.2732
2018-12-17,EVG,-0.2732
2018-12-17,EVT,-0.2732
2018-12-17,EVV,-0.2732
2018-12-17,FCB,-0.2732
2018-12-17,FCO,-0.2732
2018-12-17,FCT,-0.2732
2018-12-17,FOF,-0.2732
2018-12-17,FONR,-0.2732
2018-12-17,FPF,-0.2732
2018-12-17,FPI,-0.2732
2018-12-17,FSIC,-0.2732
2018-12-17,FUND,-0.2732
2018-12-17,GAB,-0.2732
2018-12-17,GARS,-0.2732
2018-12-17,GBNK,0.4767
2018-12-17,GDV,-0.2732
2018-12-17,GGM,-0.2732
2018-12-17,GLV,-0.2732
2018-12-17,GOF,-0.2732
2018-12-17,GOV,-0.2732
2018-12-17,GPM,-0.2732
2018-12-17,HIO,-0.2732
2018-12-17,HNW,-0.2732
2018-12-17,HPI,-0.2732
2018-12-17,HQH,-0.2732
2018-12-17,HQL,-0.2732
2018-12-17,HTY,-0.2732
2018-12-17,HYB,-0.2732
2018-12-17,IGA,-0.2732
2018-12-17,INB,-0.2732
2018-12-17,IVH,-0.2732
2018-12-17,IX,-0.2732
2018-12-17,JCE,-0.2732
2018-12-17,JDD,-0.2732
2018-12-17,JEQ,-0.2732
2018-12-17,JFR,-0.2732
2018-12-17,JHI,-0.2732
2018-12-17,JPC,-0.2732
2018-12-17,JPI,-0.2732
2018-12-17,JQC,0.11870000000000003
2018-12-17,JRI,-0.2732
2018-12-17,JRO,-0.2732
2018-12-17,JRS,-0.2732
2018-12-17,JTA,-0.2732
2018-12-17,JTD,-0.2732
2018-12-17,KANG,0.0
2018-12-17,KCAP,0.1492125
2018-12-17,KMF,-0.2006
2018-12-17,KORS,0.296
2018-12-17,LION,-0.013040000000000006
2018-12-17,SCG,0.15764
2018-12-17,SHPG,0.4019
2018-12-17,STRT,0.0
2018-12-17,TY,0.0
2018-12-17,UWN,0.0
2018-12-17,XOXO,0.6841
2018-12-18,ADX,0.296
2018-12-18,BF.A,-0.3818
2018-12-18,BF.B,-0.3818
2018-12-18,CIVI,0.1779
2018-12-18,ECH,-0.4019
2018-12-18,ECYT,0.5106
2018-12-18,EPU,-0.4019
2018-12-18,GOODO,0.0
2018-12-18,GOODP,0.0
2018-12-18,IVE,0.5423
2018-12-18,IVW,0.5423
2018-12-18,KCAP,0.0
2018-12-18,KMF,0.0
2018-12-18,LION,0.0
2018-12-18,PTIE,-0.2732
2018-12-18,SHPG,0.5574
2018-12-18,TNA,-0.3612
2018-12-18,TY,0.0
2018-12-18,TZA,-0.3612
2018-12-19,AET,0.0
2018-12-19,AIF,-0.2732
2018-12-19,ANCX,-0.2732
2018-12-19,APF,0.0
2018-12-19,APRI,0.4939
2018-12-19,ARDM,-0.2732
2018-12-19,AVAL,-0.2732
2018-12-19,BEL,0.0
2018-12-19,BGH,-0.2732
2018-12-19,BHB,-0.2732
2018-12-19,CAF,0.0
2018-12-19,CGO,-0.2732
2018-12-19,CHSCO,-0.2732
2018-12-19,CIF,-0.2732
2018-12-19,CIVI,0.27573333333333333
2018-12-19,CLM,-0.2732
2018-12-19,CMFN,-0.2732
2018-12-19,CRF,-0.2732
2018-12-19,DEX,-0.2732
2018-12-19,DFP,-0.2732
2018-12-19,DNBF,-0.2732
2018-12-19,DSU,-0.2732
2018-12-19,EAD,-0.2732
2018-12-19,ECYT,0.0
2018-12-19,EEA,-0.2732
2018-12-19,EFF,-0.2732
2018-12-19,EHI,-0.2732
2018-12-19,EMO,-0.2732
2018-12-19,EOD,-0.2732
2018-12-19,EOT,-0.2732
2018-12-19,ESRX,0.38634999999999997
2018-12-19,FCO,-0.2732
2018-12-19,FSFG,-0.2732
2018-12-19,GARS,-0.2732
2018-12-19,GBNK,-0.2732
2018-12-19,GCV,-0.2732
2018-12-19,GGM,-0.2732
2018-12-19,GZT,-0.2732
2018-12-19,HNW,-0.2732
2018-12-19,HPI,-0.2732
2018-12-19,HPS,-0.2732
2018-12-19,HTD,-0.2732
2018-12-19,HYI,-0.2732
2018-12-19,IID,-0.2732
2018-12-19,IJR,0.0
2018-12-19,IRL,0.0
2018-12-19,IVH,-0.2732
2018-12-19,IX,-0.2732
2018-12-19,JHI,-0.2732
2018-12-19,JMLP,-0.2732
2018-12-19,JOF,-0.2732
2018-12-19,JPI,-0.2732
2018-12-19,JPS,-0.2732
2018-12-19,JQC,-0.2732
2018-12-19,JRI,-0.2732
2018-12-19,JRO,-0.2732
2018-12-19,JTA,-0.2732
2018-12-19,KFFB,0.296
2018-12-19,KMF,-0.2732
2018-12-19,LDP,-0.2732
2018-12-19,MBTF,-0.2732
2018-12-19,MFNC,-0.2732
2018-12-19,MMT,-0.2732
2018-12-19,MTR,-0.2732
2018-12-19,NHF,-0.2732
2018-12-19,NML,-0.2732
2018-12-19,NOBL,0.0
2018-12-19,NRO,-0.2732
2018-12-19,NSL,-0.2732
2018-12-19,OMED,-0.2732
2018-12-19,OVBC,-0.2732
2018-12-19,PDT,-0.2732
2018-12-19,PFO,-0.2732
2018-12-19,PHIIK,-0.2732
2018-12-19,PIM,-0.2732
2018-12-19,PRK,-0.2732
2018-12-19,PZG,-0.2732
2018-12-19,RGT,-0.2732
2018-12-19,RNP,-0.2732
2018-12-19,SBI,0.0
2018-12-19,SHPG,0.4939
2018-12-19,SIR,-0.2732
2018-12-19,TCFC,-0.2732
2018-12-19,VCSH,-0.2732
2018-12-20,ABX,0.5859
2018-12-20,ACET,-0.2732
2018-12-20,ADX,-0.2732
2018-12-20,AIF,-0.2732
2018-12-20,ANCX,-0.2732
2018-12-20,APRI,-0.2732
2018-12-20,ARDC,-0.2732
2018-12-20,ARDM,-0.2732
2018-12-20,AST,-0.2732
2018-12-20,AVAL,-0.2732
2018-12-20,BCV,-0.2732
2018-12-20,BEL,0.0
2018-12-20,BGH,-0.2732
2018-12-20,BGR,-0.2732
2018-12-20,BGY,-0.2732
2018-12-20,BHB,-0.2732
2018-12-20,BIF,-0.2732
2018-12-20,BKEPP,-0.2732
2018-12-20,BLW,-0.2732
2018-12-20,BNCL,-0.2732
2018-12-20,CEN,-0.2732
2018-12-20,CGO,-0.2732
2018-12-20,CHSCM,-0.2732
2018-12-20,CHSCN,-0.2732
2018-12-20,CHSCO,-0.2732
2018-12-20,CHSCP,-0.2732
2018-12-20,CIF,-0.2732
2018-12-20,CIVI,0.050780000000000006
2018-12-20,CLM,-0.2732
2018-12-20,CMFN,-0.2732
2018-12-20,CNTF,0.2202
2018-12-20,CRF,-0.2732
2018-12-20,CTR,-0.2732
2018-12-20,CUBA,-0.2732
2018-12-20,CVRR,-0.2732
2018-12-20,DEX,-0.2732
2018-12-20,DFP,-0.2732
2018-12-20,DIAX,-0.2732
2018-12-20,DNBF,-0.2732
2018-12-20,DSE,-0.2732
2018-12-20,DSU,-0.2732
2018-12-20,EAD,-0.2732
2018-12-20,ECYT,0.2557
2018-12-20,EEA,-0.2732
2018-12-20,EFF,-0.2732
2018-12-20,EHI,-0.2732
2018-12-20,EMF,-0.2732
2018-12-20,EMO,-0.2732
2018-12-20,ENLK,-0.1366
2018-12-20,EOD,-0.2732
2018-12-20,EOI,-0.2732
2018-12-20,EOT,-0.2732
2018-12-20,EPE,-0.2732
2018-12-20,ERC,-0.2732
2018-12-20,ESP,0.0
2018-12-20,ETO,-0.2732
2018-12-20,ETV,-0.2732
2018-12-20,ETX,0.0
2018-12-20,FCB,-0.2732
2018-12-20,FCO,-0.2732
2018-12-20,FEI,-0.2732
2018-12-20,FIF,-0.2732
2018-12-20,FRPH,-0.2732
2018-12-20,FSFG,-0.2732
2018-12-20,GBLI,0.0
2018-12-20,IEMG,0.0
2018-12-20,KANG,0.0
2018-12-20,OXLCO,0.0
2018-12-20,SGOC,0.0
2018-12-20,TCFC,0.0
2018-12-21,BOTJ,0.296
2018-12-21,BVX,0.0
2018-12-21,CNTF,0.0
2018-12-21,DIT,0.4019
2018-12-21,IDTI,0.0
2018-12-21,MMAC,0.5574
2018-12-21,OMED,-0.7717
2018-12-21,SOFO,0.148
2018-12-21,TAHO,0.4019
2018-12-21,WHLRP,0.59055
2018-12-21,XGTI,0.0
2018-12-21,XOXO,0.0
2018-12-23,DGRS,0.4215
2018-12-23,PTIE,0.0
2018-12-24,ENLK,-0.8271
2018-12-24,KBA,0.0
2018-12-24,KORS,0.0
2018-12-24,ORBK,0.0
2018-12-24,SBR,-0.8271
2018-12-24,SOFO,0.0
2018-12-24,STBZ,0.6808
2018-12-24,TECS,-0.1027
2018-12-24,VTI,0.0
2018-12-24,VXUS,0.0
2018-12-26,KORS,0.296
2018-12-26,TMF,0.4215
2018-12-26,TSRO,-0.4318
2018-12-27,BDL,0.0
2018-12-27,CCM,0.0
2018-12-27,COPX,-0.6249
2018-12-27,CVRR,0.148
2018-12-27,FCG,-0.6249
2018-12-27,IEZ,-0.6249
2018-12-27,IHI,0.6369
2018-12-27,IYR,0.0
2018-12-27,JOB,-0.1531
2018-12-27,PALL,0.6369
2018-12-27,QAT,0.6369
2018-12-27,REMX,-0.6249
2018-12-27,ROBO,0.0
2018-12-27,SCG,0.296
2018-12-27,TCI,0.0
2018-12-27,XGTI,0.38465
2018-12-28,AFB,0.0
2018-12-28,AKP,0.0
2018-12-28,BHBK,-0.296
2018-12-28,JOB,0.0
2018-12-28,NXTM,0.0
2018-12-28,OPHT,0.0
2018-12-28,OZM,0.09866666666666667
2018-12-28,PALL,0.0
2018-12-28,QTM,0.16726666666666667
2018-12-28,SHLD,0.0
2018-12-28,SIR,0.0
2018-12-28,SPXS,0.4019
2018-12-29,QTM,0.296
2018-12-29,RGT,-0.34
2018-12-30,ENZL,0.6124
2018-12-31,INTX,0.0
2018-12-31,KFS,0.0
2018-12-31,MMAC,-0.4019
2018-12-31,NAUH,0.09866666666666667
2018-12-31,QTM,0.0
2018-12-31,SHV,0.0
2018-12-31,SHY,0.0
2018-12-31,VNQ,0.4019
2019-01-02,ABAC,0.14292499999999997
2019-01-02,ABX,0.4215
2019-01-02,AIRT,-0.2732
2019-01-02,ARCW,-0.2732
2019-01-02,CBNK,-0.2732
2019-01-02,DMO,-0.2732
2019-01-02,DVCR,0.0
2019-01-02,EEMV,0.4019
2019-01-02,FEI,0.0
2019-01-02,FIF,0.0
2019-01-02,JDST,0.0
2019-01-02,JNUG,0.0
2019-01-02,KFS,0.0
2019-01-02,MTR,-0.2732
2019-01-02,NEN,-0.2732
2019-01-02,NNY,0.0
2019-01-02,OGCP,-0.2732
2019-01-02,P,0.0
2019-01-02,PML,0.0
2019-01-02,PRAN,0.19588333333333333
2019-01-02,PZG,-0.2732
2019-01-02,STRT,-0.2732
2019-01-02,TMK,0.14333333333333334
2019-01-02,UBA,0.0
2019-01-02,VWO,0.4019
2019-01-03,ABAC,0.0
2019-01-03,BRZU,0.0
2019-01-03,CCF,0.0
2019-01-03,DVCR,0.0
2019-01-03,JNUG,0.296
2019-01-03,NFEC,0.0
2019-01-03,PRAN,0.10115
2019-01-03,SGB,0.0
2019-01-03,SHPG,0.296
2019-01-03,TIK,0.0
2019-01-04,CARZ,0.4939
2019-01-04,DVY,0.0
2019-01-04,IJH,-0.2263
2019-01-04,IJR,-0.2263
2019-01-04,IPAS,0.0
2019-01-04,MINT,0.0
2019-01-04,PHIIK,0.0
2019-01-04,SDR,0.5106
2019-01-04,SDT,0.5106
2019-01-04,SDY,0.0
2019-01-04,SHV,0.0
2019-01-04,SHY,0.0
2019-01-04,TIK,0.0
2019-01-04,VIG,0.0
2019-01-04,VYM,0.0
2019-01-06,IDTI,0.0
2019-01-07,DVCR,0.0
2019-01-07,FTSL,-0.2732
2019-01-07,FTSM,-0.2732
2019-01-07,GRAM,0.0
2019-01-07,HF,0.3612
2019-01-07,LMBS,-0.2732
2019-01-07,LXFT,0.148
2019-01-07,OPHT,-0.2023
2019-01-07,SPHQ,0.0
2019-01-07,TSRO,0.19733333333333333
2019-01-07,XGTI,0.6597
2019-01-08,BKSC,0.0
2019-01-08,DVCR,0.0
2019-01-08,EGL,0.296
2019-01-08,HFBC,0.2081
2019-01-08,IEMG,0.0
2019-01-08,IHC,0.0
2019-01-08,LION,0.0
2019-01-08,PSP,0.0
2019-01-08,SH,0.0
2019-01-08,SHPG,-0.2023
2019-01-08,SN,0.2732
2019-01-08,SPPP,0.0
2019-01-08,SQQQ,0.0
2019-01-08,TAHO,0.4215
2019-01-08,TQQQ,0.0
2019-01-08,TSRO,-0.4522
2019-01-08,UG,0.0
2019-01-08,XTN,0.4588
2019-01-09,BHBK,0.0
2019-01-09,DHIL,-0.2732
2019-01-09,DVY,0.0258
2019-01-09,EPE,0.5106
2019-01-09,HFBC,0.0
2019-01-09,LION,0.0
2019-01-09,LXFT,0.0
2019-01-09,MHNC,0.0
2019-01-09,PEBK,0.4019
2019-01-09,PZG,0.0
2019-01-09,SPA,0.0
2019-01-09,TRX,-0.2732
2019-01-09,TVPT,0.0
2019-01-09,UG,0.0
2019-01-09,USG,0.0
2019-01-09,VISI,-0.1531
2019-01-10,BKSC,0.0
2019-01-10,BRZU,0.5994
2019-01-10,CHSCP,0.0
2019-01-10,CTWS,0.2341
2019-01-10,ESIO,0.4939
2019-01-10,FAS,0.7351
2019-01-10,KONA,-0.34
2019-01-10,VISI,0.0
2019-01-11,BGR,0.0
2019-01-11,BPOPM,0.0
2019-01-11,BPOPN,0.0
2019-01-11,DDF,0.0
2019-01-11,DJCO,-0.2732
2019-01-11,DM,0.0
2019-01-11,EGL,0.4215
2019-01-11,HFBC,0.0
2019-01-11,IYF,0.0
2019-01-11,JPI,0.0
2019-01-11,MMD,0.0
2019-01-11,MVO,0.0
2019-01-11,NAZ,0.0
2019-01-11,NCB,0.0
2019-01-11,NID,0.0
2019-01-11,NIQ,0.0
2019-01-11,NJV,0.0
2019-01-11,NKG,0.0
2019-01-11,NMS,0.0
2019-01-11,NMT,0.0
2019-01-11,NMZ,0.0
2019-01-11,NNC,0.0
2019-01-11,NOM,0.0
2019-01-11,NPV,0.0
2019-01-11,NTX,0.0
2019-01-11,NUO,0.0
2019-01-11,NYV,0.0
2019-01-11,PCN,0.0
2019-01-11,PNRG,0.0
2019-01-11,SBR,0.0
2019-01-11,SNFCA,0.0
2019-01-11,VISI,0.0
2019-01-12,BJK,0.0
2019-01-12,NOBL,0.1531
2019-01-14,ABAC,0.44885
2019-01-14,ARDM,0.296
2019-01-14,BGR,0.0
2019-01-14,BIV,0.0
2019-01-14,BLV,0.0
2019-01-14,BND,0.0
2019-01-14,BPOPM,0.0
2019-01-14,BPOPN,0.0
2019-01-14,DDF,0.0
2019-01-14,GDV,0.0
2019-01-14,GUT,0.0
2019-01-14,HFBC,0.0
2019-01-14,IPAS,0.128
2019-01-14,JCTCF,-0.5719
2019-01-14,JPI,0.0
2019-01-14,KONA,0.0
2019-01-14,MAYS,0.0
2019-01-14,MMD,0.0
2019-01-14,MMI,0.0
2019-01-14,MPV,0.0
2019-01-14,MVC,0.0
2019-01-14,MVO,0.0
2019-01-14,NAZ,0.0
2019-01-14,NCB,0.0
2019-01-14,NID,0.0
2019-01-14,NIQ,0.0
2019-01-14,NJV,0.0
2019-01-14,NKG,0.0
2019-01-14,NMS,0.0
2019-01-14,NMT,0.0
2019-01-14,NMZ,0.0
2019-01-14,NNC,0.0
2019-01-14,NOM,0.0
2019-01-14,NPV,0.0
2019-01-14,NTX,0.0
2019-01-14,NUO,0.0
2019-01-14,NYV,0.0
2019-01-14,OFED,0.0
2019-01-14,OIA,0.0
2019-01-14,PAH,0.0
2019-01-14,PED,0.431
2019-01-14,PNRG,0.0
2019-01-14,QTM,0.296
2019-01-14,SBR,0.0
2019-01-14,TCI,-0.0258
2019-01-15,ABAC,0.0
2019-01-15,APRI,0.0
2019-01-15,BEL,0.0
2019-01-15,CNBKA,0.0
2019-01-15,ECR,-0.1806
2019-01-15,GSIT,-0.4767
2019-01-15,PED,0.2023
2019-01-15,PZG,0.4767
2019-01-15,QTM,0.296
2019-01-15,SHV,0.0
2019-01-15,SHY,0.0
2019-01-15,VISI,0.0
2019-01-16,BHBK,0.6808
2019-01-16,IDTI,0.0
2019-01-16,KRE,0.0
2019-01-16,NFEC,0.0
2019-01-16,PLBC,0.08895
2019-01-16,PTIE,0.2263
2019-01-16,VTV,0.296
2019-01-16,VVC,0.2732
2019-01-17,ABX,0.0
2019-01-17,CVRR,0.0
2019-01-17,DNB,0.4767
2019-01-17,DYSL,0.296
2019-01-17,EIDO,0.6597
2019-01-17,GRAM,0.368
2019-01-17,HIFS,0.0
2019-01-17,IDX,0.6597
2019-01-17,LION,0.0
2019-01-17,NFEC,0.0
2019-01-17,PTIE,-0.5106
2019-01-17,PZG,0.0
2019-01-18,ANGL,0.0
2019-01-18,DIT,0.0
2019-01-18,LXFT,0.368
2019-01-18,PBIP,0.0
2019-01-22,ASRV,0.0
2019-01-22,BXE,0.0
2019-01-22,ECR,-0.7003
2019-01-22,FBSS,-0.296
2019-01-22,LXFT,0.0
2019-01-22,MBFI,0.0
2019-01-22,NAUH,0.0
2019-01-22,OVLY,0.0
2019-01-22,SGB,0.0
2019-01-22,TNA,0.3612
2019-01-22,TSBK,0.0
2019-01-22,TZA,0.3612
2019-01-22,UBNK,0.2263
2019-01-22,UBSH,0.0
2019-01-22,VXX,-0.6705
2019-01-22,XGTI,0.0
2019-01-23,BHBK,-0.2263
2019-01-23,CTWS,0.11315
2019-01-23,ECH,0.0
2019-01-23,EIRL,0.0
2019-01-23,ENLK,0.4215
2019-01-23,EPU,0.0
2019-01-23,ESBK,0.0
2019-01-23,HF,0.0
2019-01-23,ORRF,-0.2263
2019-01-23,SMBC,0.0
2019-01-24,AMRB,-0.2263
2019-01-24,AST,-0.6597
2019-01-24,BHB,0.0
2019-01-24,CZNC,0.0
2019-01-24,DNBF,0.0
2019-01-24,DVD,0.0
2019-01-24,EBTC,0.0
2019-01-24,HFBL,0.0
2019-01-24,MCBC,0.0
2019-01-24,OVBC,0.0
2019-01-24,OVLY,0.0
2019-01-24,PAH,0.0
2019-01-24,PNRG,0.0
2019-01-24,RVSB,0.0
2019-01-24,SPA,0.0
2019-01-24,STRT,0.34
2019-01-24,UBFO,0.6369
2019-01-24,UNB,0.0
2019-01-24,USG,-0.3612
2019-01-24,VALU,0.0
2019-01-24,VXX,0.34
2019-01-25,APRI,0.296
2019-01-25,BOTJ,0.4588
2019-01-25,CIZN,0.0
2019-01-25,CVRR,0.0
2019-01-25,JASO,-0.2732
2019-01-25,MOG.A,0.0
2019-01-25,MOG.B,0.0
2019-01-25,SLCT,0.0
2019-01-25,YGE,-0.2732
2019-01-28,AMRB,0.0
2019-01-28,ARRS,0.0
2019-01-28,BPOPN,0.0
2019-01-28,CHFC,0.296
2019-01-28,CLD,0.0
2019-01-28,GFNCP,0.0
2019-01-28,HIFS,-0.2732
2019-01-28,IBTX,0.0
2019-01-28,IIF,-0.2732
2019-01-28,KBE,0.0
2019-01-28,KONA,-0.2732
2019-01-28,LION,0.0
2019-01-28,MBTF,-0.2263
2019-01-28,NFEC,0.0
2019-01-28,NKSH,-0.2732
2019-01-28,ORM,0.0
2019-01-28,PAH,0.044475
2019-01-28,PLM,-0.2732
2019-01-28,PNRG,0.0
2019-01-28,SFBC,0.0
2019-01-29,AMRB,0.0
2019-01-29,ASA,0.6124
2019-01-29,AUBN,0.0
2019-01-29,BSCL,0.0
2019-01-29,CFFN,-0.2263
2019-01-29,CHFC,0.050575
2019-01-29,CHT,0.0
2019-01-29,CLD,0.2732
2019-01-29,ESIO,0.0
2019-01-29,GFNCP,0.0
2019-01-29,KFFB,0.0
2019-01-29,MTR,0.0
2019-01-29,NFEC,0.0
2019-01-29,ORBK,0.0772
2019-01-29,P,0.21075
2019-01-29,PRAN,0.24695
2019-01-29,QQQE,0.1695
2019-01-29,SCHP,0.2023
2019-01-29,SCM,0.0
2019-01-29,TIK,0.0
2019-01-29,TIP,0.2023
2019-01-29,TLF,0.0
2019-01-29,TLP,0.0
2019-01-29,VTIP,0.2023
2019-01-29,XGTI,0.2263
2019-01-30,ACT,0.0
2019-01-30,CHT,0.0
2019-01-30,FSFG,-0.1531
2019-01-30,HWBK,0.0
2019-01-30,IROQ,0.0
2019-01-30,NFEC,0.0
2019-01-30,OIIM,-0.1531
2019-01-30,OVBC,0.0
2019-01-30,SLCT,-0.296
2019-01-30,TWX,-0.4019
2019-01-31,CLFD,0.0
2019-01-31,ESL,0.0
2019-01-31,GSIT,0.0
2019-01-31,HFBC,0.0
2019-01-31,IXYS,0.3818
2019-01-31,KWEB,0.0
2019-01-31,NFEC,0.0
2019-01-31,ORBK,0.0772
2019-01-31,UBCP,0.4215
2019-01-31,VVC,0.296
2019-02-01,ARRS,0.0
2019-02-01,BNCL,0.4404
2019-02-01,DM,0.0
2019-02-01,HF,0.4019
2019-02-01,MNGA,0.0
2019-02-01,NATH,0.0
2019-02-01,P,0.0
2019-02-01,SBBX,0.03484999999999999
2019-02-01,SCX,0.0
2019-02-01,SENEB,0.0
2019-02-02,BAR,-0.128
2019-02-02,IAU,-0.128
2019-02-03,GREK,0.0
2019-02-04,AIRT,0.4019
2019-02-04,ATTU,0.0
2019-02-04,BNCL,0.6124
2019-02-04,MNGA,0.0
2019-02-04,MXWL,0.2133
2019-02-04,NKSH,0.0
2019-02-04,PBHC,0.0
2019-02-04,RING,0.0
2019-02-04,RTEC,0.0
2019-02-04,TISA,0.29843333333333333
2019-02-05,CAW,0.0
2019-02-05,CCF,0.0
2019-02-05,DNB,0.296
2019-02-05,GEOS,-0.2263
2019-02-05,HCLP,-0.2263
2019-02-05,MXWL,-0.148
2019-02-05,OSIR,0.5574
2019-02-05,PTIE,-0.5687000000000001
2019-02-05,SPXS,-0.2732
2019-02-05,SXCP,0.7506
2019-02-05,TISA,0.0386
2019-02-05,TMK,-0.07655
2019-02-05,ULTI,0.09735
2019-02-05,VCIT,0.0
2019-02-06,AHL,-0.2263
2019-02-06,CAW,0.148
2019-02-06,CMFN,0.5994
2019-02-06,GAM,0.296
2019-02-06,IGF,-0.5994
2019-02-06,JPNL,0.0
2019-02-06,MCHI,0.0
2019-02-06,OSIR,0.0
2019-02-06,RUSL,0.0
2019-02-06,SPA,0.0
2019-02-06,YINN,0.0
2019-02-07,BSMX,0.2577
2019-02-07,CAW,0.0
2019-02-07,CLD,0.59055
2019-02-07,EEMV,0.0
2019-02-07,HF,0.4019
2019-02-07,HWKN,0.8658
2019-02-07,IDTI,-0.296
2019-02-07,JCTCF,0.296
2019-02-07,MNGA,0.0
2019-02-07,TIK,0.0
2019-02-08,ARTNA,0.296
2019-02-08,CHFC,0.0
2019-02-08,CLD,0.7717
2019-02-08,DGICA,0.0
2019-02-08,DGICB,0.0
2019-02-08,DON,0.0
2019-02-08,ITIC,0.0
2019-02-08,MNGA,0.0
2019-02-08,RGSE,0.59048
2019-02-08,TIK,0.0
2019-02-10,EZU,-0.5994
2019-02-10,FEZ,-0.5994
2019-02-11,BMS,0.296
2019-02-11,CBNK,0.0
2019-02-11,CBSHP,0.0
2019-02-11,DFE,0.0
2019-02-11,DJCO,0.0
2019-02-11,ECR,0.4215
2019-02-11,FONR,0.0
2019-02-11,GDV,0.0
2019-02-11,GUT,0.0
2019-02-11,MCBC,0.0
2019-02-11,NL,0.0
2019-02-11,OIA,0.0
2019-02-11,REN,0.7506
2019-02-11,RGSE,0.0
2019-02-12,AUBN,0.0
2019-02-12,BDL,0.0
2019-02-12,CASM,0.19994285714285714
2019-02-12,ELLI,-0.1806
2019-02-12,EVI,0.0
2019-02-12,EZU,-0.4215
2019-02-12,GIGA,0.0
2019-02-12,HNNA,-0.2263
2019-02-12,IMI,0.0
2019-02-12,LABL,-0.12723333333333334
2019-02-12,NFX,0.0
2019-02-12,PKW,0.0
2019-02-13,BABY,0.0
2019-02-13,BNCL,0.7184
2019-02-13,CASM,-0.12319999999999998
2019-02-13,CPSS,-0.296
2019-02-13,CYAN,0.0
2019-02-13,DYSL,0.0
2019-02-13,EIRL,0.0
2019-02-13,ELLI,0.08092
2019-02-13,ESP,0.0
2019-02-13,IPAS,0.6124
2019-02-13,LABL,0.0
2019-02-13,MNGA,0.0
2019-02-13,RDC,0.0
2019-02-13,RPTP,-0.3612
2019-02-13,TIK,0.0
2019-02-14,AHL,0.743
2019-02-14,AIRT,0.0
2019-02-14,AKG,-0.2263
2019-02-14,ARCW,0.0
2019-02-14,BABY,0.0
2019-02-14,BGR,0.0
2019-02-14,BIT,0.0
2019-02-14,BPOPM,0.0
2019-02-14,BPOPN,0.0
2019-02-14,BRG,0.0
2019-02-14,BWFG,0.0
2019-02-14,CEM,0.0
2019-02-14,DDF,0.0
2019-02-14,EDI,0.0
2019-02-14,ELLI,-0.11315
2019-02-14,GCBC,0.0
2019-02-14,ITB,-0.5859
2019-02-14,JOB,-0.3612
2019-02-14,JPI,0.0
2019-02-14,KIO,0.0
2019-02-14,LABL,0.0
2019-02-14,MMD,0.0
2019-02-14,MRIN,-0.1591
2019-02-14,NAZ,0.0
2019-02-14,NCB,0.0
2019-02-14,NFX,0.4767
2019-02-14,NID,0.0
2019-02-14,NIQ,0.0
2019-02-14,NJV,0.0
2019-02-14,NKG,0.0
2019-02-14,NMS,0.0
2019-02-14,NMT,0.0
2019-02-14,NMZ,0.0
2019-02-14,NNC,0.0
2019-02-14,NOM,0.0
2019-02-14,NPV,0.0
2019-02-14,NTX,0.0
2019-02-14,NUO,0.0
2019-02-14,NYV,0.0
2019-02-14,REZ,-0.5859
2019-02-14,SBI,0.0
2019-02-14,SBR,0.0
2019-02-14,SIL,0.0
2019-02-14,SMBC,0.0
2019-02-14,SXCP,0.0
2019-02-14,USG,-0.1806
2019-02-15,ARDC,0.0
2019-02-15,ARII,0.0
2019-02-15,BMS,0.0
2019-02-15,EGN,0.0
2019-02-15,EMB,0.3612
2019-02-15,FRD,0.0
2019-02-15,GOODO,0.0
2019-02-15,GOODP,0.0
2019-02-15,LARK,0.0
2019-02-15,MRIN,-0.296
2019-02-15,ORPN,0.37895
2019-02-15,RDC,0.0
2019-02-15,SBBX,0.0
2019-02-15,SKYS,0.296
2019-02-15,SSBI,0.0
2019-02-15,TAHO,0.4215
2019-02-15,TIK,0.0
2019-02-18,CVR,0.3182
2019-02-19,CTT,0.6369
2019-02-19,DGICA,0.0
2019-02-19,EHIC,0.29325999999999997
2019-02-19,HCLP,0.0
2019-02-19,MNGA,0.0
2019-02-19,NPK,0.0
2019-02-19,NRT,0.5106
2019-02-19,ORPN,0.148
2019-02-19,PHI,0.0
2019-02-19,PHO,0.0
2019-02-19,PTX,0.148
2019-02-19,SKYS,0.7269
2019-02-19,TTS,-0.296
2019-02-19,UBOH,0.4215
2019-02-19,UIHC,0.4215
2019-02-19,VLTC,0.296
2019-02-20,ACET,0.07335
2019-02-20,CHFC,0.5719
2019-02-20,EHIC,0.0
2019-02-20,HBMD,0.0
2019-02-20,KWEB,0.0
2019-02-20,MMI,0.0
2019-02-20,NPK,0.0
2019-02-20,NXTM,-0.6597
2019-02-20,PTX,0.0
2019-02-20,RUSL,0.0
2019-02-20,RUSS,0.0
2019-02-20,SEB,0.0
2019-02-20,SN,0.22950000000000004
2019-02-20,ULTI,0.10115
2019-02-21,ACET,0.0386
2019-02-21,ARRS,0.0
2019-02-21,ATTU,0.20209999999999997
2019-02-21,CZFC,0.296
2019-02-21,DHIL,0.34
2019-02-21,GSVC,0.296
2019-02-21,HF,0.0
2019-02-21,IMDZ,0.296
2019-02-21,MLP,0.0
2019-02-21,NHC,0.0
2019-02-21,NXTM,0.4215
2019-02-21,OHGI,0.7351
2019-02-21,OSIR,0.4215
2019-02-21,PTX,0.4588
2019-02-21,RYT,0.0
2019-02-21,TI,0.296
2019-02-21,UBCP,0.4215
2019-02-21,VGT,0.0
2019-02-22,ATTU,0.0
2019-02-22,FXG,0.0
2019-02-22,GSVC,0.0
2019-02-22,IMDZ,0.03558
2019-02-22,REN,0.6486
2019-02-22,TI,0.0
2019-02-22,TIK,0.0
2019-02-22,TVPT,0.0
2019-02-24,TAHO,0.0
2019-02-25,AGM,0.0
2019-02-25,CRD.A,0.0
2019-02-25,ELLI,0.0
2019-02-25,GHC,-0.07655
2019-02-25,IMDZ,0.2263
2019-02-25,LABL,0.0
2019-02-25,LCNB,0.0
2019-02-25,PIH,0.296
2019-02-25,PMBC,-0.128
2019-02-25,SDPI,-0.2023
2019-02-25,SGYP,0.296
2019-02-25,SPYG,0.0
2019-02-25,SPYV,0.0
2019-02-25,TLP,0.0
2019-02-25,TWER,0.0
2019-02-25,VGZ,0.0
2019-02-25,XGTI,0.0
2019-02-26,AET,0.4767
2019-02-26,EMF,0.0
2019-02-26,EWH,-0.3612
2019-02-26,EWM,-0.3612
2019-02-26,GIG,0.34
2019-02-26,IEMG,0.0
2019-02-26,KCAP,0.0
2019-02-26,MXWL,-0.4404
2019-02-26,OHGI,0.6486
2019-02-26,OPHT,-0.07455
2019-02-26,PIH,0.0
2019-02-26,PNBK,0.0
2019-02-26,SGYP,0.33525
2019-02-26,VWO,0.0
2019-02-27,AAMC,0.0
2019-02-27,ACET,-0.1531
2019-02-27,BEL,-0.3612
2019-02-27,BNCL,0.5606
2019-02-27,CIX,0.0
2019-02-27,HPT,0.0
2019-02-27,LABL,0.0
2019-02-27,OHGI,0.09866666666666667
2019-02-27,PHII,0.0
2019-02-27,PIH,0.0
2019-02-27,RDC,-0.11315
2019-02-27,SGYP,0.15238
2019-02-27,SIFI,0.0
2019-02-27,SMLR,-0.3612
2019-02-27,SXE,0.5106
2019-02-27,TRX,0.296
2019-02-27,WIN,0.4939
2019-02-28,ACU,0.0772
2019-02-28,ARC,0.0
2019-02-28,BRSS,-0.1531
2019-02-28,DVCR,0.0
2019-02-28,OHGI,0.0
2019-02-28,PTX,0.148
2019-02-28,SGYP,0.0
2019-02-28,SPLS,0.0
2019-02-28,SYX,0.0
2019-02-28,UNAM,0.0
2019-02-28,VYM,0.5719
2019-02-28,WGP,0.4215
2019-03-01,EPU,-0.3612
2019-03-01,FENY,0.0
2019-03-01,GSVC,0.296
2019-03-01,GZT,0.0
2019-03-01,KBA,0.0
2019-03-01,PHII,0.0
2019-03-01,PHIIK,0.1027
2019-03-01,PTX,-0.21075
2019-03-01,SPA,0.0
2019-03-01,SSY,0.0
2019-03-04,FPL,0.0
2019-03-04,IPCI,0.148
2019-03-04,JNK,0.0
2019-03-04,MGIC,-0.1806
2019-03-04,PHII,0.296
2019-03-04,PKW,0.0
2019-03-04,PTX,0.0
2019-03-04,SSY,0.0
2019-03-04,WIN,0.0632
2019-03-05,DEM,0.0
2019-03-05,EMAG,0.4215
2019-03-05,GARS,-0.2263
2019-03-05,IMDZ,0.296
2019-03-05,IPCI,0.0
2019-03-05,JW.A,-0.3612
2019-03-05,MRCC,0.0
2019-03-05,PTX,0.5423
2019-03-05,SGYP,0.5423
2019-03-05,VLTC,0.296
2019-03-05,WIN,0.0
2019-03-06,BF.A,0.0
2019-03-06,BF.B,0.0
2019-03-06,CADC,0.0
2019-03-06,EVLV,0.296
2019-03-06,GLBZ,0.0
2019-03-06,HMNY,-0.296
2019-03-06,MBFI,0.4215
2019-03-06,MLR,0.0
2019-03-06,ORPN,0.0
2019-03-06,OSIR,-0.5719
2019-03-06,PALL,0.0
2019-03-06,PFBI,0.0
2019-03-06,SCM,0.0
2019-03-06,SDPI,0.5423
2019-03-06,SKYS,0.4588
2019-03-06,TLF,0.0
2019-03-06,VISI,0.0
2019-03-07,AQXP,0.0
2019-03-07,ASHS,0.6369
2019-03-07,BPI,-0.07741428571428573
2019-03-07,CIVI,0.1779
2019-03-07,DXYN,-0.1531
2019-03-07,EUFN,0.1027
2019-03-07,EVLV,0.0
2019-03-07,FTCS,-0.2732
2019-03-07,GTXI,0.11655714285714285
2019-03-07,OMED,0.0
2019-03-07,OZM,0.0
2019-03-07,SAMG,0.2263
2019-03-07,SDPI,0.25
2019-03-08,ACET,0.4939
2019-03-08,AQXP,0.0
2019-03-08,BPI,0.0
2019-03-08,GMAN,0.0
2019-03-08,GTXI,0.10115
2019-03-08,HMNY,0.6369
2019-03-08,HSON,0.0
2019-03-08,OFS,0.0
2019-03-08,OHGI,0.296
2019-03-08,ORPN,0.0
2019-03-08,RDC,0.10115
2019-03-08,SDPI,0.5423
2019-03-08,SOFO,0.0
2019-03-09,DSI,0.0
2019-03-11,ACET,0.8225
2019-03-11,BFR,0.296
2019-03-11,EDC,-0.5994
2019-03-11,IWO,0.7003
2019-03-11,MVC,-0.2263
2019-03-11,NES,0.0
2019-03-11,NL,0.0
2019-03-11,ORPN,0.0
2019-03-11,PXMG,0.7003
2019-03-11,SKYS,0.148
2019-03-11,TIK,-0.2263
2019-03-12,BPI,-0.1806
2019-03-12,ESL,0.0
2019-03-12,IHC,0.0
2019-03-12,OSIR,0.22286
2019-03-12,SGA,0.0
2019-03-12,TZA,0.0
2019-03-12,UGAZ,0.0
2019-03-12,VOX,0.3818
2019-03-13,AMOT,-0.3612
2019-03-13,ARTNA,-0.1531
2019-03-13,AXR,0.0
2019-03-13,CBK,-0.152975
2019-03-13,HHS,0.0
2019-03-13,IDSY,0.41135
2019-03-13,MTEX,0.0
2019-03-13,RDC,-0.296
2019-03-13,REM,0.5994
2019-03-13,SENEA,0.0
2019-03-13,TISA,0.2023
2019-03-13,VALU,0.34
2019-03-14,EPE,0.0516
2019-03-14,FONE,0.7184
2019-03-14,JVA,0.0
2019-03-14,KFS,0.0
2019-03-14,MTEX,0.0
2019-03-14,NXTD,-0.3612
2019-03-14,PICO,0.0
2019-03-14,SCM,0.0
2019-03-15,AWX,0.0
2019-03-15,CLD,0.34895
2019-03-15,ENZL,-0.6486
2019-03-15,IDSY,0.0
2019-03-15,OMED,0.5859
2019-03-15,PHII,0.0
2019-03-15,PHIIK,0.0
2019-03-15,SCM,0.296
2019-03-15,UTSI,0.0
2019-03-15,VPU,0.2732
2019-03-15,WIN,-0.1531
2019-03-18,AMID,0.12105999999999999
2019-03-18,AMOV,-0.3008
2019-03-18,AWX,0.0
2019-03-18,CLD,0.296
2019-03-18,KORU,0.0
2019-03-18,PHII,0.0
2019-03-18,VPU,0.2732
2019-03-19,AMID,0.0
2019-03-19,BFOR,0.0
2019-03-19,HF,0.148
2019-03-19,HMNY,-0.2263
2019-03-19,IWN,0.0
2019-03-19,IWO,0.0
2019-03-19,PHII,0.0
2019-03-19,TI,-0.4019
2019-03-19,TNA,0.0
2019-03-19,TWX,0.0
2019-03-19,TZA,0.0
2019-03-19,VPU,0.2732
2019-03-20,CVR,0.0
2019-03-20,EFA,0.0
2019-03-20,EPE,-0.3612
2019-03-20,GSVC,-0.1027
2019-03-20,IPCI,0.12819999999999998
2019-03-20,IVV,0.5859
2019-03-20,PHII,0.0
2019-03-20,PIH,0.34
2019-03-20,PNRG,0.296
2019-03-20,UBSH,0.0
2019-03-20,VPU,0.2732
2019-03-21,BHB,0.296
2019-03-21,HQL,0.8316
2019-03-21,IPCI,0.0
2019-03-21,KIQ,0.0
2019-03-21,OHAI,0.0
2019-03-21,ORM,0.3612
2019-03-21,PTIE,-0.2732
2019-03-21,QQQE,0.34
2019-03-21,SOFO,-0.5574
2019-03-21,UG,0.0
2019-03-21,VPU,0.2732
2019-03-22,APF,0.0
2019-03-22,BFR,-0.6369
2019-03-22,IEF,0.2023
2019-03-22,IVV,-0.34
2019-03-22,SHY,0.2023
2019-03-22,SKYS,0.0
2019-03-25,AAMC,0.0
2019-03-25,BFR,0.296
2019-03-25,DBA,0.743
2019-03-25,GG,0.2936666666666667
2019-03-25,IMDZ,0.0
2019-03-25,PLM,0.296
2019-03-25,PTIE,-0.5106
2019-03-25,SKOR,0.0
2019-03-25,VPU,0.2732
2019-03-26,AAMC,0.0
2019-03-26,CIA,0.0
2019-03-26,CLD,0.2553
2019-03-26,EEI,0.0
2019-03-26,FAZ,0.0
2019-03-26,GG,0.0
2019-03-26,GSVC,0.4588
2019-03-26,ITB,0.0
2019-03-26,PNTR,0.2023
2019-03-26,ULTI,0.4939
2019-03-27,ACT,0.0
2019-03-27,CARZ,0.3182
2019-03-27,DVY,0.6124
2019-03-27,EVLV,-0.105225
2019-03-27,GEOS,-0.25
2019-03-27,MTUM,0.4019
2019-03-27,PTIE,-0.5106
2019-03-27,QUAL,0.4019
2019-03-27,RDC,0.0772
2019-03-27,SIVR,-0.7184
2019-03-27,TAT,0.0
2019-03-27,VNQ,0.0
2019-03-27,VPU,0.2732
2019-03-28,AIRT,-0.128
2019-03-28,CADC,0.0
2019-03-28,COPX,0.0
2019-03-28,JJC,0.0
2019-03-28,KMF,0.4767
2019-03-28,MXWL,0.296
2019-03-28,TAT,0.0
2019-03-29,BRZU,0.0
2019-03-29,CADC,0.16463333333333333
2019-03-29,CARV,0.0
2019-03-29,CWB,0.0
2019-03-29,GSVC,0.2294
2019-03-29,LITB,-0.1531
2019-03-29,OPHC,0.4588
2019-03-29,ORRF,0.0
2019-03-29,PLM,0.0
2019-03-29,SHOS,0.0
2019-03-29,WTW,0.5719
2019-03-30,SPYG,0.3818
2019-04-01,AAME,0.0
2019-04-01,AMID,-0.3612
2019-04-01,ARCW,0.0
2019-04-01,CADC,0.0
2019-04-01,CYCCP,0.0
2019-04-01,GMOM,0.3612
2019-04-01,GRAM,0.0
2019-04-01,HUSA,0.2732
2019-04-01,IMDZ,-0.0772
2019-04-01,OIIM,-0.2732
2019-04-02,HOT,0.0
2019-04-02,NXTD,-0.3182
2019-04-02,PSK,0.0
2019-04-02,SLX,-0.5423
2019-04-02,VPU,0.2732
2019-04-03,ARRS,0.0
2019-04-03,ARTNA,0.0
2019-04-03,CHSCP,0.0
2019-04-03,CTWS,0.5267
2019-04-03,CUBA,0.2382
2019-04-03,FAS,0.0
2019-04-03,FAZ,0.0
2019-04-03,LITB,0.0
2019-04-03,NXTD,0.39994999999999997
2019-04-03,TWX,0.0
2019-04-04,CTT,0.7269
2019-04-04,DNN,0.4939
2019-04-04,FSNN,-0.0505
2019-04-04,ITE,0.0
2019-04-04,MBG,0.0
2019-04-04,RDC,0.5267
2019-04-04,SLX,-0.1531
2019-04-05,EPI,0.0
2019-04-05,KIQ,0.296
2019-04-05,XSOE,0.0
2019-04-05,XTN,0.2732
2019-04-07,MW,0.0
2019-04-08,AKG,0.2263
2019-04-08,ATTU,0.4215
2019-04-08,BMS,0.0
2019-04-08,ERY,0.2732
2019-04-08,FPX,0.0
2019-04-08,GG,0.8658
2019-04-08,KONA,0.0
2019-04-08,MXWL,0.128
2019-04-08,NPK,0.296
2019-04-08,SHOS,0.7988
2019-04-08,TMF,0.0
2019-04-08,TYD,0.0
2019-04-08,VGZ,0.2023
2019-04-09,BKSC,0.0
2019-04-09,CCF,0.0
2019-04-09,CNBKA,0.0
2019-04-09,CORN,0.0
2019-04-09,GREK,0.5106
2019-04-09,HMNY,0.296
2019-04-09,IJK,0.6705
2019-04-09,IVW,0.6705
2019-04-09,MBTF,0.6486
2019-04-09,MXC,0.0
2019-04-09,NAO,0.0
2019-04-09,RFG,0.6705
2019-04-09,SCHB,0.5719
2019-04-10,BMS,0.0
2019-04-10,BRSS,0.2525428571428571
2019-04-10,CBK,0.1654
2019-04-10,CVR,0.4404
2019-04-10,FAS,0.6124
2019-04-10,FDN,0.3182
2019-04-10,FSNN,-0.2263
2019-04-10,TECL,0.6124
2019-04-10,VTL,0.296
2019-04-11,BRSS,0.0
2019-04-11,CUBI,0.0
2019-04-11,FRSH,0.29672222222222217
2019-04-11,FSNN,-0.3182
2019-04-11,GG,-0.4215
2019-04-11,OPHT,0.41169999999999995
2019-04-11,PZG,0.4939
2019-04-11,RDC,0.5267
2019-04-11,VTL,-0.02933333333333334
2019-04-11,WTW,0.12216666666666666
2019-04-12,BSMX,0.5267
2019-04-12,DGSE,0.0
2019-04-12,FRSH,0.0
2019-04-12,GG,0.3818
2019-04-12,HIFS,0.0
2019-04-12,OPHT,0.08333333333333333
2019-04-12,PXMG,0.0
2019-04-12,SFY,0.0
2019-04-12,VTL,0.23125999999999997
2019-04-12,WTW,0.0
2019-04-14,GG,0.7378
2019-04-15,AKAO,-0.07224
2019-04-15,EFII,-0.021733333333333344
2019-04-15,FRAK,0.6249
2019-04-15,FSNN,0.2732
2019-04-15,IJH,0.0
2019-04-15,JCTCF,0.0
2019-04-15,LOAN,-0.3612
2019-04-15,RNN,0.0
2019-04-15,SAMG,0.7003
2019-04-15,SENEB,-0.3612
2019-04-15,VTI,0.0
2019-04-15,VTL,0.0
2019-04-15,WRN,-0.3182
2019-04-15,WTW,0.148
2019-04-16,AKAO,0.0
2019-04-16,ALQA,-0.6369
2019-04-16,AQXP,0.0
2019-04-16,ASRV,0.0
2019-04-16,CARV,0.4588
2019-04-16,CGG,0.5859
2019-04-16,EFII,0.0
2019-04-16,GG,0.4939
2019-04-16,GULF,0.0
2019-04-16,IPDN,0.0
2019-04-16,OPHT,0.5859
2019-04-16,PLBC,0.0
2019-04-16,RNN,0.338975
2019-04-16,SGRP,0.296
2019-04-16,SGU,0.0
2019-04-16,UBNK,0.11315
2019-04-16,UCFC,0.11315
2019-04-16,WTW,0.23835
2019-04-17,ACT,0.4278
2019-04-17,CBK,0.18873333333333334
2019-04-17,EFII,0.0
2019-04-17,KONA,0.5267
2019-04-17,OMED,0.6958
2019-04-17,RNN,0.10115
2019-04-17,SFS,0.360225
2019-04-17,TI,0.0
2019-04-17,TMK,0.0
2019-04-17,UBFO,0.6369
2019-04-18,ACNB,0.0
2019-04-18,ACU,0.296
2019-04-18,ALQA,0.0
2019-04-18,AMRB,-0.3612
2019-04-18,BCBP,0.0
2019-04-18,CBK,-0.4767
2019-04-18,CCM,0.0
2019-04-18,CPSS,-0.2263
2019-04-18,CZFC,0.0
2019-04-18,DGICA,0.0
2019-04-18,EBTC,0.0
2019-04-18,FAX,0.0
2019-04-18,GG,0.0
2019-04-18,HPT,0.5106
2019-04-18,JPS,0.0
2019-04-18,LCNB,-0.2263
2019-04-18,OMED,0.23835
2019-04-18,OPHC,0.0
2019-04-18,PHK,0.0
2019-04-18,PLBC,0.0
2019-04-18,SFS,0.20140000000000002
2019-04-18,SOXS,0.5994
2019-04-18,TRX,0.296
2019-04-18,UNTY,0.0
2019-04-18,USG,0.0
2019-04-18,VALU,0.34
2019-04-19,GPIC,0.0
2019-04-20,MNA,0.6124
2019-04-20,QAI,0.6124
2019-04-21,ACT,0.0
2019-04-21,AKAO,0.0
2019-04-22,ACNB,0.0
2019-04-22,ALQA,0.2851666666666667
2019-04-22,ASRV,0.0
2019-04-22,BMS,0.37010000000000004
2019-04-22,CCIH,0.7351
2019-04-22,CPSS,0.0
2019-04-22,FBSS,0.0
2019-04-22,FSNN,-0.13144
2019-04-22,INDL,0.802
2019-04-22,KEYW,0.296
2019-04-22,KONA,-0.1326
2019-04-22,PEBK,0.0
2019-04-22,PMBC,-0.2263
2019-04-22,SMBC,0.0
2019-04-22,TCFC,0.0
2019-04-22,UBOH,0.4215
2019-04-23,ALQA,0.0
2019-04-23,AUBN,0.0
2019-04-23,BABY,0.2534
2019-04-23,BMS,0.3612
2019-04-23,CHFC,-0.2263
2019-04-23,CHKE,0.0
2019-04-23,EMES,0.22095000000000004
2019-04-23,ESBK,0.0
2019-04-23,FORD,0.7184
2019-04-23,FSNN,0.0
2019-04-23,HBMD,0.0
2019-04-23,IEMG,0.0
2019-04-23,KEYW,0.06743333333333333
2019-04-23,NAO,0.0
2019-04-23,OMED,0.148
2019-04-23,SGB,0.0
2019-04-23,THFF,0.0
2019-04-23,VWO,0.0
2019-04-24,AKAO,0.0
2019-04-24,BWFG,0.0
2019-04-24,CBNK,0.0
2019-04-24,CUBI,-0.2263
2019-04-24,EMES,0.0
2019-04-24,ENFC,0.03651666666666667
2019-04-24,FCAP,0.0
2019-04-24,GLBZ,0.0
2019-04-24,INBK,0.0
2019-04-24,LCNB,0.0
2019-04-24,LEMB,0.0
2019-04-24,MXC,0.0
2019-04-24,NAO,0.148
2019-04-24,OPOF,0.0
2019-04-24,ORRF,-0.2263
2019-04-24,SIFI,0.0
2019-04-24,UBSH,-0.3612
2019-04-24,VGZ,0.0
2019-04-24,WINA,0.0
2019-04-25,AKAO,0.0
2019-04-25,ALQA,0.0
2019-04-25,BABY,0.0
2019-04-25,BFR,0.0
2019-04-25,CBNK,0.0
2019-04-25,DVD,0.0
2019-04-25,ENFC,-0.11315
2019-04-25,HFBL,0.0
2019-04-25,MBTF,0.0
2019-04-25,MCBC,0.0
2019-04-25,NAO,0.0
2019-04-25,NCI,0.0
2019-04-25,PSI,-0.6908
2019-04-25,SPHB,0.0
2019-04-25,STRT,0.34
2019-04-25,UTMD,0.0
2019-04-26,AMID,0.0
2019-04-26,AXR,0.0
2019-04-26,BABY,0.296
2019-04-26,EPE,0.0
2019-04-26,IROQ,0.0
2019-04-26,KOL,0.0
2019-04-26,MTEX,0.8519
2019-04-26,PBHC,0.0
2019-04-26,SAL,0.0
2019-04-26,SDR,0.0
2019-04-26,SSBI,0.0
2019-04-26,TECL,0.0
2019-04-26,TECS,0.0
2019-04-26,TMP,0.0
2019-04-27,HMNY,0.0
2019-04-28,BND,-0.7269
2019-04-28,BNDX,-0.7269
2019-04-28,VEA,-0.7269
2019-04-28,VEU,-0.7269
2019-04-28,VO,-0.7269
2019-04-28,VSS,-0.7269
2019-04-28,VTI,-0.7269
2019-04-28,VTV,-0.7269
2019-04-28,VUG,-0.7269
2019-04-28,VWO,-0.7269
2019-04-28,VWOB,-0.7269
2019-04-28,VXF,-0.7269
2019-04-28,VXUS,-0.7269
2019-04-28,VYM,-0.7269
2019-04-29,ALX,0.0
2019-04-29,CFFN,0.0
2019-04-29,GBLI,0.6705
2019-04-29,GREK,0.4404
2019-04-29,GXC,0.0
2019-04-29,HBP,-0.1531
2019-04-29,NAO,0.0
2019-04-29,PETX,0.0
2019-04-30,ACNB,0.0
2019-04-30,APAM,0.3612
2019-04-30,CUBA,0.4019
2019-04-30,GLT,-0.1531
2019-04-30,HWBK,0.0
2019-04-30,MSBF,0.0
2019-04-30,NICK,0.3818
2019-04-30,PETX,0.29205
2019-04-30,RVSB,0.0
2019-04-30,SEB,0.0
2019-04-30,SIM,0.0
2019-04-30,SLCT,0.0
2019-04-30,SSBI,0.0
2019-04-30,SYX,-0.1531
2019-04-30,TAN,0.3612
2019-04-30,TRX,0.296
2019-04-30,TSBK,0.0
2019-04-30,TTS,-0.3612
2019-05-01,AMOT,0.0
2019-05-01,DBO,0.1531
2019-05-01,DHIL,0.34
2019-05-01,DWSN,0.0
2019-05-01,GHC,-0.2263
2019-05-01,HFBC,0.0
2019-05-01,MFNC,-0.2263
2019-05-01,MLVF,-0.2263
2019-05-01,SFS,0.1366
2019-05-01,SGU,0.0
2019-05-01,TTS,0.0
2019-05-01,ULTI,0.5267
2019-05-01,VIRC,-0.3612
2019-05-02,AWX,0.0
2019-05-02,CTT,0.2023
2019-05-02,CURE,0.4939
2019-05-02,DYSL,0.26189999999999997
2019-05-02,GEOS,0.0
2019-05-02,GSIT,0.0
2019-05-02,IDSY,0.0
2019-05-02,ISDR,0.0
2019-05-02,PFBI,0.0
2019-05-02,SAMG,0.2263
2019-05-02,WTW,-0.1531
2019-05-03,ALQA,0.148
2019-05-03,EFII,0.0
2019-05-03,EMB,0.0
2019-05-03,KFFB,0.0
2019-05-03,NANO,0.0
2019-05-03,OFS,0.0
2019-05-03,PICO,0.0
2019-05-03,TRX,0.0
2019-05-03,UBSH,0.0
2019-05-03,VDC,0.2732
2019-05-03,VIS,0.2732
2019-05-03,WFT,0.4033
2019-05-06,ABDC,0.0
2019-05-06,ALQA,0.0
2019-05-06,ASHR,0.0
2019-05-06,BTX,-0.4215
2019-05-06,CAF,-0.5994
2019-05-06,CHSP,0.18883999999999998
2019-05-06,DNN,-0.5719
2019-05-06,FRPH,0.0
2019-05-06,IHE,0.4853
2019-05-06,IMI,0.296
2019-05-06,MNTX,0.0
2019-05-06,MPO,0.0654
2019-05-06,MTEX,0.0
2019-05-06,OFS,0.0
2019-05-06,RTEC,0.0
2019-05-06,TIPT,0.0
2019-05-06,VDC,0.2732
2019-05-06,VIG,0.0
2019-05-06,VIS,0.2732
2019-05-06,XPH,0.4853
2019-05-07,BRG,-0.2263
2019-05-07,CHSP,0.0
2019-05-07,CIX,0.0
2019-05-07,CMFN,0.2997
2019-05-07,HCLP,-0.3612
2019-05-07,HNNA,-0.3612
2019-05-07,HPT,0.5106
2019-05-07,IHC,0.0
2019-05-07,KEYW,-0.3612
2019-05-07,MDCA,-0.07655
2019-05-07,MMI,-0.3612
2019-05-07,MPO,0.0
2019-05-07,MRCC,0.0
2019-05-07,NYNY,0.0
2019-05-07,ORAN,0.34
2019-05-07,PLM,0.0
2019-05-07,UIHC,0.4215
2019-05-07,VDC,0.2732
2019-05-07,VIIX,0.0
2019-05-07,VIS,0.2732
2019-05-07,VXX,0.0
2019-05-08,AAMC,0.3612
2019-05-08,AE,0.2732
2019-05-08,AKG,0.0
2019-05-08,ARKK,0.4019
2019-05-08,ARTNA,-0.1531
2019-05-08,ATRI,0.0
2019-05-08,CHSP,0.54415
2019-05-08,CSPI,0.0
2019-05-08,CTWS,0.0
2019-05-08,CVR,0.0
2019-05-08,DNN,-0.233
2019-05-08,EMLP,0.4019
2019-05-08,EPE,0.2732
2019-05-08,HCLP,0.0
2019-05-08,HHS,-0.11315
2019-05-08,MDCA,0.0
2019-05-08,MLR,0.0
2019-05-08,NES,0.0
2019-05-08,PETX,-0.2263
2019-05-08,TAT,0.0
2019-05-08,TLF,0.0
2019-05-08,UIHC,0.5106
2019-05-08,VDC,0.2732
2019-05-08,VIIX,0.0
2019-05-08,VIS,0.2732
2019-05-08,WFT,-0.124875
2019-05-09,AETI,0.6705
2019-05-09,ARTNA,-0.1027
2019-05-09,AWX,0.0
2019-05-09,BTX,-0.07655
2019-05-09,BYFC,0.0
2019-05-09,CTWS,0.0
2019-05-09,EMCI,-0.03571428571428571
2019-05-09,HCLP,0.0
2019-05-09,INOD,0.0
2019-05-09,MAMS,0.0
2019-05-09,MDCA,0.0
2019-05-09,MRIN,0.0
2019-05-09,NHC,0.0
2019-05-09,OZM,0.0
2019-05-09,TPRE,0.1618
2019-05-09,UG,0.0
2019-05-09,VDC,0.2732
2019-05-09,VIS,0.2732
2019-05-09,WFT,0.0
2019-05-10,AETI,0.2023
2019-05-10,AMID,-0.3612
2019-05-10,BTX,0.8442
2019-05-10,CNTF,-0.0772
2019-05-10,CTRL,0.018575
2019-05-10,EMCI,0.0
2019-05-10,FRPH,0.6124
2019-05-10,HCLP,0.0258
2019-05-10,HPT,-0.07655
2019-05-10,ICLN,0.0
2019-05-10,INOD,0.0
2019-05-10,KEYW,0.10115
2019-05-10,KOL,0.0
2019-05-10,MMAC,0.34
2019-05-10,MPO,0.0
2019-05-10,MRIN,0.0
2019-05-10,PDEX,0.0
2019-05-10,SGA,0.0
2019-05-10,STRS,0.6124
2019-05-10,TVPT,-0.1531
2019-05-10,UTSI,0.296
2019-05-10,VIIX,0.0
2019-05-10,VNM,0.0
2019-05-10,WFT,0.0
2019-05-13,AAME,0.0
2019-05-13,AMBR,0.09866666666666667
2019-05-13,ARKR,0.0
2019-05-13,CTRL,0.0
2019-05-13,EVI,0.0
2019-05-13,FONR,0.0
2019-05-13,INOD,0.0
2019-05-13,KIQ,0.296
2019-05-13,MXWL,0.296
2019-05-13,PDEX,0.0
2019-05-13,RNN,0.0
2019-05-13,WFT,0.0
2019-05-13,WHLM,0.0
2019-05-13,YANG,0.0
2019-05-13,YINN,0.0
2019-05-14,AE,0.1366
2019-05-14,AMBR,0.06743333333333333
2019-05-14,ASCMA,0.2627
2019-05-14,BAL,-0.7506
2019-05-14,BTN,0.5106
2019-05-14,CTRL,0.0
2019-05-14,DYSL,0.0
2019-05-14,EQS,0.5994
2019-05-14,ESP,0.0
2019-05-14,GARS,0.296
2019-05-14,IMI,0.0
2019-05-14,NLST,-0.3612
2019-05-14,OHAI,0.0
2019-05-14,OXBR,-0.2263
2019-05-14,PIH,0.0
2019-05-14,RBCN,0.0
2019-05-14,SFS,0.836
2019-05-14,SMI,0.6908
2019-05-14,SSY,0.0
2019-05-14,TCS,0.148
2019-05-14,TGC,0.0
2019-05-14,TRT,0.0
2019-05-14,VDC,0.0258
2019-05-14,WMC,0.5719
2019-05-14,WVVI,0.0
2019-05-14,YANG,0.4019
2019-05-14,YINN,0.4019
2019-05-15,AETI,0.0
2019-05-15,BPL,0.06743333333333333
2019-05-15,CHII,0.0
2019-05-15,DISCB,0.16990000000000002
2019-05-15,FCA,0.0
2019-05-15,FORD,0.0
2019-05-15,GMO,0.7964
2019-05-15,KEYW,0.7964
2019-05-15,MVC,0.5106
2019-05-15,NRT,0.0
2019-05-15,PNTR,0.12673333333333334
2019-05-15,QRHC,0.0
2019-05-15,SGRP,0.0
2019-05-15,SIEB,0.0
2019-05-15,SLX,0.1531
2019-05-15,TCI,-0.148
2019-05-15,UNAM,0.0
2019-05-15,WIN,0.296
2019-05-15,WMC,0.1531
2019-05-15,XPL,0.0
2019-05-16,EEI,0.4019
2019-05-16,HRS,0.5719
2019-05-16,IPO,0.0
2019-05-16,KBWP,0.0
2019-05-16,LLL,-0.3612
2019-05-16,LPT,0.8225
2019-05-16,NXTD,-0.0516
2019-05-16,PNTR,0.5719
2019-05-16,SOXL,0.0
2019-05-16,TRC,-0.4019
2019-05-16,TTT,0.0
2019-05-17,ARCW,0.0
2019-05-17,CCIH,-0.10444
2019-05-17,CRAY,0.12785000000000002
2019-05-17,CTRL,0.0
2019-05-17,CVRR,0.0
2019-05-17,HYD,0.0
2019-05-17,ITM,0.0
2019-05-17,MVC,0.0
2019-05-17,NSEC,0.7003
2019-05-17,OCC,0.414
2019-05-17,QRHC,0.0
2019-05-17,SFE,0.3818
2019-05-17,SLX,0.0
2019-05-17,VDC,0.2732
2019-05-17,VIS,0.2732
2019-05-17,VIXY,-0.5994
2019-05-17,XSOE,0.6908
2019-05-18,SCHC,0.0
2019-05-20,ARCW,0.0
2019-05-20,CNTF,-0.8271
2019-05-20,CRAY,0.0
2019-05-20,CUO,0.0
2019-05-20,DFRG,0.27423333333333333
2019-05-20,EVLV,0.0
2019-05-20,HQH,0.0
2019-05-20,HRS,0.2023
2019-05-20,INBK,-0.296
2019-05-20,IPDN,0.0
2019-05-20,ISRL,0.0
2019-05-20,LLL,0.2023
2019-05-20,SLX,0.56015
2019-05-20,SMI,0.0
2019-05-20,TLK,0.6597
2019-05-20,VDC,0.2732
2019-05-20,VIS,0.2732
2019-05-21,CIZN,0.0
2019-05-21,DFRG,0.2023
2019-05-21,ENZL,0.2732
2019-05-21,INDL,0.5859
2019-05-21,ISRL,-0.3612
2019-05-21,OCC,0.743
2019-05-21,PED,0.3729
2019-05-21,SMI,0.3715
2019-05-21,TVPT,0.296
2019-05-21,VDC,0.2732
2019-05-21,VIS,0.2732
2019-05-22,ASCMA,0.14142500000000002
2019-05-22,CFFI,0.4767
2019-05-22,CGI,0.0
2019-05-22,FCAP,0.0
2019-05-22,HCLP,0.0
2019-05-22,KWEB,0.4939
2019-05-22,NWBO,-0.8083
2019-05-22,PNTR,0.0
2019-05-22,REMX,0.0
2019-05-22,SLX,0.4588
2019-05-22,SMI,0.743
2019-05-22,TCI,0.5719
2019-05-22,WHLR,0.0
2019-05-23,AAME,-0.3182
2019-05-23,ASCMA,0.0
2019-05-23,CCIH,-0.3182
2019-05-23,CIA,-0.3182
2019-05-23,DGSE,0.1562
2019-05-23,EMES,0.5719
2019-05-23,HWKN,0.0
2019-05-23,INDL,0.0
2019-05-23,PNTR,-0.1806
2019-05-23,SHLD,0.0
2019-05-23,SLX,-0.0258
2019-05-23,SMI,-0.3182
2019-05-23,TMK,-0.3182
2019-05-24,CRAY,0.10115
2019-05-24,DGSE,0.07136666666666668
2019-05-24,EMES,0.05883333333333334
2019-05-24,LIT,0.2263
2019-05-24,MDXG,0.0
2019-05-24,PNBK,0.0
2019-05-24,SOXL,-0.5994
2019-05-24,SOXS,-0.5994
2019-05-24,TAIT,0.0
2019-05-24,TWX,0.0
2019-05-26,OIH,-0.5423
2019-05-28,DGSE,0.0
2019-05-28,HCLP,0.0
2019-05-28,LEJU,-0.05103333333333334
2019-05-28,SMI,0.0
2019-05-28,TAIT,0.0
2019-05-28,UNTY,0.4588
2019-05-29,DSI,0.0516
2019-05-29,EVLV,0.0
2019-05-29,FONE,0.0
2019-05-29,MFRM,0.4404
2019-05-29,NICK,0.0
2019-05-29,OIH,0.0
2019-05-29,REMX,-0.43376666666666663
2019-05-29,SMI,0.0
2019-05-30,AAMC,0.0
2019-05-30,DRIV,0.0
2019-05-30,GIGA,0.0
2019-05-30,KF,0.7184
2019-05-30,NAO,0.0
2019-05-30,REMX,-0.128
2019-05-30,USDU,0.2263
2019-05-31,ANV,0.296
2019-05-31,CORN,-0.2263
2019-05-31,DNN,0.0
2019-05-31,EMES,-0.0516
2019-05-31,EPHE,0.0
2019-05-31,FV,0.0
2019-05-31,FXH,0.0
2019-05-31,GMO,0.0
2019-05-31,HCLP,0.0
2019-05-31,HK,-0.35015
2019-05-31,MTUM,0.0
2019-05-31,REMX,0.0
2019-05-31,WSTL,0.0
2019-06-03,AINC,0.0
2019-06-03,CUBI,0.4215
2019-06-03,CUO,0.0
2019-06-03,DGSE,0.0
2019-06-03,HK,0.0
2019-06-03,HPT,0.47620000000000007
2019-06-03,JNUG,0.0
2019-06-03,KOL,0.6486
2019-06-03,KWEB,0.0
2019-06-03,PETM,0.6808
2019-06-03,PHI,0.4939
2019-06-03,RNN,0.0
2019-06-03,STRA,0.0
2019-06-03,VICL,0.0
2019-06-03,VIS,0.296
2019-06-03,WRN,0.0
2019-06-04,BMS,0.0
2019-06-04,BT,0.296
2019-06-04,CYTR,0.15599999999999997
2019-06-04,DGRO,0.0
2019-06-04,DGSE,0.1779
2019-06-04,EELV,0.0
2019-06-04,EWH,0.0
2019-06-04,HK,0.1531
2019-06-04,IAU,0.0
2019-06-04,LLL,0.4215
2019-06-04,NAO,0.7845
2019-06-04,PCY,0.0
2019-06-04,PZG,0.0
2019-06-04,RNN,0.0
2019-06-04,TI,0.5106
2019-06-04,VICL,0.0
2019-06-05,BMS,-0.8074
2019-06-05,CORN,0.0
2019-06-05,COW,0.6808
2019-06-05,DNBF,0.0
2019-06-05,GDXJ,0.0
2019-06-05,GTXI,0.0
2019-06-05,HK,-0.5719
2019-06-05,LLL,-0.6808
2019-06-05,MICT,0.28459999999999996
2019-06-05,SMI,-0.1531
2019-06-05,SQQQ,0.0
2019-06-05,VISI,0.0
2019-06-06,CCIH,-0.3952
2019-06-06,DXYN,-0.2023
2019-06-06,HRS,0.2023
2019-06-06,NAO,-0.1806
2019-06-06,TLF,0.0
2019-06-07,BORN,-0.0207
2019-06-07,BT,-0.2732
2019-06-07,CURE,0.0
2019-06-07,FTD,0.27758333333333335
2019-06-07,HURC,0.0
2019-06-07,ITB,0.2732
2019-06-07,SSFN,0.18497142857142856
2019-06-07,TWX,0.0
2019-06-07,UBA,0.0
2019-06-07,VNM,0.296
2019-06-07,VNQ,0.0
2019-06-10,BBGI,0.4939
2019-06-10,CHKE,0.0
2019-06-10,DATA,0.47796666666666665
2019-06-10,FGP,-0.05103333333333334
2019-06-10,FTD,0.0
2019-06-10,GMO,0.7184
2019-06-10,HK,0.0
2019-06-10,HSON,0.4767
2019-06-10,IWB,0.6124
2019-06-10,IWD,0.6124
2019-06-10,MVC,0.0
2019-06-10,PNRG,0.296
2019-06-10,SSFN,0.0
2019-06-10,WAGE,0.0
2019-06-11,AET,-0.3818
2019-06-11,BKS,0.4588
2019-06-11,BPL,0.2023
2019-06-11,DATA,0.06743333333333333
2019-06-11,DSWL,0.0
2019-06-11,FTD,0.0
2019-06-11,HRS,0.24240000000000003
2019-06-11,INSY,0.21334999999999998
2019-06-11,LLL,0.24240000000000003
2019-06-11,MDSO,0.2936
2019-06-11,MMI,0.2023
2019-06-11,OCC,0.0
2019-06-11,PETX,0.42449999999999993
2019-06-11,SFLY,0.10115
2019-06-12,BFR,0.0
2019-06-12,DATA,0.0
2019-06-12,HRS,0.5719
2019-06-12,IEF,0.0
2019-06-12,INSY,0.3751
2019-06-12,IROQ,0.296
2019-06-12,KEYW,0.51555
2019-06-12,MDSO,0.13342500000000002
2019-06-12,PETX,0.0
2019-06-12,RFIL,0.0
2019-06-12,TAIT,0.0
2019-06-12,TST,0.15094999999999997
2019-06-13,AMBR,0.2023
2019-06-13,BFR,0.0
2019-06-13,BKS,0.9666
2019-06-13,BRSS,-0.5118
2019-06-13,CPL,0.0
2019-06-13,CTRL,0.2023
2019-06-13,DUST,0.0
2019-06-13,HRS,0.2944
2019-06-13,INSY,0.10115
2019-06-13,KWEB,0.0
2019-06-13,MNP,0.2023
2019-06-13,MPO,0.0
2019-06-13,PER,0.2023
2019-06-13,SENEB,0.0
2019-06-13,SLCT,0.4767
2019-06-13,TAIT,0.0
2019-06-13,TST,0.0
2019-06-13,UDN,0.0
2019-06-14,AMBR,0.10115
2019-06-14,BKS,0.4588
2019-06-14,BTX,0.0
2019-06-14,CNTF,-0.0772
2019-06-14,CPL,0.0
2019-06-14,CTRL,0.2023
2019-06-14,FCA,0.1779
2019-06-14,HACK,0.0
2019-06-14,HUSA,0.4939
2019-06-14,IIM,0.2023
2019-06-14,ITB,0.743
2019-06-14,MDSO,0.1901
2019-06-14,MDXG,-0.34
2019-06-14,NATH,0.0
2019-06-14,PER,0.2023
2019-06-14,SOXL,0.0
2019-06-14,SOXS,0.0
2019-06-14,SPKE,0.15653333333333333
2019-06-14,SSFN,0.2023
2019-06-14,TAIT,0.0
2019-06-14,TI,0.0
2019-06-14,VIRC,0.0
2019-06-17,AETI,0.2732
2019-06-17,BID,-0.05135
2019-06-17,BPL,0.2023
2019-06-17,CUO,0.0
2019-06-17,DNN,0.4019
2019-06-17,EEI,0.0
2019-06-17,PRK,0.10115
2019-06-17,ROX,0.5859
2019-06-17,SFLY,0.0
2019-06-17,UTG,0.0
2019-06-17,VYM,0.5106
2019-06-18,AIRT,0.0
2019-06-18,AKG,0.0
2019-06-18,BID,0.0
2019-06-18,BKS,0.4588
2019-06-18,BPL,0.2023
2019-06-18,CHKE,-0.0903
2019-06-18,HYEM,0.3818
2019-06-18,INSY,0.4939
2019-06-18,KZ,0.0
2019-06-18,LTXB,0.03715
2019-06-18,MXI,0.6908
2019-06-18,NVEC,0.6523
2019-06-18,TAIT,0.0
2019-06-18,TAN,0.0
2019-06-19,AMPH,0.0
2019-06-19,BKS,0.042666666666666665
2019-06-19,CHKE,0.0
2019-06-19,ENFR,0.6124
2019-06-19,JVA,-0.3612
2019-06-19,KZ,0.7003
2019-06-19,LGCY,0.39263333333333333
2019-06-19,LTXB,0.10115
2019-06-19,NANO,0.0
2019-06-19,OMEX,0.5719
2019-06-19,TI,-0.34
2019-06-20,CHKE,0.0
2019-06-20,DUST,0.0
2019-06-20,EMB,0.0
2019-06-20,HRS,0.5682
2019-06-20,IYR,0.0
2019-06-20,LGCY,0.0
2019-06-20,LLL,0.5682
2019-06-20,TIP,0.0
2019-06-20,ULBI,0.0
2019-06-21,BID,0.0
2019-06-21,BKS,0.33055
2019-06-21,DATA,0.0
2019-06-21,DGRO,0.7506
2019-06-21,HRS,0.25
2019-06-21,LGCY,0.12246000000000001
2019-06-21,LLL,0.25
2019-06-21,MLPX,0.5994
2019-06-21,RHT,-0.018739999999999996
2019-06-21,TOO,0.4215
2019-06-24,DFRG,0.17556666666666665
2019-06-24,FRD,0.0
2019-06-24,IAK,0.5574
2019-06-24,KIE,0.5574
2019-06-24,LGCY,0.0
2019-06-24,LITB,-0.1531
2019-06-24,NANO,0.09866666666666667
2019-06-24,NYNY,0.5994
2019-06-24,PCMI,0.09229999999999998
2019-06-24,RTEC,0.148
2019-06-24,VGZ,0.0
2019-06-25,AETI,0.0
2019-06-25,CPL,-0.5859
2019-06-25,EBF,0.0
2019-06-25,FPX,0.7845
2019-06-25,HF,0.296
2019-06-25,IPO,0.7845
2019-06-25,NANO,0.0
2019-06-25,ORRF,0.0
2019-06-25,PCMI,0.0
2019-06-25,PTN,0.06743333333333333
2019-06-25,RTEC,0.0
2019-06-26,CMFN,-0.296
2019-06-26,CORN,-0.5994
2019-06-26,ENFR,0.128
2019-06-26,ESV,0.296
2019-06-26,EVLV,0.7783
2019-06-26,EXT,0.0
2019-06-26,HIVE,0.296
2019-06-26,ROBO,0.7351
2019-06-26,SFLY,-0.25
2019-06-26,SLX,0.0258
2019-06-26,TOO,0.36819999999999997
2019-06-27,BT,0.0
2019-06-27,ESV,0.0
2019-06-27,EVTC,-0.296
2019-06-27,HBMD,0.0
2019-06-27,HIVE,0.050575
2019-06-27,ORAN,0.0
2019-06-27,PCMI,-0.128
2019-06-27,PFBX,0.4019
2019-06-27,TAN,0.4588
2019-06-27,VOO,0.0
2019-06-27,VTI,0.0
2019-06-27,WAGE,0.0
2019-06-27,YANG,0.0
2019-06-27,YINN,0.0
2019-06-28,AGG,0.0
2019-06-28,DUST,0.0
2019-06-28,EVTC,0.62885
2019-06-28,HYGS,0.28963333333333335
2019-06-28,IAU,0.0
2019-06-28,JDST,0.0
2019-07-01,ABX,0.0
2019-07-01,ASCMA,0.0
2019-07-01,CUBI,0.296
2019-07-01,CYAN,-0.2997
2019-07-01,CYTX,0.148
2019-07-01,DON,0.34
2019-07-01,EMMS,0.07504
2019-07-01,ESV,0.4215
2019-07-01,HF,0.4215
2019-07-01,HK,0.4215
2019-07-01,HPJ,0.0
2019-07-01,IPO,0.0
2019-07-01,LLL,0.4939
2019-07-01,NBN,0.0
2019-07-01,WYY,0.4019
2019-07-02,ACNB,0.0
2019-07-02,AIF,-0.296
2019-07-02,AMBR,0.296
2019-07-02,ARCW,0.0
2019-07-02,BTX,0.4025
2019-07-02,CYTX,0.0
2019-07-02,DATA,0.0
2019-07-02,EMMS,0.0
2019-07-02,ETX,0.0
2019-07-02,NBN,0.0
2019-07-02,TAO,0.0
2019-07-03,ACUR,-0.7096
2019-07-03,CADC,0.0
2019-07-03,DOL,0.0
2019-07-03,DOO,0.25
2019-07-03,DRIV,0.34
2019-07-03,HDV,0.4939
2019-07-03,ISCA,-0.04288571428571429
2019-07-03,OIH,0.5994
2019-07-03,PHO,0.34
2019-07-03,RVSB,0.0
2019-07-03,TAN,0.34
2019-07-05,CADC,0.0
2019-07-05,CYTX,-0.38585
2019-07-05,GRAM,0.0
2019-07-08,BHB,0.0
2019-07-08,CADC,0.0
2019-07-08,CNTF,0.0
2019-07-08,DHF,-0.128
2019-07-08,IEMG,0.5423
2019-07-08,IPO,0.0
2019-07-08,OHRP,0.0
2019-07-08,PCY,0.0
2019-07-08,PJC,0.0
2019-07-08,VIG,0.0
2019-07-08,WILC,0.4767
2019-07-09,AGM,0.0
2019-07-09,CADC,0.0
2019-07-09,CCF,0.0
2019-07-09,CCIH,0.0
2019-07-09,CNBKA,0.0
2019-07-09,ELD,0.0
2019-07-09,ESV,-0.8519
2019-07-09,GWGH,0.0
2019-07-09,HK,-0.34
2019-07-09,OZM,0.0
2019-07-09,PFBI,0.4939
2019-07-09,PJC,0.0
2019-07-09,RHT,0.19733333333333333
2019-07-09,RUSL,0.7506
2019-07-09,RUSS,0.7506
2019-07-09,SIEB,0.0
2019-07-09,SOXS,0.0
2019-07-09,TECS,0.0
2019-07-09,UEC,0.6597
2019-07-10,CHIQ,0.0
2019-07-10,CHIX,0.1027
2019-07-10,CPL,0.0772
2019-07-10,DHIL,0.7351
2019-07-10,ESV,-0.3612
2019-07-10,HYGS,0.3182
2019-07-10,OHRP,0.47867499999999996
2019-07-10,RHT,-0.2732
2019-07-10,WYY,0.4019
2019-07-11,BTX,0.0
2019-07-11,CHFC,0.8957
2019-07-11,EBF,-0.03484999999999999
2019-07-11,EMMS,0.0
2019-07-11,HACK,0.0
2019-07-11,JVA,0.0
2019-07-11,OHRP,-0.148
2019-07-11,PALL,0.5719
2019-07-11,RHT,0.0
2019-07-11,TCS,0.0
2019-07-12,ARRY,0.10115
2019-07-12,DNN,0.1027
2019-07-12,GSVC,0.0
2019-07-12,HIFS,0.0
2019-07-12,INOD,0.0
2019-07-12,OHRP,0.0
2019-07-12,RMCF,0.0
2019-07-12,TOWR,0.115425
2019-07-12,VXX,0.4215
2019-07-15,AMID,0.0
2019-07-15,BKS,0.9246
2019-07-15,CHSCP,0.0
2019-07-15,ESV,-0.7595
2019-07-15,HMNY,-0.3818
2019-07-15,IJH,-0.5267
2019-07-15,ISCA,0.25
2019-07-15,JCTCF,0.0
2019-07-15,OHRP,0.0
2019-07-15,STRS,-0.3612
2019-07-15,TOWR,0.0
2019-07-15,TRK,0.25
2019-07-15,UBNK,0.6808
2019-07-15,URG,0.1366
2019-07-15,UUU,0.2991333333333333
2019-07-15,WAGE,0.10115
2019-07-16,AETI,0.0
2019-07-16,ASRV,0.0
2019-07-16,AUBN,0.0
2019-07-16,CART,0.0
2019-07-16,CYTX,0.0
2019-07-16,EVLV,0.0
2019-07-16,FXA,-0.34
2019-07-16,GREK,0.0
2019-07-16,HRTG,-0.128
2019-07-16,HYXU,-0.3612
2019-07-16,OHRP,0.0
2019-07-16,OIH,0.2732
2019-07-16,PETX,0.5994
2019-07-16,TGEN,0.0
2019-07-16,UBNK,0.6908
2019-07-16,UNTY,0.296
2019-07-16,UUU,0.1858
2019-07-16,XOP,0.2732
2019-07-17,AETI,0.2023
2019-07-17,ARRY,0.2023
2019-07-17,ESBK,0.0
2019-07-17,FAS,-0.2732
2019-07-17,FAZ,-0.2732
2019-07-17,FNLC,0.0
2019-07-17,GCBC,0.0
2019-07-17,GWGH,0.0
2019-07-17,IDSY,0.10115
2019-07-17,IMI,0.4215
2019-07-17,OVLY,0.0
2019-07-17,PKE,0.0
2019-07-17,PLBC,0.0
2019-07-17,SIEB,-0.296
2019-07-17,UBFO,0.6369
2019-07-17,UNB,0.0
2019-07-17,UUU,0.0
2019-07-18,AETI,0.61875
2019-07-18,AMRB,-0.11315
2019-07-18,ARRY,0.2023
2019-07-18,BHB,0.0
2019-07-18,CDZI,0.6597
2019-07-18,CVLY,0.0
2019-07-18,DIT,0.0
2019-07-18,EBTC,0.0
2019-07-18,FT,0.0
2019-07-18,GFED,0.0
2019-07-18,HRTG,-0.4019
2019-07-18,NL,0.0
2019-07-18,OFLX,0.0
2019-07-18,OPOF,0.0
2019-07-18,RDVY,0.0
2019-07-18,ROX,0.5719
2019-07-18,SCHP,0.0
2019-07-18,SCHZ,0.0
2019-07-18,SOXL,0.0
2019-07-18,SOXS,0.0
2019-07-18,SOXX,0.0
2019-07-18,UBNK,0.3119
2019-07-18,VNQ,0.6369
2019-07-18,WILC,-0.25
2019-07-19,ACU,0.148
2019-07-19,BCBP,0.0
2019-07-19,BLX,0.0
2019-07-19,BOTJ,0.0
2019-07-19,EMCF,0.0
2019-07-19,FBSS,0.0
2019-07-19,HACK,0.8658
2019-07-19,HY,0.0
2019-07-19,KRE,0.0
2019-07-19,NL,0.0
2019-07-19,PBIP,0.0
2019-07-19,SMBC,0.0
2019-07-19,TMP,-0.2263
2019-07-22,BSRR,0.0
2019-07-22,CHCO,0.0
2019-07-22,CYCCP,0.7297
2019-07-22,CYTR,0.0
2019-07-22,DUST,0.0
2019-07-22,FBMS,0.4939
2019-07-22,HK,-0.3291
2019-07-22,HYG,0.6369
2019-07-22,JNUG,0.0
2019-07-22,LCNB,-0.2263
2019-07-22,LOV,0.0
2019-07-22,LPT,0.8442
2019-07-22,NOBL,0.0
2019-07-22,OFG,0.0
2019-07-22,PEBK,0.0
2019-07-22,PKBK,0.0
2019-07-22,PMBC,0.0
2019-07-22,PRK,0.0
2019-07-22,PSK,0.0
2019-07-22,SCHA,0.6369
2019-07-22,SKIS,0.12457499999999999
2019-07-22,SOXL,0.0
2019-07-22,TECL,0.0
2019-07-22,VNQ,0.6369
2019-07-22,VOO,0.6369
2019-07-23,AINC,0.0
2019-07-23,ARC,0.0
2019-07-23,ARRY,0.2023
2019-07-23,BDGE,-0.2263
2019-07-23,BSMX,0.6705
2019-07-23,CCM,-0.296
2019-07-23,CDTI,0.0
2019-07-23,CFFI,0.0
2019-07-23,CIZN,0.0
2019-07-23,COWN,0.0
2019-07-23,CYTX,0.0
2019-07-23,DBO,-0.25
2019-07-23,DGS,0.4404
2019-07-23,DNBF,0.0
2019-07-23,EFII,0.0
2019-07-23,GCBC,0.0
2019-07-23,HEB,-0.4215
2019-07-23,HSON,0.0
2019-07-23,LRAD,-0.4215
2019-07-23,NBHC,0.0
2019-07-23,NNC,-0.4215
2019-07-23,NPV,-0.4215
2019-07-23,PFBI,0.0
2019-07-23,SGB,0.0
2019-07-23,SKIS,0.10115
2019-07-23,SSBI,0.0
2019-07-23,THFF,0.0
2019-07-23,TTS,-0.296
2019-07-23,UCFC,0.296
2019-07-23,USLM,-0.4215
2019-07-24,AETI,0.0
2019-07-24,AQXP,0.0
2019-07-24,CBNK,0.0
2019-07-24,CCM,0.0
2019-07-24,CHFC,0.0
2019-07-24,CPSS,0.0
2019-07-24,CUBI,0.0
2019-07-24,CVBF,0.0
2019-07-24,EFII,0.0
2019-07-24,ENFR,0.3612
2019-07-24,EZA,0.0
2019-07-24,FCAP,0.0
2019-07-24,GAM,0.296
2019-07-24,GCBC,0.0
2019-07-24,GTY,0.0
2019-07-24,HBMD,0.148
2019-07-24,INBK,0.0
2019-07-24,JMP,0.0
2019-07-24,LTXB,0.0
2019-07-24,NVEC,0.8074
2019-07-24,SPFF,0.6124
2019-07-24,TMK,0.0
2019-07-24,TRK,0.4242666666666666
2019-07-24,TTS,-0.128
2019-07-24,VISI,0.34
2019-07-25,BABY,0.0
2019-07-25,CHSP,0.5106
2019-07-25,CLFD,-0.07655
2019-07-25,COLB,0.0
2019-07-25,CUBI,0.0
2019-07-25,DVD,0.0
2019-07-25,ESSA,0.296
2019-07-25,ESV,-0.7783
2019-07-25,EZA,0.0
2019-07-25,GSIT,-0.2263
2019-07-25,HTBI,0.0
2019-07-25,ISTR,0.0
2019-07-25,IYE,0.2732
2019-07-25,MBTF,0.0
2019-07-25,MCBC,0.0
2019-07-25,NYNY,0.0
2019-07-25,OFG,0.4215
2019-07-25,OPOF,0.0
2019-07-25,PJC,0.0
2019-07-25,SBBX,0.0
2019-07-25,TOWN,0.0
2019-07-25,VOO,0.0258
2019-07-25,WEBK,0.0
2019-07-26,ARRY,0.0
2019-07-26,BABY,0.0258
2019-07-26,COWN,0.0
2019-07-26,CYTX,-0.2023
2019-07-26,FGP,0.0
2019-07-26,IGV,0.0
2019-07-26,INDL,0.4019
2019-07-26,LOAN,-0.2263
2019-07-26,NAN,0.0
2019-07-26,NMT,0.0
2019-07-26,NMY,0.0
2019-07-26,NNC,0.0
2019-07-26,NPV,0.0
2019-07-26,OMCL,0.148
2019-07-26,OPY,0.296
2019-07-26,ORIT,0.0
2019-07-26,PCMI,0.2023
2019-07-26,PER,0.2732
2019-07-26,PJC,0.0
2019-07-26,SAL,0.0
2019-07-26,SDLP,-0.2023
2019-07-26,SFBC,0.0
2019-07-26,SJT,-0.2023
2019-07-26,SMLR,0.0
2019-07-26,TAIT,0.0
2019-07-26,TSS,0.0
2019-07-26,TYPE,0.17205714285714288
2019-07-26,WTM,0.0
2019-07-29,ALX,0.0
2019-07-29,ARRY,-0.4215
2019-07-29,BFIN,0.0
2019-07-29,CVEO,0.0
2019-07-29,CYTX,0.0
2019-07-29,CZWI,0.0
2019-07-29,DGICA,0.0
2019-07-29,EARN,0.2023
2019-07-29,ECH,0.0
2019-07-29,ERIE,0.0
2019-07-29,ERX,0.128
2019-07-29,ERY,0.128
2019-07-29,EZA,0.0
2019-07-29,FM,0.0
2019-07-29,GHDX,0.0
2019-07-29,GMO,0.6249
2019-07-29,HBP,-0.1531
2019-07-29,IYE,0.2732
2019-07-29,LOV,0.2263
2019-07-29,NNC,-0.4215
2019-07-29,NRIM,-0.2263
2019-07-29,PBHC,0.0
2019-07-29,TBNK,0.2023
2019-07-29,TRK,-0.4215
2019-07-29,TYPE,0.0
2019-07-29,VEA,0.0
2019-07-29,VNM,0.0
2019-07-29,WAFD,-0.4215
2019-07-30,APAM,0.3612
2019-07-30,ARRY,0.29396666666666665
2019-07-30,BID,0.0
2019-07-30,BSMX,-0.296
2019-07-30,BWFG,0.0
2019-07-30,CART,0.5106
2019-07-30,CFFN,-0.2263
2019-07-30,EZA,0.0
2019-07-30,FIBK,-0.2263
2019-07-30,GHDX,0.018575
2019-07-30,GLBZ,0.0
2019-07-30,GLT,0.0
2019-07-30,HFBL,0.0
2019-07-30,HIVE,-0.1531
2019-07-30,HOS,-0.2023
2019-07-30,HY,-0.1531
2019-07-30,IEF,0.0
2019-07-30,ISTR,0.0
2019-07-30,IYE,0.2732
2019-07-30,LPT,0.7717
2019-07-30,MBB,0.0
2019-07-30,MDLY,0.0
2019-07-30,MPO,-0.2023
2019-07-30,NANO,0.0
2019-07-30,NBN,0.0
2019-07-30,NMY,-0.4215
2019-07-30,OHGI,-0.2023
2019-07-30,OMN,0.2023
2019-07-30,PCY,-0.128
2019-07-30,PEO,0.3818
2019-07-30,RTEC,-0.1531
2019-07-30,SDLP,-0.2023
2019-07-30,SYX,0.0
2019-07-30,TCS,0.148
2019-07-30,TRK,0.0
2019-07-30,UMBF,0.0
2019-07-30,UTMD,0.0
2019-07-30,VICL,0.0
2019-07-30,WAGE,0.0
2019-07-31,CTRL,0.4767
2019-07-31,DHIL,0.34
2019-07-31,EMCI,0.0
2019-07-31,ESV,-0.1806
2019-07-31,EVTC,0.148
2019-07-31,EWL,0.0
2019-07-31,EZA,0.0
2019-07-31,FCAP,0.0
2019-07-31,GHC,-0.148
2019-07-31,HIVE,0.2023
2019-07-31,HOS,-0.3612
2019-07-31,HWKN,0.0
2019-07-31,HY,0.296
2019-07-31,IYE,0.2732
2019-07-31,MLVF,0.0
2019-07-31,MSBF,0.0
2019-07-31,NMY,0.0
2019-07-31,NPV,0.0
2019-07-31,NTX,0.0
2019-07-31,OMN,0.2023
2019-07-31,ORIT,0.0
2019-07-31,PES,0.2732
2019-07-31,SBBX,0.0
2019-07-31,SEB,0.0
2019-07-31,SGU,0.0
2019-07-31,STRA,0.064
2019-07-31,SYX,0.296
2019-07-31,TAN,0.2732
2019-07-31,TRK,-0.3612
2019-07-31,TSS,0.0
2019-07-31,UIHC,0.4215
2019-07-31,UPL,0.0
2019-07-31,VGZ,0.0
2019-07-31,WAFD,0.0
2019-07-31,WTM,0.0
2019-08-01,AGM,0.0
2019-08-01,AKG,0.0
2019-08-01,ANAT,0.0
2019-08-01,APC,0.0
2019-08-01,BPL,-0.1806
2019-08-01,CDZI,0.006125000000000012
2019-08-01,CHSP,-0.1531
2019-08-01,DFRG,0.0
2019-08-01,DWSN,-0.3612
2019-08-01,EARN,-0.2263
2019-08-01,ESV,0.0
2019-08-01,EWL,0.0
2019-08-01,FSS,0.0
2019-08-01,GHDX,-0.6597
2019-08-01,GUT,-0.4215
2019-08-01,GWR,0.2023
2019-08-01,HEB,-0.6597
2019-08-01,HIVE,0.2023
2019-08-01,HOS,-0.5267
2019-08-01,IDSY,0.0
2019-08-01,INTT,0.0
2019-08-01,IYE,0.2732
2019-08-01,JPS,-0.4215
2019-08-01,NAK,0.0
2019-08-01,NANO,0.0
2019-08-01,NMY,-0.4215
2019-08-01,NPV,-0.4215
2019-08-01,NTX,-0.4215
2019-08-01,NXJ,-0.4215
2019-08-01,OMN,0.2023
2019-08-01,PES,0.2732
2019-08-01,SAMG,0.2263
2019-08-01,SYX,0.0
2019-08-01,TRC,0.0
2019-08-01,TRCO,-0.4215
2019-08-01,ULBI,0.0
2019-08-01,UPL,0.0
2019-08-02,AAV,0.25
2019-08-02,ABX,0.0
2019-08-02,ARC,0.0
2019-08-02,AWRE,-0.2023
2019-08-02,BFIN,-0.2023
2019-08-02,BT,-0.2023
2019-08-02,CBPX,-0.2023
2019-08-02,CDTI,-0.2023
2019-08-02,CENTA,-0.33055
2019-08-02,CRAY,-0.3612
2019-08-02,ESSA,-0.2023
2019-08-02,EWL,0.0
2019-08-02,HEB,0.20095
2019-08-02,HRTG,-0.296
2019-08-02,HWKN,-0.4215
2019-08-02,IKNX,0.0
2019-08-02,IPO,0.296
2019-08-02,IYE,0.2732
2019-08-02,MPO,-0.2023
2019-08-02,MTR,-0.2023
2019-08-02,NCI,-0.020916666666666667
2019-08-02,NNC,-0.4215
2019-08-02,NXJ,-0.4215
2019-08-02,OFS,0.0
2019-08-02,OIIM,-0.2263
2019-08-02,OMN,0.2023
2019-08-02,SDPI,0.4588
2019-08-02,SMLL,0.0
2019-08-02,TAYD,0.0
2019-08-02,TNA,0.0
2019-08-02,TSS,0.3612
2019-08-02,TZA,0.0
2019-08-02,ULBI,0.0
2019-08-02,UPL,0.2732
2019-08-05,AINC,-0.128
2019-08-05,ASA,0.0
2019-08-05,AWRE,-0.2023
2019-08-05,BBGI,0.0
2019-08-05,BFIN,-0.2023
2019-08-05,BKEPP,0.2732
2019-08-05,BT,-0.2023
2019-08-05,CCIH,0.0
2019-08-05,CDZI,0.0
2019-08-05,CENTA,-0.2023
2019-08-05,CHT,-0.2023
2019-08-05,CNY,-0.2732
2019-08-05,CRAY,0.0
2019-08-05,CRD.A,0.0
2019-08-05,CYAN,-0.2023
2019-08-05,DAIO,-0.2023
2019-08-05,DVCR,0.0
2019-08-05,DXYN,-0.1531
2019-08-05,ERUS,0.0258
2019-08-05,ESBK,-0.2023
2019-08-05,FRPH,0.0
2019-08-05,GMO,0.7269
2019-08-05,GNE,0.148
2019-08-05,IIM,0.0
2019-08-05,INS,0.4588
2019-08-05,ITIC,0.0
2019-08-05,MTR,-0.2023
2019-08-05,NCI,0.0
2019-08-05,NES,0.0
2019-08-05,NNC,0.0
2019-08-05,NPV,0.0
2019-08-05,NVEC,-0.2023
2019-08-05,NVG,0.0
2019-08-05,OFS,0.0
2019-08-05,OHGI,-0.2023
2019-08-05,PFIE,-0.2023
2019-08-05,SDLP,-0.2023
2019-08-05,TBNK,-0.2023
2019-08-05,TIPT,0.0
2019-08-05,TSS,-0.1806
2019-08-05,UIHC,0.3182
2019-08-05,VXX,-0.5994
2019-08-05,WHLR,0.0
2019-08-06,AGC,0.0
2019-08-06,AQXP,0.0
2019-08-06,BFIN,-0.5574
2019-08-06,BRG,0.0
2019-08-06,CIX,0.0
2019-08-06,DFRG,0.0
2019-08-06,EE,0.0
2019-08-06,EWL,0.0
2019-08-06,FPI,-0.1531
2019-08-06,GBL,0.296
2019-08-06,GHDX,0.7906
2019-08-06,GLRE,0.0
2019-08-06,GNE,0.0
2019-08-06,HCI,-0.2263
2019-08-06,HEB,0.25
2019-08-06,HOS,-0.4019
2019-08-06,IHC,0.0
2019-08-06,IYC,0.2732
2019-08-06,IYE,0.2732
2019-08-06,MMI,0.0
2019-08-06,MPO,0.0
2019-08-06,NKSH,-0.5574
2019-08-06,NYNY,0.6124
2019-08-06,PES,-0.5574
2019-08-06,PFIE,0.2732
2019-08-06,SGA,0.0
2019-08-06,SOXL,-0.5994
2019-08-06,SOXS,-0.5994
2019-08-06,SSTK,-0.296
2019-08-06,UFPT,-0.1531
2019-08-06,URE,0.0
2019-08-06,URG,0.0
2019-08-06,WTM,0.0
2019-08-07,AAMC,0.3612
2019-08-07,ABDC,0.0
2019-08-07,AE,0.3919
2019-08-07,AMPH,0.0
2019-08-07,ARC,-0.2023
2019-08-07,ARTNA,0.0
2019-08-07,ASA,0.0
2019-08-07,ATRI,0.0
2019-08-07,BFIN,-0.2023
2019-08-07,BKEP,0.2732
2019-08-07,BKJ,0.0
2019-08-07,BNDX,0.5098
2019-08-07,BWFG,-0.2023
2019-08-07,BYFC,0.0
2019-08-07,CBM,0.008620000000000006
2019-08-07,CRT,-0.2023
2019-08-07,CSPI,0.0
2019-08-07,DAIO,-0.2023
2019-08-07,DUST,0.0
2019-08-07,EBR.B,-0.1779
2019-08-07,ESBK,-0.2023
2019-08-07,EWL,0.0
2019-08-07,FONR,0.0
2019-08-07,GBLI,-0.10115
2019-08-07,GLRE,0.0
2019-08-07,GNE,0.0
2019-08-07,GWR,0.2023
2019-08-07,HNNA,-0.3612
2019-08-07,IBCP,-0.2023
2019-08-07,IEF,0.8173
2019-08-07,IIM,0.0
2019-08-07,INDL,-0.25
2019-08-07,IYE,0.2732
2019-08-07,IYR,0.0
2019-08-07,KB,-0.2023
2019-08-07,MBB,0.8173
2019-08-07,MDCA,-0.1531
2019-08-07,MLR,0.0
2019-08-07,MPO,0.0
2019-08-07,MTEX,0.0
2019-08-07,NKSH,-0.2023
2019-08-07,NL,-0.2263
2019-08-07,NNC,0.0
2019-08-07,NVG,0.0
2019-08-07,OMN,0.2023
2019-08-07,OTIV,-0.3941
2019-08-07,PES,0.2732
2019-08-07,PFIE,-0.1027
2019-08-07,PFLT,0.0
2019-08-07,PRTO,-0.2023
2019-08-07,SDLP,-0.2023
2019-08-07,SFLY,-0.05103333333333334
2019-08-07,SPXS,0.0
2019-08-07,TAT,-0.3182
2019-08-07,TCX,-0.2143
2019-08-07,TST,0.4019
2019-08-07,UBNK,-0.2023
2019-08-07,UPL,0.2732
2019-08-07,VICL,0.0
2019-08-08,ANGL,0.34
2019-08-08,APC,-0.23207500000000003
2019-08-08,BT,0.0
2019-08-08,BTX,-0.1531
2019-08-08,CBM,0.0
2019-08-08,CECO,0.0
2019-08-08,CMRX,0.0
2019-08-08,CPL,0.6597
2019-08-08,CVR,0.0
2019-08-08,EMCI,-0.2263
2019-08-08,ETX,0.0
2019-08-08,GEOS,0.0
2019-08-08,GWR,0.0
2019-08-08,HEB,-0.1027
2019-08-08,HHS,-0.1531
2019-08-08,HPT,0.0
2019-08-08,HWCC,0.0
2019-08-08,IMI,-0.1531
2019-08-08,INOD,0.0
2019-08-08,JDST,0.4215
2019-08-08,JNUG,0.4215
2019-08-08,KWEB,0.0
2019-08-08,LRAD,0.802
2019-08-08,MLP,0.0
2019-08-08,MLR,0.7003
2019-08-08,MRIN,0.0
2019-08-08,NHC,0.0
2019-08-08,NLST,-0.1531
2019-08-08,PCMI,-0.07655
2019-08-08,PES,0.2732
2019-08-08,PICO,0.0
2019-08-08,PRTO,0.0
2019-08-08,RGLS,0.296
2019-08-08,SFE,0.3818
2019-08-08,SPLP,0.0
2019-08-08,TLOG,0.0
2019-08-08,UPL,0.0
2019-08-08,WTM,0.0
2019-08-09,AQXP,-0.6249
2019-08-09,CBM,0.0
2019-08-09,CBS.A,0.0
2019-08-09,CECE,0.0
2019-08-09,CECO,0.10115
2019-08-09,CYTR,0.0
2019-08-09,DXYN,0.0
2019-08-09,EWL,0.0
2019-08-09,HIVE,0.296
2019-08-09,HPT,0.5106
2019-08-09,IHF,0.0
2019-08-09,IIM,0.2023
2019-08-09,IYE,0.2732
2019-08-09,MMAC,0.34
2019-08-09,MNTX,0.0
2019-08-09,MOO,-0.5994
2019-08-09,NATH,0.0
2019-08-09,NICK,0.34
2019-08-09,NNI,0.2023
2019-08-09,NTN,-0.1531
2019-08-09,NVG,0.2023
2019-08-09,NZF,0.2023
2019-08-09,OAK,0.2023
2019-08-09,OMEX,0.0
2019-08-09,STRS,0.0
2019-08-09,TNA,0.0
2019-08-09,TRCO,-0.03062
2019-08-09,TZA,0.0
2019-08-09,UG,0.0
2019-08-09,UPL,-0.1806
2019-08-09,WAIR,0.08778333333333332
2019-08-12,ARGT,-0.4019
2019-08-12,ARKR,0.0
2019-08-12,ARL,0.296
2019-08-12,BKEP,-0.6486
2019-08-12,BWFG,-0.2023
2019-08-12,CBM,0.10115
2019-08-12,CORN,0.0
2019-08-12,CPL,-0.4215
2019-08-12,CRESY,-0.3119
2019-08-12,DAIO,-0.2023
2019-08-12,EDN,0.296
2019-08-12,ELSE,0.0
2019-08-12,EPM,0.0
2019-08-12,EWL,0.0
2019-08-12,FRPH,-0.1027
2019-08-12,HYG,-0.3612
2019-08-12,HYGS,-0.3612
2019-08-12,IIM,0.0
2019-08-12,INDL,0.1531
2019-08-12,IRS,0.0
2019-08-12,ISIG,0.0
2019-08-12,IYE,0.2732
2019-08-12,KB,-0.2023
2019-08-12,LBTYB,0.7783
2019-08-12,LRAD,-0.3612
2019-08-12,NRK,0.0
2019-08-12,NVG,0.0
2019-08-12,NXJ,0.0
2019-08-12,NZF,0.0
2019-08-12,OAK,0.0
2019-08-12,OHAI,0.0
2019-08-12,OTIV,-0.2023
2019-08-12,PES,0.2732
2019-08-12,POPE,0.0
2019-08-12,PRPH,0.0
2019-08-12,SCM,0.0
2019-08-12,TCI,0.296
2019-08-12,UNB,-0.2023
2019-08-12,VICL,0.0
2019-08-12,VSI,0.2023
2019-08-12,WAIR,0.06743333333333333
2019-08-12,WSTL,-0.2023
2019-08-13,ABDC,0.0007499999999999915
2019-08-13,APC,0.3612
2019-08-13,ARTX,0.0
2019-08-13,CPHC,0.0
2019-08-13,CUO,0.0
2019-08-13,CYAN,0.0
2019-08-13,DYSL,0.0
2019-08-13,EDN,0.0
2019-08-13,EPI,0.128
2019-08-13,FAS,0.3182
2019-08-13,FAZ,0.3182
2019-08-13,GMO,0.0
2019-08-13,HACK,0.0
2019-08-13,HEB,0.0
2019-08-13,HPJ,0.0593
2019-08-13,IRS,0.3548
2019-08-13,KB,-0.2023
2019-08-13,LRAD,0.0
2019-08-13,MGIC,0.0
2019-08-13,NCI,0.2023
2019-08-13,NSEC,0.34
2019-08-13,NVG,0.0
2019-08-13,PSLV,0.2023
2019-08-13,RT,0.5106
2019-08-13,SIL,0.4019
2019-08-13,SLV,0.5106
2019-08-13,SPU,0.0
2019-08-13,TDD,0.5106
2019-08-13,TEO,0.0
2019-08-13,TGC,0.0
2019-08-13,TGEN,-0.1531
2019-08-13,TGS,0.3276
2019-08-13,TMF,0.2023
2019-08-13,UTSI,-0.07655
2019-08-13,VICL,0.0
2019-08-13,VSI,0.2023
2019-08-13,WHLM,0.0
2019-08-14,ABDC,0.0
2019-08-14,ARL,0.0
2019-08-14,BDL,0.0
2019-08-14,BTN,0.5106
2019-08-14,CPL,-0.0772
2019-08-14,CRESY,-0.0772
2019-08-14,ENSV,-0.3612
2019-08-14,FORD,0.0
2019-08-14,FXA,-0.0258
2019-08-14,GUT,0.0
2019-08-14,HDSN,0.296
2019-08-14,HEB,-0.5423
2019-08-14,HSON,0.0
2019-08-14,INFU,0.0
2019-08-14,KB,-0.2023
2019-08-14,LRAD,0.0
2019-08-14,MDLY,0.0
2019-08-14,MICT,0.0
2019-08-14,NKX,0.0
2019-08-14,NMT,0.0
2019-08-14,NTN,0.6597
2019-08-14,PBJ,0.4939
2019-08-14,PES,0.25
2019-08-14,PSLV,0.2023
2019-08-14,QRHC,-0.05103333333333334
2019-08-14,SGRP,0.148
2019-08-14,SIEB,0.0
2019-08-14,SLV,0.2023
2019-08-14,SNFCA,0.34
2019-08-14,TCI,0.0
2019-08-14,UNAM,-0.3182
2019-08-14,WILC,0.0
2019-08-14,WVVI,0.0
2019-08-15,ASHR,0.0
2019-08-15,BND,0.2023
2019-08-15,BNDX,0.2023
2019-08-15,CENTA,0.0
2019-08-15,EFAV,0.0
2019-08-15,ERIE,0.0258
2019-08-15,FRD,0.0
2019-08-15,GOODP,0.0
2019-08-15,HDSN,-0.2023
2019-08-15,HEB,0.0
2019-08-15,IEF,0.2023
2019-08-15,KB,-0.2023
2019-08-15,PNTR,0.0
2019-08-15,QUAL,0.0
2019-08-15,SGRP,0.0
2019-08-15,SJT,0.0
2019-08-15,TMF,0.2023
2019-08-15,TRCO,0.0
2019-08-15,USG,0.0
2019-08-15,VGLT,0.2023
2019-08-16,BKJ,0.16914285714285712
2019-08-16,BNDX,0.2023
2019-08-16,CPL,0.5267
2019-08-16,CRESY,0.5267
2019-08-16,CYTR,-0.2023
2019-08-16,EDN,0.0
2019-08-16,EGI,0.0
2019-08-16,GOODP,0.0
2019-08-16,HWCC,-0.2023
2019-08-16,ITIC,-0.2023
2019-08-16,NPK,-0.2023
2019-08-16,SDLP,-0.2023
2019-08-16,TLF,-0.2023
2019-08-16,TRK,0.296
2019-08-16,XLY,-0.0772
2019-08-17,KRE,0.0
2019-08-18,ACWI,0.0
2019-08-18,ACWV,0.0
2019-08-19,ATRI,0.0
2019-08-19,BKJ,0.0
2019-08-19,CECO,0.0
2019-08-19,DRYS,-0.01630000000000001
2019-08-19,DYSL,0.0
2019-08-19,EDN,0.0
2019-08-19,ESBK,-0.2023
2019-08-19,GWGH,0.0
2019-08-19,HGSH,-0.2023
2019-08-19,HPJ,0.0
2019-08-19,HWCC,0.0
2019-08-19,INDL,0.18939999999999999
2019-08-19,LEJU,0.0
2019-08-19,NYNY,0.0
2019-08-19,OAK,0.0
2019-08-19,QRHC,0.0
2019-08-19,REFR,0.0
2019-08-19,TEO,0.0
2019-08-19,TGS,0.0
2019-08-19,TLF,-0.2023
2019-08-19,TLK,0.0
2019-08-19,TOO,0.0
2019-08-19,UUU,0.34
2019-08-19,XMLV,0.4449
2019-08-20,AGG,0.0
2019-08-20,BND,0.0
2019-08-20,BT,-0.23775000000000002
2019-08-20,CRESY,-0.2023
2019-08-20,DRYS,0.10115
2019-08-20,EDEN,0.0
2019-08-20,EDN,0.0
2019-08-20,HPJ,0.0
2019-08-20,HWCC,0.0
2019-08-20,IHF,0.0
2019-08-20,ISTR,0.0
2019-08-20,NPK,-0.2023
2019-08-20,NVG,0.0
2019-08-20,NYNY,0.0
2019-08-20,NZF,0.0
2019-08-20,OAK,0.0
2019-08-20,PRPH,-0.2023
2019-08-20,SDLP,0.09106666666666667
2019-08-20,TEO,0.0
2019-08-20,TGS,0.0
2019-08-20,TLK,0.0
2019-08-20,TYPE,0.0
2019-08-21,ATAX,0.0
2019-08-21,BNDX,0.2023
2019-08-21,BT,-0.2023
2019-08-21,CLFD,0.10115
2019-08-21,FCCO,0.10115
2019-08-21,IDSY,0.3818
2019-08-21,LPT,0.8271
2019-08-21,NAN,0.0
2019-08-21,NVG,0.0
2019-08-21,OAK,0.0
2019-08-21,QCLN,0.5859
2019-08-21,SCM,0.4767
2019-08-21,VOO,0.0
2019-08-22,ATAX,0.0
2019-08-22,BKEP,-0.4939
2019-08-22,CDTI,-0.2023
2019-08-22,CECO,0.0
2019-08-22,ERX,0.2732
2019-08-22,HEB,0.0
2019-08-22,HOS,0.0
2019-08-22,IWB,0.2732
2019-08-22,KOL,0.2732
2019-08-22,LRAD,0.128
2019-08-22,NEU,0.0
2019-08-22,OAK,0.0
2019-08-22,SDY,0.0
2019-08-22,WSTL,0.0
2019-08-23,CZNC,-0.2023
2019-08-23,ECT,-0.2023
2019-08-23,EQC,0.296
2019-08-23,ITIC,-0.2023
2019-08-23,NGE,0.0
2019-08-23,NRIM,0.0
2019-08-23,NXTD,0.0
2019-08-23,PNBK,0.0
2019-08-23,RTRX,-0.128
2019-08-23,SLV,0.0
2019-08-23,TBT,0.0
2019-08-23,VOO,0.5106
2019-08-24,ITB,0.0
2019-08-26,BFIN,-0.2023
2019-08-26,BT,-0.2023
2019-08-26,EARN,-0.2023
2019-08-26,FORR,-0.2023
2019-08-26,GWR,0.0
2019-08-26,GXG,0.4019
2019-08-26,HUSA,0.6597
2019-08-26,MTUM,0.0
2019-08-26,NWHM,-0.2023
2019-08-26,PNBK,0.0
2019-08-26,RXI,-0.5994
2019-08-26,SGMA,0.0
2019-08-26,TNA,0.0
2019-08-26,TRK,0.2023
2019-08-26,TYPE,0.2023
2019-08-26,TZA,0.0
2019-08-26,VCIT,0.2023
2019-08-26,VGLT,0.2023
2019-08-27,ARGT,-0.1531
2019-08-27,DNN,0.5574
2019-08-27,EPOL,-0.5719
2019-08-27,HDSN,0.0
2019-08-27,HGSH,-0.2023
2019-08-27,IHF,0.0534
2019-08-27,NZF,0.0
2019-08-27,PNBK,-0.2023
2019-08-27,SAL,0.10115
2019-08-27,SHOS,0.10115
2019-08-27,SLV,0.296
2019-08-27,SLX,-0.8126
2019-08-27,TEO,-0.2023
2019-08-27,VJET,0.0
2019-08-27,WAGE,0.0
2019-08-28,APC,0.0
2019-08-28,BF.A,0.0
2019-08-28,BF.B,0.0
2019-08-28,CCU,-0.2023
2019-08-28,DVCR,0.0
2019-08-28,DVY,0.0
2019-08-28,EEI,0.26626666666666665
2019-08-28,FNLC,-0.2023
2019-08-28,HDV,0.0
2019-08-28,IRS,0.0
2019-08-28,KFFB,0.0
2019-08-28,MFNC,0.0
2019-08-28,NPK,-0.2023
2019-08-28,VJET,0.0
2019-08-28,VYM,0.0
2019-08-28,WSTL,-0.2023
2019-08-29,ARCI,0.16034
2019-08-29,BSRR,-0.128
2019-08-29,CORN,0.0
2019-08-29,DVCR,-0.2023
2019-08-29,EDN,-0.10115
2019-08-29,EEI,0.0
2019-08-29,GWR,0.0
2019-08-29,IROQ,0.0
2019-08-29,LOV,0.0
2019-08-29,NRP,-0.2023
2019-08-29,PDEX,-0.1531
2019-08-29,QUAL,0.0
2019-08-29,ROX,0.19496666666666665
2019-08-29,RVSB,-0.128
2019-08-29,TCBIP,0.0
2019-08-29,TEO,-0.2023
2019-08-29,TSC,-0.128
2019-08-29,VICL,0.0
2019-08-29,VISI,0.0
2019-08-29,WSTL,-0.2023
2019-08-30,AAC,0.0
2019-08-30,ARCI,-0.023424999999999994
2019-08-30,ARGT,0.0
2019-08-30,ATAX,0.6369
2019-08-30,EZU,0.0
2019-08-30,ROX,0.0
2019-08-30,VICL,0.1589
2019-08-31,HYG,0.0
2019-09-03,AAC,0.0
2019-09-03,AGQ,0.0
2019-09-03,ENG,0.8225
2019-09-03,ERIE,0.0772
2019-09-03,FAS,0.34
2019-09-03,FAZ,0.34
2019-09-03,GWGH,-0.1531
2019-09-03,HCI,-0.4215
2019-09-03,HYGS,0.4767
2019-09-03,IDSY,0.0
2019-09-03,MAMS,0.1948
2019-09-03,VNQ,0.0
2019-09-04,BND,0.2023
2019-09-04,CNTF,-0.6249
2019-09-04,DFRG,0.4019
2019-09-04,FNSR,-0.3612
2019-09-04,IEF,0.2023
2019-09-04,IOSP,0.10115
2019-09-04,JBSS,0.0
2019-09-04,MAMS,0.0
2019-09-04,NVG,0.0
2019-09-04,NZF,0.0
2019-09-04,OAK,0.0
2019-09-04,SDLP,-0.011099999999999999
2019-09-04,SOXL,-0.7003
2019-09-04,SOXS,-0.7003
2019-09-04,TECL,-0.7003
2019-09-04,TECS,-0.7003
2019-09-04,TGS,0.0
2019-09-05,AKG,0.0
2019-09-05,ANY,0.296
2019-09-05,ARCI,0.0
2019-09-05,BID,0.4767
2019-09-05,FNSR,-0.0382
2019-09-05,INOD,0.296
2019-09-05,JBSS,0.0
2019-09-05,LPT,0.836
2019-09-05,LRAD,0.34
2019-09-05,NEU,0.0
2019-09-05,OAK,0.0
2019-09-05,TGEN,-0.296
2019-09-05,TGS,0.0
2019-09-05,VISI,-0.3612
2019-09-06,ACUR,0.0
2019-09-06,ARL,0.0
2019-09-06,BRZU,0.0
2019-09-06,EFAV,-0.2732
2019-09-06,HURC,0.0
2019-09-06,IMOS,0.0
2019-09-06,LPT,0.8779
2019-09-06,MORN,0.0
2019-09-06,OAK,0.0
2019-09-06,RGLS,0.26335
2019-09-06,SNH,0.0
2019-09-09,AGX,-0.1531
2019-09-09,ARKQ,0.0
2019-09-09,DGAZ,0.0
2019-09-09,EGI,0.0
2019-09-09,FRED,0.16945
2019-09-09,HI,0.0
2019-09-09,HYGS,0.0
2019-09-09,JPC,0.0
2019-09-09,KRE,0.0
2019-09-09,LITB,0.0
2019-09-09,MNTX,0.0
2019-09-09,MVC,-0.1531
2019-09-09,NYMTP,0.0
2019-09-09,ORAN,0.368
2019-09-09,PPH,0.0
2019-09-09,SVXY,0.0
2019-09-09,UCFC,0.8957
2019-09-09,VXX,0.0
2019-09-09,WILC,0.0
2019-09-09,XME,0.0
2019-09-09,XOP,0.0
2019-09-09,XSW,-0.34
2019-09-10,BCH,0.10115
2019-09-10,CGA,0.5719
2019-09-10,CMFN,0.0
2019-09-10,FRED,0.0
2019-09-10,HSGX,0.0
2019-09-10,IGV,0.0
2019-09-10,IRS,0.0
2019-09-10,NEU,0.296
2019-09-10,NTN,0.296
2019-09-10,PKD,0.4019
2019-09-10,SDY,0.3818
2019-09-10,TSS,0.0
2019-09-10,VSI,0.0258
2019-09-10,VTV,0.0
2019-09-10,VUG,0.0
2019-09-11,AXR,0.0
2019-09-11,BPL,0.0
2019-09-11,EPM,0.047633333333333326
2019-09-11,FRED,0.212
2019-09-11,HFBL,0.296
2019-09-11,MSN,0.128
2019-09-11,NTN,0.0
2019-09-11,PRTO,0.0
2019-09-11,SGMA,0.148
2019-09-11,SPKE,-0.3612
2019-09-11,TMF,0.0
2019-09-11,TMV,0.0
2019-09-11,TYD,0.0
2019-09-11,TYO,0.0
2019-09-11,UCFC,0.4215
2019-09-11,XSOE,0.4404
2019-09-12,ASHR,0.0
2019-09-12,BRT,0.0
2019-09-12,BSMX,0.0
2019-09-12,CART,0.0
2019-09-12,CBSHP,0.0
2019-09-12,DLHC,0.0
2019-09-12,EPM,0.0
2019-09-12,EZU,0.0
2019-09-12,FEZ,0.0
2019-09-12,HEDJ,0.0
2019-09-12,HSGX,0.20095
2019-09-12,IMOS,0.0
2019-09-12,JPC,0.0
2019-09-12,JPS,0.0
2019-09-12,LPT,0.8494
2019-09-12,MDY,0.34
2019-09-12,MDYG,0.34
2019-09-12,MDYV,0.34
2019-09-12,OHGI,-0.2023
2019-09-12,PKD,0.0
2019-09-12,PTN,0.0
2019-09-12,RCKY,0.0
2019-09-12,RFIL,0.0
2019-09-12,SOR,0.0
2019-09-12,TIPT,0.0
2019-09-12,UBP,0.0
2019-09-12,WBC,0.34
2019-09-13,CART,0.0
2019-09-13,CFFN,0.0
2019-09-13,CNTF,-0.2023
2019-09-13,CTIB,-0.2023
2019-09-13,EVI,0.0
2019-09-13,FCAP,0.0
2019-09-13,FCSC,0.14034444444444444
2019-09-13,FSS,0.0
2019-09-13,FUNC,0.6808
2019-09-13,HPJ,0.0
2019-09-13,HTH,0.0
2019-09-13,IROQ,0.296
2019-09-13,JVA,-0.1531
2019-09-13,LBY,0.0
2019-09-13,LRAD,0.0
2019-09-13,OAK,0.0
2019-09-13,ORIT,0.0
2019-09-13,PCYG,0.4404
2019-09-13,PKD,0.0
2019-09-13,SYMC,0.6956
2019-09-13,VIRC,-0.1531
2019-09-13,WAFD,0.0
2019-09-15,BNO,0.0
2019-09-16,AREX,-0.6249
2019-09-16,BITA,0.0
2019-09-16,ESP,0.0
2019-09-16,FCSC,0.0
2019-09-16,FSS,0.0
2019-09-16,IBOC,0.0
2019-09-16,IHT,0.0
2019-09-16,IPDN,0.0
2019-09-16,IROQ,0.0
2019-09-16,MTSL,0.0
2019-09-16,NYMTP,0.0
2019-09-16,OCC,0.0
2019-09-16,PCYG,0.0
2019-09-16,QVAL,0.34
2019-09-16,RDS.A,-0.6249
2019-09-16,SYMC,0.296
2019-09-16,TRCO,0.2263
2019-09-16,URG,0.0
2019-09-16,VTV,0.34
2019-09-16,WAFD,0.0
2019-09-17,ARL,0.296
2019-09-17,CART,0.0
2019-09-17,DRYS,0.0
2019-09-17,ERX,-0.34
2019-09-17,ERY,-0.34
2019-09-17,FGP,-0.296
2019-09-17,FRED,0.2023
2019-09-17,GBR,-0.148
2019-09-17,GWR,-0.296
2019-09-17,HI,0.0
2019-09-17,ISRA,0.38354
2019-09-17,ITA,-0.25
2019-09-17,LBY,0.0
2019-09-17,MXC,0.0
2019-09-17,NTN,-0.34
2019-09-17,NYMTP,0.0
2019-09-17,PPA,-0.25
2019-09-17,SLCT,0.296
2019-09-17,SMMF,0.6249
2019-09-17,SYX,0.0
2019-09-17,TRCO,0.0
2019-09-17,TSS,0.6486
2019-09-17,VIA,0.4215
2019-09-18,DEST,0.0
2019-09-18,ERIE,0.6908
2019-09-18,FRD,0.0
2019-09-18,GBR,0.0
2019-09-18,GMO,0.0258
2019-09-18,IEO,0.0
2019-09-18,MXC,0.0
2019-09-18,NXTD,0.0
2019-09-18,SDY,0.0
2019-09-18,SYX,0.0
2019-09-18,TSS,0.0
2019-09-19,ATLC,0.0
2019-09-19,AWRE,0.128
2019-09-19,BID,0.0
2019-09-19,CLWT,0.0
2019-09-19,EE,0.0
2019-09-19,IGC,0.6124
2019-09-19,MMAC,0.296
2019-09-19,NSAM,-0.4404
2019-09-19,PSCU,0.0
2019-09-19,RYU,0.0
2019-09-19,SCHM,0.0
2019-09-19,SDR,0.2732
2019-09-19,SHOS,0.0
2019-09-19,TRCO,0.296
2019-09-19,ULBI,0.6124
2019-09-19,VLUE,0.34
2019-09-20,ATLC,0.0
2019-09-20,CECO,0.2023
2019-09-20,CLWT,0.0
2019-09-20,EWH,0.0
2019-09-20,FBIZ,0.0
2019-09-20,FNSR,0.3243
2019-09-20,HMNY,0.6908
2019-09-20,HSGX,0.0
2019-09-20,HUSA,0.2732
2019-09-20,IGC,0.10115
2019-09-20,OPHC,0.27565
2019-09-20,PKD,0.4588
2019-09-20,SALM,0.296
2019-09-20,SJT,0.0
2019-09-20,SKIS,0.4939
2019-09-21,AGG,0.4019
2019-09-22,EDR,0.4215
2019-09-23,APWC,-0.2023
2019-09-23,AREX,-0.2023
2019-09-23,ARTX,0.1464285714285714
2019-09-23,AT,-0.6605
2019-09-23,ATAX,0.0
2019-09-23,ATU,0.0
2019-09-23,CLCT,0.0
2019-09-23,EBF,-0.1806
2019-09-23,FEU,0.0
2019-09-23,FNSR,0.09866666666666667
2019-09-23,HPJ,0.0
2019-09-23,IJH,0.4215
2019-09-23,INTG,0.0
2019-09-23,IVV,0.4215
2019-09-23,OPHC,0.0
2019-09-23,OTIV,0.0
2019-09-23,PRTO,0.31773333333333337
2019-09-23,SJT,0.0
2019-09-23,SKYS,0.6597
2019-09-23,SNH,0.5859
2019-09-23,TRT,0.19733333333333333
2019-09-23,UBP,0.0
2019-09-23,VSI,0.0772
2019-09-23,WMC,0.25
2019-09-24,ACWX,0.2023
2019-09-24,ARTNA,0.0
2019-09-24,ARTX,0.0
2019-09-24,BELFA,0.5106
2019-09-24,CUR,0.0
2019-09-24,ERX,-0.34
2019-09-24,FNSR,0.0
2019-09-24,IDSY,0.0
2019-09-24,IPO,0.0
2019-09-24,KRE,0.0
2019-09-24,PRTO,0.08895
2019-09-24,SDY,0.0
2019-09-24,SFLY,0.296
2019-09-24,SJT,0.0
2019-09-24,TGEN,0.0
2019-09-24,VSI,0.148
2019-09-25,ASHR,0.0
2019-09-25,AXU,0.0
2019-09-25,CCU,-0.2023
2019-09-25,CECO,0.2023
2019-09-25,CHCO,0.0
2019-09-25,CRAY,0.2023
2019-09-25,EDR,0.0
2019-09-25,ENZN,0.0
2019-09-25,FNSR,0.0
2019-09-25,FRED,0.2023
2019-09-25,SFLY,0.05135
2019-09-25,SKIS,0.0
2019-09-25,SOXX,0.0
2019-09-25,SYMC,0.0
2019-09-25,TSC,0.0
2019-09-25,USAT,0.0
2019-09-25,VSI,0.0
2019-09-25,XPH,0.0
2019-09-26,AGG,0.0
2019-09-26,ATU,-0.04228571428571428
2019-09-26,DPK,-0.3412
2019-09-26,EFA,0.0
2019-09-26,EMB,0.0
2019-09-26,ENTA,0.2577
2019-09-26,FUNC,0.4215
2019-09-26,HSGX,0.3321
2019-09-26,HYG,0.0
2019-09-26,LQD,0.0
2019-09-26,RUSS,-0.3412
2019-09-26,SOXL,0.0
2019-09-26,SOXS,0.0
2019-09-26,TAYD,0.0
2019-09-26,TRX,0.0
2019-09-26,USAT,0.4745
2019-09-26,XLY,0.0
2019-09-26,YANG,-0.3412
2019-09-27,ATU,-0.064
2019-09-27,BDGE,0.10115
2019-09-27,BID,0.2023
2019-09-27,CFFI,0.296
2019-09-27,FCA,-0.4767
2019-09-27,FRED,0.2023
2019-09-27,HSGX,0.33525
2019-09-27,MCHI,-0.4404
2019-09-27,SSY,0.0
2019-09-27,TSS,0.0
2019-09-27,YINN,-0.4404
2019-09-29,YANG,-0.3612
2019-09-29,YXI,-0.3612
2019-09-30,ATAX,0.0
2019-09-30,AXU,-0.296
2019-09-30,BID,0.2023
2019-09-30,COLB,0.2263
2019-09-30,CRT,-0.2023
2019-09-30,HSGX,0.0
2019-09-30,INFU,0.0
2019-09-30,JBSS,0.0
2019-09-30,KOOL,0.0
2019-09-30,LBY,0.0
2019-09-30,RITT,0.0
2019-09-30,TOWR,0.296
2019-10-01,APWC,-0.2023
2019-10-01,BAR,0.0
2019-10-01,CARV,-0.2023
2019-10-01,CRT,-0.2023
2019-10-01,CYTR,-0.2023
2019-10-01,EPU,0.0
2019-10-01,EWA,0.0
2019-10-01,FELP,0.0
2019-10-01,FORR,-0.2023
2019-10-01,GRAM,-0.2023
2019-10-01,HBP,-0.296
2019-10-01,HI,0.802
2019-10-01,IBTX,0.7845
2019-10-01,ITA,0.0
2019-10-01,JASN,-0.2023
2019-10-01,MKC.V,0.296
2019-10-01,NSEC,-0.2023
2019-10-01,RYAM,0.936
2019-10-01,SGOL,0.0
2019-10-01,SIEB,-0.296
2019-10-01,SPLP,-0.2023
2019-10-01,TOO,0.4096666666666667
2019-10-01,WEYS,-0.2023
2019-10-01,XLB,0.7964
2019-10-02,CDTI,-0.2023
2019-10-02,CLWT,0.0
2019-10-02,CYTR,-0.2023
2019-10-02,FORR,-0.2023
2019-10-02,FSP,0.6124
2019-10-02,HYG,0.0
2019-10-02,KOOL,0.4939
2019-10-02,LEN.B,0.296
2019-10-02,NCI,0.7717
2019-10-02,NVEC,-0.2023
2019-10-02,SEMG,0.2023
2019-10-02,TOO,0.10115
2019-10-02,VIA,-0.2023
2019-10-02,WEYS,-0.2023
2019-10-03,ARCW,0.4767
2019-10-03,BDGE,0.0
2019-10-03,CPHC,0.0
2019-10-03,CUR,-0.2023
2019-10-03,ENTA,0.3353
2019-10-03,EWA,0.0
2019-10-03,IAI,0.765
2019-10-03,IBTX,-0.128
2019-10-03,IGC,0.25
2019-10-03,KCE,0.765
2019-10-03,KOOL,0.0
2019-10-03,LBY,0.0
2019-10-03,LXFR,-0.2023
2019-10-03,NAN,0.0
2019-10-03,RSP,0.0
2019-10-03,SEMG,0.2023
2019-10-03,SSFN,0.0
2019-10-03,VIA,-0.2023
2019-10-03,WEYS,-0.2023
2019-10-03,XLB,0.2732
2019-10-04,ALDR,0.2023
2019-10-04,CDTI,-0.2023
2019-10-04,CRT,-0.2023
2019-10-04,CUR,-0.2023
2019-10-04,DJCO,0.0
2019-10-04,ECTE,0.0
2019-10-04,GIG,0.296
2019-10-04,IKNX,-0.2023
2019-10-04,ISRA,0.0
2019-10-04,NEWM,0.0
2019-10-04,NMY,0.0
2019-10-04,OTIV,-0.2023
2019-10-04,PJC,0.10115
2019-10-04,SEMG,0.2023
2019-10-04,SHY,-0.4084
2019-10-04,SLV,-0.4084
2019-10-04,STRS,0.0
2019-10-04,SVBL,-0.2023
2019-10-04,XLV,0.4939
2019-10-05,KBE,0.0
2019-10-07,ALDR,0.2023
2019-10-07,AREX,0.2732
2019-10-07,CEM,0.0
2019-10-07,DGRS,0.5106
2019-10-07,DJCO,0.35015
2019-10-07,DXJ,0.34
2019-10-07,IPO,-0.7456
2019-10-07,JMP,-0.2023
2019-10-07,LPT,0.7717
2019-10-07,MAGS,0.34
2019-10-07,MAYS,-0.2023
2019-10-07,OCC,-0.2023
2019-10-07,OSN,0.0
2019-10-07,OTIV,0.4019
2019-10-07,RDCM,0.6597
2019-10-07,SEMG,0.2023
2019-10-07,SENEA,0.5106
2019-10-07,SPXU,0.0
2019-10-07,TAN,0.0
2019-10-07,VSI,0.5106
2019-10-07,WMC,0.3612
2019-10-07,WYY,0.0
2019-10-07,XLB,0.2732
2019-10-07,XLP,0.2732
2019-10-08,ALDR,-0.1027
2019-10-08,AREX,0.2732
2019-10-08,CHNR,0.8074
2019-10-08,FELP,0.30255
2019-10-08,GQRE,0.0
2019-10-08,HCP,0.1366
2019-10-08,ISCA,0.0
2019-10-08,LPL,0.0
2019-10-08,NMY,0.0
2019-10-08,NPV,0.0
2019-10-08,PBT,-0.2023
2019-10-08,XLY,0.0
2019-10-09,ALDR,0.2023
2019-10-09,AREX,-0.2023
2019-10-09,CRT,-0.2023
2019-10-09,CUR,-0.2263
2019-10-09,DRYS,0.4215
2019-10-09,FXA,0.08895
2019-10-09,HCP,0.0
2019-10-09,IMOS,0.1591
2019-10-09,INS,-0.3612
2019-10-09,ISRL,0.0
2019-10-09,JASN,-0.2023
2019-10-09,LBY,0.0
2019-10-09,NAUH,-0.2023
2019-10-09,OSN,0.0
2019-10-09,PBT,-0.2023
2019-10-09,SBR,0.6908
2019-10-09,SEMG,0.2023
2019-10-09,SFL,0.8689
2019-10-09,SHOS,0.296
2019-10-09,VIA,-0.2023
2019-10-09,XLP,0.0
2019-10-09,XOP,0.0
2019-10-10,AAC,-0.2023
2019-10-10,BKSC,0.34
2019-10-10,CDTI,-0.2023
2019-10-10,CPHC,0.296
2019-10-10,CUR,0.0
2019-10-10,FBMS,0.10115
2019-10-10,FXA,-0.3182
2019-10-10,GDXJ,0.0
2019-10-10,GREK,0.0
2019-10-10,IDT,0.0
2019-10-10,ISRL,0.0
2019-10-10,JASN,-0.2023
2019-10-10,KB,0.34
2019-10-10,LRAD,0.0
2019-10-10,ODC,0.0
2019-10-10,OMN,0.1779
2019-10-10,PBT,-0.2023
2019-10-10,PKE,-0.07655
2019-10-10,RDS.A,0.802
2019-10-10,RMCF,0.0
2019-10-10,RYAM,0.6249
2019-10-10,SLMBP,-0.2023
2019-10-10,UBCP,0.4215
2019-10-10,UEC,0.3182
2019-10-10,URG,0.3182
2019-10-10,USAT,0.0
2019-10-11,AAC,-0.2023
2019-10-11,ALDR,0.6705
2019-10-11,CHNR,0.7574
2019-10-11,EWA,0.0
2019-10-11,FELP,0.7574
2019-10-11,FEZ,0.0
2019-10-11,INFU,0.0
2019-10-11,KWEB,0.0
2019-10-11,ORAN,0.8074
2019-10-11,RDCM,0.0
2019-10-11,XLB,0.2732
2019-10-11,XLP,0.2732
2019-10-12,KRE,0.0
2019-10-12,XLY,0.0
2019-10-14,ALDR,0.2023
2019-10-14,CHW,-0.4404
2019-10-14,CYTR,-0.2023
2019-10-14,DRYS,0.5719
2019-10-14,EWA,0.0
2019-10-14,FNDF,0.4404
2019-10-14,GDXJ,0.0
2019-10-14,GOODN,0.0
2019-10-14,KOOL,0.0
2019-10-14,PBT,-0.2023
2019-10-14,SEMG,0.2023
2019-10-14,SNH,0.0
2019-10-14,USAT,-0.5106
2019-10-14,XLB,0.2732
2019-10-14,XLP,0.24975
2019-10-14,XLU,0.2732
2019-10-15,AAC,0.0
2019-10-15,ALDR,0.2023
2019-10-15,AMCF,-0.2023
2019-10-15,ASRV,0.0
2019-10-15,BRT,0.0
2019-10-15,BSTC,0.5574
2019-10-15,DLHC,0.0
2019-10-15,EEMV,0.4215
2019-10-15,FGP,0.0
2019-10-15,GHDX,0.0
2019-10-15,HCP,0.0
2019-10-15,HPJ,0.0
2019-10-15,KOOL,0.0
2019-10-15,KVHI,0.1027
2019-10-15,MSB,0.8074
2019-10-15,NANO,0.3818
2019-10-15,NOBL,0.5106
2019-10-15,PLBC,0.0
2019-10-15,PTSI,-0.064
2019-10-15,RTEC,0.3818
2019-10-15,SEMG,0.03715
2019-10-16,ALDR,0.2023
2019-10-16,AMNB,0.4939
2019-10-16,AVD,-0.0903
2019-10-16,CHA,0.2023
2019-10-16,EGBN,0.0
2019-10-16,ESBK,0.0
2019-10-16,FCCO,0.0
2019-10-16,FELP,-0.2023
2019-10-16,GDXJ,0.0
2019-10-16,HTBI,0.296
2019-10-16,HYG,0.0
2019-10-16,IEF,0.0
2019-10-16,JASN,-0.2023
2019-10-16,KOOL,0.0
2019-10-16,OIIM,-0.2023
2019-10-16,RYAM,0.128
2019-10-16,SQQQ,0.2023
2019-10-16,TQQQ,0.2023
2019-10-16,TSC,0.0
2019-10-16,UBFO,0.6369
2019-10-16,UNB,0.0
2019-10-16,VCIT,0.0
2019-10-16,WINA,0.0
2019-10-17,ALDR,0.5859
2019-10-17,AMNB,0.0
2019-10-17,AVD,0.0
2019-10-17,BH,-0.2023
2019-10-17,BMTC,0.0
2019-10-17,BRT,0.0
2019-10-17,BSQR,-0.2023
2019-10-17,BSTC,-0.0516
2019-10-17,CARV,0.296
2019-10-17,CVLY,0.0
2019-10-17,EBTC,0.0
2019-10-17,FORD,0.5719
2019-10-17,FXA,-0.25
2019-10-17,HCP,0.0
2019-10-17,IEF,0.6369
2019-10-17,MAMS,0.0
2019-10-17,MAYS,-0.2023
2019-10-17,NXTD,0.0
2019-10-17,OFLX,0.0
2019-10-17,PZN,-0.1531
2019-10-17,QUAL,0.5719
2019-10-17,SLV,-0.4767
2019-10-17,TCS,-0.128
2019-10-17,UNTY,0.0
2019-10-17,WTR,0.0
2019-10-17,XSW,0.0
2019-10-18,ACU,0.21075
2019-10-18,ATLO,0.0
2019-10-18,BCBP,0.0
2019-10-18,BLX,-0.2263
2019-10-18,BOCH,0.0
2019-10-18,CHCI,0.0
2019-10-18,EMCF,0.0
2019-10-18,FCAP,0.0
2019-10-18,HCP,0.0
2019-10-18,HMNY,0.0
2019-10-18,MBCN,0.0
2019-10-18,NPK,-0.2023
2019-10-18,PZN,0.0
2019-10-18,RBCAA,0.0
2019-10-18,ROBO,0.0
2019-10-18,SIFY,0.2202
2019-10-18,TMP,0.0
2019-10-18,UBNK,0.4215
2019-10-18,VIA,-0.128
2019-10-18,WTR,0.0
2019-10-18,ZAYO,0.0
2019-10-21,ALDR,0.0
2019-10-21,BFIN,0.0
2019-10-21,BMRC,0.0
2019-10-21,BPL,0.0
2019-10-21,BSRR,-0.1531
2019-10-21,CFFN,0.0
2019-10-21,CHNR,0.7783
2019-10-21,CIX,-0.296
2019-10-21,DEST,0.32078333333333336
2019-10-21,FAS,0.4404
2019-10-21,FAZ,0.4404
2019-10-21,FBIZ,0.0
2019-10-21,FBMS,0.0
2019-10-21,FBSS,0.0
2019-10-21,FELP,0.7783
2019-10-21,FUNC,0.4215
2019-10-21,IBTX,0.0
2019-10-21,IPHS,-0.021733333333333344
2019-10-21,LCNB,0.0
2019-10-21,LOAN,0.0
2019-10-21,LTXB,0.0
2019-10-21,MFSF,0.0
2019-10-21,MSF,0.4588
2019-10-21,NFBK,0.0
2019-10-21,OFG,0.0
2019-10-21,OPOF,0.0
2019-10-21,ORIT,0.0
2019-10-21,PED,-0.128
2019-10-21,PZN,0.0
2019-10-21,RNST,0.0
2019-10-21,ROBO,0.34
2019-10-21,RYAM,0.7783
2019-10-21,SFL,0.0
2019-10-21,SYMC,0.6908
2019-10-21,TRCB,0.0
2019-10-21,WABC,0.0
2019-10-21,WAIR,0.0
2019-10-22,ARKK,0.0
2019-10-22,AUBN,0.0
2019-10-22,BOCH,0.0
2019-10-22,BSTC,0.1531
2019-10-22,CBNK,0.0
2019-10-22,CECO,-0.128
2019-10-22,CHCO,0.0
2019-10-22,CVV,0.0
2019-10-22,DXYN,0.0
2019-10-22,EBMT,0.0
2019-10-22,EPM,0.2553
2019-10-22,FCBC,0.0
2019-10-22,INS,0.4588
2019-10-22,IPHS,0.0
2019-10-22,KOOL,0.148
2019-10-22,NAK,0.0
2019-10-22,NBHC,0.0
2019-10-22,PBR.A,0.8625
2019-10-22,PTSI,0.0
2019-10-22,QCLN,0.0
2019-10-22,SGB,0.0
2019-10-22,SSBI,0.0
2019-10-22,TCFC,0.0
2019-10-22,TRCB,0.0
2019-10-22,TTS,-0.312
2019-10-22,WABC,0.0
2019-10-22,WYY,0.4588
2019-10-23,BAS,-0.2023
2019-10-23,BRT,0.0
2019-10-23,CVBF,-0.2263
2019-10-23,DFE,0.0
2019-10-23,DNBF,0.0
2019-10-23,DVD,0.0
2019-10-23,ESSA,0.0
2019-10-23,FDEF,0.0
2019-10-23,FFIN,0.2263
2019-10-23,FIBK,0.0
2019-10-23,FNLC,0.0
2019-10-23,GCBC,0.0
2019-10-23,GOODN,0.0
2019-10-23,GTY,0.0
2019-10-23,IHI,0.0
2019-10-23,IMUC,0.0
2019-10-23,INBK,0.0
2019-10-23,JMP,0.0
2019-10-23,KF,0.0
2019-10-23,KFS,0.0
2019-10-23,KINS,0.21989999999999998
2019-10-23,KOOL,0.0
2019-10-23,LPL,-0.4019
2019-10-23,LSBK,0.0
2019-10-23,LTXB,0.0
2019-10-23,MGR,0.21989999999999998
2019-10-23,MORN,0.0
2019-10-23,NBN,0.296
2019-10-23,NEU,0.0
2019-10-23,NEWM,0.0
2019-10-23,OPOF,0.0
2019-10-23,ORRF,0.0
2019-10-23,PFBI,0.0
2019-10-23,PKBK,0.0
2019-10-23,RCKY,-0.1531
2019-10-23,RNST,0.0
2019-10-23,SCL,-0.3612
2019-10-23,SGC,0.4404
2019-10-23,SHI,-0.128
2019-10-23,SKYS,0.0
2019-10-23,SMH,0.0
2019-10-23,SOXX,-0.4588
2019-10-23,TAN,0.0
2019-10-23,TRCB,0.0
2019-10-23,UCFC,0.0
2019-10-23,USAP,-0.2023
2019-10-23,WTR,0.0
2019-10-24,AINC,0.4215
2019-10-24,BDGE,0.0
2019-10-24,BSQR,-0.2023
2019-10-24,CFFI,0.0
2019-10-24,CIZN,0.0
2019-10-24,COLB,0.0
2019-10-24,COWN,0.0
2019-10-24,CTS,-0.5267
2019-10-24,DLN,0.0
2019-10-24,DVD,0.0
2019-10-24,ERIE,0.0
2019-10-24,FBIZ,0.0
2019-10-24,FORR,0.0
2019-10-24,GAM,0.0
2019-10-24,GSIT,-0.1531
2019-10-24,HMN,0.0
2019-10-24,IBCP,0.0
2019-10-24,IGV,0.296
2019-10-24,JMP,-0.2023
2019-10-24,KGJI,0.0
2019-10-24,LTXB,0.0
2019-10-24,MCBC,0.0
2019-10-24,NBHC,0.0
2019-10-24,NFBK,0.0
2019-10-24,OMCL,-0.07655
2019-10-24,ORIT,0.0
2019-10-24,RVSB,0.0
2019-10-24,SMMF,0.0
2019-10-24,STRT,0.34
2019-10-24,TBNK,0.0
2019-10-24,TOWN,0.0
2019-10-24,UTMD,0.0
2019-10-24,VIA,-0.2023
2019-10-24,WEBK,0.0
2019-10-25,AAC,0.296
2019-10-25,ARGT,-0.4404
2019-10-25,AXU,0.0
2019-10-25,BAS,-0.2023
2019-10-25,BH,-0.2023
2019-10-25,CVEO,0.0
2019-10-25,CYTR,-0.2023
2019-10-25,FCCO,0.0
2019-10-25,GBLI,-0.2023
2019-10-25,GOODN,0.0
2019-10-25,HCP,-0.296
2019-10-25,INXN,0.0
2019-10-25,NHF,0.6597
2019-10-25,OPY,0.0
2019-10-25,ORRF,0.0
2019-10-25,OVBC,0.0
2019-10-25,PBR.A,0.296
2019-10-25,PBT,-0.2023
2019-10-25,SAL,0.0
2019-10-25,SBBX,0.0
2019-10-25,SDR,-0.2023
2019-10-25,SDT,-0.2023
2019-10-25,THFF,0.0
2019-10-25,TRCB,0.0
2019-10-25,TYD,0.6361
2019-10-25,TYO,0.6361
2019-10-25,XLP,0.0
2019-10-25,XLY,0.0
2019-10-25,YY,0.296
2019-10-28,AAME,-0.2023
2019-10-28,ALX,0.0
2019-10-28,BBT,0.0
2019-10-28,CBFV,0.0
2019-10-28,CETV,0.0
2019-10-28,CLCT,0.0
2019-10-28,CUR,0.0
2019-10-28,CZWI,0.0
2019-10-28,DEST,0.0
2019-10-28,DISCB,-0.296
2019-10-28,DXYN,0.0
2019-10-28,FSS,0.0
2019-10-28,FV,0.0
2019-10-28,FXA,0.0
2019-10-28,GBL,-0.2023
2019-10-28,HFBL,0.0
2019-10-28,INXN,0.0
2019-10-28,JBSS,0.0
2019-10-28,KBA,0.0
2019-10-28,KCNY,0.0
2019-10-28,KFYP,0.0
2019-10-28,KWEB,0.0
2019-10-28,LBY,-0.1531
2019-10-28,LPT,0.836
2019-10-28,NBN,0.0
2019-10-28,NCTY,0.0
2019-10-28,ORIT,0.0
2019-10-28,OTIV,-0.10115
2019-10-28,PMBC,0.0
2019-10-28,RUSHB,0.0
2019-10-28,SDR,-0.2023
2019-10-28,SDT,-0.2023
2019-10-28,STI,0.0
2019-10-28,SYMC,0.296
2019-10-28,TNET,0.0
2019-10-28,TRCB,0.0
2019-10-28,TRNS,0.0
2019-10-28,VYM,0.6369
2019-10-28,WABC,0.0
2019-10-29,ANGL,0.1027
2019-10-29,AWRE,0.0
2019-10-29,BAS,0.2732
2019-10-29,BBT,0.0
2019-10-29,BSQR,-0.2023
2019-10-29,CPSS,0.0
2019-10-29,DEST,-0.3119
2019-10-29,DHIL,0.6249
2019-10-29,EQC,0.0
2019-10-29,FM,0.0
2019-10-29,FRBA,-0.2263
2019-10-29,FSP,0.0
2019-10-29,FSTR,-0.1806
2019-10-29,GBLI,-0.2023
2019-10-29,GLT,-0.1531
2019-10-29,HTBI,0.0
2019-10-29,HY,-0.3612
2019-10-29,INXN,0.24695
2019-10-29,IPO,0.0
2019-10-29,ITB,0.0
2019-10-29,JBSS,0.20095
2019-10-29,LTXB,0.6597
2019-10-29,MAYS,-0.2023
2019-10-29,MDSO,0.0
2019-10-29,MFSF,0.22199999999999998
2019-10-29,NEWM,0.0
2019-10-29,NFBK,0.0
2019-10-29,OSN,0.0
2019-10-29,OTIV,-0.2023
2019-10-29,PALL,0.5719
2019-10-29,PCH,0.0
2019-10-29,PPLT,0.5719
2019-10-29,PRPH,-0.2023
2019-10-29,SDR,-0.2023
2019-10-29,SLV,0.5719
2019-10-29,SRCE,0.0
2019-10-29,STI,0.0
2019-10-29,TCS,-0.24975
2019-10-29,UMBF,0.0
2019-10-29,VSEC,0.0
2019-10-29,WAFD,0.4019
2019-10-30,ACNB,0.0
2019-10-30,AINC,0.0
2019-10-30,AREX,-0.2023
2019-10-30,AXTI,0.0
2019-10-30,BAS,-0.1027
2019-10-30,BELFA,0.0
2019-10-30,BIZD,0.128
2019-10-30,BWFG,0.0
2019-10-30,CBZ,0.12726666666666667
2019-10-30,CFFN,0.0
2019-10-30,CIX,0.0
2019-10-30,CORR,0.5106
2019-10-30,CUR,0.1591
2019-10-30,DGICA,-0.1531
2019-10-30,GBL,-0.2023
2019-10-30,GHC,0.0
2019-10-30,HACK,0.07655
2019-10-30,HCP,0.17
2019-10-30,HERO,0.6523
2019-10-30,HOS,-0.3612
2019-10-30,HPJ,0.0
2019-10-30,HWBK,0.0
2019-10-30,HWKN,0.0
2019-10-30,IROQ,0.0
2019-10-30,IRT,0.5106
2019-10-30,KVHI,0.0
2019-10-30,MC,0.296
2019-10-30,MFSF,0.0
2019-10-30,MHH,0.0
2019-10-30,MLVF,0.0
2019-10-30,MSBF,0.0
2019-10-30,NC,0.0
2019-10-30,NTN,-0.1531
2019-10-30,OIIM,0.3321
2019-10-30,OSN,0.0
2019-10-30,OTIV,-0.2023
2019-10-30,PJC,0.0
2019-10-30,RDCM,0.0
2019-10-30,RTRX,-0.1531
2019-10-30,SMLR,0.0
2019-10-30,TRNS,0.0
2019-10-30,TTS,0.5267
2019-10-30,UIHC,0.2263
2019-10-30,USLM,0.0
2019-10-31,AMOT,0.0
2019-10-31,AT,-0.1531
2019-10-31,CTT,0.4019
2019-10-31,CUR,0.0
2019-10-31,DAIO,-0.3612
2019-10-31,DCIX,0.0
2019-10-31,DVCR,0.0
2019-10-31,DWSN,0.0
2019-10-31,ERII,0.2732
2019-10-31,ESGR,-0.296
2019-10-31,FSS,-0.1531
2019-10-31,GARS,0.8885
2019-10-31,HRTG,0.148
2019-10-31,HTH,0.0
2019-10-31,IKNX,0.0
2019-10-31,ISDR,0.0
2019-10-31,KEG,0.4939
2019-10-31,KEP,0.0
2019-10-31,KFFB,0.0
2019-10-31,KIQ,0.0
2019-10-31,KOOL,0.0
2019-10-31,MAGS,0.34
2019-10-31,NEWM,-0.2263
2019-10-31,NMR,-0.0772
2019-10-31,NWHM,-0.11315
2019-10-31,PRTO,0.0
2019-10-31,PSCI,0.0
2019-10-31,RAVN,0.4939
2019-10-31,RDS.A,0.0
2019-10-31,RTM,0.0
2019-10-31,SAMG,0.3612
2019-10-31,SLCT,0.0
2019-10-31,TSBK,0.0
2019-10-31,ULBI,0.0
2019-10-31,XLI,0.0
2019-11-01,AROW,0.0
2019-11-01,ATAX,0.0
2019-11-01,ATRI,0.0
2019-11-01,BH,-0.5574
2019-11-01,CCUR,0.0
2019-11-01,DAIO,-0.2023
2019-11-01,EMB,0.4404
2019-11-01,ESGR,0.0
2019-11-01,EWT,0.0
2019-11-01,FARO,0.10115
2019-11-01,GLBZ,0.0
2019-11-01,HCP,0.0
2019-11-01,HSON,-0.3612
2019-11-01,IMO,0.0
2019-11-01,INS,0.4588
2019-11-01,JPS,0.0
2019-11-01,KEG,-0.2023
2019-11-01,LGF,0.0
2019-11-01,MORN,0.0
2019-11-01,OIIM,0.0
2019-11-01,PBHC,0.0
2019-11-01,PBR.A,0.8957
2019-11-01,PDFS,0.0
2019-11-01,PLPC,0.0
2019-11-01,PRTO,0.0
2019-11-01,RIGS,0.0
2019-11-01,RVLT,-0.2023
2019-11-01,SNR,0.0
2019-11-01,TAIT,0.0
2019-11-01,TCX,-0.3818
2019-11-01,TWIN,-0.06255
2019-11-01,USLM,0.0
2019-11-01,XLB,0.5994
2019-11-01,XLI,0.5994
2019-11-04,ACWI,0.0
2019-11-04,AGM,0.0
2019-11-04,AMOT,0.0
2019-11-04,ANAT,0.0
2019-11-04,AROW,0.0
2019-11-04,ASFI,0.0
2019-11-04,BBGI,-0.2023
2019-11-04,BBT,0.0
2019-11-04,BYFC,0.0
2019-11-04,CEE,0.0
2019-11-04,CLCT,0.0
2019-11-04,CRWS,0.0
2019-11-04,CTT,0.5106
2019-11-04,DKL,-0.1531
2019-11-04,FDEF,0.0
2019-11-04,FELP,-0.2023
2019-11-04,FISI,0.0
2019-11-04,GAM,0.0
2019-11-04,GHDX,0.296
2019-11-04,GRC,0.0
2019-11-04,HOLI,0.2023
2019-11-04,HOVNP,0.0
2019-11-04,IBOC,0.0
2019-11-04,IGLD,0.0
2019-11-04,IPHS,0.0
2019-11-04,JPS,0.0
2019-11-04,KEG,-0.2023
2019-11-04,LPT,0.8271
2019-11-04,MLR,0.0
2019-11-04,NBTB,0.0
2019-11-04,OXBR,0.0
2019-11-04,PEGI,0.5106
2019-11-04,RVLT,-0.2023
2019-11-04,SDT,-0.2023
2019-11-04,SMH,0.0
2019-11-04,SNR,-0.1806
2019-11-04,STI,0.0
2019-11-04,SYMC,0.0
2019-11-04,SYPR,0.3612
2019-11-04,USLM,0.0
2019-11-04,UTMD,0.0
2019-11-04,VSEC,0.0
2019-11-04,WTR,-0.1531
2019-11-05,ABDC,0.5994
2019-11-05,ACUR,0.0
2019-11-05,AROW,0.0
2019-11-05,ASFI,0.0
2019-11-05,ATV,0.296
2019-11-05,AVD,0.0
2019-11-05,BBT,0.0
2019-11-05,BRG,0.0
2019-11-05,CBPX,0.0
2019-11-05,CMRX,0.0
2019-11-05,CRWS,0.0
2019-11-05,DBEZ,0.0
2019-11-05,DNBF,0.0
2019-11-05,EBMT,0.0
2019-11-05,ESGR,0.0
2019-11-05,EVI,0.2263
2019-11-05,FDEF,0.0
2019-11-05,FFG,0.10115
2019-11-05,FNHC,-0.1806
2019-11-05,GAM,0.0
2019-11-05,GLT,0.0
2019-11-05,GRC,0.0
2019-11-05,GREK,0.0
2019-11-05,HBNC,0.0
2019-11-05,HCI,0.0
2019-11-05,HMTV,0.0
2019-11-05,HRTG,-0.128
2019-11-05,HTH,0.0
2019-11-05,IBOC,0.0
2019-11-05,IOSP,0.0
2019-11-05,ISD,0.0
2019-11-05,KE,0.0
2019-11-05,LANC,0.0
2019-11-05,MFSF,0.0
2019-11-05,MLR,0.0
2019-11-05,NBTB,0.0
2019-11-05,NES,0.0
2019-11-05,NHC,0.0
2019-11-05,NPK,0.2263
2019-11-05,ODC,0.0
2019-11-05,ORIT,0.0
2019-11-05,PEGI,0.1531
2019-11-05,PKD,0.0
2019-11-05,POPE,0.4477
2019-11-05,SNR,0.0
2019-11-05,SRCE,0.0
2019-11-05,SSTK,-0.07655
2019-11-05,STI,0.0
2019-11-05,SURG,0.3612
2019-11-05,SYMC,0.0
2019-11-05,TPRE,-0.1531
2019-11-05,TRUP,0.0
2019-11-05,UEC,0.4767
2019-11-05,UFPT,0.0
2019-11-05,WABC,0.0
2019-11-05,WEYS,0.0
2019-11-05,WMC,0.1531
2019-11-05,XLU,-0.1027
2019-11-06,AAMC,0.3612
2019-11-06,AE,0.2732
2019-11-06,ALSK,0.0
2019-11-06,APAM,0.3612
2019-11-06,AROW,0.0
2019-11-06,ARTNA,0.0
2019-11-06,ARTX,-0.1531
2019-11-06,BKEP,0.0516
2019-11-06,BRT,0.0
2019-11-06,CECE,-0.3612
2019-11-06,CECO,-0.2263
2019-11-06,CHIE,0.0
2019-11-06,CHII,0.0
2019-11-06,CHIM,0.0
2019-11-06,CHIQ,0.0
2019-11-06,CHIX,0.0
2019-11-06,CHSCP,0.0
2019-11-06,DF,0.0
2019-11-06,DNOW,-0.1531
2019-11-06,EE,-0.1531
2019-11-06,EWN,-0.5991500000000001
2019-11-06,GLRE,-0.2263
2019-11-06,HMN,0.0
2019-11-06,IBOC,0.0
2019-11-06,IGC,-0.10606666666666666
2019-11-06,IOSP,0.0
2019-11-06,IPHS,-0.2263
2019-11-06,JRVR,-0.1531
2019-11-06,KE,0.0
2019-11-06,KGJI,0.0
2019-11-06,MLR,0.0
2019-11-06,MRCC,0.0
2019-11-06,NGS,0.5267
2019-11-06,NRP,0.3612
2019-11-06,PBR.A,0.5267
2019-11-06,PFIE,0.128
2019-11-06,POPE,0.0
2019-11-06,REI,0.2732
2019-11-06,SENEB,0.0
2019-11-06,SNH,0.5106
2019-11-06,SYKE,0.0
2019-11-06,SYNC,-0.2787
2019-11-06,TCX,0.0
2019-11-06,TIPT,0.0
2019-11-06,TRC,0.0
2019-11-06,UBP,0.0
2019-11-06,VSI,0.296
2019-11-06,WLH,0.20215
2019-11-06,XMLV,-0.6908
2019-11-06,ZAYO,-0.3612
2019-11-07,AKG,0.0
2019-11-07,AMPH,0.0
2019-11-07,AROW,0.0
2019-11-07,BANX,0.0
2019-11-07,BBGI,-0.28175
2019-11-07,BDGE,0.0
2019-11-07,BKEP,0.2732
2019-11-07,BMRC,0.0
2019-11-07,BSQR,0.0
2019-11-07,CCBG,0.0
2019-11-07,CLFD,0.0
2019-11-07,CRCM,0.0
2019-11-07,CTHR,0.0
2019-11-07,DNBF,0.0
2019-11-07,DVD,-0.2023
2019-11-07,DXYN,-0.1531
2019-11-07,ECT,-0.2023
2019-11-07,EML,0.0
2019-11-07,ESGR,0.0
2019-11-07,FISI,0.0
2019-11-07,FNLC,0.0
2019-11-07,GAM,0.0
2019-11-07,GDP,0.0
2019-11-07,GHDX,0.4215
2019-11-07,GTS,0.0
2019-11-07,HCKT,0.0
2019-11-07,HWCC,0.0
2019-11-07,IBOC,0.0
2019-11-07,IHC,0.0
2019-11-07,IHDG,0.4404
2019-11-07,IJH,0.4404
2019-11-07,INXN,0.0
2019-11-07,JHX,0.29205
2019-11-07,JMP,-0.2023
2019-11-07,KE,0.0
2019-11-07,KEG,0.08524999999999999
2019-11-07,LGF,0.6124
2019-11-07,LMRK,0.4767
2019-11-07,MCHI,0.2023
2019-11-07,MMI,-0.1531
2019-11-07,MRIN,-0.1531
2019-11-07,NBTB,0.0
2019-11-07,NEU,0.0
2019-11-07,NGS,0.3612
2019-11-07,NL,0.0
2019-11-07,NNI,-0.2263
2019-11-07,NRP,-0.2023
2019-11-07,NWLI,0.0
2019-11-07,ODC,0.0
2019-11-07,ORIT,0.0
2019-11-07,PANL,-0.3612
2019-11-07,PBR.A,0.5106
2019-11-07,PCYG,-0.1531
2019-11-07,PNBK,-0.2023
2019-11-07,QUMU,0.296
2019-11-07,RDCM,-0.2263
2019-11-07,REFR,0.0
2019-11-07,REI,0.5106
2019-11-07,SEMG,-0.3612
2019-11-07,SFE,0.3818
2019-11-07,SGA,0.0
2019-11-07,SLMBP,-0.2023
2019-11-07,SNH,0.2553
2019-11-07,SRCE,0.0
2019-11-07,STK,0.0
2019-11-07,STRA,0.0
2019-11-07,SYKE,0.0
2019-11-07,SYMC,0.0
2019-11-07,TEAR,0.0
2019-11-07,TFSL,0.0
2019-11-07,TNAV,-0.2263
2019-11-07,TRNS,0.0
2019-11-07,UEIC,0.0
2019-11-07,XLI,-0.5859
2019-11-08,AAME,-0.2023
2019-11-08,ANY,-0.2023
2019-11-08,AYR,0.10115
2019-11-08,BAS,0.5106
2019-11-08,BBT,0.5267
2019-11-08,BKJ,0.0
2019-11-08,BSTC,0.0
2019-11-08,CMCT,-0.2023
2019-11-08,CVR,0.0
2019-11-08,DF,0.3595
2019-11-08,DHX,0.0
2019-11-08,ECT,-0.2023
2019-11-08,ENG,0.0
2019-11-08,FELP,0.15415
2019-11-08,GBL,0.0
2019-11-08,GNE,0.128
2019-11-08,GTS,0.0
2019-11-08,HCAP,0.3818
2019-11-08,INTT,-0.07655
2019-11-08,INXN,0.0
2019-11-08,JASN,-0.2023
2019-11-08,KEG,0.035449999999999995
2019-11-08,LGF,0.2023
2019-11-08,MMAC,0.25
2019-11-08,MOFG,0.0
2019-11-08,MTEX,0.0
2019-11-08,NATH,0.0
2019-11-08,NICK,0.0
2019-11-08,NYNY,0.3612
2019-11-08,OFS,0.0
2019-11-08,PEGI,0.2732
2019-11-08,PICO,0.0
2019-11-08,PLM,-0.296
2019-11-08,RST,0.2023
2019-11-08,RYAM,0.9022
2019-11-08,STI,0.5267
2019-11-08,TCFC,0.0
2019-11-08,TDV,0.4404
2019-11-08,TFSL,0.0
2019-11-08,UEIC,0.0
2019-11-08,UG,0.0
2019-11-08,UTSI,-0.1806
2019-11-10,DFE,0.5423
2019-11-11,AREX,0.4767
2019-11-11,ASUR,0.0
2019-11-11,BBT,0.10115
2019-11-11,BELFA,-0.2023
2019-11-11,CARB,0.07156666666666667
2019-11-11,CMCT,-0.2023
2019-11-11,CPAC,0.22999999999999998
2019-11-11,CRR,-0.318
2019-11-11,DF,0.0
2019-11-11,DHX,0.0
2019-11-11,ENG,0.0
2019-11-11,ENTA,0.0
2019-11-11,FPI,0.0
2019-11-11,GIFI,-0.2023
2019-11-11,GNE,0.0
2019-11-11,GVP,0.7506
2019-11-11,IGLD,0.0
2019-11-11,IOT,0.0
2019-11-11,KE,0.0
2019-11-11,KINS,0.0
2019-11-11,LEU,0.0
2019-11-11,MATW,0.0
2019-11-11,NEWM,0.0
2019-11-11,OFS,0.0
2019-11-11,PESI,0.0
2019-11-11,PME,0.0
2019-11-11,SDR,0.46025
2019-11-11,SMTX,-0.11315
2019-11-11,SOCL,0.0
2019-11-11,STK,0.0
2019-11-11,SYBT,0.0
2019-11-11,SYKE,0.0
2019-11-11,TCI,0.5574
2019-11-11,TFSL,0.0
2019-11-11,TG,0.0
2019-11-12,AAME,0.0
2019-11-12,APEI,0.0
2019-11-12,AREX,-0.2023
2019-11-12,ASUR,0.0
2019-11-12,ATV,0.0
2019-11-12,BREW,-0.1531
2019-11-12,BTN,0.5106
2019-11-12,BXMX,0.0
2019-11-12,CARB,-0.042666666666666665
2019-11-12,CBMG,0.2023
2019-11-12,CBPX,-0.11315
2019-11-12,CPHC,0.0
2019-11-12,CRR,-0.26025
2019-11-12,CUO,0.0
2019-11-12,CVV,0.0
2019-11-12,CYAN,0.0
2019-11-12,DF,0.11108333333333333
2019-11-12,DWSN,0.0
2019-11-12,EBMT,0.0
2019-11-12,ELSE,0.0
2019-11-12,ENG,0.0
2019-11-12,ENSV,0.0258
2019-11-12,EVI,0.0
2019-11-12,FARO,-0.296
2019-11-12,FCNCA,0.0
2019-11-12,FONR,0.0
2019-11-12,FSBW,0.0
2019-11-12,GIGA,0.0
2019-11-12,GNE,0.0
2019-11-12,GTT,-0.3612
2019-11-12,HDSN,0.0
2019-11-12,HHS,-0.1531
2019-11-12,HI,-0.128
2019-11-12,IGLD,0.0
2019-11-12,ISTR,0.0
2019-11-12,ITIC,0.4019
2019-11-12,KBA,0.6486
2019-11-12,KBWB,0.0
2019-11-12,KEG,-0.2023
2019-11-12,KGJI,-0.10115
2019-11-12,LBTYB,0.6808
2019-11-12,LTS,0.1654142857142857
2019-11-12,MBWM,0.0
2019-11-12,MSTR,0.0
2019-11-12,NPV,0.0
2019-11-12,OHAI,0.0
2019-11-12,PBT,-0.2023
2019-11-12,PRPH,0.0
2019-11-12,RGLS,0.0
2019-11-12,RLGT,0.3612
2019-11-12,SALM,-0.2263
2019-11-12,SDT,-0.2023
2019-11-12,SOR,0.0
2019-11-12,SPLP,0.0
2019-11-12,SYPR,0.1779
2019-11-12,TAT,0.0
2019-11-12,TG,0.0
2019-11-12,TTGT,0.0
2019-11-12,USAT,0.0
2019-11-12,WHLM,0.0
2019-11-12,WIN,-0.4767
2019-11-12,YY,0.0
2019-11-13,ASUR,0.0
2019-11-13,AUMN,0.0
2019-11-13,AWX,-0.148
2019-11-13,BREW,0.0
2019-11-13,CBPX,0.0
2019-11-13,CCF,0.0
2019-11-13,CLIR,0.0
2019-11-13,CRR,-0.2023
2019-11-13,CRWS,0.0
2019-11-13,EBMT,0.0
2019-11-13,EFA,0.0
2019-11-13,ENG,0.0
2019-11-13,ENSV,-0.3612
2019-11-13,EVOL,0.0
2019-11-13,EZA,-0.128
2019-11-13,GSS,0.0
2019-11-13,HI,0.0
2019-11-13,HOLI,0.0
2019-11-13,INFU,0.0
2019-11-13,ISNS,0.0
2019-11-13,ISTR,0.0
2019-11-13,JCTCF,0.0
2019-11-13,KGJI,-0.2023
2019-11-13,KINS,0.0
2019-11-13,KKD,0.0
2019-11-13,LANC,0.0
2019-11-13,LTS,0.0
2019-11-13,MSTR,0.0
2019-11-13,NEWM,-0.2023
2019-11-13,NSEC,0.34
2019-11-13,PIO,0.0
2019-11-13,PME,-0.2023
2019-11-13,PTN,0.0
2019-11-13,QUMU,-0.3612
2019-11-13,RLGT,-0.3612
2019-11-13,RLI,0.4019
2019-11-13,SGRP,0.0
2019-11-13,TGC,0.0
2019-11-13,TRT,0.0
2019-11-13,VO,0.0
2019-11-13,WMGI,0.3818
2019-11-13,WSTL,0.0
2019-11-13,WVVI,0.0
2019-11-13,XLI,0.0
2019-11-13,XLU,0.0
2019-11-13,YY,0.0
2019-11-14,ACU,0.6124
2019-11-14,APEI,0.0
2019-11-14,ARL,0.0
2019-11-14,AXU,0.0772
2019-11-14,CBNK,0.0
2019-11-14,CBPO,0.26335
2019-11-14,CBPX,0.0
2019-11-14,CNET,0.0
2019-11-14,CPL,0.10115
2019-11-14,CRWS,0.0
2019-11-14,EBMT,0.0
2019-11-14,ESP,0.0
2019-11-14,EVK,-0.2023
2019-11-14,EVOL,0.0
2019-11-14,FRD,0.0
2019-11-14,GBR,0.2732
2019-11-14,GFF,0.0
2019-11-14,GIFI,0.0
2019-11-14,GLAD,0.0
2019-11-14,GWGH,0.0
2019-11-14,MDLY,0.0
2019-11-14,MGIC,0.0
2019-11-14,MICT,0.0
2019-11-14,NAII,0.3612
2019-11-14,NEWM,0.0
2019-11-14,OMEX,0.0
2019-11-14,PIH,0.0
2019-11-14,QRHC,-0.1531
2019-11-14,RELV,0.0
2019-11-14,RTH,0.0
2019-11-14,SSY,0.0
2019-11-14,TCI,0.0
2019-11-14,VIA,0.0
2019-11-14,VJET,0.0
2019-11-14,VONV,0.0
2019-11-14,VOOG,0.0
2019-11-14,VTWG,0.0
2019-11-14,WHLR,0.0
2019-11-14,WSTL,-0.2023
2019-11-14,WYY,0.0
2019-11-14,XLP,0.0
2019-11-14,XNET,0.0
2019-11-15,ATLO,0.6124
2019-11-15,AWX,0.0
2019-11-15,AYR,0.0
2019-11-15,BCH,0.0
2019-11-15,BSQR,0.0
2019-11-15,CBPO,-0.296
2019-11-15,CBPX,0.0
2019-11-15,DSWL,-0.10115
2019-11-15,EVK,-0.2023
2019-11-15,GFF,0.0
2019-11-15,GLAD,0.0
2019-11-15,GVP,-0.2023
2019-11-15,HTBI,0.0
2019-11-15,IHC,0.0
2019-11-15,IROQ,0.0
2019-11-15,IWB,0.0
2019-11-15,KEP,0.0
2019-11-15,MOFG,0.0
2019-11-15,NAII,-0.2023
2019-11-15,NEU,0.0
2019-11-15,NEWM,-0.2023
2019-11-15,NRT,0.0
2019-11-15,ORIT,0.4019
2019-11-15,PBIP,0.0
2019-11-15,PER,-0.2023
2019-11-15,PJC,0.0
2019-11-15,POPE,0.0
2019-11-15,TGP,0.0
2019-11-15,WHLR,0.0
2019-11-15,WTM,0.0
2019-11-15,XLP,-0.5106
2019-11-15,XOP,0.0
2019-11-18,ARCW,-0.2023
2019-11-18,AREX,0.0
2019-11-18,BANX,0.0
2019-11-18,BBT,0.0
2019-11-18,BCH,0.0
2019-11-18,BREW,0.10115
2019-11-18,CART,0.0
2019-11-18,CIA,0.0
2019-11-18,CMCT,-0.2023
2019-11-18,CPSS,0.0
2019-11-18,CVEO,0.0
2019-11-18,CYTR,-0.2023
2019-11-18,ELLO,0.22455
2019-11-18,EVI,0.0
2019-11-18,FFG,0.0
2019-11-18,FSFG,0.0
2019-11-18,GFF,0.0
2019-11-18,GSB,0.148
2019-11-18,HHS,0.0
2019-11-18,IGLD,-0.0129
2019-11-18,ISIG,-0.2023
2019-11-18,LEU,0.0
2019-11-18,LOV,0.2263
2019-11-18,LTS,0.0
2019-11-18,MAGS,0.34
2019-11-18,MDXG,0.0
2019-11-18,OMEX,0.0
2019-11-18,PCYG,-0.2023
2019-11-18,PER,0.2732
2019-11-18,PME,-0.2023
2019-11-18,PNBK,-0.2023
2019-11-18,SCHF,0.0
2019-11-18,SIEB,0.0
2019-11-18,SPKE,0.296
2019-11-18,SSTK,0.0
2019-11-18,STI,0.0
2019-11-18,TR,0.0
2019-11-18,TRC,-0.2023
2019-11-18,TRUP,0.0
2019-11-18,WBC,0.0
2019-11-18,WMGI,0.10115
2019-11-18,XNET,0.296
2019-11-19,ALSK,-0.296
2019-11-19,AMSWA,0.2023
2019-11-19,ARC,-0.2023
2019-11-19,AREX,-0.2023
2019-11-19,BBT,0.0
2019-11-19,BXMX,0.0
2019-11-19,CART,0.0
2019-11-19,CRZO,-0.24914999999999998
2019-11-19,CYD,0.0
2019-11-19,DSWL,-0.2023
2019-11-19,ECT,-0.2023
2019-11-19,ENZN,-0.2023
2019-11-19,EVK,-0.2023
2019-11-19,GSB,0.0
2019-11-19,GTE,-0.296
2019-11-19,GVP,-0.07655
2019-11-19,INTG,0.0
2019-11-19,KCLI,-0.2023
2019-11-19,LEU,0.0
2019-11-19,LODE,0.296
2019-11-19,MBCN,0.0
2019-11-19,MCC,-0.2023
2019-11-19,NEWM,-0.2023
2019-11-19,NWPX,0.0
2019-11-19,PPSI,0.0
2019-11-19,SLMBP,-0.2023
2019-11-19,SNH,-0.2023
2019-11-19,STI,0.0
2019-11-19,TVIX,0.0
2019-11-19,UUU,0.34
2019-11-19,VXX,0.0
2019-11-19,WHLR,0.0
2019-11-19,WSTL,-0.2023
2019-11-19,ZAYO,0.0
2019-11-20,AFH,0.0
2019-11-20,AIRT,0.0
2019-11-20,BPT,-0.2023
2019-11-20,CFFI,0.0
2019-11-20,CGA,-0.2023
2019-11-20,CRR,-0.2023
2019-11-20,CRZO,-0.2023
2019-11-20,DCIX,0.0
2019-11-20,ECT,-0.2023
2019-11-20,JMP,-0.2023
2019-11-20,KEG,0.2732
2019-11-20,KGJI,-0.2023
2019-11-20,LXFR,0.10115
2019-11-20,MC,-0.128
2019-11-20,NSEC,0.34
2019-11-20,PBIP,0.0
2019-11-20,PBT,-0.2023
2019-11-20,PFLT,0.0
2019-11-20,PPSI,0.0
2019-11-20,PRPH,0.4019
2019-11-20,SENEA,0.0
2019-11-20,SNH,-0.2023
2019-11-20,STI,0.10115
2019-11-20,SYBT,0.0
2019-11-20,TFSL,0.0
2019-11-20,TOO,0.296
2019-11-20,XLI,0.0
2019-11-20,XOMA,0.6908
2019-11-21,AAME,-0.2023
2019-11-21,AMSWA,-0.1531
2019-11-21,ARC,-0.2023
2019-11-21,BAS,-0.2023
2019-11-21,BIOS,0.0
2019-11-21,BPT,-0.2023
2019-11-21,CBPX,0.0
2019-11-21,CRZO,-0.2023
2019-11-21,DLNG,0.0
2019-11-21,ENTA,-0.1806
2019-11-21,ESSA,0.0
2019-11-21,EVK,-0.2023
2019-11-21,GTE,0.1531
2019-11-21,IGC,0.0
2019-11-21,IGLD,0.0
2019-11-21,MATW,-0.11315
2019-11-21,PFXF,0.0
2019-11-21,PNNT,-0.18783333333333332
2019-11-21,TNAV,0.8779
2019-11-22,BOTJ,0.4019
2019-11-22,EMB,-0.2732
2019-11-22,ENTA,0.296
2019-11-22,EZA,-0.8481
2019-11-22,ILF,-0.7717
2019-11-22,LANC,0.0
2019-11-22,MDXG,0.0
2019-11-22,NKSH,0.10115
2019-11-22,NMR,0.0
2019-11-22,PLPC,0.0
2019-11-22,REX,0.0
2019-11-22,SGRP,0.0
2019-11-22,SMMF,0.0
2019-11-22,UG,-0.0276
2019-11-22,USLM,0.6705
2019-11-22,UVV,0.0
2019-11-25,APWC,-0.2023
2019-11-25,BAS,-0.2023
2019-11-25,CBNK,0.0
2019-11-25,CHW,0.0
2019-11-25,CNMD,0.0
2019-11-25,CRR,-0.2023
2019-11-25,DCIX,-0.296
2019-11-25,ECT,0.5106
2019-11-25,ENG,0.28595
2019-11-25,EOI,0.0
2019-11-25,EZA,-0.0772
2019-11-25,EZU,0.0
2019-11-25,FCAP,0.0
2019-11-25,FNDA,0.4939
2019-11-25,GIG,0.4767
2019-11-25,GSB,0.296
2019-11-25,IHI,0.0
2019-11-25,IX,0.0
2019-11-25,JEC,0.34687500000000004
2019-11-25,KOSS,-0.2023
2019-11-25,LODE,0.4215
2019-11-25,MPB,0.0
2019-11-25,NMR,0.0
2019-11-25,PCYG,-0.2023
2019-11-25,PLPC,0.0
2019-11-25,PSIX,-0.2023
2019-11-25,QCCO,-0.2023
2019-11-25,RGCO,0.0
2019-11-25,RYH,0.4939
2019-11-25,SBBX,0.0
2019-11-25,SPLP,-0.2023
2019-11-25,TRNS,0.0
2019-11-25,USLM,0.0
2019-11-25,VIA,0.0
2019-11-25,XLV,0.4939
2019-11-25,XLY,0.4404
2019-11-26,AHC,-0.2023
2019-11-26,APWC,0.0
2019-11-26,AXU,0.5267
2019-11-26,BANX,0.0
2019-11-26,BITA,0.0
2019-11-26,CBFV,0.0
2019-11-26,CBNK,0.0
2019-11-26,CENTA,0.0
2019-11-26,CNMD,0.10115
2019-11-26,DEF,0.6705
2019-11-26,EBSB,0.0
2019-11-26,FISI,0.0
2019-11-26,FPF,0.0
2019-11-26,FSBW,0.0
2019-11-26,GSB,0.0
2019-11-26,HIFS,0.2732
2019-11-26,IPDN,-0.2473
2019-11-26,JCE,0.0
2019-11-26,JEC,0.09545
2019-11-26,JPC,0.0
2019-11-26,JRVR,0.0
2019-11-26,KBSF,-0.2023
2019-11-26,KEG,-0.2023
2019-11-26,LAND,0.5622333333333334
2019-11-26,MBCN,0.0
2019-11-26,MDXG,-0.5563
2019-11-26,MNR,0.0
2019-11-26,NWPX,0.0
2019-11-26,PBR.A,0.0
2019-11-26,RAVN,0.0
2019-11-26,REX,0.0
2019-11-26,SENEA,0.0
2019-11-26,SGRP,0.0
2019-11-26,TC,0.0
2019-11-26,TLF,-0.2263
2019-11-26,TRNS,0.0
2019-11-26,TY,0.0
2019-11-26,UFPT,0.0
2019-11-26,VJET,0.1779
2019-11-26,WHLM,-0.2023
2019-11-27,APWC,-0.2023
2019-11-27,AVX,-0.05371666666666667
2019-11-27,BAS,-0.2023
2019-11-27,CENTA,-0.4588
2019-11-27,DXJ,0.0
2019-11-27,ESGR,0.0
2019-11-27,EWA,0.2732
2019-11-27,FCNCA,0.0
2019-11-27,GVP,-0.2023
2019-11-27,IGLD,0.296
2019-11-27,ILF,0.2023
2019-11-27,JCE,0.0
2019-11-27,JEC,0.0
2019-11-27,JPC,0.0
2019-11-27,OSN,0.0
2019-11-27,PBT,-0.2023
2019-11-27,PLPC,0.0
2019-11-27,RAVN,0.0
2019-11-27,TBNK,0.0
2019-11-27,TFSL,0.0
2019-11-27,TY,0.0
2019-11-27,VTN,0.0
2019-11-27,WHLM,-0.2023
2019-11-27,XLV,-0.1406
2019-11-29,AVX,0.0
2019-11-29,BFY,0.0
2019-11-29,BITA,-0.0258
2019-11-29,BRT,-0.3612
2019-11-29,BSAC,-0.2023
2019-11-29,CHA,-0.11405
2019-11-29,CHW,0.0
2019-11-29,CRR,-0.2023
2019-11-29,EBMT,0.0
2019-11-29,EWL,0.0
2019-11-29,GLRI,-0.2023
2019-11-29,GRAM,0.0
2019-11-29,IGLD,0.0
2019-11-29,LARK,0.0
2019-11-29,LMRK,0.0
2019-11-29,LQD,0.0
2019-11-29,MDXG,0.0
2019-11-29,NAII,-0.2023
2019-11-29,NORW,0.0
2019-11-29,OSN,0.0
2019-11-29,PME,-0.2023
2019-11-29,PMR,0.0
2019-11-29,RTH,0.0
2019-11-29,SORL,0.033099999999999984
2019-11-29,TFSL,0.0
2019-11-29,TSQ,0.0
2019-11-29,TTGT,0.0
2019-11-29,VTN,0.0
2019-12-01,BBT,0.0
2019-12-01,PBS,0.5859
2019-12-01,SDY,0.0
2019-12-02,AGD,0.0
2019-12-02,APWC,-0.2023
2019-12-02,ARGT,0.6486
2019-12-02,AVK,0.0
2019-12-02,BAS,-0.0516
2019-12-02,BCH,-0.2023
2019-12-02,BIOS,-0.4019
2019-12-02,BOSC,-0.2023
2019-12-02,CBFV,0.0
2019-12-02,CFBK,0.0
2019-12-02,CTG,0.0
2019-12-02,EBMT,0.0
2019-12-02,EOI,0.0
2019-12-02,GFF,0.0
2019-12-02,GRAM,0.0
2019-12-02,GSL,0.0
2019-12-02,GVP,-0.2023
2019-12-02,IHF,0.0
2019-12-02,ILF,0.2732
2019-12-02,IPDN,0.4019
2019-12-02,IWC,0.34
2019-12-02,JASN,-0.2023
2019-12-02,NWPX,0.0
2019-12-02,OMN,0.0
2019-12-02,PIM,0.0
2019-12-02,PPSI,-0.2023
2019-12-02,RLI,0.0
2019-12-02,ROYL,-0.2023
2019-12-02,SAL,0.0
2019-12-02,SORL,0.0
2019-12-02,SVVC,-0.2023
2019-12-02,SXI,0.0
2019-12-02,TBNK,0.0
2019-12-02,TY,0.0
2019-12-03,AXU,0.0
2019-12-03,BCH,-0.2023
2019-12-03,BOCH,-0.2023
2019-12-03,BOSC,-0.2023
2019-12-03,BREW,0.0
2019-12-03,BSAC,-0.2023
2019-12-03,CGA,-0.2023
2019-12-03,EGY,0.6486
2019-12-03,FXA,0.0
2019-12-03,HYEM,0.0
2019-12-03,JASN,-0.2023
2019-12-03,LE,-0.05103333333333334
2019-12-03,NM,-0.1531
2019-12-03,OIH,0.0
2019-12-03,RUSHB,0.0
2019-12-03,RVLT,-0.2023
2019-12-03,SMH,0.0
2019-12-03,SVVC,-0.2023
2019-12-04,BIOS,0.6597
2019-12-04,BOSC,-0.2023
2019-12-04,CTO,0.0
2019-12-04,CUI,0.0
2019-12-04,CVEO,0.0
2019-12-04,MLAB,0.10115
2019-12-04,MSEX,0.5942
2019-12-04,NTIP,0.0
2019-12-04,REX,-0.1531
2019-12-04,SEMG,0.2732
2019-12-04,SENEA,0.0
2019-12-04,SMIT,0.0
2019-12-04,VIA,0.296
2019-12-04,VNM,0.0
2019-12-04,WHLM,-0.2023
2019-12-04,XLI,0.0
2019-12-05,ALCO,0.0
2019-12-05,ASUR,0.0
2019-12-05,BF.B,0.12726666666666667
2019-12-05,BND,0.0
2019-12-05,BNDX,0.0
2019-12-05,CMCT,-0.2023
2019-12-05,DXJ,0.0
2019-12-05,EBSB,0.0
2019-12-05,ERII,0.8316
2019-12-05,FIZZ,0.0
2019-12-05,FNHC,0.0
2019-12-05,HDSN,0.0
2019-12-05,HUSA,0.8442
2019-12-05,HWKN,0.0
2019-12-05,HYT,0.0
2019-12-05,IDT,0.0
2019-12-05,IKNX,0.0
2019-12-05,IPHS,0.0
2019-12-05,IX,0.0
2019-12-05,MBB,0.0
2019-12-05,MDCO,0.0
2019-12-05,MLAB,-0.0516
2019-12-05,MRIN,-0.296
2019-12-05,NTIC,0.0
2019-12-05,ODC,0.148
2019-12-05,OMN,0.0
2019-12-05,PBR.A,0.296
2019-12-05,POWL,0.0
2019-12-05,TG,0.0
2019-12-05,VBFC,0.0
2019-12-05,WHLM,-0.2023
2019-12-06,BGY,0.0
2019-12-06,BIF,0.0
2019-12-06,CNS,0.0
2019-12-06,CRZO,0.2732
2019-12-06,ECT,0.2732
2019-12-06,ENSV,0.0
2019-12-06,EUFN,0.1513
2019-12-06,FCNCA,0.0
2019-12-06,FGP,0.0
2019-12-06,FIZZ,0.0
2019-12-06,GRX,0.0
2019-12-06,HOFT,0.0
2019-12-06,HOS,0.2732
2019-12-06,IDT,0.0
2019-12-06,IESC,0.074
2019-12-06,IHI,-0.1779
2019-12-06,IX,0.0
2019-12-06,JHX,0.0
2019-12-06,NMR,0.0
2019-12-06,ODC,0.0
2019-12-06,PESI,0.0
2019-12-06,PNBK,-0.2023
2019-12-06,POWL,0.0
2019-12-06,PWOD,0.0
2019-12-06,RST,0.10115
2019-12-06,RVT,0.0
2019-12-06,RXI,0.0
2019-12-06,SMTX,0.0
2019-12-06,SUNS,0.0
2019-12-06,SYBT,0.0
2019-12-06,TRCB,0.0
2019-12-06,UBCP,0.0
2019-12-06,UHT,0.0
2019-12-06,USAP,0.6705
2019-12-06,WEBK,-0.013040000000000006
2019-12-06,XOP,0.0
2019-12-06,XPL,0.296
2019-12-07,CBMG,0.3182
2019-12-09,ACHN,-0.4019
2019-12-09,BANX,0.3286
2019-12-09,BBC,0.8162
2019-12-09,DPLO,0.09866666666666667
2019-12-09,EFNL,0.0
2019-12-09,FIZZ,0.0
2019-12-09,GRIF,-0.296
2019-12-09,GVP,0.3612
2019-12-09,IDT,0.0
2019-12-09,LPL,0.0
2019-12-09,NDLS,0.0
2019-12-09,ORAN,0.0
2019-12-09,PCI,0.0
2019-12-09,PEGI,0.6808
2019-12-09,PTSI,0.0
2019-12-09,RFIL,0.0
2019-12-09,RNST,0.0
2019-12-09,SPRT,0.0
2019-12-09,STC,0.10115
2019-12-09,STRS,-0.4404
2019-12-09,SUPN,-0.178975
2019-12-09,VIA,0.0
2019-12-09,WEBK,0.0
2019-12-10,AGX,-0.10115
2019-12-10,ALCO,0.0
2019-12-10,ARQL,0.04046
2019-12-10,AT,0.0
2019-12-10,AXR,0.0
2019-12-10,BOCH,0.0
2019-12-10,BZM,0.0
2019-12-10,CASS,0.296
2019-12-10,CMRX,0.0
2019-12-10,CRT,-0.2023
2019-12-10,CSPI,0.0
2019-12-10,CUBA,0.0
2019-12-10,DPLO,0.0
2019-12-10,EBMT,0.0
2019-12-10,FMNB,0.0
2019-12-10,FOF,0.0
2019-12-10,FSBW,0.0
2019-12-10,GFED,0.0
2019-12-10,GSL,0.5267
2019-12-10,GTE,0.35233333333333333
2019-12-10,GUT,0.0
2019-12-10,IBTX,0.0
2019-12-10,IMOS,0.0
2019-12-10,IRS,0.0
2019-12-10,JEC,0.0
2019-12-10,JRI,0.0
2019-12-10,LITB,0.09866666666666667
2019-12-10,LPL,0.0
2019-12-10,LTC,0.2023
2019-12-10,MDCO,0.0
2019-12-10,NSEC,0.0
2019-12-10,NTP,-0.2023
2019-12-10,PCQ,0.0
2019-12-10,PESI,0.0
2019-12-10,PHI,0.0
2019-12-10,PLPC,0.0
2019-12-10,PME,-0.2023
2019-12-10,REM,0.2263
2019-12-10,RYI,0.0
2019-12-10,SBGL,0.296
2019-12-10,SFY,-0.3182
2019-12-10,SPYG,-0.3182
2019-12-10,SSW,0.0
2019-12-10,STRS,0.38585
2019-12-10,TG,0.0
2019-12-10,THOR,0.296
2019-12-10,TIPT,0.0
2019-12-10,TWIN,-0.2023
2019-12-10,VSI,0.6486
2019-12-10,VUG,-0.3182
2019-12-11,AGX,-0.2023
2019-12-11,ALCO,0.0
2019-12-11,ARQL,0.05435000000000001
2019-12-11,ATV,0.0
2019-12-11,AVP,0.0
2019-12-11,BOCH,0.0
2019-12-11,CCBG,-0.296
2019-12-11,CRT,-0.2023
2019-12-11,CTBI,0.0
2019-12-11,CTIB,0.0
2019-12-11,CUBA,0.0
2019-12-11,DLHC,-0.11315
2019-12-11,DTF,0.0
2019-12-11,FORTY,0.0
2019-12-11,GMO,0.296
2019-12-11,JOUT,0.0
2019-12-11,MC,-0.128
2019-12-11,MDCO,-0.6597
2019-12-11,MDXG,0.0
2019-12-11,MFV,0.0
2019-12-11,NSEC,0.0
2019-12-11,OFG,0.0
2019-12-11,OMCL,-0.3612
2019-12-11,PME,-0.2023
2019-12-11,PPSI,-0.2023
2019-12-11,SGMA,0.0
2019-12-11,SINO,-0.2023
2019-12-11,SMH,0.4939
2019-12-11,SOXX,0.4939
2019-12-11,SSW,0.0
2019-12-11,STRS,0.0
2019-12-11,SYBT,0.0
2019-12-11,TAIT,0.0
2019-12-11,TG,0.0
2019-12-11,THOR,0.10115
2019-12-11,VBK,0.6369
2019-12-11,VOO,-0.4201
2019-12-11,WHLR,0.2023
2019-12-11,XSLV,0.6369
2019-12-12,AE,0.2023
2019-12-12,AROW,0.0
2019-12-12,ARQL,0.5859
2019-12-12,ASMB,0.146475
2019-12-12,AVP,0.0
2019-12-12,BAS,0.4215
2019-12-12,BLW,0.0
2019-12-12,BST,0.0
2019-12-12,CELP,0.7003
2019-12-12,CRZO,0.7003
2019-12-12,CTBI,0.0
2019-12-12,EEM,0.0
2019-12-12,EGAN,0.0
2019-12-12,EMF,0.0
2019-12-12,ESGR,0.0
2019-12-12,FBIZ,0.0
2019-12-12,FCNCA,0.0
2019-12-12,FEIM,0.3825
2019-12-12,FSBW,0.0
2019-12-12,GABC,0.0
2019-12-12,GF,0.0
2019-12-12,GFY,0.0
2019-12-12,GSBC,0.0
2019-12-12,HBNC,0.0
2019-12-12,HOS,0.7003
2019-12-12,IBOC,0.0
2019-12-12,IEMG,0.0
2019-12-12,IRL,0.0
2019-12-12,MBCN,0.0
2019-12-12,MEI,0.0
2019-12-12,NWPX,0.0
2019-12-12,OMEX,0.2263
2019-12-12,PWOD,0.0
2019-12-12,RIBT,0.296
2019-12-12,SCD,0.0
2019-12-12,SCHE,0.0
2019-12-12,SGMA,0.0
2019-12-12,SMTX,0.0
2019-12-12,SSW,0.0
2019-12-12,SYBT,0.0
2019-12-12,TG,0.0
2019-12-12,TRCB,0.0
2019-12-12,TWN,0.0
2019-12-12,TY,0.0
2019-12-12,VBTX,0.128
2019-12-12,VWO,0.0
2019-12-13,AGD,0.0
2019-12-13,ANTH,-0.2023
2019-12-13,ASMB,0.0
2019-12-13,AVP,0.0
2019-12-13,BWG,0.0
2019-12-13,CHN,0.0
2019-12-13,CSV,0.0
2019-12-13,DEX,0.0
2019-12-13,DHX,0.0
2019-12-13,EGAN,0.0
2019-12-13,ETY,0.0
2019-12-13,FEIM,-0.2023
2019-12-13,FT,0.0
2019-12-13,FWRD,0.3182
2019-12-13,GF,0.0
2019-12-13,GIGA,-0.2023
2019-12-13,HBCP,0.2023
2019-12-13,IRL,0.0
2019-12-13,LBRDA,0.0
2019-12-13,LEU,0.0
2019-12-13,MBCN,0.0
2019-12-13,NAK,0.3729
2019-12-13,PBR.A,-0.2732
2019-12-13,PJC,0.0
2019-12-13,PPSI,-0.2023
2019-12-13,PSIX,-0.2023
2019-12-13,RIBT,0.0
2019-12-13,SINO,-0.2023
2019-12-13,SMTX,0.0
2019-12-13,SSW,0.0
2019-12-13,SWM,0.0
2019-12-13,TRCB,0.0
2019-12-13,TSI,0.0
2019-12-13,TSQ,0.0
2019-12-13,VIRC,0.0
2019-12-13,WIA,0.0
2019-12-13,XNET,0.0
2019-12-15,ARQL,0.0
2019-12-15,QQQE,0.0
2019-12-15,RSP,0.0
2019-12-15,THOR,0.0
2019-12-16,AEGN,0.296
2019-12-16,AGD,0.0
2019-12-16,AGRO,0.0
2019-12-16,ARKR,0.0
2019-12-16,AROW,0.0
2019-12-16,ASMB,0.0
2019-12-16,AVP,0.0
2019-12-16,CARV,0.0
2019-12-16,CELP,0.6597
2019-12-16,CIF,0.0
2019-12-16,CNOB,0.0
2019-12-16,CRR,-0.2023
2019-12-16,CRZO,0.6597
2019-12-16,CSV,0.0
2019-12-16,CTBI,0.0
2019-12-16,DEX,0.0
2019-12-16,EBSB,0.0
2019-12-16,EML,0.0
2019-12-16,ENFC,0.7506
2019-12-16,ETY,0.0
2019-12-16,FAM,0.0
2019-12-16,FBIZ,0.0
2019-12-16,FFA,0.0
2019-12-16,FMNB,0.0
2019-12-16,FNLC,0.0
2019-12-16,FNRG,-0.2023
2019-12-16,FOE,0.0
2019-12-16,FOF,0.0
2019-12-16,FT,0.0
2019-12-16,FUNC,0.1531
2019-12-16,GABC,0.0
2019-12-16,GDO,0.0
2019-12-16,GF,0.0
2019-12-16,GIGA,-0.2023
2019-12-16,GTIM,0.0
2019-12-16,HOS,0.6597
2019-12-16,INTL,0.10115
2019-12-16,JCS,0.0
2019-12-16,LOV,0.6486
2019-12-16,MCC,0.0
2019-12-16,MEIL,-0.2023
2019-12-16,NMR,0.0258
2019-12-16,NOAH,0.8225
2019-12-16,NP,0.0
2019-12-16,OFG,0.4767
2019-12-16,OFLX,0.4019
2019-12-16,OTTR,0.7003
2019-12-16,PME,-0.2023
2019-12-16,PPSI,-0.2023
2019-12-16,PSIX,-0.2023
2019-12-16,RGLS,0.0
2019-12-16,SALM,-0.2023
2019-12-16,SLV,0.5927
2019-12-16,SVVC,0.34676666666666667
2019-12-16,TC,-0.2023
2019-12-16,WYY,0.0
2019-12-17,AGD,0.0
2019-12-17,AVP,0.0
2019-12-17,BANF,0.0
2019-12-17,BIF,0.0
2019-12-17,BMA,-0.3818
2019-12-17,BPT,0.0
2019-12-17,BTT,0.0
2019-12-17,CARV,0.0
2019-12-17,CBFV,0.0
2019-12-17,CHN,0.0
2019-12-17,CMCO,0.2023
2019-12-17,CRZO,0.5420499999999999
2019-12-17,CTO,0.0
2019-12-17,CUI,0.0
2019-12-17,DEX,0.0
2019-12-17,EBSB,0.0
2019-12-17,EDC,0.0
2019-12-17,ELMD,0.0
2019-12-17,ETW,0.0
2019-12-17,FBMS,0.0
2019-12-17,FFA,0.0
2019-12-17,FNLC,0.0
2019-12-17,FOE,0.0
2019-12-17,FUND,0.0
2019-12-17,GABC,0.0
2019-12-17,GF,0.0
2019-12-17,GFY,0.0
2019-12-17,GRC,0.10115
2019-12-17,GSBC,0.0
2019-12-17,IHDG,0.1531
2019-12-17,IHF,0.4019
2019-12-17,ILF,0.8957
2019-12-17,INS,0.0
2019-12-17,INTG,0.0
2019-12-17,ISSC,0.0
2019-12-17,JCS,0.0
2019-12-17,JPC,0.0
2019-12-17,KFS,-0.2023
2019-12-17,LKFN,0.0
2019-12-17,MBWM,0.0
2019-12-17,MHH,0.0
2019-12-17,NFBK,0.0
2019-12-17,NFJ,0.0
2019-12-17,NOAH,0.0
2019-12-17,OFLX,0.0
2019-12-17,PHI,-0.2023
2019-12-17,PKBK,0.0
2019-12-17,PSIX,-0.2023
2019-12-17,RIBT,0.296
2019-12-17,RYI,0.0
2019-12-17,SRCE,0.0
2019-12-17,SVVC,0.0
2019-12-17,TBBK,0.0
2019-12-17,THFF,0.0
2019-12-17,TIPT,0.6249
2019-12-17,TSQ,0.0
2019-12-17,TWN,0.0
2019-12-17,VLGEA,-0.2023
2019-12-17,VTV,-0.3818
2019-12-17,VUG,-0.3818
2019-12-17,VXUS,-0.3818
2019-12-17,WLFC,0.4939
2019-12-17,WMGI,0.2884
2019-12-17,WSBF,0.0
2019-12-17,XLU,-0.4416
2019-12-18,AGRO,0.0
2019-12-18,AMPE,0.148
2019-12-18,AVP,0.0258
2019-12-18,BANF,0.0
2019-12-18,BSMX,0.0085
2019-12-18,BSRR,0.0
2019-12-18,CART,0.7506
2019-12-18,CCBG,0.0
2019-12-18,CHN,0.0
2019-12-18,CNOB,0.0
2019-12-18,COLB,0.0
2019-12-18,CTBI,0.0
2019-12-18,EBSB,0.0
2019-12-18,EGBN,0.0
2019-12-18,FF,0.0
2019-12-18,FMNB,0.0
2019-12-18,FNLC,0.0
2019-12-18,FRA,0.0
2019-12-18,GABC,0.0
2019-12-18,GBCI,0.0
2019-12-18,GDP,0.0
2019-12-18,HMTV,0.6808
2019-12-18,HY,0.0
2019-12-18,IMKTA,0.0
2019-12-18,ISIG,-0.2023
2019-12-18,ISSC,0.0
2019-12-18,JCS,0.0
2019-12-18,JGH,0.0
2019-12-18,KINS,-0.2023
2019-12-18,LBAI,0.0
2019-12-18,LGF,0.34
2019-12-18,LKFN,0.0
2019-12-18,LOGM,0.10115
2019-12-18,MBWM,0.0
2019-12-18,MNR,0.28515
2019-12-18,NBTB,0.0
2019-12-18,NFBK,0.0
2019-12-18,NXP,0.0
2019-12-18,OCFC,0.296
2019-12-18,PSIX,-0.2023
2019-12-18,RFIL,0.0
2019-12-18,RVLT,-0.2023
2019-12-18,SATS,0.0
2019-12-18,SMIT,-0.296
2019-12-18,SRCE,0.0
2019-12-18,STK,0.0
2019-12-18,SVVC,0.0
2019-12-18,TBBK,0.0
2019-12-18,TLI,0.0
2019-12-18,TOWN,0.0
2019-12-18,TRST,0.0
2019-12-18,TWN,0.0
2019-12-18,UBP,0.148
2019-12-18,VBTX,0.0
2019-12-18,WABC,0.0
2019-12-18,WSBF,0.0
2019-12-19,ACHN,0.4939
2019-12-19,AGRO,0.0
2019-12-19,AKG,0.0
2019-12-19,AMNB,0.296
2019-12-19,AMPE,0.0
2019-12-19,BGI,0.0
2019-12-19,CARB,0.3182
2019-12-19,CARO,0.0
2019-12-19,CRMD,0.0
2019-12-19,DCOM,0.10115
2019-12-19,EFF,0.0
2019-12-19,ETG,0.0
2019-12-19,EXG,0.0
2019-12-19,FCT,0.0
2019-12-19,FFA,0.0
2019-12-19,FFIN,0.0
2019-12-19,FGP,-0.2023
2019-12-19,GBCI,0.0
2019-12-19,GDP,-0.128
2019-12-19,GHY,0.0
2019-12-19,HTBI,0.0
2019-12-19,IMKTA,0.0
2019-12-19,INXN,0.7351
2019-12-19,ISSC,0.0
2019-12-19,JCS,0.0
2019-12-19,JGH,0.0
2019-12-19,LARK,0.0
2019-12-19,LBAI,0.0
2019-12-19,MDCO,0.0
2019-12-19,MIE,0.0
2019-12-19,MOFG,0.0
2019-12-19,MSBF,0.0
2019-12-19,NFJ,0.0
2019-12-19,NVFY,0.5719
2019-12-19,NXP,0.0
2019-12-19,OFLX,0.0
2019-12-19,OSBC,-0.07945
2019-12-19,PAM,0.2023
2019-12-19,RVLT,-0.2023
2019-12-19,TBBK,0.0
2019-12-19,TGEN,0.3612
2019-12-19,THFF,0.0
2019-12-19,THOR,0.0
2019-12-19,TLK,0.0
2019-12-19,TRCB,0.0
2019-12-19,UFPT,0.0
2019-12-19,WCG,0.0
2019-12-19,WMC,0.6369
2019-12-19,ZAYO,0.0
2019-12-20,AGRO,0.0
2019-12-20,ARGT,0.0
2019-12-20,AUMN,0.0
2019-12-20,BANF,0.0
2019-12-20,BGT,0.0
2019-12-20,BGY,0.0
2019-12-20,BMTC,0.0
2019-12-20,CARO,0.10115
2019-12-20,CCU,0.3119
2019-12-20,CHW,0.0
2019-12-20,CRCM,0.13711666666666666
2019-12-20,CRZO,0.0
2019-12-20,CSQ,0.0
2019-12-20,DF,0.4767
2019-12-20,EBF,0.0
2019-12-20,EFT,0.0
2019-12-20,ENG,0.5719
2019-12-20,ETY,0.0
2019-12-20,EXG,0.0
2019-12-20,FBMS,0.0
2019-12-20,FLIC,0.0
2019-12-20,FRA,0.0
2019-12-20,FXO,-0.3182
2019-12-20,GABC,0.0
2019-12-20,GBR,0.2732
2019-12-20,GF,0.0
2019-12-20,GFED,0.0
2019-12-20,GHY,0.0
2019-12-20,GRC,0.0
2019-12-20,GSL,0.0
2019-12-20,IJR,0.0
2019-12-20,IMKTA,0.0
2019-12-20,ITOT,0.0
2019-12-20,IVV,0.0
2019-12-20,JASN,0.0
2019-12-20,JGH,0.0
2019-12-20,JRI,0.0
2019-12-20,LBAI,0.0
2019-12-20,LBRDA,0.0
2019-12-20,LKFN,0.0
2019-12-20,LTC,0.296
2019-12-20,MAYS,-0.2023
2019-12-20,MCF,0.0
2019-12-20,MDCO,0.4019
2019-12-20,MNE,0.0
2019-12-20,MSBF,0.0
2019-12-20,NIQ,0.0
2019-12-20,OIBR,0.1779
2019-12-20,RGCO,0.0
2019-12-20,ROYL,-0.2023
2019-12-20,RVT,0.0
2019-12-20,SALM,0.296
2019-12-20,SFBS,0.0
2019-12-20,SHLO,0.3548
2019-12-20,TBNK,0.0
2019-12-20,TCBK,0.0
2019-12-20,TCFC,0.0
2019-12-20,TRCB,0.0
2019-12-20,VOO,0.0
2019-12-20,WABC,0.0
2019-12-21,XSW,0.2023
2019-12-23,AGD,0.0
2019-12-23,AMCF,-0.2023
2019-12-23,APWC,0.0
2019-12-23,ARQL,0.0
2019-12-23,AUBN,0.0
2019-12-23,AVD,0.0
2019-12-23,AVP,0.0
2019-12-23,AXU,0.296
2019-12-23,BSPM,-0.2023
2019-12-23,CAAS,0.0
2019-12-23,CGA,-0.2023
2019-12-23,CHN,0.0
2019-12-23,CII,0.0
2019-12-23,CLWT,0.0
2019-12-23,CRCM,0.0
2019-12-23,CSQ,0.0
2019-12-23,DIT,0.4019
2019-12-23,EPM,0.0
2019-12-23,FBMS,0.0
2019-12-23,FGP,-0.2023
2019-12-23,FLL,0.0
2019-12-23,FRA,0.0
2019-12-23,FT,0.0
2019-12-23,GHY,0.0
2019-12-23,GLRI,-0.2023
2019-12-23,IMKTA,0.0
2019-12-23,INB,0.0
2019-12-23,INBK,0.0
2019-12-23,JGH,0.0
2019-12-23,KE,0.0
2019-12-23,LKFN,0.0
2019-12-23,MAGS,-0.2023
2019-12-23,MCF,0.0
2019-12-23,MDCO,0.0
2019-12-23,MFNC,0.0
2019-12-23,MLP,-0.5106
2019-12-23,NFBK,-0.296
2019-12-23,NVFY,-0.2023
2019-12-23,NWFL,0.0
2019-12-23,NXQ,0.0
2019-12-23,PESI,0.0
2019-12-23,PHD,0.0
2019-12-23,RVT,0.0
2019-12-23,SBCF,0.0
2019-12-23,SFNC,0.4939
2019-12-23,SHLO,0.0
2019-12-23,SNFCA,0.34
2019-12-23,SVBL,-0.2023
2019-12-23,THOR,0.0
2019-12-23,UTF,0.0
2019-12-23,XOMA,0.0
2019-12-23,ZAYO,0.0
2019-12-24,AVP,0.5994
2019-12-24,CAAS,0.0
2019-12-24,EDN,0.0
2019-12-24,EPM,0.0
2019-12-24,IRS,0.148
2019-12-24,JNUG,0.4404
2019-12-24,JOB,0.0
2019-12-24,PESI,0.0
2019-12-24,RVSB,0.0
2019-12-24,THOR,0.0
2019-12-24,WMGI,0.10115
2019-12-24,XOMA,-0.27115
2019-12-24,XON,0.0
2019-12-26,AIRT,0.0
2019-12-26,AXU,0.0
2019-12-26,BDR,0.0
2019-12-26,BOSC,0.5574
2019-12-26,ELLO,0.4939
2019-12-26,EWH,-0.6124
2019-12-26,GWR,0.0
2019-12-26,LPL,0.0
2019-12-26,MTSL,0.0
2019-12-26,RLH,0.0
2019-12-26,THOR,-0.3612
2019-12-26,XOMA,-0.3612
2019-12-26,XON,-0.148
2019-12-27,AOD,0.0
2019-12-27,BGT,0.0
2019-12-27,BGY,0.0
2019-12-27,BIF,0.0
2019-12-27,BLW,0.0
2019-12-27,BQH,0.0
2019-12-27,CGA,0.0
2019-12-27,CII,0.0
2019-12-27,EEM,0.2787
2019-12-27,EFF,0.0
2019-12-27,EFR,0.0
2019-12-27,EFT,0.0
2019-12-27,ENFC,0.4939
2019-12-27,ETG,0.0
2019-12-27,FBMS,0.0
2019-12-27,FIF,0.0
2019-12-27,FORD,0.296
2019-12-27,FRA,0.0
2019-12-27,GRX,0.0
2019-12-27,GWR,0.0
2019-12-27,HACK,0.0
2019-12-27,HYB,0.0
2019-12-27,HYI,0.0
2019-12-27,IRL,0.0
2019-12-27,JGH,0.0
2019-12-27,JRJC,0.1702
2019-12-27,LBAI,0.0
2019-12-27,LBRDA,0.0
2019-12-27,MCR,0.0
2019-12-27,MEIL,-0.2023
2019-12-27,MPB,0.0
2019-12-27,NAUH,-0.2023
2019-12-27,NSL,0.0
2019-12-27,NUV,0.0
2019-12-27,NWFL,0.0
2019-12-27,PPR,0.0
2019-12-27,PWOD,0.0
2019-12-27,RDIB,0.0
2019-12-27,RLH,0.0
2019-12-27,RVT,0.0
2019-12-27,SLCT,0.4939
2019-12-27,SNH,0.0
2019-12-27,SPRT,-0.04046
2019-12-27,SVA,0.4767
2019-12-27,SWZ,0.0
2019-12-27,TAYD,0.0
2019-12-27,THOR,0.0
2019-12-27,UBCP,0.0
2019-12-27,WCG,0.0
2019-12-27,XNCR,0.7184
2019-12-27,XOMA,0.0
2019-12-27,ZAYO,0.0
2019-12-28,BBC,0.6369
2019-12-28,PALL,0.6369
2019-12-28,SMH,0.6369
2019-12-28,TAN,0.6369
2019-12-28,XSD,0.6369
2019-12-29,KOL,-0.6249
2019-12-30,AVP,0.0258
2019-12-30,AXU,0.0
2019-12-30,BCBP,0.296
2019-12-30,BITA,0.0
2019-12-30,CBMG,0.6908
2019-12-30,FORD,0.0
2019-12-30,GBCI,0.4019
2019-12-30,GWR,0.0
2019-12-30,IMKTA,0.296
2019-12-30,NOBL,0.0
2019-12-30,RMCF,0.0
2019-12-30,SANW,0.3182
2019-12-30,SKM,0.0
2019-12-30,SPRT,0.0
2019-12-30,XNET,0.296
2019-12-31,CAAS,0.296
2019-12-31,ELLO,0.19733333333333333
2019-12-31,LEU,0.0
2019-12-31,NMR,0.0
2019-12-31,REFR,0.4019
2019-12-31,SANW,0.802
2019-12-31,SOXX,0.296
2019-12-31,XNET,-0.1531
2019-12-31,XOP,0.0
2020-01-01,BRK.B,-0.5106
2020-01-02,ALG,0.0
2020-01-02,CNOB,-0.3612
2020-01-02,FFIN,0.0
2020-01-02,IJH,0.0
2020-01-02,MDCO,-0.0516
2020-01-02,NBHC,0.0
2020-01-02,SJT,0.0
2020-01-02,SMH,0.4767
2020-01-02,SYPR,0.1779
2020-01-02,TRMK,-0.128
2020-01-02,XON,0.3243
2020-01-03,AVP,0.0258
2020-01-03,CGA,0.0
2020-01-03,DIT,-0.296
2020-01-03,EXG,0.0
2020-01-03,FGP,-0.7506
2020-01-03,FLIC,0.0
2020-01-03,GBR,0.296
2020-01-03,GWR,0.2023
2020-01-03,HURC,0.0
2020-01-03,HUSA,0.296
2020-01-03,IDOG,0.0
2020-01-03,LOGM,0.0
2020-01-03,MDCO,-0.5106
2020-01-03,NEN,0.0258
2020-01-03,PER,0.5106
2020-01-03,RECN,0.0
2020-01-03,SDOG,0.0
2020-01-03,TGC,0.296
2020-01-03,USPH,-0.4404
2020-01-05,KRE,0.4588
2020-01-05,VEA,0.0
2020-01-06,AFT,-0.128
2020-01-06,BITA,-0.836
2020-01-06,BNDX,-0.296
2020-01-06,BPT,0.3062
2020-01-06,CGA,-0.836
2020-01-06,CHCI,0.0
2020-01-06,CTIB,0.148
2020-01-06,DIT,-0.148
2020-01-06,HABT,0.20095714285714286
2020-01-06,KRG,0.5106
2020-01-06,LNDC,0.2023
2020-01-06,MDCO,0.7351
2020-01-06,PEGI,0.2732
2020-01-06,PHI,0.10115
2020-01-06,UIHC,0.5859
2020-01-06,UMBF,0.22615000000000002
2020-01-06,VSS,-0.296
2020-01-06,VWO,-0.296
2020-01-06,VXUS,-0.296
2020-01-06,WHLR,0.5106
2020-01-06,WMGI,0.296
2020-01-06,XLB,0.8591
2020-01-06,XLV,0.8591
2020-01-06,XON,0.0
2020-01-07,BKEP,0.3395
2020-01-07,BPT,0.0
2020-01-07,CBMG,0.0
2020-01-07,CIO,0.0
2020-01-07,CTIB,-0.16985
2020-01-07,CVEO,0.0
2020-01-07,DKL,0.25
2020-01-07,FSBW,0.0
2020-01-07,FSP,0.0
2020-01-07,FVE,0.0
2020-01-07,GIFI,0.0
2020-01-07,HABT,0.06743333333333333
2020-01-07,IKNX,0.4939
2020-01-07,ILF,-0.24695
2020-01-07,ITA,0.128
2020-01-07,NTIC,-0.038275
2020-01-07,NYMX,-0.2023
2020-01-07,OMEX,0.4767
2020-01-07,PCH,0.0
2020-01-07,PFBC,0.0
2020-01-07,PPA,0.128
2020-01-07,SFY,0.6124
2020-01-07,SNH,0.0
2020-01-07,TOWN,0.10115
2020-01-08,APC,-0.6249
2020-01-08,CBFV,-0.296
2020-01-08,CBMG,0.0
2020-01-08,CCF,0.0
2020-01-08,CHSCP,0.0
2020-01-08,CTIB,0.0
2020-01-08,DPLO,0.25
2020-01-08,EEM,-0.2732
2020-01-08,FVE,0.0
2020-01-08,GSS,0.0
2020-01-08,HCCI,0.61415
2020-01-08,IMOS,0.0
2020-01-08,INXN,0.296
2020-01-08,ISNS,0.19733333333333333
2020-01-08,LEJU,0.0
2020-01-08,LEN.B,0.296
2020-01-08,LOGM,0.743
2020-01-08,NTIP,0.296
2020-01-08,NUV,0.2023
2020-01-08,OMCL,0.25
2020-01-08,PIR,0.0
2020-01-08,PKD,-0.5719
2020-01-08,PKX,0.0
2020-01-08,RELL,-0.3612
2020-01-08,SDY,0.5267
2020-01-08,TNAV,0.0
2020-01-08,XNCR,0.4939
2020-01-08,YUMA,0.0
2020-01-09,ARDC,0.0
2020-01-09,ASR,0.0
2020-01-09,AXE,0.0
2020-01-09,BGT,0.0
2020-01-09,BIF,0.0
2020-01-09,BIOS,0.0
2020-01-09,CII,0.0
2020-01-09,DSU,0.0
2020-01-09,EOI,0.0
2020-01-09,EVF,0.0
2020-01-09,EVOL,-0.296
2020-01-09,EVT,0.0
2020-01-09,EXFO,0.0
2020-01-09,FFC,0.0
2020-01-09,FVE,0.0
2020-01-09,GBDC,0.0
2020-01-09,IUSB,0.34
2020-01-09,JCTCF,0.296
2020-01-09,JGH,0.0
2020-01-09,JHX,0.0
2020-01-09,JYNT,0.0
2020-01-09,KVHI,0.0
2020-01-09,LEJU,0.0
2020-01-09,LFVN,0.0
2020-01-09,LNN,0.0
2020-01-09,MMT,0.0
2020-01-09,NAD,0.0
2020-01-09,NKG,0.0
2020-01-09,NSL,0.0
2020-01-09,NUV,0.0
2020-01-09,PCN,0.0
2020-01-09,PCYO,0.296
2020-01-09,PDFS,0.0
2020-01-09,PEGI,0.4767
2020-01-09,PFBC,0.0
2020-01-09,PFN,0.0
2020-01-09,PIR,0.0
2020-01-09,PKE,0.0
2020-01-09,PKO,0.0
2020-01-09,PMM,0.0
2020-01-09,PPT,0.0
2020-01-09,SHLO,-0.2023
2020-01-09,SNFCA,0.0
2020-01-09,STK,0.0
2020-01-09,TPL,0.35645000000000004
2020-01-09,TRUP,0.0
2020-01-09,TSC,0.0
2020-01-09,UNAM,0.0
2020-01-09,VOXX,0.0
2020-01-09,WCG,0.0
2020-01-09,WINA,0.0
2020-01-09,ZU,0.0
2020-01-10,AFT,0.0
2020-01-10,AIF,0.0
2020-01-10,AOD,0.0
2020-01-10,ARDC,0.0
2020-01-10,ASR,0.0
2020-01-10,AWF,0.0
2020-01-10,AXE,0.0
2020-01-10,BGT,0.0
2020-01-10,CII,0.0
2020-01-10,DDF,0.0
2020-01-10,DSU,0.0
2020-01-10,EEA,0.0
2020-01-10,EFR,0.0
2020-01-10,EVF,0.0
2020-01-10,EVT,0.0
2020-01-10,FEO,0.0
2020-01-10,FFC,0.0
2020-01-10,FVE,0.0
2020-01-10,GRIF,0.296
2020-01-10,INF,0.0
2020-01-10,ISNS,0.0
2020-01-10,JGH,0.0
2020-01-10,JHX,0.0
2020-01-10,LEJU,0.0
2020-01-10,LND,0.0
2020-01-10,LNN,0.0
2020-01-10,MELR,0.0
2020-01-10,MGU,0.0
2020-01-10,MUH,0.0
2020-01-10,NAD,0.0
2020-01-10,NMR,0.0
2020-01-10,NMY,0.0
2020-01-10,NTX,0.0
2020-01-10,NUV,0.0
2020-01-10,NXP,0.0
2020-01-10,PIR,0.0
2020-01-10,PLM,0.148
2020-01-10,POWI,0.0
2020-01-10,PPR,0.0
2020-01-10,RAIL,-0.2023
2020-01-10,SPNS,0.0
2020-01-10,TAN,0.0
2020-01-10,UEC,0.296
2020-01-10,VALU,0.0
2020-01-10,VLGEA,-0.2023
2020-01-10,VOXX,0.0
2020-01-10,WCG,-0.1797
2020-01-11,EEM,0.0258
2020-01-13,APC,0.2023
2020-01-13,AXE,0.0
2020-01-13,BV,0.0
2020-01-13,CGA,0.0
2020-01-13,DLA,0.6597
2020-01-13,FAS,0.0
2020-01-13,FAZ,0.0
2020-01-13,HRTX,-0.1027
2020-01-13,ICFI,0.4939
2020-01-13,INTL,0.0
2020-01-13,JOUT,0.0
2020-01-13,KBWB,0.0
2020-01-13,MRCC,-0.128
2020-01-13,NAII,0.3612
2020-01-13,NVFY,0.0
2020-01-13,PIR,0.0
2020-01-13,PMR,-0.5994
2020-01-13,PRMW,-0.02150000000000002
2020-01-13,RTH,-0.5994
2020-01-13,RTRX,0.0
2020-01-13,SJR,0.0
2020-01-14,ARKK,0.3182
2020-01-14,ARKQ,0.3182
2020-01-14,ARKW,0.3182
2020-01-14,BRC,0.2023
2020-01-14,COT,0.148
2020-01-14,CTG,0.17
2020-01-14,ECA,0.2023
2020-01-14,FVE,0.0
2020-01-14,GFF,0.0
2020-01-14,HGSH,0.296
2020-01-14,HSKA,0.4939
2020-01-14,JCTCF,0.0
2020-01-14,JMEI,0.32985
2020-01-14,JRJC,0.0
2020-01-14,KBSF,0.0
2020-01-14,MORN,-0.5267
2020-01-14,NTN,0.5411
2020-01-14,PRMW,0.018575
2020-01-14,TGC,0.0
2020-01-14,TGE,-0.0258
2020-01-14,TGEN,0.2263
2020-01-14,TPVG,0.296
2020-01-15,AGD,0.0
2020-01-15,AIF,0.0
2020-01-15,ALCO,0.0
2020-01-15,AOD,0.0
2020-01-15,ARDC,0.0
2020-01-15,ASX,0.0
2020-01-15,AWF,0.0
2020-01-15,BGT,0.0
2020-01-15,BME,0.0
2020-01-15,BST,0.0
2020-01-15,BTT,0.0
2020-01-15,CRBN,0.0
2020-01-15,CSQ,0.0
2020-01-15,CTG,0.0
2020-01-15,DEX,0.0
2020-01-15,DFP,0.0
2020-01-15,DMLP,0.0
2020-01-15,DSI,0.0
2020-01-15,DSWL,0.0
2020-01-15,EFR,0.0
2020-01-15,EFT,0.0
2020-01-15,EGBN,-0.11315
2020-01-15,EHI,0.0
2020-01-15,ETY,0.0
2020-01-15,EVT,0.0
2020-01-15,EXG,0.0
2020-01-15,FAM,0.0
2020-01-15,FIF,0.0
2020-01-15,FRA,0.0
2020-01-15,FVE,0.0
2020-01-15,GFY,0.0
2020-01-15,GPL,0.49935
2020-01-15,HIO,0.0
2020-01-15,HQH,0.0
2020-01-15,HSKA,0.0
2020-01-15,HTY,0.0
2020-01-15,ICLN,0.0
2020-01-15,INF,0.0
2020-01-15,IPHS,0.0
2020-01-15,ISD,0.0
2020-01-15,KBSF,0.0
2020-01-15,LBRDA,0.0
2020-01-15,LMNR,0.0
2020-01-15,MGRC,0.0
2020-01-15,MGU,0.0
2020-01-15,MSB,0.0
2020-01-15,OMN,0.5267
2020-01-15,PCF,0.0
2020-01-15,PHT,0.0
2020-01-15,PLBC,0.0
2020-01-15,POPE,0.10115
2020-01-15,PPR,0.0
2020-01-15,PPT,0.0
2020-01-15,RTIX,0.0
2020-01-15,SMIT,0.0
2020-01-15,SRT,0.0
2020-01-15,STC,-0.0516
2020-01-15,STK,0.0
2020-01-15,TSQ,0.0
2020-01-15,UNB,0.0
2020-01-15,WCG,0.0
2020-01-15,WIW,0.0
2020-01-15,WLH,0.0
2020-01-15,WTR,0.0
2020-01-16,AGD,0.0
2020-01-16,ALCO,0.0
2020-01-16,AMBC,0.0
2020-01-16,AOD,0.0
2020-01-16,ARDC,0.0
2020-01-16,ATLC,0.0
2020-01-16,AVK,0.0
2020-01-16,AWP,0.0
2020-01-16,AXTI,0.6808
2020-01-16,BIOS,0.0
2020-01-16,BME,0.0
2020-01-16,BMTC,0.0
2020-01-16,BTT,0.0
2020-01-16,CURE,0.0258
2020-01-16,CVLY,0.0
2020-01-16,CWCO,0.0
2020-01-16,DEX,0.0
2020-01-16,DFP,0.0
2020-01-16,DMLP,0.0
2020-01-16,DPLO,0.29205
2020-01-16,EE,0.4019
2020-01-16,EFR,0.0
2020-01-16,EMD,0.0
2020-01-16,EOS,0.0
2020-01-16,EVT,0.0
2020-01-16,FIF,0.0
2020-01-16,FORTY,0.0
2020-01-16,FUND,0.0
2020-01-16,GDV,0.0
2020-01-16,GHY,0.0
2020-01-16,GOGO,0.02200000000000002
2020-01-16,GRIF,0.0
2020-01-16,HIFS,0.0
2020-01-16,HQH,0.0
2020-01-16,INDB,-0.2263
2020-01-16,INF,0.0
2020-01-16,ISD,0.0
2020-01-16,JHX,0.0
2020-01-16,KWEB,0.0
2020-01-16,LGI,0.0
2020-01-16,MGU,0.0
2020-01-16,MNI,0.18794999999999998
2020-01-16,MSB,0.0
2020-01-16,PCH,0.0
2020-01-16,PHT,0.0
2020-01-16,PKD,0.0
2020-01-16,PLM,0.7506
2020-01-16,POPE,0.0
2020-01-16,RELV,0.17379999999999998
2020-01-16,SMH,0.0
2020-01-16,STK,0.0
2020-01-16,USAP,0.0
2020-01-16,VALU,0.0
2020-01-16,WBC,-0.4767
2020-01-16,WLH,0.0
2020-01-16,WTR,0.0
2020-01-16,XNET,0.296
2020-01-16,XON,0.0
2020-01-16,ZAYO,0.0
2020-01-17,ALCO,0.0
2020-01-17,ALG,0.0
2020-01-17,AMBC,0.0
2020-01-17,ATEN,0.0
2020-01-17,ATLC,0.0
2020-01-17,AUMN,0.0
2020-01-17,BANF,0.0
2020-01-17,BASI,0.0
2020-01-17,BCPC,0.0
2020-01-17,BIF,0.0
2020-01-17,BIOS,0.0
2020-01-17,BLX,-0.3818
2020-01-17,BOCH,0.0
2020-01-17,CII,0.0
2020-01-17,CSQ,0.0
2020-01-17,CUO,0.0
2020-01-17,CVCO,0.0
2020-01-17,CYRN,0.0
2020-01-17,DEX,0.0
2020-01-17,DHF,0.0
2020-01-17,DSU,0.0
2020-01-17,ECA,0.4767
2020-01-17,EDN,0.0
2020-01-17,EEM,-0.5994
2020-01-17,EFR,0.0
2020-01-17,EFSC,0.0
2020-01-17,EMD,0.0
2020-01-17,EOS,0.0
2020-01-17,ESCA,-0.2023
2020-01-17,ETW,0.0
2020-01-17,EVT,0.0
2020-01-17,EXG,0.0
2020-01-17,FBIZ,0.0
2020-01-17,FCT,0.0
2020-01-17,FEO,0.0
2020-01-17,FOMX,-0.1289
2020-01-17,FUND,0.0
2020-01-17,GABC,0.0
2020-01-17,GDV,0.0
2020-01-17,GF,0.0
2020-01-17,GRX,0.0
2020-01-17,HGSH,-0.2023
2020-01-17,HTY,0.0
2020-01-17,INDB,0.0
2020-01-17,INF,0.0
2020-01-17,INTL,0.0
2020-01-17,JGH,0.0
2020-01-17,JHX,0.0
2020-01-17,KGJI,0.0
2020-01-17,MICT,-0.0516
2020-01-17,MNI,0.0
2020-01-17,MQT,0.0
2020-01-17,MXF,0.0
2020-01-17,OTTR,-0.3612
2020-01-17,PAM,0.0
2020-01-17,PBIP,0.0
2020-01-17,PCH,0.0
2020-01-17,PFBC,0.0
2020-01-17,PMM,0.0
2020-01-17,PRKR,0.0
2020-01-17,RFIL,0.0
2020-01-17,RGT,0.0
2020-01-17,RTIX,-0.3612
2020-01-17,RVT,0.0
2020-01-17,SBGL,0.0772
2020-01-17,SBI,0.0
2020-01-17,SMBC,0.0
2020-01-17,SOFO,0.0
2020-01-17,SWZ,0.0
2020-01-17,SYNC,0.0
2020-01-17,TCX,0.0
2020-01-17,WABC,0.0
2020-01-17,WINA,0.296
2020-01-17,WLH,0.0
2020-01-17,WTR,0.0
2020-01-17,XON,0.0
2020-01-18,SATS,-0.296
2020-01-19,FCOM,0.0
2020-01-19,PNQI,0.0
2020-01-20,IBCP,0.0
2020-01-21,AFH,0.0
2020-01-21,AMBC,0.0
2020-01-21,ARGT,-0.8402
2020-01-21,ARL,0.296
2020-01-21,ASRV,0.0
2020-01-21,ATLC,0.0
2020-01-21,ATRI,0.0
2020-01-21,BANF,0.0
2020-01-21,BASI,0.0
2020-01-21,BBGI,0.0
2020-01-21,BCOM,0.0
2020-01-21,BGT,0.0
2020-01-21,BIOS,0.0
2020-01-21,BOSC,0.0
2020-01-21,BSRR,0.0
2020-01-21,BVSN,0.0
2020-01-21,CAF,0.0
2020-01-21,CHN,0.0
2020-01-21,CHNR,0.0
2020-01-21,CHT,0.3182
2020-01-21,CLIR,0.0
2020-01-21,CMCM,0.3818
2020-01-21,CNBKA,0.0
2020-01-21,CSS,0.10842222222222223
2020-01-21,CTT,0.5106
2020-01-21,CVCO,0.0
2020-01-21,DDF,0.0
2020-01-21,DEX,0.0
2020-01-21,DGRS,0.5267
2020-01-21,DXYN,0.0
2020-01-21,ECA,0.2732
2020-01-21,EFSC,-0.07655
2020-01-21,EFT,0.0
2020-01-21,EGY,0.6808
2020-01-21,EVK,0.0
2020-01-21,EVN,0.0
2020-01-21,EXG,0.0
2020-01-21,FAM,0.0
2020-01-21,FDEF,0.3548
2020-01-21,FFA,0.0
2020-01-21,FRA,0.0
2020-01-21,GDV,0.0
2020-01-21,GIB,0.5267
2020-01-21,GRX,0.0
2020-01-21,HBMD,0.0
2020-01-21,HGSH,-0.2023
2020-01-21,IRIX,0.0
2020-01-21,ISIG,0.0
2020-01-21,JAKK,0.0
2020-01-21,JCS,0.0
2020-01-21,JRJC,0.0
2020-01-21,JTD,0.0
2020-01-21,KBAL,0.0
2020-01-21,KEQU,-0.2023
2020-01-21,KGJI,0.0
2020-01-21,KVHI,0.0
2020-01-21,LGF,0.7184
2020-01-21,LNN,0.0
2020-01-21,LPL,0.0
2020-01-21,LTC,0.0
2020-01-21,MBWM,0.0
2020-01-21,MTSL,0.0
2020-01-21,MVO,0.0
2020-01-21,MXF,0.0
2020-01-21,NAD,0.0
2020-01-21,NIQ,0.0
2020-01-21,NM,0.0
2020-01-21,NVFY,0.0
2020-01-21,ORN,0.4588
2020-01-21,ORRF,0.0
2020-01-21,PEBO,0.0
2020-01-21,PESI,0.0
2020-01-21,PFIE,0.0
2020-01-21,PIR,0.0
2020-01-21,PME,0.0258
2020-01-21,PMM,0.0
2020-01-21,PPSI,0.0
2020-01-21,PRCP,0.0
2020-01-21,PRGS,0.0
2020-01-21,PRKR,0.0
2020-01-21,PTN,0.0
2020-01-21,QQQX,0.0
2020-01-21,RDCM,0.0
2020-01-21,RLH,0.0
2020-01-21,RNST,-0.07655
2020-01-21,SBGL,0.0
2020-01-21,SFBS,0.0
2020-01-21,SHI,-0.0258
2020-01-21,SINO,0.4939
2020-01-21,SJT,0.0
2020-01-21,SMH,0.0
2020-01-21,SMTX,0.0
2020-01-21,SOFO,0.0
2020-01-21,SPRT,0.0
2020-01-21,SWZ,0.0
2020-01-21,TRST,0.0
2020-01-21,UCBI,0.4215
2020-01-21,UCFC,0.56555
2020-01-21,UNTY,0.0
2020-01-21,VBFC,0.0
2020-01-21,WCG,0.0
2020-01-21,WTR,0.296
2020-01-22,AFH,0.0
2020-01-22,ALOT,-0.2023
2020-01-22,APWC,0.0
2020-01-22,ARC,0.0
2020-01-22,ATLC,0.0
2020-01-22,BASI,0.0
2020-01-22,BBGI,0.0
2020-01-22,BFZ,0.0
2020-01-22,BGT,0.0
2020-01-22,BPFH,0.0
2020-01-22,BRID,0.0258
2020-01-22,BSRR,0.10115
2020-01-22,BWG,0.0
2020-01-22,BXS,0.0
2020-01-22,BYFC,0.0
2020-01-22,CCM,0.24695
2020-01-22,CLIR,0.0
2020-01-22,CNS,0.0
2020-01-22,CRAI,0.0
2020-01-22,CSQ,0.0
2020-01-22,CSS,0.0
2020-01-22,CTHR,0.0
2020-01-22,CUI,0.0
2020-01-22,CVBF,0.0
2020-01-22,CVCO,0.0
2020-01-22,CVCY,0.0
2020-01-22,CVV,0.0
2020-01-22,DDF,0.0
2020-01-22,DFP,0.0
2020-01-22,DWSN,0.1366
2020-01-22,EMD,0.0
2020-01-22,EOS,0.0
2020-01-22,ETW,0.0
2020-01-22,ETY,0.0
2020-01-22,EVN,0.0
2020-01-22,EXG,0.0
2020-01-22,FCCO,0.0
2020-01-22,FMY,0.0
2020-01-22,FNLC,0.0
2020-01-22,FOMX,0.0
2020-01-22,GBL,0.0
2020-01-22,GRX,0.0
2020-01-22,GTIM,0.0
2020-01-22,HGSH,0.0
2020-01-22,HNP,0.0
2020-01-22,HRTX,0.3182
2020-01-22,HSKA,0.0
2020-01-22,HUSA,0.2732
2020-01-22,IKNX,0.0
2020-01-22,INBK,-0.2263
2020-01-22,INF,0.0
2020-01-22,INTL,0.0
2020-01-22,IPHS,0.0
2020-01-22,ISIG,0.0
2020-01-22,IWD,0.0
2020-01-22,IWS,0.0
2020-01-22,JMP,-0.128
2020-01-22,JRJC,0.0
2020-01-22,KGJI,0.0
2020-01-22,KOF,0.131025
2020-01-22,KOL,-0.5719
2020-01-22,KVHI,0.0
2020-01-22,LANC,0.10115
2020-01-22,MICT,0.042666666666666665
2020-01-22,MMT,0.0
2020-01-22,MTR,0.1366
2020-01-22,MTSL,0.0
2020-01-22,MVO,0.1366
2020-01-22,NAD,0.0
2020-01-22,NCTY,0.0
2020-01-22,NKX,0.0
2020-01-22,NLNK,0.0
2020-01-22,NRK,0.0
2020-01-22,NTP,0.0
2020-01-22,NVEC,0.0
2020-01-22,NXQ,0.0
2020-01-22,OLP,0.0
2020-01-22,OMEX,0.0
2020-01-22,OTEL,0.0
2020-01-22,OXBR,0.0
2020-01-22,PCYG,0.0
2020-01-22,PFBC,0.0
2020-01-22,PFIE,0.1366
2020-01-22,PKBK,0.0
2020-01-22,PPR,0.0
2020-01-22,QQQX,0.0
2020-01-22,RAIL,0.0
2020-01-22,RBCAA,0.0
2020-01-22,RCI,0.0
2020-01-22,RLI,0.0
2020-01-22,SFBS,0.0
2020-01-22,SPHS,0.0
2020-01-22,SSW,0.0
2020-01-22,STK,0.0
2020-01-22,TRQ,0.0
2020-01-22,TY,0.0
2020-01-22,UG,0.0129
2020-01-22,ULBI,-0.2023
2020-01-22,USAP,-0.3612
2020-01-22,UTSI,0.0
2020-01-22,VBR,0.0
2020-01-22,VIDE,-0.2023
2020-01-22,VONV,0.0
2020-01-22,WAFD,0.0
2020-01-22,WCG,0.0
2020-01-22,WEYS,0.0
2020-01-22,WILC,-0.296
2020-01-22,WLH,0.0
2020-01-22,WTR,0.0
2020-01-22,XON,0.0
2020-01-22,XTLB,0.0
2020-01-22,ZFGN,0.0
2020-01-23,AFH,0.0
2020-01-23,AIT,-0.05103333333333334
2020-01-23,AMNB,0.0
2020-01-23,AMRB,-0.2263
2020-01-23,ANY,0.0
2020-01-23,ARGT,0.4588
2020-01-23,ATTO,0.0772
2020-01-23,AVX,0.0
2020-01-23,BANC,0.0
2020-01-23,BASI,0.0
2020-01-23,BIOS,0.0
2020-01-23,BPT,0.2732
2020-01-23,CGA,0.0
2020-01-23,CLFD,-0.3612
2020-01-23,CLIR,0.0
2020-01-23,CNOB,-0.2263
2020-01-23,COLB,-0.1531
2020-01-23,DCOM,-0.2263
2020-01-23,DMLP,0.0
2020-01-23,EBTC,0.0
2020-01-23,EVOL,0.0
2020-01-23,FBIZ,0.0
2020-01-23,FCAP,0.0
2020-01-23,FFIN,0.0
2020-01-23,FOR,0.0
2020-01-23,FVE,0.4939
2020-01-23,GBCI,0.0
2020-01-23,GFED,-0.1806
2020-01-23,GTE,-0.8316
2020-01-23,IBCP,0.0
2020-01-23,IDOG,0.4019
2020-01-23,IRIX,0.0
2020-01-23,ISIG,0.0
2020-01-23,MCBC,0.0
2020-01-23,MOFG,0.0
2020-01-23,NBHC,0.0
2020-01-23,NCTY,0.0
2020-01-23,NLNK,0.0
2020-01-23,NTIP,0.7096
2020-01-23,NTP,0.0
2020-01-23,RVSB,0.0
2020-01-23,SBGL,-0.3875
2020-01-23,SFBS,0.0
2020-01-23,SFNC,0.0
2020-01-23,SFUN,0.0
2020-01-23,SHI,0.2732
2020-01-23,SPHS,0.0
2020-01-23,SSW,0.0
2020-01-23,STRT,0.34
2020-01-23,TOWN,0.0
2020-01-23,TTEC,0.5859
2020-01-23,UBCP,0.4215
2020-01-23,WBC,0.5267
2020-01-23,WEBK,0.0
2020-01-23,XLU,0.0258
2020-01-23,XOMA,0.0
2020-01-23,XTLB,0.0
2020-01-24,AFH,0.0
2020-01-24,AFT,0.0
2020-01-24,ARTW,0.0
2020-01-24,ASX,0.0
2020-01-24,ATLC,0.0
2020-01-24,AUBN,0.0
2020-01-24,AWF,0.0
2020-01-24,BANC,-0.064
2020-01-24,BGT,0.0
2020-01-24,BHK,0.0
2020-01-24,BLW,0.0
2020-01-24,BWG,0.0
2020-01-24,CCBG,0.0
2020-01-24,CFBK,0.0
2020-01-24,CHY,0.0
2020-01-24,CMRE,0.0
2020-01-24,CNS,0.0
2020-01-24,CNSL,0.0
2020-01-24,CSPI,0.0
2020-01-24,CTG,0.0
2020-01-24,CVCO,0.0
2020-01-24,CVV,0.0
2020-01-24,CWCO,0.0
2020-01-24,CYOU,0.41963333333333336
2020-01-24,DMLP,0.0
2020-01-24,ECA,0.012383333333333335
2020-01-24,EFT,0.0
2020-01-24,EOS,0.0
2020-01-24,ESCA,0.0
2020-01-24,ETG,0.0
2020-01-24,FCT,0.0
2020-01-24,FFA,0.0
2020-01-24,FFBC,0.0
2020-01-24,FOR,0.0
2020-01-24,FORTY,0.0
2020-01-24,FRA,0.0
2020-01-24,GLOP,-0.128
2020-01-24,GRX,0.0
2020-01-24,HSTM,0.0
2020-01-24,HTBK,0.14215000000000003
2020-01-24,INF,0.0
2020-01-24,IOSP,0.0
2020-01-24,ISD,0.0
2020-01-24,ISTR,-0.3612
2020-01-24,JASN,-0.2023
2020-01-24,JFR,0.0
2020-01-24,JHX,0.0
2020-01-24,JRI,0.0
2020-01-24,JTD,0.0
2020-01-24,KBSF,0.0
2020-01-24,LBAI,0.0
2020-01-24,MBCN,0.0
2020-01-24,MEN,0.0
2020-01-24,MLAB,0.0
2020-01-24,MMT,0.0
2020-01-24,MPAA,0.0
2020-01-24,MTSL,0.0
2020-01-24,MUC,0.0
2020-01-24,MYI,0.0
2020-01-24,NAD,0.0
2020-01-24,NAN,0.0
2020-01-24,NFJ,0.0
2020-01-24,NKX,0.0
2020-01-24,NRK,0.0
2020-01-24,NSL,0.0
2020-01-24,NWPX,0.0
2020-01-24,OSBC,0.0
2020-01-24,OVLY,0.0
2020-01-24,PCYO,-0.28595
2020-01-24,PER,0.2732
2020-01-24,PIR,0.0
2020-01-24,QQQX,0.0
2020-01-24,RBCAA,0.0
2020-01-24,SAL,0.0
2020-01-24,SBCF,0.0
2020-01-24,SFNC,-0.128
2020-01-24,SFUN,0.0
2020-01-24,SIFY,-0.12040000000000001
2020-01-24,SJW,0.0
2020-01-24,SMH,0.0
2020-01-24,SMMF,0.0
2020-01-24,SOXL,0.0
2020-01-24,SPNS,0.0
2020-01-24,STK,0.0
2020-01-24,SWZ,0.0
2020-01-24,SYPR,0.0
2020-01-24,TBBK,0.0
2020-01-24,TC,0.0
2020-01-24,TGP,0.0
2020-01-24,UBFO,0.6369
2020-01-24,UHT,0.0
2020-01-24,USEG,0.2732
2020-01-24,WLH,0.0
2020-01-24,WTR,0.0
2020-01-25,PAM,0.0
2020-01-27,ACHN,0.08231666666666666
2020-01-27,ARTW,0.0
2020-01-27,ASX,0.5095
2020-01-27,AZZ,0.0
2020-01-27,BCBP,0.0
2020-01-27,BCH,-0.2023
2020-01-27,BFZ,0.0
2020-01-27,BHK,0.0
2020-01-27,BIOS,0.4939
2020-01-27,BLX,0.0
2020-01-27,BMRC,0.0
2020-01-27,BOH,0.0
2020-01-27,BRID,0.296
2020-01-27,BSAC,-0.2023
2020-01-27,BTT,0.0
2020-01-27,BWFG,0.0
2020-01-27,CCM,0.4939
2020-01-27,CCU,-0.2023
2020-01-27,CLWT,0.0
2020-01-27,CMRE,0.0
2020-01-27,CNSL,0.0
2020-01-27,COT,0.0
2020-01-27,CRESY,0.0258
2020-01-27,CVV,0.0
2020-01-27,CZWI,0.0
2020-01-27,DCIX,0.0
2020-01-27,DLHC,0.0
2020-01-27,DMLP,-0.2023
2020-01-27,DUC,0.0
2020-01-27,ECA,0.0
2020-01-27,EGY,0.0
2020-01-27,FCBC,-0.2023
2020-01-27,FELE,0.0
2020-01-27,FFIN,-0.128
2020-01-27,FLXS,0.0
2020-01-27,FOR,0.0
2020-01-27,FRBA,-0.2023
2020-01-27,GSH,-0.2023
2020-01-27,GTIM,0.0
2020-01-27,HGSH,0.0
2020-01-27,INBK,-0.3612
2020-01-27,INOD,0.0
2020-01-27,INS,0.4588
2020-01-27,IRS,0.0
2020-01-27,JASN,-0.2023
2020-01-27,JMEI,0.0
2020-01-27,KW,0.24914999999999998
2020-01-27,LEJU,0.0
2020-01-27,LEO,0.0
2020-01-27,LKFN,0.0
2020-01-27,MFL,0.0
2020-01-27,MFM,0.0
2020-01-27,MHN,0.0
2020-01-27,MIY,0.0
2020-01-27,MNTX,0.4939
2020-01-27,MPA,0.0
2020-01-27,MQT,0.0
2020-01-27,MUC,0.0
2020-01-27,MYN,0.0
2020-01-27,NAN,0.0
2020-01-27,NBN,-0.2263
2020-01-27,NM,0.0
2020-01-27,NOAH,-0.7964
2020-01-27,NRIM,0.148
2020-01-27,NRK,0.0
2020-01-27,NTP,0.0
2020-01-27,NXJ,0.0
2020-01-27,OCC,0.0
2020-01-27,OIA,0.0
2020-01-27,PBR.A,-0.128
2020-01-27,PCYO,0.0
2020-01-27,PMBC,0.0
2020-01-27,PPBI,-0.128
2020-01-27,PROV,-0.3612
2020-01-27,PT,0.0
2020-01-27,RAIL,-0.2023
2020-01-27,RIBT,0.0
2020-01-27,SB,0.0
2020-01-27,SBGL,0.0
2020-01-27,SFUN,0.0
2020-01-27,STAA,0.0
2020-01-27,TRCH,-0.2023
2020-01-27,TSBK,0.0
2020-01-27,VJET,0.4019
2020-01-27,VLGEA,-0.2023
2020-01-27,WF,-0.2023
2020-01-28,ACHN,0.2787
2020-01-28,ACNB,0.0
2020-01-28,AFB,0.0
2020-01-28,ALTR,0.0
2020-01-28,AMNB,-0.128
2020-01-28,ASX,-0.1531
2020-01-28,ASYS,0.2732
2020-01-28,BASI,0.0
2020-01-28,BCOM,0.0
2020-01-28,BFZ,0.0
2020-01-28,BIOS,0.4939
2020-01-28,BOH,0.296
2020-01-28,BOSC,0.34
2020-01-28,CIZN,0.0
2020-01-28,CLWT,0.0
2020-01-28,CMRE,0.0
2020-01-28,CNSL,0.0
2020-01-28,CWCO,0.0
2020-01-28,DCIX,0.0
2020-01-28,EVN,0.0
2020-01-28,FCBC,-0.2023
2020-01-28,FCNCA,0.0
2020-01-28,FLL,0.0
2020-01-28,FLXS,0.0
2020-01-28,FSBW,0.0
2020-01-28,FVE,0.4939
2020-01-28,GABC,0.0
2020-01-28,GRBK,0.0
2020-01-28,GSB,-0.3612
2020-01-28,HBCP,0.0
2020-01-28,HDSN,0.0
2020-01-28,HGSH,0.0
2020-01-28,HTLF,-0.05296666666666667
2020-01-28,IESC,0.0
2020-01-28,JHI,0.0
2020-01-28,JVA,0.0
2020-01-28,JYNT,0.4939
2020-01-28,LARK,0.0772
2020-01-28,LEJU,0.0
2020-01-28,LEO,0.0
2020-01-28,LFVN,-0.07655
2020-01-28,MNE,0.0
2020-01-28,MPB,0.0
2020-01-28,MSTR,-0.1531
2020-01-28,MTSL,0.0
2020-01-28,MUC,0.0
2020-01-28,MXI,-0.1531
2020-01-28,NAVI,0.296
2020-01-28,NKX,0.0
2020-01-28,NVFY,0.0
2020-01-28,NXJ,0.0
2020-01-28,NYMX,0.0
2020-01-28,OTIC,0.0
2020-01-28,PAHC,0.2023
2020-01-28,PFBC,0.0
2020-01-28,PT,0.0
2020-01-28,PTSI,0.0
2020-01-28,PWOD,0.0
2020-01-28,SAL,0.0
2020-01-28,SALT,-0.128
2020-01-28,SCHN,-0.2023
2020-01-28,SKM,0.0
2020-01-28,SREV,-0.3612
2020-01-28,SSBI,0.0
2020-01-28,TAYD,-0.314025
2020-01-28,TCBK,0.0
2020-01-28,TCX,0.0
2020-01-28,TRMK,-0.2263
2020-01-28,UHT,0.0
2020-01-28,UMBF,0.0
2020-01-28,VBTX,-0.2263
2020-01-28,VIRC,0.0
2020-01-28,WAYN,0.0
2020-01-28,WF,-0.2023
2020-01-28,WIA,0.0
2020-01-28,WLH,0.0
2020-01-28,WSFS,-0.128
2020-01-28,WVFC,0.0
2020-01-29,ARTW,0.0
2020-01-29,ASYS,0.0
2020-01-29,AUBN,0.0
2020-01-29,BCPC,0.0
2020-01-29,BHK,0.0
2020-01-29,BRKL,0.0
2020-01-29,BSAC,-0.2023
2020-01-29,BTT,0.0
2020-01-29,CARV,0.0
2020-01-29,CHCO,0.0
2020-01-29,CMRE,0.0
2020-01-29,CNSL,0.296
2020-01-29,CWCO,0.4588
2020-01-29,DUC,0.0
2020-01-29,ESSA,0.0
2020-01-29,EVN,0.0
2020-01-29,FCFS,0.0
2020-01-29,FIBK,0.0
2020-01-29,FMNB,0.0
2020-01-29,FRBA,0.0
2020-01-29,FUNC,0.4215
2020-01-29,GIB,0.0
2020-01-29,GILT,0.34413333333333335
2020-01-29,GSB,0.0
2020-01-29,GSH,-0.2023
2020-01-29,HBCP,-0.128
2020-01-29,HBNC,0.0
2020-01-29,HDSN,0.0
2020-01-29,HMNY,-0.2023
2020-01-29,HTBI,0.0
2020-01-29,HYI,0.0
2020-01-29,IBTX,-0.4588
2020-01-29,IESC,0.0
2020-01-29,IIM,0.0
2020-01-29,IVAC,0.0
2020-01-29,JBSS,0.0
2020-01-29,JCE,0.0
2020-01-29,JPI,0.0
2020-01-29,JVA,0.0
2020-01-29,LCNB,0.0
2020-01-29,LEO,0.0
2020-01-29,LFUS,-0.07655
2020-01-29,LFVN,0.0
2020-01-29,LRN,-0.10115
2020-01-29,MFM,0.0
2020-01-29,MFNC,0.0
2020-01-29,MQT,0.0
2020-01-29,MSA,0.0
2020-01-29,MSTR,0.0
2020-01-29,MUS,0.0
2020-01-29,MUSA,-0.11315
2020-01-29,NAD,0.0
2020-01-29,NCA,0.0
2020-01-29,NVR,0.25
2020-01-29,OFG,0.0
2020-01-29,OTEX,0.0
2020-01-29,OVBC,0.0
2020-01-29,PAM,0.0
2020-01-29,PCYO,0.0
2020-01-29,PKD,0.0
2020-01-29,PNI,0.0
2020-01-29,PROV,0.0
2020-01-29,QYLD,0.0
2020-01-29,RFIL,0.0
2020-01-29,RMBS,0.0
2020-01-29,SEIC,-0.2263
2020-01-29,SHI,-0.2023
2020-01-29,SIEB,-0.2023
2020-01-29,SJW,0.0
2020-01-29,SSBI,0.1909
2020-01-29,TSC,0.0
2020-01-29,TSRI,0.0
2020-01-29,USAT,0.0
2020-01-30,AGRO,-0.3612
2020-01-30,AMSC,-0.2023
2020-01-30,ANAT,-0.2023
2020-01-30,ARCB,-0.1531
2020-01-30,ASYS,0.0
2020-01-30,BFZ,0.0
2020-01-30,BRID,-0.2023
2020-01-30,BSAC,-0.2023
2020-01-30,BXS,0.0
2020-01-30,CARV,0.0
2020-01-30,CCBG,0.0
2020-01-30,CFFN,0.0
2020-01-30,CORT,0.0
2020-01-30,CVCO,0.0
2020-01-30,DAC,0.0
2020-01-30,DGII,0.0
2020-01-30,DVD,0.0
2020-01-30,ELLO,0.296
2020-01-30,ELTK,0.0
2020-01-30,ENFR,0.0
2020-01-30,FCBC,-0.2023
2020-01-30,FISI,0.0
2020-01-30,FLIC,0.0
2020-01-30,FRME,0.0
2020-01-30,GFF,0.0
2020-01-30,GILT,0.0
2020-01-30,GSH,-0.2023
2020-01-30,GSIT,-0.1531
2020-01-30,HTH,0.0
2020-01-30,IEC,0.0
2020-01-30,IROQ,0.0
2020-01-30,IX,0.0
2020-01-30,JBSS,0.296
2020-01-30,KOSS,0.0
2020-01-30,KWEB,0.2023
2020-01-30,LEE,0.4019
2020-01-30,LFVN,0.0
2020-01-30,LRN,-0.2023
2020-01-30,MATW,0.0
2020-01-30,MCHI,0.2023
2020-01-30,MIXT,-0.17715
2020-01-30,MIY,0.0
2020-01-30,MLVF,0.0
2020-01-30,MSBF,0.0
2020-01-30,MSTR,0.0
2020-01-30,MUC,0.0
2020-01-30,MUE,0.0
2020-01-30,MUS,0.0
2020-01-30,MUSA,0.0
2020-01-30,MYN,0.0
2020-01-30,NAUH,0.0
2020-01-30,NCA,0.0
2020-01-30,NEA,0.0
2020-01-30,NFBK,0.0
2020-01-30,NKSH,0.0
2020-01-30,NKX,0.0
2020-01-30,NYMX,0.0
2020-01-30,OPOF,0.0
2020-01-30,OTEX,0.0
2020-01-30,PCYO,0.0
2020-01-30,PPR,0.0
2020-01-30,RDS.A,-0.8591
2020-01-30,RMBS,0.0
2020-01-30,SCHN,-0.2023
2020-01-30,SFUN,0.0
2020-01-30,SHI,-0.2023
2020-01-30,SPB,0.0
2020-01-30,STAA,0.0
2020-01-30,STXS,0.0
2020-01-30,TBBK,-0.3612
2020-01-30,TBNK,0.0
2020-01-30,TC,-0.4404
2020-01-30,TPL,0.5106
2020-01-30,UFI,0.0
2020-01-30,USAT,0.0
2020-01-30,USDP,0.0
2020-01-30,USLM,0.0
2020-01-30,VBTX,-0.4588
2020-01-30,VGM,0.0
2020-01-30,WBC,0.0
2020-01-30,WF,-0.2023
2020-01-30,WLH,0.0
2020-01-30,XNCR,0.0
2020-01-31,AMSC,-0.2023
2020-01-31,ARCB,0.0
2020-01-31,ASYS,0.0
2020-01-31,BCBP,0.0
2020-01-31,BFK,0.0
2020-01-31,BRID,-0.2023
2020-01-31,BSE,0.0
2020-01-31,BZH,0.0
2020-01-31,CARO,0.0
2020-01-31,CASS,0.0
2020-01-31,CBFV,0.0
2020-01-31,CDZI,-0.2023
2020-01-31,CKH,-0.2023
2020-01-31,CLIR,0.1027
2020-01-31,COT,-0.296
2020-01-31,CVCO,0.0
2020-01-31,DAC,0.0
2020-01-31,EMCF,0.0
2020-01-31,FENY,0.2732
2020-01-31,FFC,0.0
2020-01-31,FICO,0.26025
2020-01-31,FLIC,0.0
2020-01-31,FORTY,0.0
2020-01-31,FSAM,-0.2023
2020-01-31,FSI,0.0
2020-01-31,HAYN,-0.2023
2020-01-31,HTH,0.0
2020-01-31,IEC,0.0
2020-01-31,IIM,0.0
2020-01-31,IMO,-0.11315
2020-01-31,IQI,0.0
2020-01-31,IVAC,0.0
2020-01-31,JHI,0.0
2020-01-31,JOUT,0.074
2020-01-31,KFFB,0.0
2020-01-31,KT,-0.2023
2020-01-31,LBRDA,0.0
2020-01-31,LBRDK,0.0
2020-01-31,LEO,0.0
2020-01-31,LEU,0.2732
2020-01-31,LTS,0.4215
2020-01-31,MHN,0.0
2020-01-31,MSB,-0.2023
2020-01-31,MUC,0.0
2020-01-31,MYI,0.0
2020-01-31,NAD,0.0
2020-01-31,NEA,0.0
2020-01-31,NICK,-0.296
2020-01-31,NIQ,0.0
2020-01-31,NKG,0.0
2020-01-31,NKX,0.0
2020-01-31,NMR,0.0
2020-01-31,NMZ,0.0
2020-01-31,NXJ,0.0
2020-01-31,NXQ,0.0
2020-01-31,NYMX,-0.17556666666666665
2020-01-31,OPY,0.0
2020-01-31,PDT,0.0
2020-01-31,PGC,0.10115
2020-01-31,PICO,0.0
2020-01-31,PPR,0.0
2020-01-31,RRTS,0.0
2020-01-31,SCHN,-0.2023
2020-01-31,SGC,-0.2023
2020-01-31,SHI,-0.2023
2020-01-31,SPLP,-0.10115
2020-01-31,SSY,0.128
2020-01-31,STAA,0.0
2020-01-31,TCFC,0.0
2020-01-31,TESS,-0.2023
2020-01-31,TFSL,0.0
2020-01-31,TMP,0.148
2020-01-31,TPL,0.5106
2020-01-31,TSC,-0.128
2020-01-31,TWIN,-0.28175
2020-01-31,UEC,0.8402
2020-01-31,UEPS,0.34
2020-01-31,URG,0.8402
2020-01-31,VGM,0.0
2020-01-31,VKQ,0.0
2020-01-31,VMO,0.0
2020-01-31,WF,-0.2023
2020-02-03,ALSK,0.0
2020-02-03,ARCB,-0.128
2020-02-03,ARTW,0.0
2020-02-03,AXTI,0.0
2020-02-03,BEP,0.3818
2020-02-03,BFK,0.0
2020-02-03,BNY,0.0
2020-02-03,BUSE,0.2023
2020-02-03,BZH,0.0
2020-02-03,CAC,0.0
2020-02-03,CAF,-0.2023
2020-02-03,CARO,0.0
2020-02-03,CATO,-0.1531
2020-02-03,CEN,0.0
2020-02-03,CRMD,0.526
2020-02-03,CVV,0.0
2020-02-03,DLA,0.09866666666666667
2020-02-03,DUC,0.0
2020-02-03,EGY,0.0
2020-02-03,FCOM,0.34
2020-02-03,FFHL,0.0
2020-02-03,FRME,0.0
2020-02-03,FSI,0.0
2020-02-03,FT,0.0
2020-02-03,GSH,-0.2023
2020-02-03,HGSH,-0.2023
2020-02-03,HTH,-0.064
2020-02-03,HYI,0.0
2020-02-03,KT,-0.2023
2020-02-03,LBRDA,0.0
2020-02-03,LBRDK,0.26335
2020-02-03,LEO,0.0
2020-02-03,MAV,0.0
2020-02-03,MEN,0.0
2020-02-03,MHN,0.0
2020-02-03,MIXT,0.0
2020-02-03,MUSA,0.28515
2020-02-03,MYD,0.0
2020-02-03,NEA,0.0
2020-02-03,NID,0.0
2020-02-03,NKX,0.0
2020-02-03,NMZ,0.0
2020-02-03,NRK,0.0
2020-02-03,PAHC,-0.1531
2020-02-03,PCF,0.0
2020-02-03,PCH,-0.1531
2020-02-03,PCN,0.0
2020-02-03,PDT,0.0
2020-02-03,PESI,0.0
2020-02-03,PKBK,0.0
2020-02-03,PPBI,0.4404
2020-02-03,RBA,0.0
2020-02-03,RGCO,-0.1531
2020-02-03,RGSE,-0.2023
2020-02-03,SB,-0.0258
2020-02-03,SEIC,0.0
2020-02-03,SGC,-0.2023
2020-02-03,SGU,0.0
2020-02-03,SKM,-0.2023
2020-02-03,SREV,0.128
2020-02-03,SSBI,0.0
2020-02-03,STKL,0.0
2020-02-03,STRM,0.3182
2020-02-03,SXI,-0.1806
2020-02-03,VGI,0.0
2020-02-03,VGM,0.0
2020-02-03,VOXX,0.4215
2020-02-03,XLB,0.0
2020-02-03,XLU,0.0
2020-02-03,XSW,0.0
2020-02-04,ALLT,0.09866666666666667
2020-02-04,ARTW,0.0
2020-02-04,AXE,0.0
2020-02-04,BCPC,0.0
2020-02-04,CAC,0.0
2020-02-04,CFBK,0.0
2020-02-04,CLCT,0.0
2020-02-04,CNCE,0.3182
2020-02-04,CNS,0.0
2020-02-04,CTS,0.0
2020-02-04,DOX,0.0
2020-02-04,FCBC,0.0
2020-02-04,FFHL,0.0
2020-02-04,FICO,0.0
2020-02-04,FLC,0.0
2020-02-04,FN,0.0
2020-02-04,GBL,0.0
2020-02-04,GPL,0.4215
2020-02-04,GRAM,0.0
2020-02-04,HMNY,-0.2023
2020-02-04,HYI,0.0
2020-02-04,HYT,0.0
2020-02-04,IESC,0.0
2020-02-04,IPHS,0.6705
2020-02-04,IX,0.0
2020-02-04,JDD,-0.1531
2020-02-04,JOBS,-0.1531
2020-02-04,KBAL,0.0
2020-02-04,KEQU,-0.2023
2020-02-04,LANC,-0.1531
2020-02-04,LFUS,0.19469999999999998
2020-02-04,MGRC,0.0
2020-02-04,MSA,0.0
2020-02-04,NDLS,-0.296
2020-02-04,NM,0.0
2020-02-04,NRT,-0.2023
2020-02-04,NSSC,0.0
2020-02-04,ORAN,0.0
2020-02-04,ORN,0.5423
2020-02-04,OTTR,0.0
2020-02-04,PAHC,0.09866666666666667
2020-02-04,PHT,0.0
2020-02-04,PIR,0.0
2020-02-04,PKO,0.0
2020-02-04,POWL,-0.3612
2020-02-04,PPR,0.0
2020-02-04,PZN,0.0
2020-02-04,QUAL,0.0
2020-02-04,RGSE,-0.2023
2020-02-04,RGT,0.0
2020-02-04,RLGT,0.6486
2020-02-04,SALT,0.5267
2020-02-04,SBGL,0.5472
2020-02-04,SEIC,0.0
2020-02-04,SMIT,0.17759999999999998
2020-02-04,SWI,0.0
2020-02-04,TC,-0.2023
2020-02-04,TCS,-0.1531
2020-02-04,TESS,0.0
2020-02-04,TFSL,0.0
2020-02-04,TRNS,-0.2263
2020-02-04,USAK,-0.22036666666666668
2020-02-04,UVV,0.0
2020-02-04,VALU,0.0
2020-02-04,VGI,0.0
2020-02-04,VIG,0.4019
2020-02-04,WLH,0.0
2020-02-04,ZAYO,0.0
2020-02-05,ALLT,0.0
2020-02-05,AMSC,-0.11315
2020-02-05,AWF,0.0
2020-02-05,AZZ,0.0
2020-02-05,BAP,0.0
2020-02-05,BCPC,0.0
2020-02-05,BFK,0.0
2020-02-05,BWG,0.0
2020-02-05,CAC,0.0
2020-02-05,CBZ,-0.296
2020-02-05,CHI,0.0
2020-02-05,CHY,0.0
2020-02-05,DHX,0.0
2020-02-05,DLHC,-0.1531
2020-02-05,DOX,0.0
2020-02-05,ENSG,0.0
2020-02-05,ETG,0.0
2020-02-05,EZPW,0.0
2020-02-05,FELE,0.0
2020-02-05,FFC,0.0
2020-02-05,FN,0.0
2020-02-05,FWRD,0.0
2020-02-05,GEOS,0.0
2020-02-05,GLAD,-0.1531
2020-02-05,GRAM,0.0
2020-02-05,HMN,-0.1531
2020-02-05,HWKN,0.0
2020-02-05,HYI,0.0
2020-02-05,IEC,0.0
2020-02-05,IGR,0.0
2020-02-05,INTL,0.0
2020-02-05,ISSC,0.4019
2020-02-05,ITB,0.0
2020-02-05,JJSF,0.0
2020-02-05,KE,0.0
2020-02-05,LBTYB,-0.2023
2020-02-05,MC,0.4019
2020-02-05,MFM,0.0
2020-02-05,MHH,0.0
2020-02-05,MHO,-0.1806
2020-02-05,MKL,0.0
2020-02-05,MSC,0.2023
2020-02-05,NEOG,0.4215
2020-02-05,NIM,0.0
2020-02-05,NTIP,0.0
2020-02-05,PAHC,0.0
2020-02-05,PCM,0.0
2020-02-05,PFLT,0.0
2020-02-05,PHT,0.0
2020-02-05,PHX,0.0
2020-02-05,RELL,-0.2023
2020-02-05,RGCO,0.0
2020-02-05,RGSE,-0.2023
2020-02-05,RMBS,0.0
2020-02-05,SD,0.0
2020-02-05,SENEB,0.0
2020-02-05,SPOK,-0.2023
2020-02-05,STC,0.0
2020-02-05,STXS,0.0
2020-02-05,SWI,0.0
2020-02-05,TFSL,0.0
2020-02-05,THG,0.0
2020-02-05,TKR,0.0
2020-02-05,TSC,0.296
2020-02-05,TTMI,0.0
2020-02-05,VALU,0.0
2020-02-05,VGT,0.0
2020-02-05,WSTL,0.0
2020-02-05,WTM,0.5859
2020-02-05,XNCR,0.128
2020-02-06,ACNB,0.0
2020-02-06,AEGN,0.3612
2020-02-06,ALCO,0.0
2020-02-06,ALLT,0.0
2020-02-06,ALSK,0.0
2020-02-06,AMRK,0.23835
2020-02-06,ASR,0.0
2020-02-06,ASYS,0.0
2020-02-06,BCPC,0.0
2020-02-06,BEP,0.0
2020-02-06,BFK,0.0
2020-02-06,BV,0.0
2020-02-06,CAC,0.0
2020-02-06,CATO,0.0
2020-02-06,CBZ,0.1237
2020-02-06,CCS,0.296
2020-02-06,CENTA,-0.3612
2020-02-06,CETV,0.0
2020-02-06,CLCT,0.0
2020-02-06,CSL,0.296
2020-02-06,CTHR,-0.3612
2020-02-06,DFP,0.0
2020-02-06,EGAN,0.0
2020-02-06,ENSG,0.0
2020-02-06,ENTA,-0.1531
2020-02-06,ETG,0.0
2020-02-06,EVN,0.0
2020-02-06,FELE,0.0
2020-02-06,FFC,0.0
2020-02-06,FFG,0.0
2020-02-06,FOF,0.0
2020-02-06,FOMX,0.1589
2020-02-06,FSFG,0.0
2020-02-06,FWRD,-0.12040000000000001
2020-02-06,GAM,0.0
2020-02-06,GIGA,0.0
2020-02-06,GLOP,-0.12040000000000001
2020-02-06,GLT,0.0
2020-02-06,GRX,0.0
2020-02-06,HI,0.0
2020-02-06,IEC,0.0
2020-02-06,IMKTA,0.0
2020-02-06,IRDM,0.0
2020-02-06,IRMD,0.0
2020-02-06,ISSC,0.0
2020-02-06,JOE,0.0
2020-02-06,JPS,0.0
2020-02-06,KEQU,-0.2023
2020-02-06,KIO,0.0
2020-02-06,LEE,0.0
2020-02-06,LGF,0.6124
2020-02-06,MC,0.00425
2020-02-06,MKL,0.0
2020-02-06,MMS,0.0
2020-02-06,MOBL,-0.17143333333333333
2020-02-06,MOD,0.0
2020-02-06,MSEX,0.0
2020-02-06,MTRX,-0.10115
2020-02-06,MYD,0.0
2020-02-06,NAUH,0.0
2020-02-06,NGVC,0.19583333333333333
2020-02-06,NICK,0.0
2020-02-06,NSSC,0.2263
2020-02-06,NYMX,0.0
2020-02-06,OIIM,0.0
2020-02-06,OMCL,-0.2263
2020-02-06,PAHC,0.0
2020-02-06,PBH,0.0
2020-02-06,PDEX,0.0
2020-02-06,PFL,0.0
2020-02-06,PKO,0.0
2020-02-06,PLUS,0.10115
2020-02-06,PNNT,-0.2263
2020-02-06,PPR,0.0
2020-02-06,RGT,0.0
2020-02-06,SCSC,0.0
2020-02-06,SCU,0.0
2020-02-06,SD,0.0
2020-02-06,SEIC,0.0
2020-02-06,SENEA,0.0
2020-02-06,SENEB,0.0
2020-02-06,SOR,0.0
2020-02-06,SWI,0.0
2020-02-06,TFSL,0.0
2020-02-06,THFF,0.0
2020-02-06,TKR,0.0
2020-02-06,TNAV,0.0
2020-02-06,TTMI,0.0
2020-02-06,UEPS,0.0
2020-02-06,ULBI,0.0
2020-02-06,VGI,0.0
2020-02-06,VIDE,-0.2023
2020-02-06,VRSN,-0.2263
2020-02-06,WMS,0.1379
2020-02-07,ASX,0.0
2020-02-07,BEP,0.08399999999999999
2020-02-07,CAE,0.0
2020-02-07,CCS,0.0
2020-02-07,CYOU,0.0
2020-02-07,EGAN,0.0
2020-02-07,ELLO,-0.296
2020-02-07,ENSG,0.0
2020-02-07,FARM,0.296
2020-02-07,GLOP,-0.08533333333333333
2020-02-07,GRC,0.0
2020-02-07,GTE,-0.8519
2020-02-07,HNP,0.0
2020-02-07,INFU,-0.34
2020-02-07,ISSC,0.0
2020-02-07,ISTR,0.296
2020-02-07,IVV,0.1531
2020-02-07,IVW,0.1531
2020-02-07,LEE,0.0
2020-02-07,MHH,0.0
2020-02-07,MTRX,0.0
2020-02-07,NATH,0.0
2020-02-07,NYMX,0.0
2020-02-07,OESX,0.6597
2020-02-07,PKD,0.0
2020-02-07,PRLB,0.0
2020-02-07,TNAV,0.0
2020-02-07,VOO,0.1531
2020-02-07,WTS,0.0
2020-02-07,XLY,0.1531
2020-02-08,FCFS,0.0
2020-02-10,ACUR,0.0
2020-02-10,AGTC,0.0
2020-02-10,AIN,0.0
2020-02-10,AMRB,-0.2023
2020-02-10,ARKR,0.0
2020-02-10,ATLC,0.0
2020-02-10,BANC,0.0
2020-02-10,BHK,0.0
2020-02-10,CHI,0.0
2020-02-10,CHW,0.0
2020-02-10,CHY,0.0
2020-02-10,CII,0.0
2020-02-10,CORT,0.1027
2020-02-10,CURE,0.0
2020-02-10,DAC,0.0
2020-02-10,DGII,0.10115
2020-02-10,DTF,0.0
2020-02-10,EARN,-0.2263
2020-02-10,EGAN,0.0
2020-02-10,EMD,0.0
2020-02-10,EMQQ,0.34
2020-02-10,EOS,0.0
2020-02-10,EVI,0.0
2020-02-10,FARM,0.0
2020-02-10,FFC,0.0
2020-02-10,FONR,0.0
2020-02-10,FPF,0.0
2020-02-10,FWRD,-0.128
2020-02-10,GBDC,-0.3612
2020-02-10,GHY,0.0
2020-02-10,HNP,-0.2023
2020-02-10,HTY,0.0
2020-02-10,HYT,0.0
2020-02-10,IGR,0.0
2020-02-10,IMKTA,0.0
2020-02-10,ISD,0.0
2020-02-10,IVC,-0.0903
2020-02-10,JMEI,-0.2023
2020-02-10,JOE,0.0
2020-02-10,JPI,0.0
2020-02-10,JPS,0.0
2020-02-10,JRI,0.0
2020-02-10,JRJC,0.0
2020-02-10,JTD,0.0
2020-02-10,KEQU,-0.2023
2020-02-10,KIO,0.0
2020-02-10,KMPR,0.0
2020-02-10,LBTYB,0.5267
2020-02-10,LGF,0.6124
2020-02-10,MCC,0.2997
2020-02-10,MHN,0.0
2020-02-10,MKL,0.0
2020-02-10,MLAB,0.0
2020-02-10,MLP,-0.1806
2020-02-10,MPA,0.0
2020-02-10,MPAA,-0.12040000000000001
2020-02-10,MSEX,0.0
2020-02-10,MTRX,-0.2023
2020-02-10,NAN,0.0
2020-02-10,NEOG,-0.3612
2020-02-10,NFJ,0.0
2020-02-10,NGS,-0.2023
2020-02-10,NKX,0.0
2020-02-10,NRK,0.0
2020-02-10,NXJ,0.0
2020-02-10,PCN,0.0
2020-02-10,PCOM,0.0
2020-02-10,PCYG,-0.3612
2020-02-10,PCYO,0.0
2020-02-10,PFL,0.0
2020-02-10,PFN,0.0
2020-02-10,PHX,-0.2023
2020-02-10,PIR,0.0
2020-02-10,PRCP,-0.1806
2020-02-10,PZG,0.0
2020-02-10,QQQX,0.0
2020-02-10,QUAD,-0.296
2020-02-10,RELL,-0.2023
2020-02-10,RGSE,-0.2023
2020-02-10,RLGT,0.20993333333333333
2020-02-10,SCU,0.0
2020-02-10,SKM,-0.2023
2020-02-10,SOXX,0.34
2020-02-10,SPOK,-0.2023
2020-02-10,TDV,0.34
2020-02-10,TNAV,0.0
2020-02-10,TRNO,0.0258
2020-02-10,TTEC,-0.296
2020-02-10,UEC,0.4876333333333333
2020-02-10,URG,0.4876333333333333
2020-02-10,UUUU,0.4876333333333333
2020-02-10,VGI,0.0
2020-02-10,WMS,0.25
2020-02-10,WTS,0.0
2020-02-11,AFB,0.0
2020-02-11,AGYS,0.0
2020-02-11,AIT,0.0
2020-02-11,ARKR,0.0
2020-02-11,ATEN,0.0
2020-02-11,AVK,0.0
2020-02-11,AWP,0.0
2020-02-11,AWRE,0.0
2020-02-11,AZZ,0.4215
2020-02-11,BDL,0.0
2020-02-11,BFK,0.0
2020-02-11,BHK,0.0
2020-02-11,BKT,0.0
2020-02-11,CFBK,0.0
2020-02-11,CHI,0.0
2020-02-11,CHL,0.2263
2020-02-11,CHW,0.0
2020-02-11,CHY,0.0
2020-02-11,CII,0.0
2020-02-11,CNS,0.0
2020-02-11,CRCM,0.148
2020-02-11,CRNT,0.0
2020-02-11,CSQ,0.0
2020-02-11,CVCO,0.0
2020-02-11,CYAN,0.0
2020-02-11,DAC,0.0
2020-02-11,EGAN,0.0
2020-02-11,ELMD,0.0
2020-02-11,EOS,0.0
2020-02-11,EVN,0.0
2020-02-11,EVOL,0.8442
2020-02-11,FELE,0.0
2020-02-11,FFC,0.0
2020-02-11,FPF,0.0
2020-02-11,FUNC,0.0
2020-02-11,GAM,0.0
2020-02-11,GLYC,0.1531
2020-02-11,GOGO,0.296
2020-02-11,GRIF,0.0
2020-02-11,GTIM,0.3452
2020-02-11,HNNA,0.0
2020-02-11,HNP,-0.2023
2020-02-11,HTLF,0.5267
2020-02-11,HTY,0.0
2020-02-11,HYB,0.0
2020-02-11,HYT,0.0
2020-02-11,IGR,0.0
2020-02-11,IHC,0.0
2020-02-11,III,0.0
2020-02-11,INS,0.1366
2020-02-11,IRDM,0.0
2020-02-11,ISD,0.0
2020-02-11,ISR,-0.1531
2020-02-11,ITIC,0.0
2020-02-11,IVC,0.0
2020-02-11,IX,0.0
2020-02-11,JCE,0.0
2020-02-11,JHX,0.0
2020-02-11,JOE,0.0
2020-02-11,JPC,0.0
2020-02-11,KIO,0.0
2020-02-11,LEO,0.0
2020-02-11,MFM,0.0
2020-02-11,MHN,0.0
2020-02-11,MLP,0.0
2020-02-11,MNR,0.0
2020-02-11,MPAA,-0.064
2020-02-11,MSB,-0.2023
2020-02-11,MSEX,0.0
2020-02-11,MUH,0.0
2020-02-11,MVC,0.0
2020-02-11,MYD,0.0
2020-02-11,NAC,0.0
2020-02-11,NAII,0.3612
2020-02-11,NEA,0.0
2020-02-11,NFJ,0.0
2020-02-11,NGS,-0.2023
2020-02-11,NM,0.0
2020-02-11,NP,0.0
2020-02-11,NRK,0.0
2020-02-11,NXJ,0.0
2020-02-11,OMN,0.0
2020-02-11,OPB,0.0
2020-02-11,PDEX,0.0
2020-02-11,PDT,0.0
2020-02-11,PFL,0.0
2020-02-11,PFN,0.0
2020-02-11,PGC,0.06743333333333333
2020-02-11,PLAB,0.0
2020-02-11,PLUS,0.06743333333333333
2020-02-11,POWI,0.0
2020-02-11,PRCP,0.0
2020-02-11,PROV,0.10115
2020-02-11,PTN,-0.2263
2020-02-11,QQQX,0.0
2020-02-11,QUMU,0.074
2020-02-11,RLGT,0.0516
2020-02-11,RNP,0.0
2020-02-11,SALT,0.1779
2020-02-11,SCU,0.0
2020-02-11,SNR,0.0
2020-02-11,SSI,0.0
2020-02-11,SYNC,0.0
2020-02-11,TGH,-0.1531
2020-02-11,TRUP,0.3182
2020-02-11,UFPT,0.0
2020-02-11,UUUU,0.6369
2020-02-11,VGI,0.0
2020-02-11,VHC,-0.34
2020-02-11,VLUE,0.34
2020-02-11,WINA,0.0
2020-02-11,WTS,0.050575
2020-02-11,ZAYO,0.0
2020-02-11,ZFGN,0.2023
2020-02-12,ACCO,0.6808
2020-02-12,ADTN,0.0
2020-02-12,AIT,0.0
2020-02-12,AMOV,0.0
2020-02-12,ANAT,0.0
2020-02-12,AOD,0.0
2020-02-12,ARDX,0.2023
2020-02-12,AVK,0.0
2020-02-12,AWF,0.0
2020-02-12,AWP,0.0
2020-02-12,BFS,-0.2023
2020-02-12,BFZ,0.0
2020-02-12,BHK,0.0
2020-02-12,BKN,0.0
2020-02-12,CHE,0.0
2020-02-12,CHI,0.0
2020-02-12,CHY,0.0
2020-02-12,CII,0.0
2020-02-12,CMP,0.0
2020-02-12,CMRE,0.0
2020-02-12,COWN,-0.11315
2020-02-12,CSPI,0.0
2020-02-12,CSQ,0.0
2020-02-12,CSTE,0.0
2020-02-12,CUZ,0.0
2020-02-12,DAC,0.0
2020-02-12,DFP,0.0
2020-02-12,DSE,-0.2023
2020-02-12,EMD,0.0
2020-02-12,EQC,0.0
2020-02-12,ETG,0.0
2020-02-12,EVI,0.0
2020-02-12,FFC,0.0
2020-02-12,GAM,0.0
2020-02-12,GHY,0.0
2020-02-12,GLBZ,0.0
2020-02-12,GRIF,0.0
2020-02-12,GRX,0.0
2020-02-12,GSL,0.0
2020-02-12,HBP,-0.2023
2020-02-12,HTY,0.0
2020-02-12,HYI,0.0
2020-02-12,HYT,0.0
2020-02-12,IGR,0.0
2020-02-12,INFU,0.0
2020-02-12,INGR,0.0
2020-02-12,IRDM,0.0
2020-02-12,IRET,0.0
2020-02-12,IRIX,0.0
2020-02-12,IRT,0.4019
2020-02-12,ISD,0.0
2020-02-12,ISR,0.0
2020-02-12,JCE,0.0
2020-02-12,JHI,0.0
2020-02-12,JOE,0.0
2020-02-12,JRI,0.0
2020-02-12,KAI,0.0
2020-02-12,KIO,0.0
2020-02-12,LEE,0.0
2020-02-12,MEN,0.0
2020-02-12,MFT,0.0
2020-02-12,MGRC,0.0
2020-02-12,MGU,0.0
2020-02-12,MHH,0.0
2020-02-12,MIY,0.0
2020-02-12,MQT,0.0
2020-02-12,MUH,0.0
2020-02-12,MVC,0.0
2020-02-12,MXC,-0.0516
2020-02-12,NAII,-0.2023
2020-02-12,NAUH,0.0
2020-02-12,NEA,0.0
2020-02-12,NFJ,0.0
2020-02-12,NM,0.0
2020-02-12,NRP,-0.2023
2020-02-12,NTWK,0.0
2020-02-12,NVR,0.0
2020-02-12,NXP,0.0
2020-02-12,NZF,0.0
2020-02-12,OESX,0.0
2020-02-12,OTIC,0.0
2020-02-12,PCYG,0.0
2020-02-12,PCYO,0.0
2020-02-12,PDFS,0.1779
2020-02-12,PFD,0.0
2020-02-12,PRCP,0.0
2020-02-12,QQQE,0.0
2020-02-12,QUMU,0.0
2020-02-12,RDWR,0.0
2020-02-12,RNP,0.0
2020-02-12,ROLL,0.0
2020-02-12,SALT,0.0
2020-02-12,SANW,-0.11315
2020-02-12,SCU,0.0
2020-02-12,SD,-0.2023
2020-02-12,SEIC,0.0
2020-02-12,SFBS,0.0
2020-02-12,SLF,0.0
2020-02-12,SOR,0.0
2020-02-12,SSI,-0.2023
2020-02-12,SSW,0.0
2020-02-12,STE,0.0
2020-02-12,TCX,-0.07655
2020-02-12,TGE,0.1366
2020-02-12,TR,-0.2023
2020-02-12,TRNO,0.0
2020-02-12,TTGT,0.0
2020-02-12,UMC,0.0
2020-02-12,VAW,0.0
2020-02-12,VDE,0.0
2020-02-12,VGT,0.0
2020-02-12,VHT,0.0
2020-02-12,VLGEA,-0.2023
2020-02-12,VOX,0.0
2020-02-12,WOR,0.0
2020-02-12,WRE,0.0
2020-02-12,WTS,0.0
2020-02-12,XXII,0.296
2020-02-12,ZFGN,0.2023
2020-02-13,ACCO,0.0
2020-02-13,AEHR,0.0
2020-02-13,ATRI,-0.2023
2020-02-13,AWP,0.0
2020-02-13,AYR,0.0
2020-02-13,BRG,-0.3612
2020-02-13,CCS,0.0
2020-02-13,CIA,0.0
2020-02-13,CPAC,0.2732
2020-02-13,CSTE,-0.11010000000000002
2020-02-13,CTT,0.04185
2020-02-13,DFP,0.0
2020-02-13,DMLP,-0.2023
2020-02-13,EFR,0.5106
2020-02-13,EHI,0.0
2020-02-13,EMD,0.0
2020-02-13,EOS,0.0
2020-02-13,ESCA,-0.2023
2020-02-13,ESP,0.0
2020-02-13,FORR,0.0
2020-02-13,FR,0.0
2020-02-13,GGG,0.0
2020-02-13,GNE,0.7845
2020-02-13,GRIF,0.0
2020-02-13,GRVY,0.0
2020-02-13,HYI,0.0
2020-02-13,IRET,0.0
2020-02-13,JHI,0.0
2020-02-13,KAI,-0.064
2020-02-13,LECO,0.296
2020-02-13,LOGM,0.0
2020-02-13,MCHX,0.39225
2020-02-13,MCR,0.0
2020-02-13,MNI,0.4019
2020-02-13,NAUH,0.0
2020-02-13,NGD,0.0
2020-02-13,NM,0.0
2020-02-13,NRP,-0.2023
2020-02-13,NRT,-0.2023
2020-02-13,NWHM,-0.11315
2020-02-13,OESX,0.0
2020-02-13,OFLX,0.0
2020-02-13,OTEX,0.0
2020-02-13,PDFS,0.15836666666666666
2020-02-13,PMO,0.0
2020-02-13,QID,-0.6124
2020-02-13,RDCM,0.0
2020-02-13,RDWR,0.0
2020-02-13,RGLS,0.0
2020-02-13,SAMG,0.3612
2020-02-13,SBGL,-0.1531
2020-02-13,SFBS,0.0
2020-02-13,SLF,0.0
2020-02-13,SMSI,0.0
2020-02-13,SSTK,-0.12040000000000001
2020-02-13,SSY,0.0
2020-02-13,SWIR,0.0
2020-02-13,TI,0.0
2020-02-13,TNET,-0.07655
2020-02-13,TRNO,0.0
2020-02-13,TRT,0.0
2020-02-13,TRUP,0.0
2020-02-13,TTGT,0.0
2020-02-13,UHT,0.0
2020-02-13,USAT,0.0
2020-02-13,UUUU,0.5106
2020-02-13,WRE,0.0
2020-02-14,AMOV,0.0
2020-02-14,ATRI,-0.2023
2020-02-14,AWAY,0.0
2020-02-14,BASI,0.0
2020-02-14,BLX,0.0
2020-02-14,BMI,0.148
2020-02-14,CFBK,0.0
2020-02-14,CHI,0.0
2020-02-14,CUZ,0.0
2020-02-14,CWCO,0.0
2020-02-14,DMB,0.0
2020-02-14,EGPT,-0.1531
2020-02-14,ETY,0.0
2020-02-14,EVI,0.0
2020-02-14,FFA,0.0
2020-02-14,FORD,0.0
2020-02-14,GRVY,0.0
2020-02-14,GUT,0.6705
2020-02-14,HCAC,0.0
2020-02-14,IGR,0.0
2020-02-14,INF,0.0
2020-02-14,IRET,0.0
2020-02-14,KAI,0.0
2020-02-14,KBSF,0.0
2020-02-14,KELYA,0.0
2020-02-14,LBRDA,0.0
2020-02-14,LBRDK,0.0
2020-02-14,LOV,0.0
2020-02-14,MCHX,0.0
2020-02-14,MGU,0.0
2020-02-14,NID,0.0
2020-02-14,OPB,0.0
2020-02-14,PDFS,0.0
2020-02-14,PFO,0.0
2020-02-14,QQQX,0.0
2020-02-14,RELL,-0.2023
2020-02-14,RUSHA,-0.1956
2020-02-14,SBGL,0.4588
2020-02-14,SCU,-0.128
2020-02-14,SIGM,0.0
2020-02-14,SLF,0.0
2020-02-14,TNET,0.0
2020-02-14,TRNO,0.0
2020-02-14,TRUP,0.0
2020-02-14,TU,0.0
2020-02-14,UHT,0.0
2020-02-14,VGI,0.0
2020-02-14,WRE,0.0
2020-02-14,XLI,-0.1027
2020-02-14,XXII,-0.0516
2020-02-16,SPB,0.0
2020-02-17,PIR,0.4019
2020-02-17,SYPR,0.5719
2020-02-18,ABEV,-0.6808
2020-02-18,AEHR,0.0
2020-02-18,AEIS,0.4767
2020-02-18,AFB,0.0
2020-02-18,AGD,0.0
2020-02-18,AGM,0.0
2020-02-18,ALX,0.0
2020-02-18,AR,0.0
2020-02-18,ARDX,0.0
2020-02-18,ARTW,0.0
2020-02-18,ATV,-0.34
2020-02-18,AWP,0.0
2020-02-18,BBGI,-0.2263
2020-02-18,BFK,0.0
2020-02-18,BHK,0.0
2020-02-18,BJK,0.0
2020-02-18,BMI,0.0
2020-02-18,BWG,0.0
2020-02-18,CBZ,0.0
2020-02-18,CEL,0.0
2020-02-18,CFBK,0.0
2020-02-18,CHE,-0.07655
2020-02-18,CRY,0.0
2020-02-18,CUO,0.0
2020-02-18,CXDC,0.6739
2020-02-18,DCIX,0.0
2020-02-18,EGY,0.2732
2020-02-18,EOI,0.0
2020-02-18,EVT,0.0
2020-02-18,EXPO,0.0
2020-02-18,EZA,0.0
2020-02-18,FELE,-0.1806
2020-02-18,FFA,0.0
2020-02-18,FICO,0.0
2020-02-18,FOE,0.0
2020-02-18,FOMX,0.0
2020-02-18,FORD,0.0
2020-02-18,FRD,0.0
2020-02-18,FSP,-0.128
2020-02-18,GIB,0.296
2020-02-18,GPM,0.0
2020-02-18,GRX,0.0
2020-02-18,GSH,0.0
2020-02-18,GTT,-0.296
2020-02-18,HCKT,-0.1531
2020-02-18,HSTM,0.0
2020-02-18,IESC,0.0
2020-02-18,IGR,0.0
2020-02-18,INF,0.0
2020-02-18,IOSP,-0.07655
2020-02-18,IRDM,0.0
2020-02-18,IWN,0.0
2020-02-18,IWR,0.0
2020-02-18,JHI,0.0
2020-02-18,JHS,0.0
2020-02-18,JRS,0.0
2020-02-18,KEQU,-0.2023
2020-02-18,KRG,0.5106
2020-02-18,LBRDA,0.0
2020-02-18,LBRDK,0.0
2020-02-18,LLEX,0.0
2020-02-18,LM,0.296
2020-02-18,LTRX,0.2023
2020-02-18,MDCO,0.0
2020-02-18,MFM,0.0
2020-02-18,MKL,0.0
2020-02-18,MSEX,0.0
2020-02-18,NBHC,0.0
2020-02-18,NGG,0.0
2020-02-18,NNY,0.0
2020-02-18,NP,-0.07655
2020-02-18,ONE,-0.2023
2020-02-18,OPB,0.0
2020-02-18,OTEX,0.0
2020-02-18,OTTR,-0.1531
2020-02-18,PBPB,0.802
2020-02-18,PEBK,0.0
2020-02-18,PEGI,0.2732
2020-02-18,PHX,-0.2023
2020-02-18,PIR,-0.3182
2020-02-18,PW,0.0
2020-02-18,QQQX,0.0
2020-02-18,QUAD,0.0
2020-02-18,REXR,0.0
2020-02-18,SANW,0.0
2020-02-18,SBGL,-0.1531
2020-02-18,SCI,0.0
2020-02-18,SGU,-0.2023
2020-02-18,SHG,-0.2023
2020-02-18,SOXS,0.4588
2020-02-18,SPXS,0.4588
2020-02-18,SWM,0.0
2020-02-18,TAC,0.296
2020-02-18,TECS,0.4588
2020-02-18,TNET,0.0
2020-02-18,TRNO,0.0
2020-02-18,TTEC,-0.296
2020-02-18,UTF,0.0
2020-02-18,UTL,0.0
2020-02-18,VCRA,0.10115
2020-02-18,VIDE,-0.2023
2020-02-18,WMGI,0.0
2020-02-18,WSO,-0.4588
2020-02-18,XOP,0.0
2020-02-18,ZAYO,0.0
2020-02-19,AEHR,0.0
2020-02-19,AEIS,0.4767
2020-02-19,AGTC,0.0
2020-02-19,AHC,-0.2023
2020-02-19,AIZ,0.0
2020-02-19,AOD,0.0
2020-02-19,ARDC,0.0
2020-02-19,ARDX,0.0
2020-02-19,ARGT,0.3612
2020-02-19,ATHM,0.0
2020-02-19,ATNI,-0.1531
2020-02-19,AVK,0.0
2020-02-19,AWP,0.0
2020-02-19,AXTI,-0.1531
2020-02-19,BFK,0.0
2020-02-19,BHK,0.0
2020-02-19,BMI,0.0
2020-02-19,BSAC,-0.2023
2020-02-19,BWG,0.0
2020-02-19,CAJ,-0.2023
2020-02-19,CASS,0.0
2020-02-19,CEVA,0.0
2020-02-19,CHE,0.0
2020-02-19,CHI,0.0
2020-02-19,CHY,0.0
2020-02-19,CRMT,0.0
2020-02-19,CTHR,-0.2023
2020-02-19,CUO,0.0
2020-02-19,CVU,0.0
2020-02-19,DNOW,-0.3612
2020-02-19,EHI,0.0
2020-02-19,EMCF,0.0
2020-02-19,ENSV,0.3182
2020-02-19,EOI,0.0
2020-02-19,EOS,0.0
2020-02-19,ETG,0.0
2020-02-19,EXPO,0.0
2020-02-19,FARO,0.0
2020-02-19,FFA,0.0
2020-02-19,FIBK,0.4019
2020-02-19,FICO,0.0
2020-02-19,FIZZ,0.1531
2020-02-19,FMY,0.0
2020-02-19,FT,0.0
2020-02-19,GGG,0.0
2020-02-19,GPM,0.0
2020-02-19,HCKT,0.0
2020-02-19,HIO,0.0
2020-02-19,HNI,-0.07655
2020-02-19,HNP,0.0
2020-02-19,HOLI,-0.2263
2020-02-19,HRTX,0.0258
2020-02-19,HUSA,0.8074
2020-02-19,HYB,0.0
2020-02-19,INF,0.0
2020-02-19,IRET,0.0
2020-02-19,IRT,0.6705
2020-02-19,JAKK,-0.2263
2020-02-19,JBT,0.0
2020-02-19,JMP,0.0
2020-02-19,JRS,0.0
2020-02-19,KBSF,0.148
2020-02-19,KRNY,0.0
2020-02-19,LBRDA,0.0
2020-02-19,LBRDK,0.0
2020-02-19,LLEX,0.0
2020-02-19,LM,0.0
2020-02-19,LOPE,0.3994
2020-02-19,MGU,0.0
2020-02-19,MTRX,0.10115
2020-02-19,NGG,0.0
2020-02-19,NM,-0.1531
2020-02-19,NPO,0.0
2020-02-19,NWPX,0.0
2020-02-19,OESX,0.0
2020-02-19,OMAB,0.0
2020-02-19,OTTR,0.0
2020-02-19,PDT,0.0
2020-02-19,PFD,0.0
2020-02-19,PGZ,0.0
2020-02-19,PHT,0.0
2020-02-19,PT,0.0
2020-02-19,PTC,0.0
2020-02-19,PTN,0.0
2020-02-19,QQQX,0.0
2020-02-19,QUAD,0.0
2020-02-19,RVT,0.0
2020-02-19,SBGL,0.0
2020-02-19,SCI,0.0
2020-02-19,SINO,0.0
2020-02-19,SMIT,-0.3182
2020-02-19,SMP,-0.1531
2020-02-19,SMSI,0.0
2020-02-19,SPB,0.0
2020-02-19,SPXX,0.0
2020-02-19,SREV,0.0
2020-02-19,SSW,0.0
2020-02-19,STE,0.0
2020-02-19,STRM,0.0
2020-02-19,THRM,0.0
2020-02-19,TRNO,0.0
2020-02-19,TU,0.296
2020-02-19,UAN,-0.3612
2020-02-19,UFPT,0.0
2020-02-19,UUU,0.34
2020-02-19,VGI,0.0
2020-02-19,WAFD,0.0
2020-02-19,WIRE,-0.064
2020-02-19,WRE,0.0
2020-02-19,WSTG,0.0
2020-02-20,AEHR,0.0
2020-02-20,AIF,0.0
2020-02-20,AKG,0.0
2020-02-20,AKS,0.0
2020-02-20,AMSWA,0.0
2020-02-20,ARDX,0.0
2020-02-20,ASA,0.0
2020-02-20,ATHM,0.0
2020-02-20,AVK,0.0
2020-02-20,AXTI,0.0
2020-02-20,BCH,-0.2023
2020-02-20,BCOV,-0.06743333333333333
2020-02-20,BELFA,-0.3612
2020-02-20,BFK,0.0
2020-02-20,BRC,-0.07655
2020-02-20,BSAC,-0.2023
2020-02-20,BTA,0.0
2020-02-20,CAJ,-0.2023
2020-02-20,CBZ,-0.1531
2020-02-20,CCU,-0.2023
2020-02-20,CGIX,0.0
2020-02-20,CHDN,0.25
2020-02-20,CHI,0.0
2020-02-20,CHY,0.0
2020-02-20,CMCM,-0.5994
2020-02-20,CNSL,0.0
2020-02-20,CORT,0.017424999999999996
2020-02-20,COT,0.005149999999999988
2020-02-20,CRMT,0.0
2020-02-20,CSQ,0.0
2020-02-20,CSV,0.0
2020-02-20,DMLP,0.0
2020-02-20,DNOW,-0.4588
2020-02-20,DX,0.0
2020-02-20,ELMD,0.0
2020-02-20,EVN,0.0
2020-02-20,EXPO,0.0
2020-02-20,FARO,0.0
2020-02-20,FEIM,-0.2023
2020-02-20,GCV,0.0
2020-02-20,GRBK,0.0
2020-02-20,GSS,-0.128
2020-02-20,HCKT,0.0
2020-02-20,HNI,0.0
2020-02-20,HNP,-0.2023
2020-02-20,HRTX,-0.1027
2020-02-20,HYB,0.0
2020-02-20,IKNX,0.0
2020-02-20,INF,0.0
2020-02-20,IRT,0.6705
2020-02-20,JRVR,-0.1531
2020-02-20,KEM,0.0
2020-02-20,KT,-0.2023
2020-02-20,LEO,0.0
2020-02-20,LIVE,-0.2023
2020-02-20,LM,0.10115
2020-02-20,LOPE,0.0
2020-02-20,LTC,0.0
2020-02-20,MFD,0.0
2020-02-20,MMI,0.0
2020-02-20,MORN,0.0
2020-02-20,MPA,0.0
2020-02-20,MSA,0.0772
2020-02-20,MSC,0.0
2020-02-20,MUE,0.0
2020-02-20,NECB,0.0
2020-02-20,NEP,0.2732
2020-02-20,NGVC,-0.2023
2020-02-20,NMY,0.0
2020-02-20,NMZ,0.0
2020-02-20,NRT,-0.2023
2020-02-20,NUV,0.0
2020-02-20,NZF,0.0
2020-02-20,PBPB,0.296
2020-02-20,PBYI,-0.1531
2020-02-20,PMO,0.0
2020-02-20,QUAD,0.0
2020-02-20,RGT,0.0
2020-02-20,RVT,0.0
2020-02-20,SATS,0.0
2020-02-20,SCL,0.0
2020-02-20,SGC,0.5423
2020-02-20,SHG,-0.2023
2020-02-20,SKM,-0.2023
2020-02-20,SPDC,0.0
2020-02-20,SREV,0.0
2020-02-20,STFC,0.0
2020-02-20,SUNS,0.0
2020-02-20,SWM,-0.05103333333333334
2020-02-20,TAN,-0.1027
2020-02-20,THRM,0.0
2020-02-20,TKC,0.09866666666666667
2020-02-20,TNC,0.0
2020-02-20,UAN,-0.2023
2020-02-20,UBCP,0.4215
2020-02-20,UCTT,0.2679333333333333
2020-02-20,UEIC,-0.1531
2020-02-20,UFPT,0.0
2020-02-20,UIHC,0.4215
2020-02-20,VGI,0.0
2020-02-20,VPG,-0.128
2020-02-20,WF,-0.2023
2020-02-20,WIA,0.0
2020-02-20,WIRE,0.0
2020-02-20,Y,0.148
2020-02-21,AMPE,0.1531
2020-02-21,AMSWA,0.050575
2020-02-21,ARDX,-0.128
2020-02-21,BAP,-0.2023
2020-02-21,BASI,0.0
2020-02-21,BCOV,0.0
2020-02-21,BCPC,0.0
2020-02-21,BOCH,0.296
2020-02-21,BTG,0.9169
2020-02-21,CAJ,-0.2023
2020-02-21,CDZI,0.0
2020-02-21,CEN,-0.2023
2020-02-21,CGIX,0.0
2020-02-21,CIB,0.0
2020-02-21,CMCM,0.34
2020-02-21,CNSL,0.0
2020-02-21,CORT,0.0
2020-02-21,CRMT,0.0
2020-02-21,CSV,0.0
2020-02-21,CTO,0.0
2020-02-21,CUZ,0.0
2020-02-21,CXDC,-0.2023
2020-02-21,DCIX,-0.2023
2020-02-21,DSE,-0.2023
2020-02-21,EEA,-0.4023
2020-02-21,EHI,0.0
2020-02-21,ESCA,0.0
2020-02-21,ESE,-0.5267
2020-02-21,EURL,0.0
2020-02-21,FARO,0.0
2020-02-21,FMN,0.0
2020-02-21,GFY,0.0
2020-02-21,GRBK,0.0
2020-02-21,GRIF,0.0
2020-02-21,HNI,0.0
2020-02-21,HYB,0.0
2020-02-21,IESC,-0.296
2020-02-21,JHS,0.0
2020-02-21,JMLP,-0.2023
2020-02-21,KT,-0.2023
2020-02-21,LEO,0.0
2020-02-21,MCF,0.0
2020-02-21,MGEE,0.0
2020-02-21,MLP,0.0
2020-02-21,MSA,0.4215
2020-02-21,MUH,0.0
2020-02-21,MVF,0.0
2020-02-21,MYF,0.0
2020-02-21,MYI,0.0
2020-02-21,NAC,0.0
2020-02-21,NCA,0.0
2020-02-21,NCTY,-0.2263
2020-02-21,NEA,0.0
2020-02-21,NGD,0.8481
2020-02-21,NICK,0.4019
2020-02-21,NMZ,0.0
2020-02-21,NNY,0.0
2020-02-21,NRK,0.0
2020-02-21,NUV,0.0
2020-02-21,NZF,0.0
2020-02-21,OLED,0.0
2020-02-21,ONE,-0.2023
2020-02-21,PBYI,0.0
2020-02-21,PCYO,0.0
2020-02-21,PDT,0.0
2020-02-21,PFN,0.0
2020-02-21,PHD,0.0
2020-02-21,PKO,0.0
2020-02-21,PT,0.0
2020-02-21,ROG,-0.1527666666666667
2020-02-21,SATS,0.4215
2020-02-21,SBR,-0.2023
2020-02-21,SCI,0.0
2020-02-21,SD,-0.2023
2020-02-21,SFUN,0.0
2020-02-21,SHG,-0.2023
2020-02-21,SKM,-0.2023
2020-02-21,SPDC,0.0
2020-02-21,SREV,0.0
2020-02-21,SVA,0.0
2020-02-21,TAC,0.0
2020-02-21,THRM,0.10115
2020-02-21,TSLX,0.0
2020-02-21,TSRI,0.074
2020-02-21,TWMC,0.34842
2020-02-21,TYG,-0.2023
2020-02-21,UEIC,0.0
2020-02-21,UFPI,0.0
2020-02-21,UTI,0.09866666666666667
2020-02-21,WF,-0.2023
2020-02-21,WIA,0.0
2020-02-21,WSTG,0.0
2020-02-21,ZEUS,-0.12040000000000001
2020-02-21,ZTR,0.0
2020-02-23,CEL,-0.296
2020-02-23,CNCE,0.0
2020-02-23,EWO,-0.4767
2020-02-23,OTIC,0.0
2020-02-24,ALLT,0.0
2020-02-24,AMSWA,0.0
2020-02-24,ASR,0.0
2020-02-24,ASX,-0.4939
2020-02-24,ATHM,0.2577
2020-02-24,AWRE,0.3182
2020-02-24,BCPC,-0.128
2020-02-24,BHE,0.1591
2020-02-24,BIV,-0.128
2020-02-24,BLV,-0.128
2020-02-24,BRK.A,0.5574
2020-02-24,BRK.B,0.4000333333333333
2020-02-24,BRT,0.0
2020-02-24,BSQR,0.0
2020-02-24,BTG,0.0258
2020-02-24,CBMG,0.0
2020-02-24,CHA,0.0
2020-02-24,CHL,-0.4939
2020-02-24,CHU,0.0
2020-02-24,CIB,-0.1197
2020-02-24,COT,0.0085
2020-02-24,DGICA,-0.1531
2020-02-24,EXFO,-0.296
2020-02-24,EZPW,0.0
2020-02-24,GDX,0.624
2020-02-24,GSS,0.0
2020-02-24,HSII,-0.3612
2020-02-24,JRVR,0.0
2020-02-24,KB,-0.4939
2020-02-24,KMPR,0.8885
2020-02-24,LIVE,-0.2263
2020-02-24,NEP,0.2732
2020-02-24,NGD,0.0258
2020-02-24,NUAN,0.0
2020-02-24,NYMX,-0.6597
2020-02-24,ONE,-0.12824999999999998
2020-02-24,PEGI,0.2732
2020-02-24,PETS,0.0
2020-02-24,POWI,-0.4939
2020-02-24,PT,-0.24695
2020-02-24,RDS.A,-0.6369
2020-02-24,RTRX,-0.2263
2020-02-24,SANW,0.0
2020-02-24,SCS,0.4215
2020-02-24,SCSC,0.0516
2020-02-24,SDPI,0.5423
2020-02-24,SFUN,0.0
2020-02-24,SPNS,0.0
2020-02-24,TIVO,0.0
2020-02-24,TPL,0.7184
2020-02-24,TRNS,0.0
2020-02-24,TRQ,-0.4939
2020-02-24,TSRI,0.0
2020-02-24,TWMC,0.0
2020-02-24,UEIC,0.0
2020-02-24,UMC,-0.4939
2020-02-24,UTI,0.0
2020-02-24,VHC,0.8807
2020-02-24,VXF,-0.128
2020-02-24,WBC,0.6249
2020-02-24,XENT,0.0
2020-02-24,XNCR,-0.3612
2020-02-25,AFB,0.0
2020-02-25,AGM,0.0
2020-02-25,AINC,-0.2263
2020-02-25,AKS,0.6369
2020-02-25,ALOT,-0.2023
2020-02-25,APEI,0.0
2020-02-25,ARC,0.0258
2020-02-25,AVX,0.0
2020-02-25,BAP,-0.2023
2020-02-25,BOSC,0.5574
2020-02-25,BREW,0.4939
2020-02-25,BTG,-0.6808
2020-02-25,CDZI,-0.2023
2020-02-25,CHA,0.0
2020-02-25,CHU,-0.2023
2020-02-25,CMRX,0.0
2020-02-25,CSLT,-0.11315
2020-02-25,CSOD,0.30696666666666667
2020-02-25,CTG,0.0
2020-02-25,CTHR,-0.2023
2020-02-25,DHX,0.0
2020-02-25,DKL,-0.2263
2020-02-25,DSE,-0.2023
2020-02-25,ERY,0.2732
2020-02-25,ETH,-0.2023
2020-02-25,EVTC,-0.11315
2020-02-25,EWL,0.0
2020-02-25,EZPW,-0.2023
2020-02-25,FCN,-0.04526
2020-02-25,FMO,-0.2023
2020-02-25,FSTR,-0.1806
2020-02-25,GAIA,0.0
2020-02-25,GSH,-0.2023
2020-02-25,HNP,-0.2023
2020-02-25,HSKA,-0.1531
2020-02-25,HURN,0.0
2020-02-25,HY,-0.1531
2020-02-25,IIM,0.0
2020-02-25,IND,0.3612
2020-02-25,IQI,0.0
2020-02-25,IRDM,0.0
2020-02-25,JMEI,0.3701
2020-02-25,KEM,0.0
2020-02-25,KRNY,-0.2023
2020-02-25,KT,-0.2023
2020-02-25,KTF,0.0
2020-02-25,KYO,0.0
2020-02-25,LBY,-0.07655
2020-02-25,LEU,0.0
2020-02-25,LOPE,0.0
2020-02-25,LRN,0.0
2020-02-25,MAV,0.0
2020-02-25,MGRC,0.0
2020-02-25,MKL,0.0
2020-02-25,MNKD,0.39495
2020-02-25,MPA,0.0
2020-02-25,MTRX,0.0
2020-02-25,MUC,0.0
2020-02-25,NCA,0.0
2020-02-25,NEA,0.0
2020-02-25,NEP,0.2732
2020-02-25,NGD,0.7803
2020-02-25,NMM,-0.2023
2020-02-25,NPO,0.0
2020-02-25,NRK,0.0
2020-02-25,NTP,-0.2023
2020-02-25,NWBI,-0.2023
2020-02-25,ONE,-0.2023
2020-02-25,PBPB,0.0
2020-02-25,PFS,-0.2023
2020-02-25,PHX,-0.2023
2020-02-25,PLOW,0.09106666666666667
2020-02-25,POPE,0.0
2020-02-25,PRFT,-0.038275
2020-02-25,PRGX,0.0
2020-02-25,RCKY,0.0
2020-02-25,RTRX,0.0
2020-02-25,SIMO,0.296
2020-02-25,SSW,0.0
2020-02-25,STE,0.0
2020-02-25,STMP,-0.17
2020-02-25,STRA,0.0
2020-02-25,SUPN,0.0
2020-02-25,TBPH,-0.2294
2020-02-25,TGP,-0.2023
2020-02-25,TRQ,0.0
2020-02-25,TSRI,0.0
2020-02-25,UAN,-0.2023
2020-02-25,UIHC,0.3182
2020-02-25,VHC,0.0
2020-02-25,VXUS,0.2844
2020-02-25,XNCR,0.296
2020-02-26,ADPT,0.148
2020-02-26,ALEX,0.0
2020-02-26,ATRI,0.0
2020-02-26,AVA,-0.1531
2020-02-26,BAR,0.0
2020-02-26,BBSI,-0.16515000000000002
2020-02-26,BCC,0.296
2020-02-26,BHE,0.0
2020-02-26,BRID,-0.2023
2020-02-26,BSD,0.0
2020-02-26,CHDN,0.0
2020-02-26,CHU,-0.2023
2020-02-26,CIB,0.10115
2020-02-26,CIX,0.0
2020-02-26,CORR,0.5106
2020-02-26,COT,0.128
2020-02-26,CSLT,-0.128
2020-02-26,CSOD,0.0
2020-02-26,CVU,0.5719
2020-02-26,DCIX,-0.2023
2020-02-26,EDF,-0.2023
2020-02-26,EE,0.0
2020-02-26,EMO,-0.2023
2020-02-26,EWA,0.0
2020-02-26,FBC,-0.07945
2020-02-26,FFG,0.4019
2020-02-26,FIX,0.3612
2020-02-26,FMN,0.0
2020-02-26,FNHC,0.0
2020-02-26,FSTR,-0.2023
2020-02-26,GAIA,0.0
2020-02-26,GHC,0.0
2020-02-26,GREK,0.0
2020-02-26,GTY,0.0
2020-02-26,HBIO,-0.21075
2020-02-26,HCAP,-0.2023
2020-02-26,HSII,0.0
2020-02-26,IRDM,0.0
2020-02-26,JMEI,0.0
2020-02-26,JOE,0.0
2020-02-26,KOF,0.0
2020-02-26,KOSS,-0.2023
2020-02-26,KW,-0.1531
2020-02-26,LAND,0.0
2020-02-26,LXU,0.0
2020-02-26,MATX,0.0
2020-02-26,MERC,-0.2023
2020-02-26,MYF,0.0
2020-02-26,MYI,0.0
2020-02-26,NBHC,0.0
2020-02-26,NDLS,-0.07655
2020-02-26,OTEL,-0.2023
2020-02-26,PBYI,0.1027
2020-02-26,PEO,-0.2023
2020-02-26,PLOW,0.1531
2020-02-26,PMM,0.0
2020-02-26,PRFT,0.0
2020-02-26,PRMW,0.128
2020-02-26,PRQR,0.0
2020-02-26,PRTK,0.0
2020-02-26,PW,0.0
2020-02-26,RBCAA,-0.2023
2020-02-26,RDS.A,0.5574
2020-02-26,RMAX,-0.4588
2020-02-26,SB,0.16269999999999998
2020-02-26,SD,0.2732
2020-02-26,SINO,-0.2023
2020-02-26,SPH,-0.2023
2020-02-26,SPOK,0.0
2020-02-26,SPP,0.0
2020-02-26,SRV,-0.2023
2020-02-26,STAA,0.0
2020-02-26,SYKE,0.0
2020-02-26,TC,-0.3612
2020-02-26,TREC,-0.2023
2020-02-26,TRX,0.0
2020-02-26,TYG,-0.2023
2020-02-26,UAN,-0.2023
2020-02-26,UHT,0.0
2020-02-26,UPLD,0.0
2020-02-26,UUUU,0.0
2020-02-26,UVV,0.0
2020-02-26,VLGEA,-0.2023
2020-02-26,VPG,-0.2023
2020-02-26,VRSN,-0.1531
2020-02-26,WB,-0.125
2020-02-26,WHLR,0.0
2020-02-26,WPG,0.0
2020-02-26,WRN,0.0
2020-02-27,AAON,0.148
2020-02-27,ABEV,0.0
2020-02-27,AEGN,-0.3612
2020-02-27,AHC,-0.2023
2020-02-27,AIN,-0.2023
2020-02-27,ALE,-0.2023
2020-02-27,ALEX,-0.128
2020-02-27,ALG,-0.2263
2020-02-27,ALOT,-0.2023
2020-02-27,ALTR,0.0
2020-02-27,ALX,-0.2023
2020-02-27,AMPH,0.4767
2020-02-27,AMTX,-0.2023
2020-02-27,ANAT,-0.2023
2020-02-27,AP,-0.2023
2020-02-27,ASC,-0.2023
2020-02-27,AT,0.0
2020-02-27,ATRI,-0.2023
2020-02-27,ATV,-0.2023
2020-02-27,AUMN,0.0
2020-02-27,BANR,-0.2023
2020-02-27,BANX,0.0
2020-02-27,BAP,-0.2023
2020-02-27,BBSI,-0.10115
2020-02-27,BCOV,-0.2023
2020-02-27,BEAT,-0.128
2020-02-27,BFS,-0.10115
2020-02-27,BGR,-0.2023
2020-02-27,BRID,-0.2023
2020-02-27,BSAC,-0.2023
2020-02-27,BSD,0.0
2020-02-27,BUSE,-0.2023
2020-02-27,BWEN,0.2732
2020-02-27,BXS,-0.2023
2020-02-27,BYFC,0.0
2020-02-27,CCU,-0.2023
2020-02-27,CEM,-0.2023
2020-02-27,CEN,-0.2023
2020-02-27,CFFI,-0.2023
2020-02-27,CGA,-0.2023
2020-02-27,CHRS,-0.2263
2020-02-27,CHU,-0.2023
2020-02-27,CKH,-0.2023
2020-02-27,CNCE,0.08779999999999999
2020-02-27,COKE,0.0
2020-02-27,CPK,0.3075
2020-02-27,CRAI,0.011616666666666664
2020-02-27,CRY,0.0
2020-02-27,CTHR,-0.2023
2020-02-27,CTR,-0.2023
2020-02-27,CVBF,-0.2023
2020-02-27,CVCY,-0.2023
2020-02-27,CVEO,0.0
2020-02-27,CXDC,-0.2023
2020-02-27,CYAN,0.0
2020-02-27,CYRN,-0.2023
2020-02-27,DHIL,0.34
2020-02-27,DIAX,-0.2023
2020-02-27,DMLP,-0.2023
2020-02-27,DMRC,0.1295
2020-02-27,DRQ,-0.10115
2020-02-27,DSE,-0.2023
2020-02-27,DWSN,-0.17770000000000002
2020-02-27,ECC,-0.2023
2020-02-27,EDF,-0.2023
2020-02-27,EDI,-0.2023
2020-02-27,EEM,-0.5994
2020-02-27,EMO,-0.2023
2020-02-27,ERIE,-0.1806
2020-02-27,ETH,-0.2023
2020-02-27,ETV,-0.2023
2020-02-27,EWA,0.0
2020-02-27,EZPW,-0.2023
2020-02-27,FBT,-0.5719
2020-02-27,FCBC,-0.2023
2020-02-27,FCG,-0.5719
2020-02-27,FDEF,-0.2023
2020-02-27,FEI,-0.2023
2020-02-27,FEIM,-0.2023
2020-02-27,FFBC,-0.2023
2020-02-27,FFG,-0.2023
2020-02-27,FGB,-0.2023
2020-02-27,FISI,0.0
2020-02-27,FMO,-0.2023
2020-02-27,FPL,-0.2023
2020-02-27,FRBA,-0.2023
2020-02-27,FSS,0.0
2020-02-27,FSTR,-0.2023
2020-02-27,GCAP,0.296
2020-02-27,GDV,-0.2023
2020-02-27,GGT,-0.2023
2020-02-27,GOF,-0.2023
2020-02-27,GPK,0.0
2020-02-27,GREK,0.0
2020-02-27,GSIT,-0.2023
2020-02-27,GTE,-0.0726
2020-02-27,GTS,-0.05103333333333334
2020-02-27,HAYN,-0.2023
2020-02-27,HBIO,0.05135
2020-02-27,HCAP,-0.2023
2020-02-27,HEES,-0.2023
2020-02-27,HFWA,-0.2023
2020-02-27,HMSY,-0.2023
2020-02-27,HPS,-0.2023
2020-02-27,HRTG,0.0
2020-02-27,HSII,-0.2023
2020-02-27,HSON,-0.2023
2020-02-27,HSTM,-0.2023
2020-02-27,HTBK,-0.2023
2020-02-27,ICFI,-0.1806
2020-02-27,IFN,-0.2023
2020-02-27,IGA,-0.2023
2020-02-27,IID,-0.2023
2020-02-27,INTL,0.6289
2020-02-27,INXN,0.0
2020-02-27,IRR,-0.2023
2020-02-27,JMLP,-0.2023
2020-02-27,JOF,-0.2023
2020-02-27,JQC,-0.2023
2020-02-27,KELYA,-0.2023
2020-02-27,KEP,-0.2023
2020-02-27,KEQU,-0.2023
2020-02-27,KEX,-0.2023
2020-02-27,KMF,-0.2023
2020-02-27,KRNY,-0.2023
2020-02-27,LBTYK,-0.2023
2020-02-27,LMRK,-0.1531
2020-02-27,LOAN,0.296
2020-02-27,LXU,-0.2023
2020-02-27,MARPS,-0.2023
2020-02-27,MATX,0.0
2020-02-27,MCHX,-0.2023
2020-02-27,MDCA,0.0
2020-02-27,MERC,-0.2023
2020-02-27,MFL,0.0
2020-02-27,MGEE,0.2732
2020-02-27,MHH,0.0
2020-02-27,MIE,-0.2023
2020-02-27,MMS,-0.2023
2020-02-27,MRIN,-0.1531
2020-02-27,MSB,-0.2023
2020-02-27,MUH,0.0
2020-02-27,NGVC,-0.2023
2020-02-27,NMM,-0.2023
2020-02-27,NNI,-0.2263
2020-02-27,NPO,-0.2023
2020-02-27,NRP,-0.1525
2020-02-27,NRT,-0.2023
2020-02-27,NSIT,0.0
2020-02-27,NSP,-0.2023
2020-02-27,NWBI,-0.2023
2020-02-27,NWLI,-0.2023
2020-02-27,OFG,-0.2023
2020-02-27,OLP,-0.2023
2020-02-27,ORBC,-0.2023
2020-02-27,ORN,0.0
2020-02-27,OTIC,0.20095
2020-02-27,PACD,-0.2023
2020-02-27,PAM,-0.2023
2020-02-27,PBT,-0.2023
2020-02-27,PDCO,0.074
2020-02-27,PEBO,-0.2023
2020-02-27,PEO,-0.2023
2020-02-27,PFMT,0.0
2020-02-27,PFS,-0.2023
2020-02-27,PHI,-0.2023
2020-02-27,PHK,-0.2023
2020-02-27,PKE,-0.2023
2020-02-27,PLOW,0.0
2020-02-27,PMBC,-0.2023
2020-02-27,PRSC,0.0
2020-02-27,PRTK,0.0
2020-02-27,PTSI,-0.2023
2020-02-27,PXE,-0.5719
2020-02-27,PZN,-0.2023
2020-02-27,RAIL,-0.6107
2020-02-27,RBA,-0.07655
2020-02-27,RBCAA,-0.2023
2020-02-27,RECN,-0.2023
2020-02-27,RIBT,-0.2023
2020-02-27,RLH,-0.2263
2020-02-27,RNST,-0.2023
2020-02-27,SALM,-0.2023
2020-02-27,SB,-0.2023
2020-02-27,SBR,-0.2023
2020-02-27,SCHL,-0.2023
2020-02-27,SCHN,-0.2023
2020-02-27,SCX,-0.2023
2020-02-27,SD,-0.2023
2020-02-27,SFE,0.08974999999999998
2020-02-27,SGMA,0.0
2020-02-27,SHLO,-0.2023
2020-02-27,SINO,-0.2023
2020-02-27,SJR,-0.2023
2020-02-27,SJW,-0.2263
2020-02-27,SMM,-0.2023
2020-02-27,SMMF,-0.10115
2020-02-27,SNR,-0.1531
2020-02-27,SPH,-0.2023
2020-02-27,SPOK,-0.2023
2020-02-27,SRCL,-0.05103333333333334
2020-02-27,SRI,-0.10115
2020-02-27,SRLP,-0.2023
2020-02-27,SRV,-0.2023
2020-02-27,STFC,-0.2023
2020-02-27,STKL,-0.1531
2020-02-27,SZC,-0.2023
2020-02-27,TCBK,-0.2023
2020-02-27,TGP,-0.28175
2020-02-27,TGS,-0.2023
2020-02-27,TLF,0.0
2020-02-27,TPRE,-0.2263
2020-02-27,TRC,-0.2023
2020-02-27,TREC,-0.2023
2020-02-27,TRMK,-0.2023
2020-02-27,TRS,-0.2023
2020-02-27,TRST,-0.2023
2020-02-27,TWIN,-0.2023
2020-02-27,TYG,-0.2023
2020-02-27,UAN,-0.2023
2020-02-27,UBFO,-0.2023
2020-02-27,USAK,-0.2023
2020-02-27,USAP,-0.2023
2020-02-27,USPH,0.0
2020-02-27,VLGEA,-0.2023
2020-02-27,VOXX,-0.2023
2020-02-27,VPG,-0.2023
2020-02-27,VRS,-0.05103333333333334
2020-02-27,VSEC,0.0
2020-02-27,WB,-0.128
2020-02-27,WIRE,-0.2023
2020-02-27,WPG,0.296
2020-02-27,WUBA,0.0
2020-02-27,WVVI,-0.2023
2020-02-27,YUMA,0.0
2020-02-28,AAMC,0.3612
2020-02-28,ACNB,-0.2023
2020-02-28,ADTN,-0.2023
2020-02-28,ADXS,0.0
2020-02-28,AIN,-0.2023
2020-02-28,AIZ,-0.3612
2020-02-28,ALE,-0.2023
2020-02-28,ALEX,-0.2023
2020-02-28,ALIM,0.0
2020-02-28,ALOT,-0.2023
2020-02-28,ALTR,-0.128
2020-02-28,AMNB,-0.2023
2020-02-28,ANAT,-0.2023
2020-02-28,AOD,-0.2023
2020-02-28,AT,-0.2023
2020-02-28,AXU,-0.5106
2020-02-28,BANR,-0.2023
2020-02-28,BAP,-0.2023
2020-02-28,BBSI,-0.2023
2020-02-28,BCH,-0.2023
2020-02-28,BCOV,-0.2023
2020-02-28,BELFA,-0.2023
2020-02-28,BFS,-0.2023
2020-02-28,BGB,-0.2023
2020-02-28,BGR,-0.2023
2020-02-28,BGY,-0.2023
2020-02-28,BIF,-0.2023
2020-02-28,BIT,-0.2023
2020-02-28,BMTC,-0.2023
2020-02-28,BOH,-0.2023
2020-02-28,BPFH,-0.2023
2020-02-28,BRID,-0.2023
2020-02-28,BSAC,-0.2023
2020-02-28,BSL,-0.2023
2020-02-28,BST,-0.2023
2020-02-28,BTG,0.35015
2020-02-28,BUI,-0.2023
2020-02-28,BUSE,-0.2023
2020-02-28,BXMX,-0.2023
2020-02-28,BXS,-0.2023
2020-02-28,CAF,-0.2023
2020-02-28,CARO,-0.2023
2020-02-28,CCU,-0.2023
2020-02-28,CEE,-0.2023
2020-02-28,CEM,-0.2023
2020-02-28,CEN,-0.2023
2020-02-28,CFFN,-0.2023
2020-02-28,CHA,-0.2023
2020-02-28,CHDN,0.368
2020-02-28,CHI,-0.2023
2020-02-28,CHRS,0.0
2020-02-28,CHU,-0.2023
2020-02-28,CHW,-0.2023
2020-02-28,CHY,-0.2023
2020-02-28,CIA,-0.2023
2020-02-28,CIF,-0.2023
2020-02-28,CII,-0.2023
2020-02-28,CIO,-0.128
2020-02-28,CKH,-0.10115
2020-02-28,CNET,-0.2023
2020-02-28,COKE,-0.2023
2020-02-28,CPF,-0.2023
2020-02-28,CPK,-0.2023
2020-02-28,CSFL,-0.2023
2020-02-28,CSQ,-0.2023
2020-02-28,CSTE,-0.2023
2020-02-28,CTR,-0.2023
2020-02-28,CTS,-0.2023
2020-02-28,CVBF,-0.2023
2020-02-28,CVCY,-0.2023
2020-02-28,CW,-0.128
2020-02-28,CXDC,-0.2023
2020-02-28,CXH,0.0
2020-02-28,CXP,-0.2023
2020-02-28,CYAN,0.0
2020-02-28,CYD,-0.2023
2020-02-28,DAC,-0.2023
2020-02-28,DCIX,-0.2023
2020-02-28,DCOM,-0.2023
2020-02-28,DDF,-0.2023
2020-02-28,DHF,-0.2023
2020-02-28,DIAX,-0.2023
2020-02-28,DMO,-0.2023
2020-02-28,DMRC,0.0
2020-02-28,DNP,-0.2023
2020-02-28,DSE,-0.2023
2020-02-28,EBTC,-0.2023
2020-02-28,ECC,-0.2023
2020-02-28,ECOL,-0.16515000000000002
2020-02-28,ECPG,0.0
2020-02-28,EDF,-0.2023
2020-02-28,EDI,-0.2023
2020-02-28,EFT,-0.2023
2020-02-28,EML,0.0
2020-02-28,EMO,-0.2023
2020-02-28,EOD,-0.2023
2020-02-28,EOI,-0.2023
2020-02-28,EOS,-0.2023
2020-02-28,ERIE,-0.2023
2020-02-28,ERY,0.1406
2020-02-28,ETB,-0.2023
2020-02-28,ETO,-0.2023
2020-02-28,ETV,-0.2023
2020-02-28,ETW,-0.2023
2020-02-28,ETY,-0.2023
2020-02-28,EWL,0.0
2020-02-28,EXG,-0.2023
2020-02-28,FCBC,-0.2023
2020-02-28,FCFS,-0.2023
2020-02-28,FDEF,-0.2023
2020-02-28,FEI,-0.2023
2020-02-28,FENG,-0.2023
2020-02-28,FF,-0.2023
2020-02-28,FFBC,-0.2023
2020-02-28,FFG,-0.2023
2020-02-28,FGB,-0.2023
2020-02-28,FIBK,-0.2023
2020-02-28,FIF,-0.2023
2020-02-28,FISI,-0.2023
2020-02-28,FMO,-0.2023
2020-02-28,FMX,-0.2023
2020-02-28,FOF,-0.2023
2020-02-28,FPL,-0.2023
2020-02-28,FRBA,-0.2023
2020-02-28,FRBK,-0.2023
2020-02-28,FRPH,-0.2023
2020-02-28,GAB,-0.2023
2020-02-28,GBCI,-0.2023
2020-02-28,GBDC,-0.2023
2020-02-28,GCAP,0.38475
2020-02-28,GDL,-0.2023
2020-02-28,GDV,-0.2023
2020-02-28,GFED,0.296
2020-02-28,GGT,-0.2023
2020-02-28,GGZ,-0.2023
2020-02-28,GIM,-0.2023
2020-02-28,GLAD,-0.2023
2020-02-28,GLYC,0.0
2020-02-28,GPM,-0.2023
2020-02-28,GSAT,-0.2202
2020-02-28,GSH,-0.2023
2020-02-28,GSIT,-0.2023
2020-02-28,GTY,-0.2023
2020-02-28,HAYN,-0.2023
2020-02-28,HBIO,0.0
2020-02-28,HCAP,-0.2023
2020-02-28,HFWA,-0.2023
2020-02-28,HIE,-0.2023
2020-02-28,HNP,-0.2023
2020-02-28,HPI,-0.2023
2020-02-28,HPS,-0.2023
2020-02-28,HRZN,-0.2023
2020-02-28,HSTM,-0.2023
2020-02-28,HTBK,-0.2023
2020-02-28,HTD,-0.2023
2020-02-28,HTY,-0.2023
2020-02-28,HURC,-0.2023
2020-02-28,IAE,-0.2023
2020-02-28,ICFI,-0.128
2020-02-28,ICL,-0.2023
2020-02-28,IEP,-0.1695
2020-02-28,IFN,-0.2023
2020-02-28,IGA,-0.2023
2020-02-28,IID,-0.2023
2020-02-28,IIN,-0.2023
2020-02-28,INTT,-0.05103333333333334
2020-02-28,INXN,0.4215
2020-02-28,IRR,-0.2023
2020-02-28,ISTR,-0.2023
2020-02-28,IVAC,-0.3818
2020-02-28,IVH,-0.2023
2020-02-28,JCE,-0.2023
2020-02-28,JDD,-0.2023
2020-02-28,JLL,0.0
2020-02-28,JMLP,-0.2023
2020-02-28,JOF,-0.2023
2020-02-28,JQC,-0.2023
2020-02-28,JRO,-0.2023
2020-02-28,JRS,-0.2023
2020-02-28,JTA,-0.2023
2020-02-28,JTD,-0.2023
2020-02-28,KEP,-0.2023
2020-02-28,KEQU,-0.2023
2020-02-28,KEX,-0.2023
2020-02-28,KINS,-0.2023
2020-02-28,KIO,-0.2023
2020-02-28,KMF,-0.2023
2020-02-28,KNOP,-0.2023
2020-02-28,KOF,-0.6808
2020-02-28,KRNY,-0.2023
2020-02-28,KT,-0.2023
2020-02-28,KVHI,-0.2263
2020-02-28,LBRDK,0.5267
2020-02-28,LBTYK,-0.2023
2020-02-28,LCNB,-0.2023
2020-02-28,LKFN,-0.2023
2020-02-28,LOAN,-0.2023
2020-02-28,LPL,-0.128
2020-02-28,LRN,0.0
2020-02-28,MACK,-0.2023
2020-02-28,MARPS,-0.2023
2020-02-28,MBWM,-0.2023
2020-02-28,MCC,-0.2023
2020-02-28,MCN,-0.2023
2020-02-28,MDCA,-0.3389
2020-02-28,MERC,-0.2023
2020-02-28,MHH,0.0
2020-02-28,MIE,-0.2023
2020-02-28,MLHR,-0.2023
2020-02-28,MMS,-0.2023
2020-02-28,MPB,0.0
2020-02-28,MSB,-0.2023
2020-02-28,MYRG,-0.2023
2020-02-28,NAII,-0.2023
2020-02-28,NATH,-0.2023
2020-02-28,NCTY,-0.2023
2020-02-28,NCZ,-0.2023
2020-02-28,NDP,-0.2023
2020-02-28,NEO,0.0
2020-02-28,NEU,-0.2023
2020-02-28,NFJ,-0.2023
2020-02-28,NGD,0.7003
2020-02-28,NGG,-0.2202
2020-02-28,NGHC,-0.2023
2020-02-28,NJR,-0.2023
2020-02-28,NLNK,0.0
2020-02-28,NLST,-0.2023
2020-02-28,NPK,-0.2023
2020-02-28,NPO,-0.2023
2020-02-28,NRIM,0.0
2020-02-28,NSEC,0.34
2020-02-28,NSP,-0.2023
2020-02-28,NSSC,-0.2023
2020-02-28,NTWK,-0.2023
2020-02-28,NUAN,0.0
2020-02-28,NWBI,-0.2023
2020-02-28,NWLI,-0.2023
2020-02-28,OCFC,-0.2023
2020-02-28,OFG,-0.2023
2020-02-28,OLP,-0.2023
2020-02-28,OPY,-0.2023
2020-02-28,OSBC,-0.2023
2020-02-28,OSIS,-0.2023
2020-02-28,OVBC,-0.2023
2020-02-28,PAM,-0.2023
2020-02-28,PCM,-0.2023
2020-02-28,PCN,-0.2023
2020-02-28,PDCO,0.12266666666666666
2020-02-28,PDI,-0.2023
2020-02-28,PDT,-0.2023
2020-02-28,PEBO,-0.10115
2020-02-28,PEO,-0.2023
2020-02-28,PFL,-0.2023
2020-02-28,PFLT,-0.2023
2020-02-28,PFMT,0.0
2020-02-28,PFN,-0.2023
2020-02-28,PFS,-0.2023
2020-02-28,PGP,-0.2023
2020-02-28,PHI,-0.2023
2020-02-28,PHK,-0.2023
2020-02-28,PKE,-0.2023
2020-02-28,PKO,-0.2023
2020-02-28,PKX,-0.2023
2020-02-28,PNNT,-0.2023
2020-02-28,PPT,-0.2023
2020-02-28,PRLB,-0.2023
2020-02-28,PTSI,-0.2023
2020-02-28,QQQX,-0.2023
2020-02-28,RBCAA,-0.2023
2020-02-28,RCI,-0.2023
2020-02-28,RECN,-0.2023
2020-02-28,RFP,-0.2023
2020-02-28,RLGT,0.4767
2020-02-28,RNST,-0.2023
2020-02-28,ROCK,0.0
2020-02-28,RP,0.1531
2020-02-28,RVSB,-0.2023
2020-02-28,RVT,-0.2023
2020-02-28,SBR,-0.2023
2020-02-28,SCHL,-0.2023
2020-02-28,SCHN,-0.2023
2020-02-28,SCL,-0.2023
2020-02-28,SCX,-0.2023
2020-02-28,SFE,-0.2023
2020-02-28,SFL,-0.2023
2020-02-28,SFNC,-0.2023
2020-02-28,SGU,-0.2023
2020-02-28,SHG,-0.2023
2020-02-28,SHI,-0.2023
2020-02-28,SHLO,-0.2023
2020-02-28,SINO,-0.2023
2020-02-28,SJR,-0.2023
2020-02-28,SKM,-0.2023
2020-02-28,SMMF,0.04684999999999999
2020-02-28,SOXL,-0.25
2020-02-28,SOXS,-0.25
2020-02-28,SOXX,-0.25
2020-02-28,SPH,-0.2023
2020-02-28,SPXX,-0.2023
2020-02-28,SRI,-0.2294
2020-02-28,SRLP,-0.2023
2020-02-28,STFC,-0.2023
2020-02-28,STKL,0.0
2020-02-28,STRA,0.0
2020-02-28,SUNS,-0.2023
2020-02-28,SUP,0.4404
2020-02-28,SVBL,-0.2023
2020-02-28,SWIR,-0.2023
2020-02-28,SYNC,-0.2023
2020-02-28,SZC,-0.2023
2020-02-28,TCBK,-0.2023
2020-02-28,TCPC,-0.2023
2020-02-28,TDS,-0.2023
2020-02-28,TEI,-0.2023
2020-02-28,TESS,-0.2023
2020-02-28,TGP,0.0
2020-02-28,TGS,-0.2023
2020-02-28,THR,-0.2023
2020-02-28,THTI,-0.2023
2020-02-28,TLK,-0.2023
2020-02-28,TR,-0.2023
2020-02-28,TRC,-0.2023
2020-02-28,TRMK,-0.2023
2020-02-28,TRS,-0.2023
2020-02-28,TRST,-0.2023
2020-02-28,TUR,-0.6754
2020-02-28,TWIN,-0.2023
2020-02-28,TWMC,0.0
2020-02-28,TY,-0.2023
2020-02-28,TYG,-0.2023
2020-02-28,UBFO,-0.2023
2020-02-28,UFCS,-0.2023
2020-02-28,UG,-0.2023
2020-02-28,UMBF,-0.2023
2020-02-28,USAP,-0.2023
2020-02-28,USPH,-0.10115
2020-02-28,UTF,-0.2023
2020-02-28,UVSP,-0.2023
2020-02-28,UVV,-0.2023
2020-02-28,VGR,-0.07655
2020-02-28,VGZ,-0.128
2020-02-28,VJET,-0.2023
2020-02-28,VLGEA,-0.2023
2020-02-28,VLT,-0.2023
2020-02-28,VMI,-0.2023
2020-02-28,VPG,-0.2023
2020-02-28,VVR,-0.2023
2020-02-28,WABC,-0.2023
2020-02-28,WOR,-0.2023
2020-02-28,WSBC,-0.2023
2020-02-28,WSFS,-0.2023
2020-02-28,WVVI,-0.2023
2020-02-28,YUMA,0.0
2020-02-28,ZTR,-0.2023
2020-02-29,EIRL,-0.1531
2020-02-29,EWA,-0.5994
2020-02-29,SMB,-0.5267
2020-03-01,TUR,0.4939
2020-03-02,ADXS,0.0
2020-03-02,AMBC,0.0
2020-03-02,ATV,0.0
2020-03-02,BCBP,0.296
2020-03-02,CDXS,0.0
2020-03-02,CHDN,0.10540000000000001
2020-03-02,CNCE,0.0
2020-03-02,COKE,-0.3612
2020-03-02,CORE,0.0
2020-03-02,CPK,0.128
2020-03-02,CTBI,0.4215
2020-03-02,CUZ,0.0
2020-03-02,DAIO,-0.296
2020-03-02,EIS,0.1072
2020-03-02,FOE,-0.11315
2020-03-02,GEOS,0.4019
2020-03-02,GLYC,-0.128
2020-03-02,GTT,-0.2263
2020-03-02,HBP,0.0
2020-03-02,HCCI,0.10115
2020-03-02,HMLP,-0.128
2020-03-02,HOFT,-0.128
2020-03-02,HRTX,-0.03845
2020-03-02,ICCC,0.0
2020-03-02,IVAC,0.0
2020-03-02,JBSS,0.0
2020-03-02,JOBS,0.2732
2020-03-02,KWR,0.0
2020-03-02,LECO,0.0
2020-03-02,LMRK,0.1027
2020-03-02,MDCA,0.0
2020-03-02,MX,0.4767
2020-03-02,NEO,0.0
2020-03-02,NEOG,0.5423
2020-03-02,NGD,0.7096
2020-03-02,NSIT,0.0
2020-03-02,NWPX,0.0
2020-03-02,OESX,0.2732
2020-03-02,PBH,0.0
2020-03-02,PEGI,0.2732
2020-03-02,PGAL,0.0
2020-03-02,PLXS,0.0
2020-03-02,QURE,0.6705
2020-03-02,RCKY,0.0
2020-03-02,RFP,0.2732
2020-03-02,RP,0.0
2020-03-02,SB,0.34
2020-03-02,SEED,0.0
2020-03-02,SGMO,0.0
2020-03-02,SJI,0.128
2020-03-02,SMLP,0.0
2020-03-02,TDS,-0.128
2020-03-02,TIVO,-0.06795000000000001
2020-03-02,TUR,-0.6705
2020-03-02,UVE,0.0
2020-03-02,VOXX,0.0
2020-03-02,WHF,0.0
2020-03-03,ACWI,0.5574
2020-03-03,AEZS,0.296
2020-03-03,AFB,0.0
2020-03-03,AHC,-0.2023
2020-03-03,ALE,0.03715
2020-03-03,AMBA,0.148
2020-03-03,AMRC,0.0
2020-03-03,ARCB,0.0
2020-03-03,ARGT,0.0
2020-03-03,ATTO,0.0
2020-03-03,BBK,0.0
2020-03-03,BEP,0.0
2020-03-03,BHK,0.0
2020-03-03,BKN,0.0
2020-03-03,BKSC,-0.2023
2020-03-03,BTG,0.6124
2020-03-03,BVN,0.6124
2020-03-03,CBB,0.0
2020-03-03,CCOI,0.0
2020-03-03,COKE,0.0
2020-03-03,CORE,-0.12040000000000001
2020-03-03,CPHC,-0.2023
2020-03-03,CPHI,0.03936666666666666
2020-03-03,CRMT,0.296
2020-03-03,CTG,0.0
2020-03-03,CTO,0.0
2020-03-03,CXH,0.0
2020-03-03,DAIO,0.0
2020-03-03,DXR,0.029524999999999996
2020-03-03,EGBN,0.296
2020-03-03,EME,0.27115
2020-03-03,FAZ,0.0
2020-03-03,FEIM,-0.2023
2020-03-03,FTK,-0.2023
2020-03-03,GRBK,0.0
2020-03-03,GTT,0.0
2020-03-03,HIIQ,0.0
2020-03-03,HRZN,0.0
2020-03-03,HSII,-0.4588
2020-03-03,ICCC,0.0
2020-03-03,IEF,0.2023
2020-03-03,IPI,-0.2023
2020-03-03,ITCI,-0.128
2020-03-03,KEQU,-0.17770000000000002
2020-03-03,LODE,0.2314333333333333
2020-03-03,MAG,0.3062
2020-03-03,MAYS,-0.2023
2020-03-03,MINI,-0.128
2020-03-03,MLP,0.0
2020-03-03,MORN,0.0
2020-03-03,MQT,0.0
2020-03-03,MRCC,0.0
2020-03-03,MYE,-0.2023
2020-03-03,NAN,0.0
2020-03-03,NATI,0.2023
2020-03-03,NP,0.0
2020-03-03,NTP,-0.2023
2020-03-03,NTWK,-0.2023
2020-03-03,NVFY,-0.008133333333333334
2020-03-03,NWN,0.25
2020-03-03,OMER,0.08281999999999999
2020-03-03,PAM,0.0
2020-03-03,PEGI,-0.1531
2020-03-03,PKD,0.0
2020-03-03,PPSI,-0.2023
2020-03-03,PRAA,0.0
2020-03-03,PRQR,0.0
2020-03-03,PSCU,0.5574
2020-03-03,PSI,0.5574
2020-03-03,PSP,0.5574
2020-03-03,QURE,-0.128
2020-03-03,RTIX,0.4767
2020-03-03,SEED,0.0
2020-03-03,SGC,0.5423
2020-03-03,SHLO,0.0
2020-03-03,SINO,-0.2023
2020-03-03,SMLR,0.0
2020-03-03,SQM,-0.1531
2020-03-03,SRCL,0.0
2020-03-03,SYNC,-0.100475
2020-03-03,TLK,0.296
2020-03-03,UVE,-0.2023
2020-03-03,VC,-0.128
2020-03-03,WHF,0.055999999999999994
2020-03-03,WIFI,0.09106666666666667
2020-03-04,AFB,0.0
2020-03-04,AMBA,0.0
2020-03-04,AMRC,0.0
2020-03-04,ASMB,0.0
2020-03-04,ATTO,0.0
2020-03-04,BBK,0.0
2020-03-04,BRKL,-0.2023
2020-03-04,CAJ,0.2732
2020-03-04,CARV,-0.2023
2020-03-04,CCNE,-0.2023
2020-03-04,CCOI,0.0
2020-03-04,CECE,-0.07655
2020-03-04,CPHI,0.0
2020-03-04,CPST,0.0
2020-03-04,CRY,0.0
2020-03-04,CTHR,-0.2023
2020-03-04,DRRX,-0.12123333333333332
2020-03-04,DXR,0.0
2020-03-04,EVGN,0.0
2020-03-04,FOE,-0.128
2020-03-04,FOMX,-0.6597
2020-03-04,FRBK,-0.2023
2020-03-04,FRPH,0.0
2020-03-04,FTK,-0.2023
2020-03-04,GIFI,0.0
2020-03-04,GORO,0.0
2020-03-04,GRIF,0.0
2020-03-04,HCCI,0.296
2020-03-04,HDSN,-0.3612
2020-03-04,HEES,-0.2023
2020-03-04,HIIQ,0.08056666666666668
2020-03-04,HMTV,-0.2023
2020-03-04,HRZN,0.0
2020-03-04,IAK,-0.0772
2020-03-04,ICL,-0.2023
2020-03-04,ICLN,0.5994
2020-03-04,INDB,0.03715
2020-03-04,INFI,0.128
2020-03-04,ITRN,-0.18783333333333338
2020-03-04,KEQU,-0.2023
2020-03-04,KRE,-0.0772
2020-03-04,KTCC,-0.2023
2020-03-04,LIQT,0.0
2020-03-04,MELR,0.0
2020-03-04,MLR,0.0
2020-03-04,MYE,0.06484999999999999
2020-03-04,MYRG,0.0
2020-03-04,NAN,0.0
2020-03-04,NC,0.0
2020-03-04,NGS,-0.2023
2020-03-04,OMER,0.0
2020-03-04,PCOM,0.0
2020-03-04,PLAB,0.0
2020-03-04,PSCF,-0.0772
2020-03-04,QUMU,-0.3612
2020-03-04,RCMT,0.0
2020-03-04,REXR,0.368
2020-03-04,RYI,-0.07655
2020-03-04,SGA,0.296
2020-03-04,SSI,0.0
2020-03-04,TAC,0.0
2020-03-04,TPVG,0.0
2020-03-04,TTEC,0.0
2020-03-04,TTGT,-0.296
2020-03-04,UAE,-0.4939
2020-03-04,USAK,-0.2023
2020-03-04,USDP,-0.1531
2020-03-04,VNET,0.0
2020-03-04,WBAI,0.0
2020-03-04,WIFI,0.0
2020-03-04,WMC,0.3612
2020-03-04,WVVI,-0.2023
2020-03-04,XLB,0.8999
2020-03-04,XLV,0.8402
2020-03-04,XNCR,0.0
2020-03-05,ABEV,-0.6124
2020-03-05,ABM,0.0
2020-03-05,AE,0.2732
2020-03-05,AKS,0.0
2020-03-05,ALEX,-0.2023
2020-03-05,ATEC,-0.11315
2020-03-05,ATTO,0.0
2020-03-05,AZZ,-0.2023
2020-03-05,BANF,-0.2023
2020-03-05,BBSI,0.0
2020-03-05,BBX,-0.2023
2020-03-05,BCOM,-0.2023
2020-03-05,BQH,0.0
2020-03-05,BSET,-0.2023
2020-03-05,BTT,0.0
2020-03-05,BUSE,-0.2023
2020-03-05,CASI,-0.296
2020-03-05,CATO,0.0
2020-03-05,CATY,-0.2023
2020-03-05,CBB,0.0
2020-03-05,CBMG,0.10115
2020-03-05,CEL,0.7717
2020-03-05,CHMG,-0.2023
2020-03-05,CHRS,0.5719
2020-03-05,CKH,-0.2023
2020-03-05,CLMT,-0.11333333333333334
2020-03-05,CLRO,0.0
2020-03-05,CRT,-0.2023
2020-03-05,CTR,-0.2023
2020-03-05,CTS,0.0
2020-03-05,DOX,0.0
2020-03-05,DRRX,0.0
2020-03-05,DUC,0.0
2020-03-05,DXYN,-0.1531
2020-03-05,ECT,-0.2023
2020-03-05,EEA,-0.2023
2020-03-05,EIS,0.0
2020-03-05,ERA,-0.2263
2020-03-05,ERII,0.2732
2020-03-05,EVGN,-0.24914999999999998
2020-03-05,EZA,0.0
2020-03-05,FFBC,-0.2023
2020-03-05,FIBK,-0.2023
2020-03-05,FIZZ,0.0
2020-03-05,FTK,-0.2023
2020-03-05,GDP,-0.1806
2020-03-05,GOGO,0.0
2020-03-05,GSL,-0.3612
2020-03-05,HAFC,-0.2023
2020-03-05,HBP,-0.2023
2020-03-05,HCAP,-0.2023
2020-03-05,HCI,-0.11315
2020-03-05,HEES,-0.2023
2020-03-05,HIIQ,0.0
2020-03-05,HMN,0.0
2020-03-05,HTBI,-0.2023
2020-03-05,ICAD,0.0
2020-03-05,ICL,-0.2023
2020-03-05,IDT,0.0
2020-03-05,IEC,0.7184
2020-03-05,ISIG,0.0
2020-03-05,ITRN,-0.10115
2020-03-05,JYNT,0.0
2020-03-05,KEX,-0.2023
2020-03-05,KNL,-0.2023
2020-03-05,KNOP,-0.2023
2020-03-05,KOSS,-0.2023
2020-03-05,LBTYB,-0.2023
2020-03-05,LCNB,-0.2023
2020-03-05,LODE,-0.0258
2020-03-05,LXFR,-0.2263
2020-03-05,MBWM,-0.2023
2020-03-05,MEI,-0.032
2020-03-05,MELR,0.0
2020-03-05,MNRO,-0.2023
2020-03-05,MNTX,0.1531
2020-03-05,MOD,-0.2023
2020-03-05,NC,-0.2023
2020-03-05,NEA,0.0
2020-03-05,NEU,0.0
2020-03-05,NGS,-0.2023
2020-03-05,NTWK,0.0
2020-03-05,OCFC,-0.2023
2020-03-05,ODC,0.0
2020-03-05,OGS,-0.128
2020-03-05,ORBC,-0.2023
2020-03-05,PCOM,0.0
2020-03-05,PCTI,-0.1531
2020-03-05,PMO,0.0
2020-03-05,RDS.A,0.2732
2020-03-05,RECN,-0.2023
2020-03-05,RGCO,0.0
2020-03-05,SAMG,0.1806
2020-03-05,SFNC,0.0
2020-03-05,SGA,-0.2023
2020-03-05,SHG,0.4588
2020-03-05,SMLP,-0.2023
2020-03-05,SMP,-0.2023
2020-03-05,SMSI,0.0
2020-03-05,SPKE,0.296
2020-03-05,SRLP,0.0
2020-03-05,TEAR,0.0
2020-03-05,TECD,0.0
2020-03-05,TPVG,-0.25
2020-03-05,TRMK,-0.2023
2020-03-05,TTC,0.0
2020-03-05,UAN,-0.2023
2020-03-05,UFPI,0.10115
2020-03-05,UFPT,0.0
2020-03-05,USAK,-0.2023
2020-03-05,UVSP,-0.2023
2020-03-05,WBAI,0.0
2020-03-05,WIRE,-0.2023
2020-03-05,WSBC,-0.2023
2020-03-05,ZFGN,0.0
2020-03-06,AFT,-0.2023
2020-03-06,AIN,-0.2023
2020-03-06,ALEX,-0.2023
2020-03-06,ALIM,0.0
2020-03-06,ANAT,-0.2023
2020-03-06,ARDC,-0.2023
2020-03-06,ARDX,0.0
2020-03-06,ARKR,-0.2023
2020-03-06,ASC,-0.2023
2020-03-06,ATEC,0.0
2020-03-06,AUPH,0.0
2020-03-06,AZZ,-0.2023
2020-03-06,BAK,-0.2023
2020-03-06,BANF,-0.2023
2020-03-06,BANR,-0.2023
2020-03-06,BAP,0.25
2020-03-06,BCOR,-0.2023
2020-03-06,BCOV,-0.2023
2020-03-06,BDGE,-0.2023
2020-03-06,BFIN,-0.2023
2020-03-06,BGSF,-0.2023
2020-03-06,BLKB,-0.2023
2020-03-06,BMRC,-0.2023
2020-03-06,BMTC,-0.2023
2020-03-06,BOH,-0.2023
2020-03-06,BPFH,-0.2023
2020-03-06,BRKL,-0.2023
2020-03-06,BSET,-0.2023
2020-03-06,BSRR,-0.2023
2020-03-06,BTT,0.0
2020-03-06,BUSE,-0.2023
2020-03-06,BVN,-0.40735000000000005
2020-03-06,CARO,-0.2023
2020-03-06,CASS,-0.2023
2020-03-06,CATO,0.0
2020-03-06,CATY,-0.2023
2020-03-06,CBB,0.05464
2020-03-06,CCNE,-0.2023
2020-03-06,CCU,-0.2023
2020-03-06,CELP,0.2732
2020-03-06,CEM,-0.2023
2020-03-06,CHCO,-0.2023
2020-03-06,CHMG,-0.2023
2020-03-06,CHNR,-0.2023
2020-03-06,CIA,-0.2023
2020-03-06,CIB,-0.2023
2020-03-06,CKH,-0.2023
2020-03-06,CLMT,0.0
2020-03-06,CPF,-0.2023
2020-03-06,CRNT,-0.2023
2020-03-06,CRT,-0.2023
2020-03-06,CSFL,-0.2023
2020-03-06,CSOD,-0.2023
2020-03-06,CSTE,-0.2023
2020-03-06,CTBI,-0.2023
2020-03-06,CTR,-0.2023
2020-03-06,CUBA,-0.2023
2020-03-06,CVCY,-0.2023
2020-03-06,CZWI,-0.2023
2020-03-06,DAIO,-0.2023
2020-03-06,DLX,-0.2023
2020-03-06,DMLP,-0.2023
2020-03-06,DNN,-0.1531
2020-03-06,DSE,-0.2023
2020-03-06,ECC,0.3219666666666667
2020-03-06,ECT,-0.2023
2020-03-06,EE,0.4215
2020-03-06,EFR,-0.2023
2020-03-06,EFSC,-0.2023
2020-03-06,EFT,-0.2023
2020-03-06,EGBN,-0.2023
2020-03-06,EMCF,-0.2023
2020-03-06,EMO,-0.2023
2020-03-06,EQS,-0.2023
2020-03-06,ERY,0.0
2020-03-06,ESCA,-0.2023
2020-03-06,EVGN,-0.4215
2020-03-06,EZPW,-0.2023
2020-03-06,FFBC,-0.2023
2020-03-06,FFIN,-0.2023
2020-03-06,FIBK,-0.2023
2020-03-06,FISI,-0.2023
2020-03-06,FIZZ,-0.1806
2020-03-06,FLIC,-0.2023
2020-03-06,FLL,0.0
2020-03-06,FLXS,-0.2023
2020-03-06,FMBI,0.0
2020-03-06,FMO,-0.2023
2020-03-06,FONR,-0.2023
2020-03-06,FRA,-0.2023
2020-03-06,FRBA,-0.2023
2020-03-06,FRME,-0.2023
2020-03-06,FSBW,-0.2023
2020-03-06,FTK,-0.3612
2020-03-06,FXA,0.2023
2020-03-06,GBCI,-0.2023
2020-03-06,GER,-0.2023
2020-03-06,GGZ,-0.2023
2020-03-06,GIFI,-0.2023
2020-03-06,GRC,0.0
2020-03-06,GSBC,-0.2023
2020-03-06,HAFC,-0.2023
2020-03-06,HAYN,-0.2023
2020-03-06,HBCP,-0.2023
2020-03-06,HBNC,-0.2023
2020-03-06,HCAP,-0.2023
2020-03-06,HEES,-0.2023
2020-03-06,HFWA,-0.2023
2020-03-06,HIIQ,0.0
2020-03-06,HMSY,-0.2023
2020-03-06,HMTV,-0.2023
2020-03-06,HOFT,-0.2023
2020-03-06,HTBI,-0.2023
2020-03-06,HTBK,-0.2023
2020-03-06,HTLF,-0.2023
2020-03-06,HURC,-0.10115
2020-03-06,IBCP,-0.2023
2020-03-06,IBKC,-0.2023
2020-03-06,IBOC,-0.2023
2020-03-06,INAP,-0.2023
2020-03-06,IPI,-0.2023
2020-03-06,IRR,-0.2023
2020-03-06,ISTR,-0.2023
2020-03-06,JBT,-0.2023
2020-03-06,JMLP,-0.2023
2020-03-06,JYNT,-0.21075
2020-03-06,KELYA,-0.2023
2020-03-06,KEP,-0.2023
2020-03-06,KEX,-0.2023
2020-03-06,KMF,-0.2023
2020-03-06,KNL,-0.2023
2020-03-06,KNOP,-0.2023
2020-03-06,KOF,-0.2023
2020-03-06,KTCC,-0.2023
2020-03-06,KW,-0.2023
2020-03-06,LBAI,-0.2023
2020-03-06,LBTYK,-0.2023
2020-03-06,LITB,0.7003
2020-03-06,LKFN,-0.2023
2020-03-06,MARPS,-0.2023
2020-03-06,MBWM,-0.2023
2020-03-06,MCBC,-0.2023
2020-03-06,MEET,0.0
2020-03-06,MEI,-0.064
2020-03-06,MELR,0.0
2020-03-06,MIE,-0.2023
2020-03-06,MLHR,-0.2023
2020-03-06,MLVF,-0.2023
2020-03-06,MNRO,-0.2023
2020-03-06,MOD,-0.2023
2020-03-06,MPB,-0.2023
2020-03-06,MPV,-0.2023
2020-03-06,MYRG,0.0
2020-03-06,NAD,0.0
2020-03-06,NBN,-0.2023
2020-03-06,NBTB,-0.2023
2020-03-06,NDP,-0.2023
2020-03-06,NEP,0.2732
2020-03-06,NGHC,-0.2023
2020-03-06,NGS,-0.2023
2020-03-06,NMR,0.25
2020-03-06,NNI,-0.2023
2020-03-06,NOA,-0.2023
2020-03-06,NOG,-0.6369
2020-03-06,NPO,-0.2023
2020-03-06,NRIM,-0.2023
2020-03-06,NRP,0.28175
2020-03-06,NRT,-0.2023
2020-03-06,NSP,-0.2023
2020-03-06,NVGS,-0.2023
2020-03-06,NWS,-0.2023
2020-03-06,OCFC,-0.2023
2020-03-06,OFG,-0.2023
2020-03-06,ONE,0.6486
2020-03-06,OPY,-0.2023
2020-03-06,ORBC,-0.2023
2020-03-06,OSBC,-0.2023
2020-03-06,OSIS,-0.2023
2020-03-06,PANL,-0.2023
2020-03-06,PCOM,0.0
2020-03-06,PCTI,-0.064
2020-03-06,PEBK,-0.2023
2020-03-06,PEBO,-0.2023
2020-03-06,PFS,-0.2023
2020-03-06,PKBK,-0.2023
2020-03-06,PLPC,-0.10115
2020-03-06,PMBC,-0.2023
2020-03-06,PNBK,-0.2023
2020-03-06,PPBI,-0.2023
2020-03-06,PRGS,-0.2023
2020-03-06,PRGX,-0.2023
2020-03-06,PRLB,-0.2023
2020-03-06,PSQ,0.0
2020-03-06,PTSI,-0.2023
2020-03-06,PWOD,-0.2023
2020-03-06,QURE,0.0
2020-03-06,RCMT,-0.128
2020-03-06,RDI,-0.2023
2020-03-06,RECN,-0.2023
2020-03-06,RELL,-0.2023
2020-03-06,REX,-0.2023
2020-03-06,RFP,-0.2023
2020-03-06,RNST,-0.2023
2020-03-06,SATS,-0.2023
2020-03-06,SCHN,-0.2023
2020-03-06,SCSC,-0.2023
2020-03-06,SFE,-0.2023
2020-03-06,SFNC,-0.2023
2020-03-06,SGA,-0.2023
2020-03-06,SIGI,-0.2023
2020-03-06,SIJ,0.0
2020-03-06,SMLP,-0.2023
2020-03-06,SMM,-0.2023
2020-03-06,SMMF,-0.2023
2020-03-06,SMP,-0.10115
2020-03-06,SMSI,0.0
2020-03-06,SRCE,-0.2023
2020-03-06,SRI,-0.2023
2020-03-06,SRT,-0.2023
2020-03-06,STFC,-0.2023
2020-03-06,STXS,0.0
2020-03-06,SUP,-0.2023
2020-03-06,SWIR,-0.2023
2020-03-06,SYNL,0.0
2020-03-06,SYX,-0.2023
2020-03-06,TARO,-0.2023
2020-03-06,TCBK,-0.2023
2020-03-06,TESS,-0.2023
2020-03-06,TOWN,-0.2023
2020-03-06,TRC,-0.2023
2020-03-06,TRMK,-0.2023
2020-03-06,TSBK,-0.2023
2020-03-06,TYG,-0.2023
2020-03-06,UAN,-0.2023
2020-03-06,UBFO,-0.2023
2020-03-06,UCBI,-0.2023
2020-03-06,UFCS,-0.2023
2020-03-06,ULBI,-0.2023
2020-03-06,UMBF,-0.2023
2020-03-06,UPLD,-0.2023
2020-03-06,USAK,-0.2023
2020-03-06,USAP,-0.2023
2020-03-06,UTL,0.10115
2020-03-06,UVSP,-0.2023
2020-03-06,UVV,-0.2023
2020-03-06,VBTX,-0.2023
2020-03-06,VLGEA,-0.2023
2020-03-06,VVR,-0.2023
2020-03-06,WABC,-0.2023
2020-03-06,WDR,-0.2023
2020-03-06,WEYS,-0.2023
2020-03-06,WIRE,-0.2023
2020-03-06,WLDN,0.0
2020-03-06,WOR,-0.2023
2020-03-06,WSBC,-0.2023
2020-03-06,WSFS,-0.2023
2020-03-06,XLI,0.0
2020-03-06,XOP,-0.5267
2020-03-06,ZGNX,0.10115
2020-03-08,CBPO,-0.6249
2020-03-09,ABEV,0.0
2020-03-09,ADXS,0.0
2020-03-09,AEHR,0.0
2020-03-09,AFH,0.0
2020-03-09,AKS,0.2732
2020-03-09,AMOT,0.3818
2020-03-09,AMRK,0.7269
2020-03-09,ASC,-0.7845
2020-03-09,AUPH,0.0
2020-03-09,AVD,0.0
2020-03-09,AXR,0.0
2020-03-09,BIB,0.0
2020-03-09,CASI,0.0
2020-03-09,CEN,0.0
2020-03-09,CFR,-0.064
2020-03-09,CGIX,0.0
2020-03-09,CHMG,0.03715
2020-03-09,CHNR,0.0
2020-03-09,CHW,0.0
2020-03-09,CTR,0.0
2020-03-09,CYOU,0.0
2020-03-09,DAR,0.2627333333333333
2020-03-09,DSE,0.0
2020-03-09,DTF,0.0
2020-03-09,DXR,0.4019
2020-03-09,EGLE,0.10115
2020-03-09,EIS,0.2787
2020-03-09,ELTK,0.0
2020-03-09,EMO,0.0
2020-03-09,ETV,0.0
2020-03-09,FELE,0.10115
2020-03-09,FMY,0.0
2020-03-09,GBL,0.0
2020-03-09,GLAD,0.0
2020-03-09,GLP,0.0516
2020-03-09,GLRE,0.17
2020-03-09,GNTX,0.1591
2020-03-09,ICL,0.1366
2020-03-09,IMOS,0.0
2020-03-09,IVC,0.3818
2020-03-09,JOBS,0.0
2020-03-09,JPC,0.0
2020-03-09,KALU,0.2732
2020-03-09,KEP,0.0
2020-03-09,KNL,-0.128
2020-03-09,LM,0.0
2020-03-09,LZB,0.3953
2020-03-09,MCF,0.0
2020-03-09,MDLZ,0.0
2020-03-09,MEET,-0.18725
2020-03-09,MELR,0.0
2020-03-09,MGF,0.0
2020-03-09,MGIC,-0.2263
2020-03-09,MIE,0.0
2020-03-09,MNTX,0.0
2020-03-09,MUSA,0.0
2020-03-09,NCZ,0.0
2020-03-09,NGHC,0.3612
2020-03-09,NLNK,0.0
2020-03-09,NOAH,0.0
2020-03-09,NOG,-0.128
2020-03-09,OEC,0.0
2020-03-09,OSN,0.0
2020-03-09,OTEL,0.0
2020-03-09,OTEX,0.0
2020-03-09,PCTI,0.0
2020-03-09,PEO,0.0
2020-03-09,PKX,0.2732
2020-03-09,PLXS,0.10540000000000001
2020-03-09,PRMW,0.0
2020-03-09,QURE,0.0
2020-03-09,REI,0.1531
2020-03-09,RTRX,0.0
2020-03-09,SBLK,0.2023
2020-03-09,SFBC,-0.1531
2020-03-09,SFL,0.02476666666666667
2020-03-09,SIGI,0.296
2020-03-09,SINA,0.0
2020-03-09,SOHU,0.0
2020-03-09,STMP,-0.6705
2020-03-09,STXS,0.0
2020-03-09,TGE,0.2784666666666667
2020-03-09,THRM,0.0
2020-03-09,TREC,0.0
2020-03-09,TTP,0.0
2020-03-09,TYG,0.0
2020-03-09,UBP,0.0
2020-03-09,UEPS,0.0
2020-03-09,USDP,-0.5719
2020-03-09,WLDN,0.0
2020-03-09,XOMA,0.4939
2020-03-10,AEZS,-0.1027
2020-03-10,AGX,-0.3028
2020-03-10,AIT,-0.2023
2020-03-10,AKS,0.38303333333333334
2020-03-10,ALSK,-0.07655
2020-03-10,APEI,0.0
2020-03-10,ASX,0.0
2020-03-10,ASYS,-0.2023
2020-03-10,ATNI,-0.2023
2020-03-10,AUBN,0.0
2020-03-10,AVY,-0.128
2020-03-10,BANX,-0.2023
2020-03-10,BBX,-0.1531
2020-03-10,BCOR,-0.2023
2020-03-10,BERY,0.0
2020-03-10,BGSF,-0.2023
2020-03-10,BQH,0.0
2020-03-10,BWFG,-0.2023
2020-03-10,CAJ,-0.2023
2020-03-10,CARV,-0.2023
2020-03-10,CASS,-0.2023
2020-03-10,CCBG,-0.2023
2020-03-10,CCCL,-0.2023
2020-03-10,CELP,-0.2023
2020-03-10,CEM,-0.2023
2020-03-10,CFR,0.0
2020-03-10,CHCI,-0.2023
2020-03-10,CIO,0.0
2020-03-10,CMP,-0.2023
2020-03-10,CNBKA,-0.2023
2020-03-10,CNET,-0.2023
2020-03-10,CNMD,0.3818
2020-03-10,CRNT,-0.2023
2020-03-10,CVGW,-0.10115
2020-03-10,CY,-0.5719
2020-03-10,DAIO,-0.2023
2020-03-10,DRQ,-0.1197
2020-03-10,DTF,0.0
2020-03-10,DVD,-0.2023
2020-03-10,DWSN,-0.2023
2020-03-10,DXYN,0.0
2020-03-10,ECOL,-0.2023
2020-03-10,EGP,-0.128
2020-03-10,EGY,0.2732
2020-03-10,EMAN,0.0
2020-03-10,EMCF,-0.2023
2020-03-10,EMO,-0.2023
2020-03-10,EQC,0.0
2020-03-10,ESGR,0.0
2020-03-10,EVGN,-0.1027
2020-03-10,FIX,0.2787
2020-03-10,FLXS,-0.2023
2020-03-10,FMO,-0.2023
2020-03-10,FNHC,0.296
2020-03-10,GAIA,0.0
2020-03-10,GHM,-0.2023
2020-03-10,GPX,0.0
2020-03-10,HBP,-0.2023
2020-03-10,HMN,-0.4588
2020-03-10,HMSY,-0.2023
2020-03-10,HNRG,0.0516
2020-03-10,HOFT,-0.2023
2020-03-10,HSTM,0.0
2020-03-10,IAE,-0.2023
2020-03-10,ICCC,-0.1027
2020-03-10,III,-0.05103333333333334
2020-03-10,IKNX,-0.2023
2020-03-10,IMOS,0.0
2020-03-10,IRMD,-0.1027
2020-03-10,IRT,0.5106
2020-03-10,JMLP,-0.2023
2020-03-10,KNOP,-0.2023
2020-03-10,KOSS,-0.2023
2020-03-10,KW,-0.2023
2020-03-10,LARK,-0.2023
2020-03-10,LCUT,0.0
2020-03-10,MBT,0.0
2020-03-10,MCF,0.0
2020-03-10,MCHX,-0.2023
2020-03-10,MDWD,0.0
2020-03-10,MELR,0.0
2020-03-10,MFSF,0.0
2020-03-10,MGRC,-0.2023
2020-03-10,MGU,-0.2023
2020-03-10,MIE,-0.2023
2020-03-10,MPB,-0.2023
2020-03-10,MX,0.0
2020-03-10,MYRG,0.0
2020-03-10,NCTY,0.0
2020-03-10,NDP,-0.2023
2020-03-10,NLNK,0.3818
2020-03-10,NMM,0.0
2020-03-10,NOA,0.0
2020-03-10,NRIM,-0.2023
2020-03-10,NSIT,-0.2023
2020-03-10,NWBI,0.0
2020-03-10,NWFL,-0.2023
2020-03-10,NWLI,-0.2023
2020-03-10,OSBC,-0.2023
2020-03-10,OTEL,0.0
2020-03-10,OVLY,-0.2023
2020-03-10,PARR,-0.2023
2020-03-10,PBR.A,0.8074
2020-03-10,PCTI,0.0
2020-03-10,PER,-0.2023
2020-03-10,PHX,-0.296
2020-03-10,PRGX,0.0
2020-03-10,PRTK,0.0
2020-03-10,RESN,0.0
2020-03-10,REX,-0.2023
2020-03-10,RVLT,-0.2023
2020-03-10,SBLK,0.0
2020-03-10,SCSC,-0.2023
2020-03-10,SEED,0.0
2020-03-10,SINA,0.1779
2020-03-10,SOHU,-0.128
2020-03-10,SPEX,0.01925000000000001
2020-03-10,SPH,0.0
2020-03-10,SPHS,0.4767
2020-03-10,STKL,0.0
2020-03-10,STXS,0.0
2020-03-10,SVVC,-0.2023
2020-03-10,TAYD,-0.2023
2020-03-10,TRC,0.0
2020-03-10,TRQ,0.296
2020-03-10,TTP,-0.2023
2020-03-10,TUR,0.4019
2020-03-10,TZOO,0.0
2020-03-10,UNTY,0.0
2020-03-10,USAC,0.0
2020-03-10,VIRC,-0.2023
2020-03-10,WEYS,0.0
2020-03-10,WSBF,-0.2023
2020-03-10,WSO,0.0
2020-03-10,XOMA,0.0
2020-03-10,XTLB,-0.1525
2020-03-11,ACH,-0.2023
2020-03-11,AEZS,0.34
2020-03-11,AFMD,-0.2023
2020-03-11,AGD,-0.2023
2020-03-11,AGRO,-0.2023
2020-03-11,AIF,-0.2023
2020-03-11,AKS,0.2732
2020-03-11,ALEX,-0.2023
2020-03-11,AMOT,0.0
2020-03-11,AMSC,-0.2023
2020-03-11,ANAT,-0.2023
2020-03-11,AOD,-0.2023
2020-03-11,APEI,-0.2023
2020-03-11,APTO,0.0
2020-03-11,ARTNA,0.0
2020-03-11,ARTW,0.0
2020-03-11,ATEN,-0.2023
2020-03-11,AVAL,-0.2023
2020-03-11,AVH,0.0
2020-03-11,AVK,-0.2023
2020-03-11,AVY,-0.128
2020-03-11,AWF,-0.2023
2020-03-11,AWP,-0.2023
2020-03-11,BANX,-0.2023
2020-03-11,BBW,0.0
2020-03-11,BELFA,-0.2023
2020-03-11,BERY,-0.128
2020-03-11,BGH,-0.2023
2020-03-11,BGY,-0.2023
2020-03-11,BKK,-0.2023
2020-03-11,BKSC,-0.2023
2020-03-11,BREW,0.0
2020-03-11,BSET,-0.2023
2020-03-11,BUI,-0.2023
2020-03-11,CAC,-0.2023
2020-03-11,CASI,-0.2023
2020-03-11,CDXS,-0.2023
2020-03-11,CFBK,-0.2023
2020-03-11,CFFI,-0.2023
2020-03-11,CHA,-0.2023
2020-03-11,CHCI,-0.2023
2020-03-11,CHE,0.0
2020-03-11,CHL,-0.296
2020-03-11,CHMG,-0.2023
2020-03-11,CHU,-0.2023
2020-03-11,CHY,-0.2023
2020-03-11,CIA,0.0
2020-03-11,CMCT,-0.2023
2020-03-11,CMP,-0.2023
2020-03-11,CNBKA,-0.2023
2020-03-11,CNET,-0.2023
2020-03-11,CNOB,-0.2023
2020-03-11,CO,0.17
2020-03-11,COLM,-0.2023
2020-03-11,CSPI,0.04684999999999999
2020-03-11,CVBF,-0.2023
2020-03-11,CVGW,-0.064
2020-03-11,CVM,0.0
2020-03-11,CXP,-0.2023
2020-03-11,CY,0.0
2020-03-11,CYRN,-0.2023
2020-03-11,DCOM,-0.2023
2020-03-11,DOOR,0.0
2020-03-11,DQ,0.0
2020-03-11,EBF,-0.2023
2020-03-11,ECC,-0.2023
2020-03-11,EFR,-0.2023
2020-03-11,EFT,-0.2023
2020-03-11,EMCF,-0.2023
2020-03-11,EME,-0.2023
2020-03-11,EPZM,0.0
2020-03-11,ESTE,0.2732
2020-03-11,ETH,-0.2023
2020-03-11,EZPW,-0.2023
2020-03-11,FARM,0.3818
2020-03-11,FDEF,-0.2023
2020-03-11,FEIM,-0.2023
2020-03-11,FFA,-0.2023
2020-03-11,FGB,-0.2023
2020-03-11,FMX,-0.2023
2020-03-11,FNHC,-0.2023
2020-03-11,FONR,-0.2023
2020-03-11,FOR,-0.2023
2020-03-11,FPI,0.0
2020-03-11,FPRX,-0.2023
2020-03-11,FRBA,-0.2023
2020-03-11,FRBK,-0.2023
2020-03-11,FRPH,-0.2023
2020-03-11,GAIN,-0.2023
2020-03-11,GBR,0.2732
2020-03-11,GHL,-0.2023
2020-03-11,GIFI,-0.2023
2020-03-11,GLRE,-0.2023
2020-03-11,GPX,-0.16515000000000002
2020-03-11,GRVY,-0.2023
2020-03-11,GSBC,-0.2023
2020-03-11,HBNC,-0.2023
2020-03-11,HCCI,-0.2023
2020-03-11,HELE,-0.296
2020-03-11,HNI,-0.2023
2020-03-11,HSTM,-0.2023
2020-03-11,HTD,-0.2023
2020-03-11,HTY,-0.2023
2020-03-11,HURC,-0.2023
2020-03-11,HWCC,-0.2023
2020-03-11,HYI,-0.2023
2020-03-11,ICCC,-0.2023
2020-03-11,IGA,-0.2023
2020-03-11,IGR,-0.2023
2020-03-11,IID,-0.2023
2020-03-11,IIN,-0.2023
2020-03-11,IMO,0.2577
2020-03-11,INTG,-0.2023
2020-03-11,ISD,-0.2023
2020-03-11,JCS,-0.148
2020-03-11,JFR,-0.2023
2020-03-11,JHI,-0.2023
2020-03-11,JRI,-0.2023
2020-03-11,JTA,-0.2023
2020-03-11,KBAL,-0.2023
2020-03-11,KEM,0.0
2020-03-11,KEP,-0.2023
2020-03-11,KEX,-0.2023
2020-03-11,KFY,-0.050575
2020-03-11,KINS,0.0
2020-03-11,KIO,-0.2023
2020-03-11,KNL,-0.2023
2020-03-11,KNOP,-0.1531
2020-03-11,KOSS,-0.2023
2020-03-11,KT,-0.2023
2020-03-11,KW,-0.2023
2020-03-11,LARK,-0.2023
2020-03-11,LCUT,-0.07655
2020-03-11,LEDS,-0.2023
2020-03-11,LMNR,-0.49305
2020-03-11,LOPE,-0.2023
2020-03-11,LTRX,-0.51585
2020-03-11,LXFR,-0.2023
2020-03-11,LXU,-0.2023
2020-03-11,LZB,-0.2023
2020-03-11,MBT,-0.20784999999999998
2020-03-11,MCC,-0.2023
2020-03-11,MCHX,-0.2023
2020-03-11,MDWD,0.0
2020-03-11,MEET,-0.05103333333333334
2020-03-11,MELR,0.0
2020-03-11,MFD,-0.2023
2020-03-11,MGIC,-0.128
2020-03-11,MGU,-0.2023
2020-03-11,MIXT,-0.2023
2020-03-11,MKSI,0.0
2020-03-11,MMU,-0.2023
2020-03-11,MPX,-0.2023
2020-03-11,MSC,-0.128
2020-03-11,MYE,-0.2023
2020-03-11,NCB,-0.2023
2020-03-11,NCTY,-0.2263
2020-03-11,NCZ,-0.2023
2020-03-11,NGHC,-0.128
2020-03-11,NGVC,-0.2023
2020-03-11,NJR,-0.2023
2020-03-11,NL,0.0
2020-03-11,NMM,0.0
2020-03-11,NOAH,-0.2023
2020-03-11,NOG,0.0
2020-03-11,NP,-0.2023
2020-03-11,NSL,-0.2023
2020-03-11,NSP,-0.2023
2020-03-11,NVGS,0.0
2020-03-11,NWBI,-0.2023
2020-03-11,NWFL,-0.2023
2020-03-11,NWLI,-0.2023
2020-03-11,OCFC,-0.2023
2020-03-11,OGS,-0.2023
2020-03-11,ORBC,-0.2023
2020-03-11,PACD,0.0
2020-03-11,PANL,-0.2023
2020-03-11,PDI,-0.2023
2020-03-11,PDLI,0.0
2020-03-11,PEIX,0.2732
2020-03-11,PEO,-0.2023
2020-03-11,PER,-0.2023
2020-03-11,PFIE,-0.1027
2020-03-11,PFLT,-0.2023
2020-03-11,PFN,-0.2023
2020-03-11,PFS,-0.2023
2020-03-11,PHD,-0.2023
2020-03-11,PHK,-0.2023
2020-03-11,PHX,-0.2023
2020-03-11,PKBK,-0.2023
2020-03-11,PKO,-0.2023
2020-03-11,PNNT,-0.2023
2020-03-11,PZN,-0.2023
2020-03-11,RAVN,-0.2023
2020-03-11,RCMT,-0.2023
2020-03-11,RDI,-0.2023
2020-03-11,RELL,-0.2023
2020-03-11,RELV,-0.2023
2020-03-11,RESN,-0.16515000000000002
2020-03-11,REV,0.0
2020-03-11,RFP,-0.2023
2020-03-11,RST,-0.06743333333333333
2020-03-11,RUSHB,-0.2023
2020-03-11,RVLT,-0.2023
2020-03-11,RVT,-0.2023
2020-03-11,SBCF,-0.2023
2020-03-11,SCHL,-0.2023
2020-03-11,SCL,-0.2023
2020-03-11,SFNC,-0.2023
2020-03-11,SGMA,0.0
2020-03-11,SIFY,-0.2023
2020-03-11,SJW,-0.25
2020-03-11,SMBC,-0.2023
2020-03-11,SNN,0.0
2020-03-11,SOHO,0.0
2020-03-11,SPB,0.7506
2020-03-11,SPEX,0.0
2020-03-11,SPH,0.0
2020-03-11,SPHS,0.01210000000000001
2020-03-11,SRCE,-0.2023
2020-03-11,SRDX,-0.2023
2020-03-11,STBA,-0.2023
2020-03-11,STKL,0.0
2020-03-11,SUP,-0.2023
2020-03-11,SWIR,-0.2023
2020-03-11,SWM,-0.2023
2020-03-11,TAYD,-0.2023
2020-03-11,TCPC,-0.2023
2020-03-11,TDS,-0.2023
2020-03-11,TDW,-0.2023
2020-03-11,THG,-0.33055
2020-03-11,TIPT,-0.2023
2020-03-11,TISI,-0.2023
2020-03-11,TLI,-0.2023
2020-03-11,TLK,-0.296
2020-03-11,TREC,-0.128
2020-03-11,TRMK,-0.2023
2020-03-11,TTMI,0.2577
2020-03-11,TX,-0.2023
2020-03-11,UAN,-0.2023
2020-03-11,UBP,-0.2023
2020-03-11,UCBI,0.3182
2020-03-11,UFPI,0.0
2020-03-11,USLM,-0.2023
2020-03-11,UTF,-0.2023
2020-03-11,UVSP,-0.2023
2020-03-11,UVV,-0.2023
2020-03-11,VXX,-0.128
2020-03-11,WDR,-0.2023
2020-03-11,WIW,-0.2023
2020-03-11,WLDN,-0.2023
2020-03-11,WLFC,-0.10115
2020-03-11,WPP,-0.2023
2020-03-11,WSFS,-0.2023
2020-03-11,XTLB,0.06885000000000001
2020-03-12,AAON,-0.2023
2020-03-12,ABCB,-0.2023
2020-03-12,ABM,-0.2023
2020-03-12,ACCO,-0.2023
2020-03-12,ACH,-0.2023
2020-03-12,ACIW,-0.2023
2020-03-12,ACNB,-0.2023
2020-03-12,ACOR,-0.6597
2020-03-12,ACP,-0.2023
2020-03-12,ADTN,-0.2023
2020-03-12,ADX,-0.2023
2020-03-12,AFB,-0.2023
2020-03-12,AFMD,-0.431
2020-03-12,AFT,-0.2023
2020-03-12,AGM,-0.2023
2020-03-12,AGRO,-0.10115
2020-03-12,AGX,-0.2023
2020-03-12,AIF,-0.2023
2020-03-12,AIN,-0.2023
2020-03-12,AIT,-0.2023
2020-03-12,AKS,-0.2023
2020-03-12,ALE,-0.2023
2020-03-12,ALEX,-0.2023
2020-03-12,ALTR,-0.2023
2020-03-12,ALX,-0.2023
2020-03-12,AMBC,-0.2023
2020-03-12,AMNB,-0.2023
2020-03-12,AMOT,-0.2023
2020-03-12,AMOV,-0.2023
2020-03-12,AMPH,0.0
2020-03-12,AMSC,-0.2023
2020-03-12,AMTX,0.0
2020-03-12,ANAT,-0.2023
2020-03-12,AOD,-0.2023
2020-03-12,AP,0.0
2020-03-12,APTO,0.0
2020-03-12,ARAY,-0.2023
2020-03-12,ARDC,-0.2023
2020-03-12,AROW,-0.2023
2020-03-12,ARTNA,-0.2023
2020-03-12,ASC,-0.2023
2020-03-12,ASR,-0.2023
2020-03-12,ASUR,0.0
2020-03-12,AT,-0.2023
2020-03-12,ATAX,-0.2023
2020-03-12,ATEN,-0.2023
2020-03-12,ATLO,-0.2023
2020-03-12,ATNI,-0.2023
2020-03-12,ATTO,-0.2023
2020-03-12,ATV,0.0
2020-03-12,AUPH,0.0
2020-03-12,AVAL,-0.2023
2020-03-12,AVH,-0.24050000000000002
2020-03-12,AVK,-0.2023
2020-03-12,AWF,-0.2023
2020-03-12,AWP,-0.2023
2020-03-12,AWX,0.0
2020-03-12,AXTI,-0.2023
2020-03-12,AZZ,-0.2023
2020-03-12,B,-0.2023
2020-03-12,BAK,-0.2023
2020-03-12,BANF,-0.2023
2020-03-12,BANR,-0.2023
2020-03-12,BANX,-0.2023
2020-03-12,BAP,-0.2023
2020-03-12,BBF,-0.2023
2020-03-12,BBK,-0.2023
2020-03-12,BBSI,-0.2023
2020-03-12,BBX,-0.2023
2020-03-12,BCBP,-0.2023
2020-03-12,BCE,-0.2023
2020-03-12,BCH,-0.2023
2020-03-12,BCOM,-0.2023
2020-03-12,BCOR,-0.2023
2020-03-12,BCOV,-0.2023
2020-03-12,BCPC,-0.2023
2020-03-12,BDGE,-0.2023
2020-03-12,BEAT,-0.431
2020-03-12,BELFA,-0.2023
2020-03-12,BEP,0.3818
2020-03-12,BFIN,-0.2023
2020-03-12,BFK,-0.2023
2020-03-12,BFS,-0.2023
2020-03-12,BFZ,-0.2023
2020-03-12,BGB,-0.2023
2020-03-12,BGH,-0.2023
2020-03-12,BGR,-0.2023
2020-03-12,BGSF,-0.06743333333333333
2020-03-12,BGT,-0.2023
2020-03-12,BGY,-0.2023
2020-03-12,BH,-0.2023
2020-03-12,BHE,-0.2023
2020-03-12,BIF,-0.2023
2020-03-12,BIP,-0.2023
2020-03-12,BIT,-0.2023
2020-03-12,BKK,-0.2023
2020-03-12,BKN,-0.2023
2020-03-12,BKT,-0.2023
2020-03-12,BLE,-0.2023
2020-03-12,BLKB,-0.2023
2020-03-12,BLL,0.0
2020-03-12,BLW,-0.2023
2020-03-12,BLX,-0.2023
2020-03-12,BMA,0.08974999999999998
2020-03-12,BME,-0.2023
2020-03-12,BMI,-0.2023
2020-03-12,BMRC,-0.2023
2020-03-12,BMTC,-0.2023
2020-03-12,BNY,-0.2023
2020-03-12,BOCH,-0.2023
2020-03-12,BOH,-0.2023
2020-03-12,BPFH,-0.2023
2020-03-12,BPT,-0.2023
2020-03-12,BRC,-0.2023
2020-03-12,BRKL,-0.2023
2020-03-12,BRKS,-0.2023
2020-03-12,BSAC,-0.2023
2020-03-12,BSL,-0.2023
2020-03-12,BSRR,-0.2023
2020-03-12,BST,-0.2023
2020-03-12,BTA,-0.2023
2020-03-12,BTN,0.5106
2020-03-12,BTT,-0.2023
2020-03-12,BUI,-0.2023
2020-03-12,BUSE,-0.2023
2020-03-12,BV,-0.2023
2020-03-12,BVN,-0.28175
2020-03-12,BWFG,-0.2023
2020-03-12,BWG,-0.2023
2020-03-12,BXMX,-0.2023
2020-03-12,BXS,-0.2023
2020-03-12,BZH,-0.2023
2020-03-12,CAAS,0.0
2020-03-12,CAC,-0.2023
2020-03-12,CAE,-0.2023
2020-03-12,CAF,-0.2023
2020-03-12,CAJ,-0.2023
2020-03-12,CAMP,-0.2023
2020-03-12,CARO,-0.2023
2020-03-12,CASI,-0.431
2020-03-12,CASS,-0.32135
2020-03-12,CATY,-0.2023
2020-03-12,CBFV,-0.2023
2020-03-12,CBPO,-0.4064
2020-03-12,CBSH,-0.2023
2020-03-12,CCBG,-0.2023
2020-03-12,CCNE,-0.2023
2020-03-12,CCU,-0.2023
2020-03-12,CDR,-0.2023
2020-03-12,CDXS,-0.2023
2020-03-12,CECE,-0.2023
2020-03-12,CEE,-0.2023
2020-03-12,CELP,0.1531
2020-03-12,CEM,-0.2023
2020-03-12,CEN,-0.2023
2020-03-12,CEO,0.05983333333333332
2020-03-12,CFFI,-0.2023
2020-03-12,CFFN,-0.2023
2020-03-12,CFR,-0.2023
2020-03-12,CGIX,0.0
2020-03-12,CHA,-0.2023
2020-03-12,CHCO,-0.2023
2020-03-12,CHI,-0.2023
2020-03-12,CHL,-0.28175
2020-03-12,CHMG,-0.2023
2020-03-12,CHN,-0.2023
2020-03-12,CHU,-0.2023
2020-03-12,CHW,-0.2023
2020-03-12,CHY,-0.2023
2020-03-12,CIA,-0.2023
2020-03-12,CIB,-0.2023
2020-03-12,CII,-0.2023
2020-03-12,CKH,-0.2023
2020-03-12,CLFD,-0.2023
2020-03-12,CLMT,-0.2023
2020-03-12,CLNE,-0.10115
2020-03-12,CLS,-0.2023
2020-03-12,CMCO,-0.2023
2020-03-12,CMCT,-0.2023
2020-03-12,CMP,-0.2023
2020-03-12,CNA,-0.2023
2020-03-12,CNBKA,-0.2023
2020-03-12,CNMD,-0.2023
2020-03-12,CNOB,-0.2023
2020-03-12,COKE,-0.2023
2020-03-12,COLB,-0.2023
2020-03-12,COLM,-0.2023
2020-03-12,COR,-0.2023
2020-03-12,COWN,-0.2023
2020-03-12,CPF,-0.2023
2020-03-12,CR,-0.2023
2020-03-12,CRESY,-0.2023
2020-03-12,CRNT,-0.2023
2020-03-12,CRS,-0.2023
2020-03-12,CSFL,-0.2023
2020-03-12,CSOD,-0.2023
2020-03-12,CSQ,-0.2023
2020-03-12,CSTE,-0.2023
2020-03-12,CSV,-0.2023
2020-03-12,CTBI,-0.2023
2020-03-12,CTR,-0.2023
2020-03-12,CTS,-0.2023
2020-03-12,CVBF,-0.2023
2020-03-12,CVCY,-0.2023
2020-03-12,CVGW,-0.2023
2020-03-12,CVLY,-0.10115
2020-03-12,CW,-0.2023
2020-03-12,CXE,-0.2023
2020-03-12,CXP,-0.2023
2020-03-12,CY,-0.3612
2020-03-12,CYD,-0.2023
2020-03-12,CZNC,-0.2023
2020-03-12,DAKT,-0.2023
2020-03-12,DBL,-0.2023
2020-03-12,DCOM,-0.2023
2020-03-12,DEO,-0.2023
2020-03-12,DFP,-0.2023
2020-03-12,DGICA,-0.2023
2020-03-12,DGII,-0.2023
2020-03-12,DHF,-0.2023
2020-03-12,DHIL,-0.2023
2020-03-12,DIAX,-0.2023
2020-03-12,DJCO,-0.2023
2020-03-12,DKL,0.0
2020-03-12,DLNG,-0.11315
2020-03-12,DLX,-0.2023
2020-03-12,DMB,-0.2023
2020-03-12,DMLP,-0.2023
2020-03-12,DMO,-0.2023
2020-03-12,DMRC,-0.2023
2020-03-12,DNP,-0.2023
2020-03-12,DSM,-0.2023
2020-03-12,DSU,-0.2023
2020-03-12,DUST,0.0
2020-03-12,E,-0.2023
2020-03-12,EBF,-0.2023
2020-03-12,EBSB,-0.2023
2020-03-12,ECC,-0.2023
2020-03-12,ECOL,-0.2023
2020-03-12,EDD,-0.2023
2020-03-12,EDF,-0.2023
2020-03-12,EEFT,-0.2023
2020-03-12,EFR,-0.2023
2020-03-12,EFSC,-0.2023
2020-03-12,EFT,-0.2023
2020-03-12,EGAN,-0.2023
2020-03-12,EGBN,-0.2023
2020-03-12,EGLE,-0.2023
2020-03-12,EGP,-0.2023
2020-03-12,EHI,-0.2023
2020-03-12,EIGI,-0.2023
2020-03-12,EMD,-0.2023
2020-03-12,EME,-0.2023
2020-03-12,EMF,-0.2023
2020-03-12,EMO,-0.2023
2020-03-12,ENS,-0.2023
2020-03-12,ENSG,-0.2023
2020-03-12,EOD,-0.2023
2020-03-12,EOI,-0.2023
2020-03-12,EOS,-0.2023
2020-03-12,EOT,-0.2023
2020-03-12,EQC,-0.2023
2020-03-12,ERA,-0.2023
2020-03-12,ERIE,-0.2023
2020-03-12,ERII,-0.2023
2020-03-12,ESGR,-0.2023
2020-03-12,ESSA,-0.2023
2020-03-12,ESTE,-0.10115
2020-03-12,ETB,-0.2023
2020-03-12,ETG,-0.2023
2020-03-12,ETH,-0.2023
2020-03-12,ETO,-0.2023
2020-03-12,ETV,-0.2023
2020-03-12,ETW,-0.2023
2020-03-12,ETY,-0.2023
2020-03-12,EVF,-0.2023
2020-03-12,EVG,-0.2023
2020-03-12,EVN,-0.2023
2020-03-12,EVR,-0.2023
2020-03-12,EVT,-0.2023
2020-03-12,EXFO,-0.2023
2020-03-12,EXG,0.08974999999999998
2020-03-12,EZPW,-0.2023
2020-03-12,FARM,-0.2023
2020-03-12,FAZ,0.0
2020-03-12,FBC,-0.2023
2020-03-12,FBIZ,-0.2023
2020-03-12,FBMS,-0.2023
2020-03-12,FCBC,-0.2023
2020-03-12,FCFS,-0.2023
2020-03-12,FCNCA,-0.2023
2020-03-12,FCT,-0.2023
2020-03-12,FDEF,-0.2023
2020-03-12,FEI,-0.2023
2020-03-12,FEIM,0.28595
2020-03-12,FENG,-0.2023
2020-03-12,FF,-0.2023
2020-03-12,FFA,-0.2023
2020-03-12,FFBC,-0.2023
2020-03-12,FFC,-0.2023
2020-03-12,FFG,-0.2023
2020-03-12,FFIN,0.04684999999999999
2020-03-12,FIBK,-0.2023
2020-03-12,FIF,-0.2023
2020-03-12,FISI,-0.2023
2020-03-12,FLC,-0.2023
2020-03-12,FLIC,-0.2023
2020-03-12,FLL,0.0
2020-03-12,FMBI,-0.2023
2020-03-12,FMN,-0.2023
2020-03-12,FMNB,-0.2023
2020-03-12,FMO,-0.2023
2020-03-12,FMX,-0.27115
2020-03-12,FNHC,-0.2023
2020-03-12,FNLC,-0.2023
2020-03-12,FOE,-0.2023
2020-03-12,FOF,-0.2023
2020-03-12,FOR,-0.2023
2020-03-12,FPF,-0.2023
2020-03-12,FPL,-0.2023
2020-03-12,FPRX,-0.6597
2020-03-12,FR,-0.2023
2020-03-12,FRA,-0.2023
2020-03-12,FRBA,-0.2023
2020-03-12,FRBK,-0.2023
2020-03-12,FRME,-0.2023
2020-03-12,FRPH,-0.2023
2020-03-12,FSBW,-0.2023
2020-03-12,FSTR,-0.2023
2020-03-12,FT,-0.2023
2020-03-12,FUL,-0.2023
2020-03-12,FULT,-0.2023
2020-03-12,FUND,-0.2023
2020-03-12,FWRD,-0.2023
2020-03-12,GAB,-0.2023
2020-03-12,GABC,-0.2023
2020-03-12,GAIA,-0.2023
2020-03-12,GAIN,-0.2023
2020-03-12,GAM,-0.2023
2020-03-12,GBAB,-0.2023
2020-03-12,GBCI,-0.2023
2020-03-12,GBDC,-0.2023
2020-03-12,GCBC,-0.2023
2020-03-12,GDL,-0.2023
2020-03-12,GDO,-0.2023
2020-03-12,GDV,-0.2023
2020-03-12,GEF,-0.2023
2020-03-12,GER,-0.2023
2020-03-12,GF,-0.2023
2020-03-12,GFF,-0.2023
2020-03-12,GGG,-0.2023
2020-03-12,GGM,-0.2023
2020-03-12,GGT,-0.2023
2020-03-12,GHL,-0.2023
2020-03-12,GHM,-0.2023
2020-03-12,GHY,-0.2023
2020-03-12,GIB,-0.28175
2020-03-12,GIM,-0.2023
2020-03-12,GLAD,-0.2023
2020-03-12,GLP,-0.2023
2020-03-12,GLRE,-0.2023
2020-03-12,GLT,-0.2023
2020-03-12,GMZ,-0.2023
2020-03-12,GNE,-0.03715
2020-03-12,GOF,-0.2023
2020-03-12,GPK,-0.2023
2020-03-12,GPM,-0.2023
2020-03-12,GPRK,-0.2023
2020-03-12,GPX,-0.2023
2020-03-12,GRBK,-0.2023
2020-03-12,GRC,-0.2023
2020-03-12,GRVY,-0.2023
2020-03-12,GRX,-0.2023
2020-03-12,GSBC,-0.2023
2020-03-12,GSH,-0.2023
2020-03-12,GTY,-0.2023
2020-03-12,HAFC,-0.2023
2020-03-12,HAYN,-0.2023
2020-03-12,HBCP,-0.2023
2020-03-12,HBM,-0.2023
2020-03-12,HBMD,-0.2023
2020-03-12,HBNC,-0.2023
2020-03-12,HCAC,-0.2023
2020-03-12,HCCI,-0.2023
2020-03-12,HCI,-0.2023
2020-03-12,HCKT,-0.2023
2020-03-12,HCSG,-0.2023
2020-03-12,HE,-0.2023
2020-03-12,HEES,-0.2023
2020-03-12,HFWA,0.04684999999999999
2020-03-12,HHS,-0.2263
2020-03-12,HIE,-0.2023
2020-03-12,HIFS,-0.2023
2020-03-12,HIO,-0.2023
2020-03-12,HIX,-0.2023
2020-03-12,HMSY,-0.2023
2020-03-12,HMTV,-0.2023
2020-03-12,HNI,-0.2023
2020-03-12,HNP,-0.2023
2020-03-12,HOFT,-0.2023
2020-03-12,HOLI,-0.2023
2020-03-12,HPI,-0.2023
2020-03-12,HPS,-0.2023
2020-03-12,HQH,-0.2023
2020-03-12,HQL,-0.2023
2020-03-12,HRZN,-0.2023
2020-03-12,HSII,-0.2023
2020-03-12,HSTM,-0.2023
2020-03-12,HTBI,-0.2023
2020-03-12,HTBK,-0.2023
2020-03-12,HTD,0.08974999999999998
2020-03-12,HTLF,-0.2023
2020-03-12,HURC,-0.2023
2020-03-12,HWBK,-0.2023
2020-03-12,HWCC,-0.1531
2020-03-12,HYB,-0.2023
2020-03-12,HYI,-0.2023
2020-03-12,HYT,-0.2023
2020-03-12,IBCP,-0.2023
2020-03-12,IBKC,-0.2023
2020-03-12,IBOC,-0.2023
2020-03-12,ICL,-0.2023
2020-03-12,IDA,-0.2023
2020-03-12,IDT,-0.2023
2020-03-12,IEP,-0.2023
2020-03-12,IFN,-0.2023
2020-03-12,IGA,-0.2023
2020-03-12,IGR,-0.2023
2020-03-12,IIF,-0.2023
2020-03-12,IIM,-0.2023
2020-03-12,INDB,-0.2023
2020-03-12,INFU,0.0
2020-03-12,INGR,-0.2023
2020-03-12,IOSP,-0.2023
2020-03-12,IPI,-0.2023
2020-03-12,IQI,-0.2023
2020-03-12,IRDM,-0.2023
2020-03-12,IRET,0.03715
2020-03-12,IRIX,0.0
2020-03-12,ISD,-0.2023
2020-03-12,ISNS,0.0
2020-03-12,ITRN,-0.2023
2020-03-12,IVH,-0.2023
2020-03-12,IX,-0.2023
2020-03-12,JBT,-0.2023
2020-03-12,JCE,-0.2023
2020-03-12,JDD,-0.2023
2020-03-12,JFR,-0.2023
2020-03-12,JGH,-0.2023
2020-03-12,JHI,-0.2023
2020-03-12,JHS,-0.2023
2020-03-12,JJSF,-0.24914999999999998
2020-03-12,JLL,-0.1197
2020-03-12,JOF,-0.2023
2020-03-12,JOUT,-0.2023
2020-03-12,JPC,-0.2023
2020-03-12,JPI,-0.2023
2020-03-12,JPS,-0.2023
2020-03-12,JQC,-0.2023
2020-03-12,JRI,-0.2023
2020-03-12,JRO,-0.2023
2020-03-12,JRS,-0.2023
2020-03-12,JRVR,-0.2023
2020-03-12,JTA,-0.2023
2020-03-12,JTD,-0.2023
2020-03-12,JYNT,-0.2023
2020-03-12,KAI,-0.2023
2020-03-12,KALU,-0.2023
2020-03-12,KB,0.08974999999999998
2020-03-12,KBAL,-0.2023
2020-03-12,KE,-0.2023
2020-03-12,KELYA,-0.2023
2020-03-12,KEP,-0.2023
2020-03-12,KEX,-0.2023
2020-03-12,KFY,-0.2023
2020-03-12,KIO,-0.2023
2020-03-12,KMF,-0.2023
2020-03-12,KMPR,-0.2023
2020-03-12,KNL,-0.2023
2020-03-12,KNOP,-0.2023
2020-03-12,KOF,-0.2023
2020-03-12,KRG,-0.2023
2020-03-12,KRNY,-0.2023
2020-03-12,KT,-0.2023
2020-03-12,KTF,-0.2023
2020-03-12,KVHI,-0.2023
2020-03-12,KW,-0.2023
2020-03-12,KWR,-0.2023
2020-03-12,KYN,0.08974999999999998
2020-03-12,LANC,-0.2023
2020-03-12,LBAI,-0.2023
2020-03-12,LBTYK,-0.2023
2020-03-12,LCNB,-0.2023
2020-03-12,LDP,-0.2023
2020-03-12,LECO,-0.2023
2020-03-12,LEO,-0.2023
2020-03-12,LFUS,-0.2023
2020-03-12,LFVN,-0.2023
2020-03-12,LKFN,-0.2023
2020-03-12,LMNR,-0.011433333333333342
2020-03-12,LMRK,-0.2023
2020-03-12,LND,-0.2023
2020-03-12,LNDC,-0.2023
2020-03-12,LOPE,-0.2023
2020-03-12,LPL,-0.2023
2020-03-12,LTC,0.04684999999999999
2020-03-12,LTRX,-0.128
2020-03-12,LXFR,-0.2023
2020-03-12,LZB,-0.2023
2020-03-12,MACK,-0.6597
2020-03-12,MATW,-0.2023
2020-03-12,MATX,-0.2023
2020-03-12,MAV,-0.2023
2020-03-12,MBT,-0.2023
2020-03-12,MBWM,-0.2023
2020-03-12,MCBC,-0.2023
2020-03-12,MCHX,-0.2023
2020-03-12,MCR,-0.2023
2020-03-12,MELR,0.0
2020-03-12,MEN,-0.2023
2020-03-12,MFG,-0.2023
2020-03-12,MFL,-0.2023
2020-03-12,MFM,-0.2023
2020-03-12,MFSF,-0.2023
2020-03-12,MG,-0.2023
2020-03-12,MGEE,-0.2023
2020-03-12,MGPI,-0.2023
2020-03-12,MGRC,-0.2023
2020-03-12,MGU,-0.2023
2020-03-12,MHD,-0.2023
2020-03-12,MHF,-0.2023
2020-03-12,MHI,-0.2023
2020-03-12,MHN,-0.2023
2020-03-12,MHO,-0.2023
2020-03-12,MIE,-0.2023
2020-03-12,MIN,-0.2023
2020-03-12,MINI,-0.2023
2020-03-12,MIXT,-0.2023
2020-03-12,MIY,-0.2023
2020-03-12,MKSI,0.0
2020-03-12,MLHR,-0.2023
2020-03-12,MLP,0.6808
2020-03-12,MMAC,-0.2023
2020-03-12,MMD,-0.2023
2020-03-12,MMS,-0.2023
2020-03-12,MMT,-0.2023
2020-03-12,MMU,-0.2023
2020-03-12,MNKD,-0.2023
2020-03-12,MNP,-0.2023
2020-03-12,MNR,-0.2023
2020-03-12,MNRO,-0.2023
2020-03-12,MOD,-0.2023
2020-03-12,MOFG,-0.2023
2020-03-12,MORN,-0.2023
2020-03-12,MPA,-0.2023
2020-03-12,MPV,-0.2023
2020-03-12,MPX,-0.2023
2020-03-12,MQT,-0.2023
2020-03-12,MQY,-0.2023
2020-03-12,MSA,-0.2023
2020-03-12,MSC,-0.3612
2020-03-12,MSTR,-0.2023
2020-03-12,MTLS,-0.2023
2020-03-12,MTT,-0.2023
2020-03-12,MUA,-0.2023
2020-03-12,MUC,-0.2023
2020-03-12,MUE,-0.2023
2020-03-12,MUH,-0.2023
2020-03-12,MUS,-0.2023
2020-03-12,MVF,-0.2023
2020-03-12,MWA,-0.2023
2020-03-12,MXF,-0.2023
2020-03-12,MYC,-0.2023
2020-03-12,MYD,-0.2023
2020-03-12,MYE,-0.2023
2020-03-12,MYF,-0.2023
2020-03-12,MYI,-0.2023
2020-03-12,MYJ,-0.2023
2020-03-12,MYN,-0.2023
2020-03-12,MYRG,-0.2023
2020-03-12,NAD,-0.2023
2020-03-12,NAN,-0.2023
2020-03-12,NATH,-0.2023
2020-03-12,NATI,-0.2023
2020-03-12,NAZ,-0.2023
2020-03-12,NBN,-0.2023
2020-03-12,NBTB,-0.2023
2020-03-12,NC,-0.2023
2020-03-12,NCA,-0.2023
2020-03-12,NCZ,-0.2023
2020-03-12,NEA,-0.2023
2020-03-12,NEOG,0.4939
2020-03-12,NEU,-0.2023
2020-03-12,NEWT,-0.2023
2020-03-12,NFBK,-0.2023
2020-03-12,NFJ,-0.2023
2020-03-12,NGG,0.0
2020-03-12,NGHC,-0.2023
2020-03-12,NGVC,-0.2023
2020-03-12,NHF,-0.2023
2020-03-12,NID,-0.2023
2020-03-12,NJR,-0.2023
2020-03-12,NKX,-0.2023
2020-03-12,NMY,-0.2023
2020-03-12,NMZ,-0.2023
2020-03-12,NNI,-0.2023
2020-03-12,NOA,-0.2023
2020-03-12,NOAH,-0.2023
2020-03-12,NOG,0.0
2020-03-12,NP,-0.2023
2020-03-12,NPK,-0.2023
2020-03-12,NPO,-0.2023
2020-03-12,NRIM,-0.2023
2020-03-12,NRK,-0.2023
2020-03-12,NSIT,-0.2023
2020-03-12,NSL,-0.2023
2020-03-12,NSP,-0.2023
2020-03-12,NSSC,0.06885000000000001
2020-03-12,NTG,-0.2023
2020-03-12,NTP,-0.2023
2020-03-12,NUO,-0.2023
2020-03-12,NUV,-0.2023
2020-03-12,NUW,-0.2023
2020-03-12,NVEC,-0.2023
2020-03-12,NVG,-0.2023
2020-03-12,NVR,0.24914999999999998
2020-03-12,NWBI,-0.2023
2020-03-12,NWFL,-0.2023
2020-03-12,NWLI,-0.2023
2020-03-12,NWN,-0.2023
2020-03-12,NWS,-0.2023
2020-03-12,NXJ,-0.2023
2020-03-12,NXP,-0.2023
2020-03-12,NXQ,-0.2023
2020-03-12,NXR,-0.2023
2020-03-12,NZF,-0.2023
2020-03-12,OCFC,-0.2023
2020-03-12,OEC,-0.2023
2020-03-12,OFLX,-0.2023
2020-03-12,OGS,-0.2023
2020-03-12,OIA,-0.2023
2020-03-12,OLED,-0.28175
2020-03-12,OLP,-0.2023
2020-03-12,OMAB,-0.2023
2020-03-12,OPB,-0.2023
2020-03-12,OPOF,-0.2023
2020-03-12,OPY,-0.2023
2020-03-12,ORBC,-0.2023
2020-03-12,ORRF,-0.2023
2020-03-12,OSBC,-0.2023
2020-03-12,OSIS,-0.2023
2020-03-12,OTEX,-0.2023
2020-03-12,OTTR,-0.2023
2020-03-12,OVBC,-0.2023
2020-03-12,PAM,-0.2023
2020-03-12,PANL,-0.2023
2020-03-12,PAR,-0.2143
2020-03-12,PARR,-0.2023
2020-03-12,PBIP,-0.2023
2020-03-12,PBT,-0.2023
2020-03-12,PCH,-0.2023
2020-03-12,PCI,0.08974999999999998
2020-03-12,PCN,-0.2023
2020-03-12,PCQ,-0.2023
2020-03-12,PDI,-0.2023
2020-03-12,PDT,-0.2023
2020-03-12,PEBO,-0.2023
2020-03-12,PEO,-0.2023
2020-03-12,PFBC,-0.2023
2020-03-12,PFBI,-0.2023
2020-03-12,PFD,-0.2023
2020-03-12,PFL,-0.2023
2020-03-12,PFLT,-0.2023
2020-03-12,PFN,-0.2023
2020-03-12,PFO,-0.2023
2020-03-12,PFS,0.16219999999999996
2020-03-12,PGC,-0.2023
2020-03-12,PGNX,-0.2023
2020-03-12,PGZ,-0.2023
2020-03-12,PHD,-0.2023
2020-03-12,PHI,-0.2023
2020-03-12,PHK,-0.2023
2020-03-12,PHT,-0.2023
2020-03-12,PICO,-0.2023
2020-03-12,PIM,-0.2023
2020-03-12,PKBK,-0.2023
2020-03-12,PKE,-0.2023
2020-03-12,PKO,-0.2023
2020-03-12,PKX,-0.2023
2020-03-12,PLOW,0.2732
2020-03-12,PLPC,-0.2023
2020-03-12,PLUS,-0.2023
2020-03-12,PMF,-0.2023
2020-03-12,PML,-0.2023
2020-03-12,PMM,-0.2023
2020-03-12,PMO,-0.2023
2020-03-12,PMX,-0.2023
2020-03-12,PNNT,-0.2023
2020-03-12,PNRG,-0.2023
2020-03-12,POST,-0.2023
2020-03-12,POWL,-0.2023
2020-03-12,PPBI,-0.2023
2020-03-12,PPR,-0.2023
2020-03-12,PPT,-0.2023
2020-03-12,PRGS,-0.2023
2020-03-12,PRLB,-0.2023
2020-03-12,PROV,-0.2023
2020-03-12,PRSC,0.0
2020-03-12,PTNR,-0.2023
2020-03-12,PWOD,-0.2023
2020-03-12,PZC,-0.2023
2020-03-12,PZN,-0.2023
2020-03-12,QQQX,-0.2023
2020-03-12,QRHC,-0.1531
2020-03-12,QUAD,-0.2023
2020-03-12,QUIK,0.0
2020-03-12,RAVN,-0.2023
2020-03-12,RCI,-0.2023
2020-03-12,RCKY,-0.2023
2020-03-12,RDI,-0.2023
2020-03-12,RDIB,-0.2023
2020-03-12,RDNT,0.0
2020-03-12,RDWR,-0.2023
2020-03-12,RECN,-0.2023
2020-03-12,REFR,0.0
2020-03-12,REV,-0.2023
2020-03-12,REX,-0.2023
2020-03-12,RFIL,0.0
2020-03-12,RFP,-0.2023
2020-03-12,RGLS,0.0
2020-03-12,RLI,-0.2023
2020-03-12,RMAX,-0.2023
2020-03-12,RMBS,-0.3612
2020-03-12,RNP,-0.2023
2020-03-12,RNST,-0.2023
2020-03-12,ROG,-0.2023
2020-03-12,ROP,-0.2023
2020-03-12,RQI,-0.2023
2020-03-12,RST,-0.2023
2020-03-12,RUSHA,-0.2023
2020-03-12,RUSHB,-0.2023
2020-03-12,RVSB,-0.2023
2020-03-12,RVT,-0.2023
2020-03-12,RYI,-0.2023
2020-03-12,SALM,0.0
2020-03-12,SATS,-0.2023
2020-03-12,SBBX,0.5267
2020-03-12,SBCF,-0.2023
2020-03-12,SBR,-0.2023
2020-03-12,SCD,-0.2023
2020-03-12,SCHL,-0.2023
2020-03-12,SCHN,-0.2023
2020-03-12,SCL,-0.2023
2020-03-12,SCS,-0.2023
2020-03-12,SCSC,-0.2023
2020-03-12,SDPI,0.4404
2020-03-12,SEIC,-0.2023
2020-03-12,SFBS,-0.2023
2020-03-12,SFE,-0.2023
2020-03-12,SFL,-0.2023
2020-03-12,SFNC,-0.2023
2020-03-12,SGA,-0.10115
2020-03-12,SGMO,-0.2023
2020-03-12,SGU,-0.2023
2020-03-12,SH,0.0
2020-03-12,SHG,-0.2023
2020-03-12,SIFY,-0.2023
2020-03-12,SIGI,-0.2023
2020-03-12,SILC,-0.2023
2020-03-12,SINA,-0.2023
2020-03-12,SJI,-0.2023
2020-03-12,SJR,-0.2023
2020-03-12,SJW,-0.2023
2020-03-12,SKM,-0.2023
2020-03-12,SLCT,-0.2023
2020-03-12,SLF,-0.2023
2020-03-12,SMBC,-0.2023
2020-03-12,SMLP,-0.2023
2020-03-12,SMMF,-0.2023
2020-03-12,SMP,-0.2023
2020-03-12,SNN,-0.2023
2020-03-12,SNP,-0.2023
2020-03-12,SNR,-0.2023
2020-03-12,SOHO,0.0
2020-03-12,SOR,-0.2023
2020-03-12,SPAR,0.0
2020-03-12,SPB,-0.2023
2020-03-12,SPEX,0.0
2020-03-12,SPHS,0.0
2020-03-12,SPKE,-0.2023
2020-03-12,SPOK,-0.2023
2020-03-12,SPXS,0.0
2020-03-12,SPXX,-0.2023
2020-03-12,SQM,-0.2023
2020-03-12,SRCE,-0.2023
2020-03-12,SRDX,-0.431
2020-03-12,SRI,-0.2023
2020-03-12,SRT,-0.10115
2020-03-12,SSB,-0.2023
2020-03-12,STBA,-0.2023
2020-03-12,STC,-0.2023
2020-03-12,STK,-0.2023
2020-03-12,STRL,-0.2023
2020-03-12,STRS,-0.2023
2020-03-12,SUNS,-0.2023
2020-03-12,SWI,-0.2023
2020-03-12,SWIR,-0.2023
2020-03-12,SWM,-0.2023
2020-03-12,SXI,-0.2023
2020-03-12,SYBT,-0.2023
2020-03-12,SYX,-0.2023
2020-03-12,TAC,-0.10115
2020-03-12,TARO,-0.2023
2020-03-12,TBNK,-0.2023
2020-03-12,TCBK,-0.2023
2020-03-12,TCP,-0.2023
2020-03-12,TCPC,-0.2023
2020-03-12,TCX,-0.2023
2020-03-12,TDS,-0.2023
2020-03-12,TDW,-0.2023
2020-03-12,TEI,-0.2023
2020-03-12,TG,-0.2023
2020-03-12,TGH,-0.2023
2020-03-12,TGP,-0.2023
2020-03-12,TGS,-0.2023
2020-03-12,THFF,-0.2023
2020-03-12,THG,-0.2023
2020-03-12,THR,-0.2023
2020-03-12,THRM,-0.2023
2020-03-12,TIPT,-0.2023
2020-03-12,TISI,-0.28175
2020-03-12,TIVO,-0.2023
2020-03-12,TKR,-0.2023
2020-03-12,TLK,-0.2023
2020-03-12,TNC,-0.2023
2020-03-12,TNET,-0.2023
2020-03-12,TOWN,-0.2023
2020-03-12,TPL,-0.2023
2020-03-12,TRC,-0.2023
2020-03-12,TRMK,-0.2023
2020-03-12,TRS,0.15415
2020-03-12,TRST,-0.2023
2020-03-12,TSBK,-0.2023
2020-03-12,TSI,-0.2023
2020-03-12,TTC,-0.2023
2020-03-12,TTEC,-0.2023
2020-03-12,TU,-0.2023
2020-03-12,TV,-0.2023
2020-03-12,TX,-0.2023
2020-03-12,TY,-0.2023
2020-03-12,TYG,-0.2023
2020-03-12,UAN,-0.2023
2020-03-12,UBFO,-0.2023
2020-03-12,UBP,-0.2023
2020-03-12,UCBI,-0.2023
2020-03-12,UFCS,-0.2023
2020-03-12,UFI,-0.2023
2020-03-12,UMBF,-0.2023
2020-03-12,UNB,-0.2023
2020-03-12,UPLD,-0.2023
2020-03-12,USDP,-0.2023
2020-03-12,USLM,-0.2023
2020-03-12,USM,-0.2023
2020-03-12,USPH,-0.2023
2020-03-12,UTF,-0.2023
2020-03-12,UTL,-0.2023
2020-03-12,UVE,-0.2023
2020-03-12,UVSP,-0.2023
2020-03-12,UVV,-0.2023
2020-03-12,VALU,0.34
2020-03-12,VBTX,-0.2023
2020-03-12,VCV,-0.2023
2020-03-12,VGI,-0.2023
2020-03-12,VGM,-0.2023
2020-03-12,VGR,-0.2023
2020-03-12,VKQ,-0.2023
2020-03-12,VLGEA,-0.2023
2020-03-12,VMI,-0.2023
2020-03-12,VMO,-0.2023
2020-03-12,VRS,0.2732
2020-03-12,VRSN,-0.2023
2020-03-12,VSEC,-0.2023
2020-03-12,VTN,-0.2023
2020-03-12,VVR,-0.2023
2020-03-12,VXX,-0.4215
2020-03-12,WABC,-0.2023
2020-03-12,WAFD,-0.2023
2020-03-12,WBK,0.08974999999999998
2020-03-12,WDR,-0.2023
2020-03-12,WEYS,-0.2023
2020-03-12,WF,-0.2023
2020-03-12,WIA,-0.2023
2020-03-12,WIFI,-0.10115
2020-03-12,WIRE,-0.2023
2020-03-12,WIW,-0.2023
2020-03-12,WLDN,-0.2023
2020-03-12,WLFC,-0.2023
2020-03-12,WMK,-0.2023
2020-03-12,WOR,-0.2023
2020-03-12,WPP,-0.2023
2020-03-12,WRE,-0.2023
2020-03-12,WSBC,-0.2023
2020-03-12,WSBF,-0.2023
2020-03-12,WSFS,-0.2023
2020-03-12,WTM,-0.2023
2020-03-12,WUBA,0.08895
2020-03-12,XNET,0.0
2020-03-12,XONE,-0.1531
2020-03-12,XTLB,-0.6597
2020-03-12,XXII,0.2732
2020-03-12,Y,-0.2023
2020-03-12,ZEUS,-0.2023
2020-03-12,ZTR,-0.2023
2020-03-13,AAON,0.0
2020-03-13,ADXS,0.0
2020-03-13,ALTR,-0.2023
2020-03-13,AMX,0.296
2020-03-13,ANSS,-0.128
2020-03-13,AOSL,-0.2023
2020-03-13,AP,0.0
2020-03-13,APAM,0.25
2020-03-13,APWC,-0.2023
2020-03-13,ARKR,-0.24914999999999998
2020-03-13,ASUR,-0.128
2020-03-13,ATNI,-0.2023
2020-03-13,AWR,0.2263
2020-03-13,BCE,0.296
2020-03-13,BIP,0.0
2020-03-13,BLCM,0.296
2020-03-13,BV,-0.296
2020-03-13,CBB,0.296
2020-03-13,CHE,0.0
2020-03-13,CIB,0.29205
2020-03-13,CLNE,0.65215
2020-03-13,DISCB,-0.2023
2020-03-13,DLB,0.2023
2020-03-13,DMRC,0.0
2020-03-13,DRQ,-0.2023
2020-03-13,E,0.35875
2020-03-13,EGBN,-0.2023
2020-03-13,EGP,0.0
2020-03-13,EMAN,0.0
2020-03-13,ENOR,0.2263
2020-03-13,ENTA,0.0
2020-03-13,ESCA,-0.2023
2020-03-13,ESTE,0.07655
2020-03-13,EXFO,-0.2023
2020-03-13,FF,0.0
2020-03-13,FORR,-0.2023
2020-03-13,FPI,-0.128
2020-03-13,FPRX,-0.2023
2020-03-13,FRBK,-0.2023
2020-03-13,GCBC,0.296
2020-03-13,GOGO,0.0
2020-03-13,HCAP,0.25453333333333333
2020-03-13,HCI,0.0
2020-03-13,HSON,0.0
2020-03-13,HSTM,0.0
2020-03-13,HURC,0.0
2020-03-13,III,0.0
2020-03-13,IPI,0.0
2020-03-13,JBT,-0.2023
2020-03-13,JCTCF,-0.2023
2020-03-13,JLL,-0.2023
2020-03-13,JQC,-0.4404
2020-03-13,KNL,-0.2023
2020-03-13,LLEX,0.0258
2020-03-13,LPG,0.0
2020-03-13,LRN,0.0
2020-03-13,MACK,-0.2023
2020-03-13,MDU,-0.2023
2020-03-13,MEET,0.296
2020-03-13,MELR,0.0
2020-03-13,MHO,-0.2023
2020-03-13,MMAC,0.34
2020-03-13,MPV,-0.2023
2020-03-13,MSA,-0.2023
2020-03-13,MSON,0.0
2020-03-13,NEP,0.2732
2020-03-13,NLNK,-0.3818
2020-03-13,NNA,0.0
2020-03-13,NOG,-0.128
2020-03-13,NOM,0.0
2020-03-13,NTWK,-0.2023
2020-03-13,NVEE,-0.2023
2020-03-13,NWSA,0.296
2020-03-13,OFIX,-0.3818
2020-03-13,OFS,-0.3612
2020-03-13,OLP,0.5267
2020-03-13,OSIS,-0.2023
2020-03-13,OTEL,-0.2023
2020-03-13,OTTR,0.10115
2020-03-13,PANL,-0.2023
2020-03-13,PAR,0.0
2020-03-13,PDFS,-0.2023
2020-03-13,PFBI,-0.2023
2020-03-13,PGNX,-0.1909
2020-03-13,PKBK,-0.2023
2020-03-13,PKOH,-0.1956
2020-03-13,PMD,-0.3818
2020-03-13,PNRG,-0.2023
2020-03-13,PRGX,-0.2023
2020-03-13,PRI,-0.4404
2020-03-13,PSEC,-0.4404
2020-03-13,QUIK,0.0
2020-03-13,RBA,-0.4404
2020-03-13,RDIB,-0.2023
2020-03-13,RDUS,-0.3818
2020-03-13,RECN,-0.2023
2020-03-13,RMAX,-0.3612
2020-03-13,ROLL,-0.2023
2020-03-13,RVLT,-0.2023
2020-03-13,SANM,-0.2023
2020-03-13,SCX,-0.2023
2020-03-13,SGMO,-0.3818
2020-03-13,SIFY,-0.2023
2020-03-13,SLM,-0.4404
2020-03-13,SMTX,0.0
2020-03-13,SNCR,-0.2023
2020-03-13,SNN,-0.2023
2020-03-13,SNSS,0.0
2020-03-13,SOHO,0.0
2020-03-13,SPAR,-0.128
2020-03-13,SPEX,0.0
2020-03-13,SPKE,0.2263
2020-03-13,SRDX,-0.3818
2020-03-13,SXI,0.1779
2020-03-13,TCP,-0.2023
2020-03-13,TGE,0.296
2020-03-13,TGEN,-0.128
2020-03-13,TREC,0.0
2020-03-13,TRNO,0.0
2020-03-13,TUR,0.3818
2020-03-13,TZOO,0.0
2020-03-13,VHC,0.0
2020-03-13,VRS,0.0
2020-03-13,VVR,-0.4404
2020-03-13,WDR,-0.128
2020-03-13,WIFI,0.0
2020-03-13,WMGI,0.0
2020-03-13,XTLB,-0.3818
2020-03-13,ZAGG,0.0
2020-03-14,SOXX,0.6369
2020-03-15,CRMD,0.0
2020-03-15,ESLT,0.4939
2020-03-15,TNET,0.2732
2020-03-16,AAOI,-0.2023
2020-03-16,AAON,0.0
2020-03-16,ABCB,-0.2023
2020-03-16,ABM,-0.2023
2020-03-16,ACCO,-0.2023
2020-03-16,ACH,-0.2023
2020-03-16,ACST,0.0
2020-03-16,ADES,0.125
2020-03-16,AGTC,0.0
2020-03-16,AIN,-0.128
2020-03-16,AMX,-0.3612
2020-03-16,AP,0.0
2020-03-16,APTO,-0.296
2020-03-16,AUPH,0.0
2020-03-16,AVH,0.368
2020-03-16,AWR,0.0
2020-03-16,AZPN,-0.1809
2020-03-16,BCC,0.296
2020-03-16,BCOR,0.0
2020-03-16,BCV,0.296
2020-03-16,BLCM,0.0
2020-03-16,BRC,0.128
2020-03-16,BSTC,0.0
2020-03-16,CBLI,0.0
2020-03-16,CHDN,0.2732
2020-03-16,CMCT,0.5106
2020-03-16,CPAH,0.0258
2020-03-16,CPHC,0.0
2020-03-16,CPSS,-0.1531
2020-03-16,CRMD,0.0
2020-03-16,CRUS,-0.2294
2020-03-16,CVU,0.0
2020-03-16,CWCO,-0.11315
2020-03-16,CY,-0.4588
2020-03-16,DCO,-0.128
2020-03-16,DEO,0.0129
2020-03-16,DOOR,-0.128
2020-03-16,DRQ,-0.128
2020-03-16,DRRX,-0.296
2020-03-16,DX,0.0
2020-03-16,EGO,0.3825
2020-03-16,EGP,0.0
2020-03-16,EQC,0.0
2020-03-16,ESE,-0.5267
2020-03-16,FARM,0.128
2020-03-16,FFG,0.0
2020-03-16,FOLD,-0.148
2020-03-16,FSS,0.0
2020-03-16,GDP,-0.296
2020-03-16,GIFI,0.0
2020-03-16,GSS,0.0
2020-03-16,HIL,0.0
2020-03-16,IHC,0.0
2020-03-16,INAP,0.3897
2020-03-16,ITCI,-0.296
2020-03-16,JBT,-0.25
2020-03-16,JOBS,0.0
2020-03-16,JVA,0.0
2020-03-16,LLEX,0.0116
2020-03-16,LOPE,0.3612
2020-03-16,LPG,0.0
2020-03-16,LYTS,0.0
2020-03-16,MAGS,0.34
2020-03-16,MEET,-0.3612
2020-03-16,MELR,0.0
2020-03-16,MNTA,-0.296
2020-03-16,MSON,0.0
2020-03-16,MYE,0.4939
2020-03-16,NEWT,0.0
2020-03-16,NJR,0.0
2020-03-16,NNA,0.0
2020-03-16,NUAN,-0.4588
2020-03-16,OBCI,-0.1806
2020-03-16,OCC,0.0
2020-03-16,PDCO,-0.296
2020-03-16,PKOH,0.0
2020-03-16,PME,0.0
2020-03-16,PRTK,-0.296
2020-03-16,RBA,0.2023
2020-03-16,RDI,0.0
2020-03-16,REGI,0.0
2020-03-16,REI,0.2732
2020-03-16,REX,0.0
2020-03-16,RLGT,0.8126
2020-03-16,ROP,-0.25
2020-03-16,RTIX,-0.3182
2020-03-16,SA,0.7373000000000001
2020-03-16,SBLK,0.0
2020-03-16,SCS,-0.128
2020-03-16,SNN,-0.3612
2020-03-16,SRT,0.0
2020-03-16,STE,-0.3612
2020-03-16,STRS,0.0
2020-03-16,STXS,0.0
2020-03-16,SYKE,0.0
2020-03-16,TCP,0.0
2020-03-16,TG,0.0
2020-03-16,THR,-0.1806
2020-03-16,TMF,0.0
2020-03-16,TSQ,0.0
2020-03-16,TTEK,-0.128
2020-03-16,TX,-0.4588
2020-03-16,TZOO,0.0
2020-03-16,UFPI,0.3182
2020-03-16,UTL,-0.1779
2020-03-16,UTSI,-0.0516
2020-03-16,VC,-0.128
2020-03-16,VIRC,-0.2023
2020-03-16,VJET,-0.2023
2020-03-16,VKQ,-0.2023
2020-03-16,VLRS,-0.2023
2020-03-16,VLT,-0.2023
2020-03-16,VMI,-0.2023
2020-03-16,VMO,-0.2023
2020-03-16,VRTS,-0.2023
2020-03-16,VRTV,0.0
2020-03-16,VTN,-0.2023
2020-03-16,VVR,-0.2023
2020-03-16,WAFD,-0.2023
2020-03-16,WBAI,-0.2023
2020-03-16,WBK,-0.2023
2020-03-16,WF,-0.2023
2020-03-16,WIA,-0.2023
2020-03-16,WINA,-0.2023
2020-03-16,WIRE,-0.2023
2020-03-16,WIW,-0.2023
2020-03-16,WLDN,-0.2023
2020-03-16,WLFC,-0.2023
2020-03-16,WOR,-0.2023
2020-03-16,WPP,-0.2023
2020-03-16,WSBC,-0.2023
2020-03-16,WSBF,-0.2023
2020-03-16,WSFS,-0.2023
2020-03-16,WTM,-0.2023
2020-03-16,WUBA,-0.2023
2020-03-16,XONE,-0.128
2020-03-16,YY,0.0
2020-03-16,ZEUS,-0.2023
2020-03-16,ZTR,-0.2023
2020-03-17,AAWW,-0.4767
2020-03-17,ADXS,0.0
2020-03-17,AMTX,-0.25
2020-03-17,ARKR,0.2732
2020-03-17,ASTE,0.0
2020-03-17,AUPH,0.0
2020-03-17,AVA,0.1531
2020-03-17,AVAL,0.0
2020-03-17,AWR,0.1531
2020-03-17,BBX,-0.128
2020-03-17,BEP,0.3818
2020-03-17,BKH,0.1301
2020-03-17,BLL,-0.128
2020-03-17,BRG,0.0
2020-03-17,BTN,-0.296
2020-03-17,CBSH,-0.128
2020-03-17,CCS,-0.128
2020-03-17,CELP,-0.25
2020-03-17,CETV,0.0
2020-03-17,CEVA,0.0
2020-03-17,CFBK,0.0
2020-03-17,CFR,-0.128
2020-03-17,CHDN,-0.6908
2020-03-17,CLS,0.0
2020-03-17,COR,0.0
2020-03-17,CPRX,0.0
2020-03-17,CWCO,-0.3612
2020-03-17,DEO,0.0258
2020-03-17,EDAP,0.0
2020-03-17,EGRX,0.0
2020-03-17,ENTA,0.0
2020-03-17,ESE,-0.5267
2020-03-17,ESTE,0.0
2020-03-17,FORTY,0.0
2020-03-17,GEF,-0.39135
2020-03-17,GEVO,0.0
2020-03-17,GLP,-0.25
2020-03-17,GMO,0.4939
2020-03-17,GORO,0.0
2020-03-17,GVA,-0.128
2020-03-17,HE,0.148
2020-03-17,HIL,0.0
2020-03-17,HRC,-0.3612
2020-03-17,IDA,0.1531
2020-03-17,INAP,0.10115
2020-03-17,IRET,0.0
2020-03-17,ITCI,0.0
2020-03-17,KBSF,0.0
2020-03-17,KEM,0.296
2020-03-17,KODK,-0.3182
2020-03-17,KWR,0.0
2020-03-17,LE,0.0
2020-03-17,LSTR,-0.4767
2020-03-17,LYTS,0.0
2020-03-17,MAG,0.0
2020-03-17,MDC,0.0
2020-03-17,MERC,0.0
2020-03-17,MGEE,0.1531
2020-03-17,MNKD,-0.0772
2020-03-17,MPAA,-0.128
2020-03-17,MSEX,0.1531
2020-03-17,MSON,0.0
2020-03-17,MYRG,-0.128
2020-03-17,NAVI,-0.3612
2020-03-17,NEO,0.0
2020-03-17,NEP,0.1531
2020-03-17,NGG,0.1531
2020-03-17,NLNK,0.0
2020-03-17,NTIP,0.0
2020-03-17,NTN,-0.1531
2020-03-17,NVR,0.2263
2020-03-17,NWN,0.1531
2020-03-17,OFIX,0.0
2020-03-17,OGS,0.1531
2020-03-17,OLP,-0.6249
2020-03-17,OMER,0.0
2020-03-17,ORN,0.1654
2020-03-17,OTIC,0.0
2020-03-17,OTTR,0.07655
2020-03-17,OXFD,0.0
2020-03-17,PFMT,0.0
2020-03-17,PGNX,0.0
2020-03-17,PKOH,0.0
2020-03-17,PRQR,0.0
2020-03-17,PRTK,0.0
2020-03-17,RCMT,0.03715
2020-03-17,RDUS,0.0
2020-03-17,REGI,0.0
2020-03-17,SA,0.0
2020-03-17,SGMO,0.0
2020-03-17,SPOK,0.0
2020-03-17,SR,0.1531
2020-03-17,SRDX,0.0
2020-03-17,SUP,0.4588
2020-03-17,TARO,0.0
2020-03-17,TBK,0.1531
2020-03-17,TCP,-0.25
2020-03-17,TGE,-0.25
2020-03-17,TKR,-0.128
2020-03-17,TPL,-0.25
2020-03-17,TRX,0.2263
2020-03-17,TTMI,0.296
2020-03-17,USAC,-0.128
2020-03-17,VRTV,0.0
2020-03-17,WMS,0.128
2020-03-17,WSO,-0.128
2020-03-18,ACOR,0.2263
2020-03-18,ACST,0.2263
2020-03-18,AGTC,0.2263
2020-03-18,AHC,0.3612
2020-03-18,AMBA,-0.4588
2020-03-18,ANGO,0.2263
2020-03-18,AUPH,0.0
2020-03-18,AVY,-0.128
2020-03-18,AWR,0.296
2020-03-18,BDSI,0.2263
2020-03-18,BEAT,0.2263
2020-03-18,BERY,-0.128
2020-03-18,BIP,0.1779
2020-03-18,CAMP,0.0
2020-03-18,CATO,0.0
2020-03-18,CCS,0.3357
2020-03-18,CHMG,0.296
2020-03-18,CLS,-0.128
2020-03-18,CPRX,0.11315
2020-03-18,CRMD,-0.128
2020-03-18,CWCO,0.0
2020-03-18,CWT,0.0
2020-03-18,DEO,-0.5267
2020-03-18,DLB,-0.128
2020-03-18,DRQ,0.0
2020-03-18,EEM,-0.4019
2020-03-18,ELGX,0.0
2020-03-18,EVGN,0.2263
2020-03-18,FLXS,0.0
2020-03-18,GALT,0.2263
2020-03-18,GBL,0.0
2020-03-18,GORO,0.0
2020-03-18,GRBK,0.368
2020-03-18,GVA,0.0
2020-03-18,HE,0.0
2020-03-18,HMLP,0.0
2020-03-18,HYG,-0.4019
2020-03-18,IAG,0.0
2020-03-18,ICL,-0.5106
2020-03-18,IDA,0.296
2020-03-18,IEFA,-0.4019
2020-03-18,JVA,0.0
2020-03-18,LEE,0.0
2020-03-18,LQD,-0.4019
2020-03-18,MACK,0.2263
2020-03-18,MAG,0.0
2020-03-18,MDC,0.2577
2020-03-18,MIK,0.1343
2020-03-18,MLHR,-0.09862000000000001
2020-03-18,MOBL,0.0
2020-03-18,MPX,0.0
2020-03-18,NI,0.0
2020-03-18,NLNK,0.0
2020-03-18,NVR,0.0085
2020-03-18,NWN,0.0
2020-03-18,OFIX,0.2263
2020-03-18,PACB,0.3612
2020-03-18,PGNX,0.2263
2020-03-18,PLOW,0.2732
2020-03-18,QADA,-0.05103333333333334
2020-03-18,REV,0.0
2020-03-18,SA,0.0
2020-03-18,SEIC,0.0
2020-03-18,SNP,-0.128
2020-03-18,SPB,-0.128
2020-03-18,SPOK,0.0
2020-03-18,SPRT,0.0
2020-03-18,TECD,-0.3612
2020-03-18,TG,0.0
2020-03-18,TROV,0.011999999999999997
2020-03-18,TRQ,-0.2023
2020-03-18,TRXC,0.0
2020-03-18,TSI,-0.2023
2020-03-18,TTC,-0.2023
2020-03-18,TTEC,-0.2023
2020-03-18,TTP,-0.2023
2020-03-18,TU,-0.2023
2020-03-18,TVIX,-0.4019
2020-03-18,TX,-0.2023
2020-03-18,TYG,-0.2023
2020-03-18,TZOO,-0.2023
2020-03-18,UFI,0.0
2020-03-18,UPLD,-0.2023
2020-03-18,USA,-0.2023
2020-03-18,USNA,-0.2023
2020-03-18,USPH,-0.2023
2020-03-18,UTF,-0.2023
2020-03-18,UTI,-0.3182
2020-03-18,UVE,-0.2023
2020-03-18,VBTX,-0.2023
2020-03-18,VC,-0.2023
2020-03-18,VCEL,-0.2023
2020-03-18,VCRA,-0.2023
2020-03-18,VGM,-0.2023
2020-03-18,VLRS,-0.2023
2020-03-18,VLT,-0.2023
2020-03-18,VOXX,-0.2023
2020-03-18,VRTV,0.0
2020-03-18,VSEC,-0.2023
2020-03-18,VTN,-0.2023
2020-03-18,VVI,-0.2023
2020-03-18,VVR,-0.2023
2020-03-18,VWO,-0.4019
2020-03-18,WBAI,-0.2023
2020-03-18,WBK,-0.2023
2020-03-18,WD,-0.2023
2020-03-18,WIA,-0.2023
2020-03-18,WIW,-0.2023
2020-03-18,WLFC,-0.2023
2020-03-18,WPP,-0.2023
2020-03-18,WPRT,-0.2023
2020-03-18,WSBF,-0.2023
2020-03-18,WSTL,-0.2023
2020-03-18,WTFC,-0.2023
2020-03-18,WTM,-0.2023
2020-03-18,XTLB,0.2263
2020-03-18,ZAGG,0.07945
2020-03-18,ZTR,-0.2023
2020-03-19,ABCB,-0.2023
2020-03-19,ACCO,-0.2023
2020-03-19,ACH,-0.2023
2020-03-19,ACIW,-0.2023
2020-03-19,ACP,-0.2023
2020-03-19,ACST,-0.2023
2020-03-19,ADX,-0.2023
2020-03-19,AEHR,-0.2023
2020-03-19,AFB,-0.2023
2020-03-19,AFT,-0.2023
2020-03-19,AGD,-0.2023
2020-03-19,AGM,-0.2023
2020-03-19,AGRO,-0.2023
2020-03-19,AI,0.0
2020-03-19,AIF,-0.2023
2020-03-19,AIMC,-0.2023
2020-03-19,AIRT,-0.2023
2020-03-19,AIZ,-0.2023
2020-03-19,ALEX,-0.2023
2020-03-19,ALG,-0.10115
2020-03-19,ALOT,-0.2023
2020-03-19,ALX,-0.2023
2020-03-19,AMOT,-0.2023
2020-03-19,AMRB,-0.2023
2020-03-19,AMSC,-0.2023
2020-03-19,AOD,-0.2023
2020-03-19,AOSL,-0.042666666666666665
2020-03-19,AR,0.128
2020-03-19,ARDC,-0.2023
2020-03-19,ARKR,-0.2023
2020-03-19,AROW,-0.2023
2020-03-19,ASA,-0.2023
2020-03-19,ASR,-0.2023
2020-03-19,ASRV,-0.2023
2020-03-19,ASX,-0.2023
2020-03-19,AVAL,-0.2023
2020-03-19,AVH,-0.2023
2020-03-19,AVK,-0.2023
2020-03-19,AWF,-0.2023
2020-03-19,AWP,-0.2023
2020-03-19,AWR,0.0
2020-03-19,AXR,-0.2023
2020-03-19,B,-0.16515000000000002
2020-03-19,BAK,-0.2023
2020-03-19,BANF,-0.2023
2020-03-19,BANR,-0.2023
2020-03-19,BBGI,-0.2023
2020-03-19,BBK,-0.2023
2020-03-19,BBSI,-0.2023
2020-03-19,BBX,-0.2023
2020-03-19,BCC,-0.2023
2020-03-19,BEAT,-0.128
2020-03-19,BELFA,-0.2023
2020-03-19,BFIN,-0.2023
2020-03-19,BFK,-0.2023
2020-03-19,BFS,-0.2023
2020-03-19,BFY,-0.2023
2020-03-19,BFZ,-0.2023
2020-03-19,BGB,-0.2023
2020-03-19,BGH,-0.2023
2020-03-19,BGT,-0.2023
2020-03-19,BGY,-0.2023
2020-03-19,BH,-0.2023
2020-03-19,BHK,-0.2023
2020-03-19,BHLB,-0.2023
2020-03-19,BIT,-0.2023
2020-03-19,BKCC,0.0
2020-03-19,BKH,-0.2023
2020-03-19,BKN,-0.2023
2020-03-19,BKSC,-0.2023
2020-03-19,BKT,-0.2023
2020-03-19,BLE,-0.2023
2020-03-19,BLW,-0.2023
2020-03-19,BLX,-0.2023
2020-03-19,BME,-0.2023
2020-03-19,BMRC,-0.2023
2020-03-19,BMTC,-0.2023
2020-03-19,BNY,-0.2023
2020-03-19,BPFH,-0.2023
2020-03-19,BQH,-0.2023
2020-03-19,BREW,0.0
2020-03-19,BRKS,-0.128
2020-03-19,BRT,-0.2023
2020-03-19,BSD,-0.2023
2020-03-19,BSE,-0.2023
2020-03-19,BSL,-0.2023
2020-03-19,BST,-0.2023
2020-03-19,BTA,-0.2023
2020-03-19,BTG,0.0
2020-03-19,BUI,-0.2023
2020-03-19,BUSE,-0.2023
2020-03-19,BYFC,-0.2023
2020-03-19,BZH,-0.2023
2020-03-19,CAAS,-0.2023
2020-03-19,CAF,-0.2023
2020-03-19,CAJ,-0.1531
2020-03-19,CAMP,-0.128
2020-03-19,CAPL,0.26115
2020-03-19,CASS,-0.2023
2020-03-19,CATO,0.0
2020-03-19,CATY,-0.2023
2020-03-19,CBT,-0.2023
2020-03-19,CEL,0.0
2020-03-19,CETV,0.0
2020-03-19,CFBK,-0.2023
2020-03-19,CHA,-0.2023
2020-03-19,CHI,-0.2023
2020-03-19,CHMG,-0.2023
2020-03-19,CHU,-0.2023
2020-03-19,CIF,-0.2023
2020-03-19,CIZN,-0.2023
2020-03-19,CLIR,-0.2023
2020-03-19,CMC,-0.10115
2020-03-19,CMRE,-0.28175
2020-03-19,CNOB,-0.2023
2020-03-19,CNS,-0.2023
2020-03-19,COHU,0.0
2020-03-19,COWN,-0.2023
2020-03-19,CPAC,-0.2023
2020-03-19,CPTA,-0.2023
2020-03-19,CR,-0.2023
2020-03-19,CRAI,0.0
2020-03-19,CRESY,-0.2023
2020-03-19,CRS,-0.2023
2020-03-19,CRT,-0.2023
2020-03-19,CSPI,-0.2023
2020-03-19,CTS,-0.2023
2020-03-19,CUBA,-0.2023
2020-03-19,CVCY,-0.2023
2020-03-19,CVV,-0.2023
2020-03-19,CXE,-0.2023
2020-03-19,CXH,-0.2023
2020-03-19,CXP,-0.2023
2020-03-19,CYD,-0.2023
2020-03-19,CZWI,-0.2023
2020-03-19,DAC,0.296
2020-03-19,DCIX,-0.2023
2020-03-19,DEO,0.296
2020-03-19,DEX,-0.2023
2020-03-19,DFP,-0.2023
2020-03-19,DGII,-0.2023
2020-03-19,DHF,-0.2023
2020-03-19,DHIL,-0.2023
2020-03-19,DHX,0.0
2020-03-19,DIOD,-0.25
2020-03-19,DLX,-0.2023
2020-03-19,DMRC,-0.2023
2020-03-19,DOX,-0.2023
2020-03-19,DSM,-0.2023
2020-03-19,DSU,-0.2023
2020-03-19,DTF,-0.2023
2020-03-19,DUC,-0.2023
2020-03-19,DUST,-0.6369
2020-03-19,DVCR,-0.2023
2020-03-19,EBF,-0.2023
2020-03-19,EBSB,-0.2023
2020-03-19,ECOL,0.0
2020-03-19,ECPG,-0.2023
2020-03-19,EDD,-0.2023
2020-03-19,EDF,-0.2023
2020-03-19,EDI,-0.2023
2020-03-19,EFF,-0.2023
2020-03-19,EFR,-0.2023
2020-03-19,EFT,-0.2023
2020-03-19,EGOV,0.2023
2020-03-19,EHI,-0.2023
2020-03-19,EIGI,-0.2023
2020-03-19,EMD,-0.2023
2020-03-19,EMF,-0.2023
2020-03-19,EOD,-0.2023
2020-03-19,EOT,-0.2023
2020-03-19,ERA,-0.2023
2020-03-19,ETG,-0.2023
2020-03-19,ETX,-0.2023
2020-03-19,EVF,-0.2023
2020-03-19,EVG,-0.2023
2020-03-19,EVN,-0.2023
2020-03-19,EVR,-0.2023
2020-03-19,EVT,-0.2023
2020-03-19,EXPO,0.10115
2020-03-19,EZPW,-0.2023
2020-03-19,FAM,-0.2023
2020-03-19,FARM,-0.2023
2020-03-19,FARO,-0.2023
2020-03-19,FBC,-0.2023
2020-03-19,FBIZ,-0.2023
2020-03-19,FBSS,-0.2023
2020-03-19,FCBC,-0.2023
2020-03-19,FCCO,-0.2023
2020-03-19,FCF,-0.2023
2020-03-19,FCFS,-0.2023
2020-03-19,FCNCA,-0.2023
2020-03-19,FEO,-0.2023
2020-03-19,FFBC,-0.2023
2020-03-19,FFC,-0.2023
2020-03-19,FFHL,-0.2023
2020-03-19,FGB,-0.2023
2020-03-19,FISI,-0.2023
2020-03-19,FLC,-0.2023
2020-03-19,FMBI,-0.2023
2020-03-19,FMX,-0.2023
2020-03-19,FOF,-0.2023
2020-03-19,FORD,-0.1531
2020-03-19,FPF,-0.2023
2020-03-19,FPRX,0.0
2020-03-19,FRA,-0.2023
2020-03-19,FRBK,-0.2023
2020-03-19,FSBW,-0.2023
2020-03-19,FSI,-0.128
2020-03-19,FT,-0.2023
2020-03-19,FUNC,-0.2023
2020-03-19,FWRD,-0.2023
2020-03-19,GAB,-0.2023
2020-03-19,GAIN,-0.2023
2020-03-19,GBAB,-0.2023
2020-03-19,GBL,-0.2023
2020-03-19,GBLI,-0.2023
2020-03-19,GDO,-0.2023
2020-03-19,GDX,-0.57375
2020-03-19,GFY,-0.2023
2020-03-19,GGG,-0.2023
2020-03-19,GGM,-0.2023
2020-03-19,GGT,-0.2023
2020-03-19,GHY,-0.2023
2020-03-19,GIB,-0.1531
2020-03-19,GILT,-0.2023
2020-03-19,GLAD,-0.2023
2020-03-19,GLMD,-0.2023
2020-03-19,GLYC,0.0
2020-03-19,GMZ,-0.2023
2020-03-19,GOF,-0.2023
2020-03-19,GPK,-0.2023
2020-03-19,GRIF,-0.2023
2020-03-19,GRVY,-0.2023
2020-03-19,GTY,-0.2023
2020-03-19,GUT,-0.2023
2020-03-19,GVA,0.22194999999999998
2020-03-19,HAFC,-0.2023
2020-03-19,HAYN,-0.2023
2020-03-19,HBIO,0.0
2020-03-19,HBNC,-0.2023
2020-03-19,HCKT,-0.2023
2020-03-19,HEES,-0.2023
2020-03-19,HIE,-0.2023
2020-03-19,HIL,0.10959999999999999
2020-03-19,HIO,-0.2023
2020-03-19,HIX,-0.2023
2020-03-19,HMLP,0.0
2020-03-19,HNNA,-0.2023
2020-03-19,HNP,-0.2023
2020-03-19,HPI,-0.2023
2020-03-19,HPS,-0.2023
2020-03-19,HSKA,-0.2023
2020-03-19,HTBI,-0.2023
2020-03-19,HTD,-0.2023
2020-03-19,HURN,-0.2023
2020-03-19,HYB,-0.2023
2020-03-19,HYT,-0.2023
2020-03-19,IAE,-0.2023
2020-03-19,IBCP,-0.2023
2020-03-19,IBKC,-0.2023
2020-03-19,IBOC,-0.2023
2020-03-19,ICFI,-0.2023
2020-03-19,IEP,-0.2023
2020-03-19,IFN,-0.2023
2020-03-19,IGR,-0.2023
2020-03-19,IIM,-0.2023
2020-03-19,IMKTA,0.296
2020-03-19,INDB,0.3182
2020-03-19,INFU,0.0
2020-03-19,INOD,-0.2023
2020-03-19,IQI,-0.2023
2020-03-19,IRDM,-0.2023
2020-03-19,IRIX,-0.2023
2020-03-19,IRL,-0.2023
2020-03-19,ISD,-0.2023
2020-03-19,ISIG,-0.2023
2020-03-19,ISNS,-0.2023
2020-03-19,IVAC,-0.042666666666666665
2020-03-19,IVH,-0.2023
2020-03-19,IX,-0.2023
2020-03-19,JDD,-0.2023
2020-03-19,JDST,-0.6369
2020-03-19,JFR,-0.2023
2020-03-19,JGH,-0.2023
2020-03-19,JHI,-0.2023
2020-03-19,JHX,-0.2023
2020-03-19,JMP,-0.2023
2020-03-19,JNUG,-0.6369
2020-03-19,JOUT,-0.2023
2020-03-19,JPC,-0.2023
2020-03-19,JPI,-0.2023
2020-03-19,JPS,-0.2023
2020-03-19,JQC,-0.2023
2020-03-19,JRI,-0.2023
2020-03-19,JRO,-0.2023
2020-03-19,JRS,-0.2023
2020-03-19,JRVR,-0.2023
2020-03-19,JTD,-0.2023
2020-03-19,JVA,-0.2023
2020-03-19,KAI,-0.2023
2020-03-19,KB,-0.2023
2020-03-19,KBAL,-0.2023
2020-03-19,KEP,-0.2023
2020-03-19,KEX,-0.2023
2020-03-19,KIO,-0.2023
2020-03-19,KMPR,-0.2023
2020-03-19,KNOP,-0.2023
2020-03-19,KOF,-0.2023
2020-03-19,KRG,-0.2023
2020-03-19,KSM,-0.2023
2020-03-19,KT,-0.2023
2020-03-19,LBY,0.0
2020-03-19,LCUT,-0.2023
2020-03-19,LDL,-0.2023
2020-03-19,LEO,-0.2023
2020-03-19,LFC,-0.2023
2020-03-19,LFUS,-0.1531
2020-03-19,LGI,-0.2023
2020-03-19,LIVE,-0.2023
2020-03-19,LMRK,-0.2023
2020-03-19,LOAN,-0.2023
2020-03-19,LODE,0.2263
2020-03-19,LPL,-0.2023
2020-03-19,LXRX,-0.0772
2020-03-19,MACK,-0.10115
2020-03-19,MATW,-0.2023
2020-03-19,MAV,-0.2023
2020-03-19,MCBC,-0.2023
2020-03-19,MCHX,-0.2023
2020-03-19,MCR,-0.2023
2020-03-19,MDU,-0.2023
2020-03-19,MEI,0.03715
2020-03-19,MEN,-0.2023
2020-03-19,MFL,-0.2023
2020-03-19,MFM,-0.2023
2020-03-19,MFT,-0.2023
2020-03-19,MGF,-0.2023
2020-03-19,MGRC,-0.2023
2020-03-19,MGU,-0.2023
2020-03-19,MHD,-0.2023
2020-03-19,MHI,-0.2023
2020-03-19,MIND,-0.2023
2020-03-19,MMAC,-0.2023
2020-03-19,MMD,-0.2023
2020-03-19,MMT,-0.2023
2020-03-19,MMU,-0.2023
2020-03-19,MNP,-0.2023
2020-03-19,MOFG,-0.2023
2020-03-19,MPV,-0.2023
2020-03-19,MQT,-0.2023
2020-03-19,MQY,-0.2023
2020-03-19,MSTR,-0.2023
2020-03-19,MTEX,-0.2023
2020-03-19,MTT,-0.2023
2020-03-19,MUA,-0.2023
2020-03-19,MUH,-0.2023
2020-03-19,MUS,-0.2023
2020-03-19,MVF,-0.2023
2020-03-19,MWA,-0.2023
2020-03-19,MXF,-0.2023
2020-03-19,MYC,-0.2023
2020-03-19,MYD,-0.2023
2020-03-19,MYF,-0.2023
2020-03-19,MYI,-0.2023
2020-03-19,MYJ,-0.2023
2020-03-19,NAD,-0.2023
2020-03-19,NAII,0.5859
2020-03-19,NAN,-0.2023
2020-03-19,NATH,-0.2023
2020-03-19,NATI,-0.17770000000000002
2020-03-19,NAZ,-0.2023
2020-03-19,NBN,-0.2023
2020-03-19,NC,-0.2023
2020-03-19,NCZ,-0.2023
2020-03-19,NDLS,0.5719
2020-03-19,NEA,-0.2023
2020-03-19,NEWT,0.1661
2020-03-19,NFJ,-0.2023
2020-03-19,NGHC,-0.2023
2020-03-19,NGS,-0.2023
2020-03-19,NICK,-0.2023
2020-03-19,NKX,-0.2023
2020-03-19,NL,-0.2023
2020-03-19,NLNK,0.0
2020-03-19,NMT,-0.2023
2020-03-19,NMY,-0.2023
2020-03-19,NMZ,-0.2023
2020-03-19,NNI,-0.2023
2020-03-19,NNY,-0.2023
2020-03-19,NOAH,-0.2023
2020-03-19,NPO,-0.2023
2020-03-19,NRIM,-0.2023
2020-03-19,NSL,-0.2023
2020-03-19,NUAN,-0.2023
2020-03-19,NUO,-0.2023
2020-03-19,NUW,-0.2023
2020-03-19,NVG,-0.2023
2020-03-19,NWLI,-0.2023
2020-03-19,NXJ,-0.2023
2020-03-19,NXP,-0.17770000000000002
2020-03-19,NXR,-0.2023
2020-03-19,NYV,-0.2023
2020-03-19,NZF,-0.2023
2020-03-19,OBCI,0.0
2020-03-19,OCC,-0.2023
2020-03-19,OCFC,-0.2023
2020-03-19,OFED,-0.2023
2020-03-19,OFIX,0.0
2020-03-19,OFLX,-0.2023
2020-03-19,OIA,-0.2023
2020-03-19,OMAB,-0.2023
2020-03-19,ONVO,0.0
2020-03-19,OPB,-0.2023
2020-03-19,OPOF,-0.2023
2020-03-19,OPY,-0.2023
2020-03-19,ORBC,-0.2023
2020-03-19,ORRF,-0.2023
2020-03-19,OSBC,-0.2023
2020-03-19,OTEL,-0.2023
2020-03-19,OTIC,0.0
2020-03-19,OXFD,0.0
2020-03-19,PACB,0.0
2020-03-19,PAI,-0.2023
2020-03-19,PANL,-0.2023
2020-03-19,PBH,0.10115
2020-03-19,PBPB,0.0
2020-03-19,PCF,-0.2023
2020-03-19,PCI,-0.2023
2020-03-19,PCM,-0.2023
2020-03-19,PCN,-0.2023
2020-03-19,PCOM,-0.2023
2020-03-19,PCTI,-0.2023
2020-03-19,PCYO,-0.2023
2020-03-19,PDFS,-0.2023
2020-03-19,PDI,-0.2023
2020-03-19,PDT,-0.2023
2020-03-19,PEBO,-0.2023
2020-03-19,PFD,-0.2023
2020-03-19,PFLT,-0.2023
2020-03-19,PFO,-0.2023
2020-03-19,PFS,-0.2023
2020-03-19,PGC,-0.2023
2020-03-19,PHD,-0.2023
2020-03-19,PHK,-0.2023
2020-03-19,PHT,-0.2023
2020-03-19,PIM,-0.2023
2020-03-19,PKBK,-0.2023
2020-03-19,PKO,-0.2023
2020-03-19,PKX,-0.2023
2020-03-19,PLBC,-0.2023
2020-03-19,PLOW,-0.2023
2020-03-19,PLPC,-0.2023
2020-03-19,PLXS,-0.2023
2020-03-19,PMD,-0.10115
2020-03-19,PMF,-0.2023
2020-03-19,PML,-0.2023
2020-03-19,PMO,-0.2023
2020-03-19,PMX,-0.2023
2020-03-19,PNF,-0.2023
2020-03-19,PNI,-0.2023
2020-03-19,PNRG,-0.2023
2020-03-19,POST,-0.2023
2020-03-19,POWL,0.10115
2020-03-19,PPR,-0.2023
2020-03-19,PPSI,-0.2023
2020-03-19,PPT,-0.2023
2020-03-19,PRAA,-0.2023
2020-03-19,PRCP,0.02476666666666667
2020-03-19,PRI,-0.2023
2020-03-19,PROV,-0.2023
2020-03-19,PWOD,-0.2023
2020-03-19,PZC,-0.2023
2020-03-19,QADA,-0.146575
2020-03-19,QBAK,-0.2023
2020-03-19,RBA,0.0
2020-03-19,RBC,-0.2023
2020-03-19,RCKY,-0.1531
2020-03-19,REED,-0.2023
2020-03-19,RELL,-0.2023
2020-03-19,RGT,-0.2023
2020-03-19,RICK,-0.2023
2020-03-19,RIGL,-0.10115
2020-03-19,RMAX,0.0
2020-03-19,RNP,-0.2023
2020-03-19,ROCK,-0.2023
2020-03-19,ROG,-0.128
2020-03-19,ROLL,-0.2023
2020-03-19,RUSHA,-0.2023
2020-03-19,RVLT,-0.2023
2020-03-19,SAL,-0.2023
2020-03-19,SAR,0.0
2020-03-19,SBBX,-0.2023
2020-03-19,SBCF,-0.2023
2020-03-19,SBI,-0.2023
2020-03-19,SCHL,-0.04046
2020-03-19,SCYX,0.0
2020-03-19,SEED,-0.2023
2020-03-19,SFE,-0.2023
2020-03-19,SFL,-0.2023
2020-03-19,SHG,-0.2023
2020-03-19,SHI,-0.2023
2020-03-19,SILC,-0.2023
2020-03-19,SIMO,-0.128
2020-03-19,SJT,-0.2023
2020-03-19,SKM,-0.2023
2020-03-19,SLCT,-0.2023
2020-03-19,SNP,-0.2023
2020-03-19,SNR,-0.2023
2020-03-19,SP,0.0516
2020-03-19,SPOK,0.0
2020-03-19,SRCE,-0.2023
2020-03-19,SRDX,0.0
2020-03-19,SREV,-0.2023
2020-03-19,SRI,-0.2023
2020-03-19,SRT,-0.2023
2020-03-19,STK,-0.2023
2020-03-19,STKL,0.07655
2020-03-19,SUNS,-0.2023
2020-03-19,SUP,0.33055
2020-03-19,SWM,-0.2023
2020-03-19,SXI,-0.2023
2020-03-19,SYKE,-0.2023
2020-03-19,SYPR,-0.10115
2020-03-19,TACT,-0.2023
2020-03-19,TBBK,-0.2023
2020-03-19,TCPC,-0.2023
2020-03-19,TCRD,-0.2023
2020-03-19,TDW,-0.2023
2020-03-19,TEI,-0.2023
2020-03-19,TGH,0.0
2020-03-19,THFF,-0.2023
2020-03-19,THRM,-0.2023
2020-03-19,TKC,-0.2023
2020-03-19,TLK,-0.2023
2020-03-19,TPH,-0.2023
2020-03-19,TRI,0.0
2020-03-19,TROV,-0.10115
2020-03-19,TRST,-0.2023
2020-03-19,TSI,-0.2023
2020-03-19,TSLF,-0.2023
2020-03-19,TUR,0.3950333333333333
2020-03-19,TWMC,0.0
2020-03-19,TWN,-0.2023
2020-03-19,TX,-0.2023
2020-03-19,UBP,-0.2023
2020-03-19,UFI,-0.2023
2020-03-19,UFPT,-0.2023
2020-03-19,UHT,-0.2023
2020-03-19,USA,-0.2023
2020-03-19,USAP,-0.2023
2020-03-19,UTF,-0.2023
2020-03-19,UVSP,-0.2023
2020-03-19,VBF,-0.2023
2020-03-19,VBFC,-0.2023
2020-03-19,VBTX,-0.2023
2020-03-19,VCEL,-0.10115
2020-03-19,VGI,-0.2023
2020-03-19,VGM,-0.2023
2020-03-19,VJET,-0.2023
2020-03-19,VKQ,-0.2023
2020-03-19,VLRS,-0.2023
2020-03-19,VLT,-0.2023
2020-03-19,VMO,-0.2023
2020-03-19,VRTV,0.0
2020-03-19,WBK,-0.2023
2020-03-19,WEYS,-0.1531
2020-03-19,WF,-0.2023
2020-03-19,WHLR,-0.2023
2020-03-19,WIA,-0.2023
2020-03-19,WILC,0.0
2020-03-19,WINA,-0.2023
2020-03-19,WIW,-0.2023
2020-03-19,WLDN,-0.2023
2020-03-19,WLFC,-0.2023
2020-03-19,WMK,0.296
2020-03-19,WSBF,-0.2023
2020-03-19,WSR,-0.2023
2020-03-19,WSTG,0.23409999999999997
2020-03-19,WTFC,-0.2023
2020-03-19,XENE,0.0
2020-03-19,XTLB,0.0
2020-03-19,ZGNX,0.0
2020-03-19,ZTR,-0.2023
2020-03-20,ACH,-0.2023
2020-03-20,ACST,-0.1531
2020-03-20,ADPT,0.5423
2020-03-20,AEL,0.03715
2020-03-20,ALOT,-0.10115
2020-03-20,ALTR,-0.128
2020-03-20,ARCB,0.0
2020-03-20,ARCW,-0.2023
2020-03-20,ASR,-0.2023
2020-03-20,ATNI,0.0
2020-03-20,AZPN,-0.2023
2020-03-20,BFR,-0.128
2020-03-20,BMI,-0.2023
2020-03-20,BOCH,-0.2023
2020-03-20,CAPL,0.0
2020-03-20,CBT,-0.2023
2020-03-20,CEO,-0.2263
2020-03-20,CETV,0.0
2020-03-20,CGIX,-0.1531
2020-03-20,CLIR,-0.2023
2020-03-20,CMU,-0.2023
2020-03-20,CNMD,0.0
2020-03-20,CPF,-0.2023
2020-03-20,CSL,-0.2023
2020-03-20,CY,0.8689
2020-03-20,CYAN,-0.2023
2020-03-20,CZWI,-0.2023
2020-03-20,DCOM,0.0
2020-03-20,DGII,-0.128
2020-03-20,DHX,0.0
2020-03-20,DNOW,-0.4588
2020-03-20,DXR,-0.4939
2020-03-20,EBIX,0.0
2020-03-20,EIGI,-0.2023
2020-03-20,ENSV,0.0
2020-03-20,ESBK,-0.2023
2020-03-20,EVOL,-0.2023
2020-03-20,EXLS,-0.128
2020-03-20,EXPD,-0.2023
2020-03-20,FDUS,0.0
2020-03-20,FEO,-0.2023
2020-03-20,GII,-0.128
2020-03-20,GLBZ,-0.2023
2020-03-20,GLMD,-0.1531
2020-03-20,GTIM,-0.2023
2020-03-20,HBM,0.0
2020-03-20,HBP,-0.2023
2020-03-20,HI,0.0
2020-03-20,HMN,-0.2023
2020-03-20,HOV,0.0
2020-03-20,HUSA,0.18795
2020-03-20,IMAX,0.0
2020-03-20,JCTCF,-0.2023
2020-03-20,KE,-0.128
2020-03-20,KOSS,-0.2023
2020-03-20,LDL,-0.10115
2020-03-20,LFC,0.6124
2020-03-20,LXRX,-0.1531
2020-03-20,LZB,-0.128
2020-03-20,MACK,-0.1531
2020-03-20,MAN,-0.2023
2020-03-20,MBCN,-0.2263
2020-03-20,MBT,0.0
2020-03-20,MGPI,0.4939
2020-03-20,NAII,-0.2023
2020-03-20,NAVI,0.0
2020-03-20,NDLS,0.7096
2020-03-20,NGD,-0.0772
2020-03-20,NWFL,-0.2023
2020-03-20,NWS,-0.2023
2020-03-20,NWSA,-0.2023
2020-03-20,OFED,-0.2023
2020-03-20,OLP,0.3818
2020-03-20,OMAB,-0.2023
2020-03-20,OTEL,-0.2023
2020-03-20,PBPB,0.0
2020-03-20,PKX,-0.5267
2020-03-20,PMD,-0.1531
2020-03-20,PRFT,-0.128
2020-03-20,PRI,-0.2023
2020-03-20,PSO,-0.2023
2020-03-20,PW,0.0
2020-03-20,RADA,0.0
2020-03-20,RAVE,0.0
2020-03-20,RDI,-0.2023
2020-03-20,RDWR,0.0
2020-03-20,RIGL,-0.1531
2020-03-20,RMAX,0.0
2020-03-20,S,0.0
2020-03-20,SAR,0.0
2020-03-20,SCVL,-0.128
2020-03-20,SINA,0.6124
2020-03-20,SLRC,0.0
2020-03-20,SP,-0.1027
2020-03-20,SUNS,0.0
2020-03-20,SYNA,0.15333333333333332
2020-03-20,TA,0.0
2020-03-20,TACT,-0.10115
2020-03-20,TCPC,0.0
2020-03-20,TGH,0.0
2020-03-20,TROV,-0.1531
2020-03-20,TRQ,0.0
2020-03-20,USDP,0.0
2020-03-20,VCEL,-0.1531
2020-03-20,VIRC,-0.2023
2020-03-20,VRTV,0.0
2020-03-20,WAT,-0.128
2020-03-20,WHLM,-0.2023
2020-03-20,WNC,0.0
2020-03-20,ZFGN,-0.1531
2020-03-21,CQP,0.0
2020-03-22,AINC,-0.6486
2020-03-22,HDGE,0.4215
2020-03-22,IEP,-0.3818
2020-03-23,AB,0.1779
2020-03-23,ABM,-0.2023
2020-03-23,ACCO,-0.2023
2020-03-23,ACH,-0.2023
2020-03-23,ADX,-0.2023
2020-03-23,AEL,-0.128
2020-03-23,AGM,-0.2023
2020-03-23,AHH,-0.2023
2020-03-23,ALE,-0.2023
2020-03-23,ALEX,-0.2023
2020-03-23,ALLE,-0.2023
2020-03-23,ALOT,0.0
2020-03-23,ALX,-0.2023
2020-03-23,AMTX,0.2732
2020-03-23,AOSL,-0.2023
2020-03-23,APAM,0.4019
2020-03-23,ARCW,-0.2023
2020-03-23,ASRV,-0.2023
2020-03-23,ATEC,-0.2023
2020-03-23,ATHM,-0.2023
2020-03-23,ATRO,0.0
2020-03-23,ATTO,-0.2023
2020-03-23,AVA,-0.10115
2020-03-23,AVAL,-0.2023
2020-03-23,AVNW,-0.2732
2020-03-23,AVY,-0.2023
2020-03-23,AWR,-0.5106
2020-03-23,AXR,-0.2023
2020-03-23,AYR,0.8271
2020-03-23,AZPN,-0.2023
2020-03-23,BAK,-0.2023
2020-03-23,BANR,-0.2023
2020-03-23,BBDO,-0.2023
2020-03-23,BBGI,0.0
2020-03-23,BCC,-0.2023
2020-03-23,BCE,-0.2023
2020-03-23,BCOR,-0.2023
2020-03-23,BDSI,-0.2023
2020-03-23,BFS,-0.2023
2020-03-23,BH,-0.2023
2020-03-23,BHLB,-0.2023
2020-03-23,BKCC,0.0
2020-03-23,BLKB,-0.5106
2020-03-23,BLL,-0.2023
2020-03-23,BME,-0.2023
2020-03-23,BMI,-0.2023
2020-03-23,BMRC,-0.2023
2020-03-23,BOH,-0.2023
2020-03-23,BPFH,-0.2023
2020-03-23,BRKL,-0.2023
2020-03-23,BTG,-0.4019
2020-03-23,BWFG,-0.2023
2020-03-23,CAE,0.0
2020-03-23,CARO,0.0
2020-03-23,CATY,-0.2023
2020-03-23,CBT,-0.128
2020-03-23,CCJ,0.0
2020-03-23,CCK,-0.2023
2020-03-23,CCNE,-0.2023
2020-03-23,CDXS,0.6705
2020-03-23,CEA,-0.2023
2020-03-23,CEL,0.0
2020-03-23,CHDN,0.2732
2020-03-23,CHL,0.9337
2020-03-23,CIB,-0.2023
2020-03-23,CKH,-0.2023
2020-03-23,CLGX,-0.2023
2020-03-23,CMCT,0.0
2020-03-23,CNA,-0.2023
2020-03-23,CNET,0.0
2020-03-23,CNMD,-0.1531
2020-03-23,CNS,-0.012200000000000003
2020-03-23,CO,-0.2023
2020-03-23,COLB,-0.2023
2020-03-23,CORR,0.3982
2020-03-23,CPF,-0.2023
2020-03-23,CPK,-0.35645000000000004
2020-03-23,CPTA,-0.2023
2020-03-23,CR,-0.2023
2020-03-23,CRESY,-0.2023
2020-03-23,CRS,-0.2023
2020-03-23,CRY,-0.2023
2020-03-23,CSL,-0.2023
2020-03-23,CTBI,-0.2023
2020-03-23,CTS,-0.2023
2020-03-23,CUO,0.0
2020-03-23,CVV,-0.2023
2020-03-23,CWT,-0.5106
2020-03-23,CXP,-0.2023
2020-03-23,CZNC,-0.2023
2020-03-23,CZWI,0.031233333333333325
2020-03-23,DCOM,-0.2023
2020-03-23,DNP,-0.2023
2020-03-23,DOG,0.0
2020-03-23,DVA,0.6808
2020-03-23,DXR,0.0
2020-03-23,EBSB,-0.2023
2020-03-23,EBTC,-0.2023
2020-03-23,ECC,0.2732
2020-03-23,EEFT,-0.128
2020-03-23,EFSC,-0.2023
2020-03-23,EGBN,-0.2023
2020-03-23,EGP,-0.2023
2020-03-23,EGY,-0.2023
2020-03-23,ELGX,-0.128
2020-03-23,EMF,-0.2023
2020-03-23,EML,-0.2023
2020-03-23,ERII,0.1531
2020-03-23,ESBK,-0.2023
2020-03-23,ESGR,0.0
2020-03-23,ETB,-0.2023
2020-03-23,ETG,-0.2023
2020-03-23,ETV,-0.2023
2020-03-23,ETX,-0.2023
2020-03-23,EXLS,0.0
2020-03-23,FBSS,-0.2023
2020-03-23,FCAP,-0.2023
2020-03-23,FDUS,0.22593333333333332
2020-03-23,FENG,-0.06743333333333333
2020-03-23,FF,0.4019
2020-03-23,FMBI,-0.2023
2020-03-23,FR,-0.2023
2020-03-23,FRBK,-0.2023
2020-03-23,FSFG,-0.2023
2020-03-23,FTR,0.11839999999999999
2020-03-23,FULT,-0.2023
2020-03-23,FUNC,-0.2023
2020-03-23,GEVO,0.4019
2020-03-23,GFF,-0.2023
2020-03-23,GLAD,0.0
2020-03-23,GLBZ,-0.2023
2020-03-23,GPK,-0.2023
2020-03-23,GSBC,-0.2023
2020-03-23,HBCP,-0.2023
2020-03-23,HBIO,0.0
2020-03-23,HBP,-0.2023
2020-03-23,HCI,-0.2023
2020-03-23,HE,-0.2023
2020-03-23,HFWA,-0.2023
2020-03-23,HHC,-0.2023
2020-03-23,HOLI,-0.2023
2020-03-23,HRC,-0.17770000000000002
2020-03-23,HTBK,-0.2023
2020-03-23,HTLF,-0.2023
2020-03-23,HTY,-0.2023
2020-03-23,IBOC,-0.2023
2020-03-23,ICAD,0.2263
2020-03-23,IDA,-0.2023
2020-03-23,IEP,-0.1525
2020-03-23,IFN,-0.2023
2020-03-23,IIF,-0.2023
2020-03-23,ILF,-0.5574
2020-03-23,INAP,0.0
2020-03-23,INWK,-0.2023
2020-03-23,IRMD,-0.2023
2020-03-23,ITCI,0.0
2020-03-23,IVAC,0.0
2020-03-23,IVC,-0.0703
2020-03-23,JJSF,0.0
2020-03-23,JLL,-0.2023
2020-03-23,JOE,-0.2023
2020-03-23,JRVR,0.0
2020-03-23,KBAL,-0.3871
2020-03-23,KF,-0.2023
2020-03-23,KFY,-0.2023
2020-03-23,KMF,0.3182
2020-03-23,KMPR,-0.2023
2020-03-23,KNL,-0.2023
2020-03-23,KODK,-0.2023
2020-03-23,KOF,-0.2023
2020-03-23,KW,-0.2023
2020-03-23,KWR,-0.2023
2020-03-23,KYN,0.3182
2020-03-23,LANC,-0.2023
2020-03-23,LARK,-0.2023
2020-03-23,LCNB,-0.2023
2020-03-23,LDL,-0.2023
2020-03-23,LECO,-0.2023
2020-03-23,LEE,-0.2023
2020-03-23,LMAT,-0.2023
2020-03-23,LMRK,-0.2023
2020-03-23,LOAN,-0.2023
2020-03-23,LPG,-0.128
2020-03-23,LSBK,-0.2023
2020-03-23,LSTR,-0.16515000000000002
2020-03-23,MAA,-0.2023
2020-03-23,MAN,-0.2023
2020-03-23,MBCN,-0.2023
2020-03-23,MBT,0.0
2020-03-23,MBWM,-0.2023
2020-03-23,MCS,0.0
2020-03-23,MDLZ,-0.4588
2020-03-23,MEI,-0.2023
2020-03-23,MFNC,-0.2023
2020-03-23,MFSF,-0.2023
2020-03-23,MNRO,-0.2023
2020-03-23,MOFG,-0.2023
2020-03-23,MPX,-0.128
2020-03-23,MSA,-0.2023
2020-03-23,MSBF,-0.2023
2020-03-23,MSON,-0.2023
2020-03-23,MVC,-0.2023
2020-03-23,MWA,-0.2023
2020-03-23,MXF,-0.2023
2020-03-23,NEWT,0.0
2020-03-23,NFBK,-0.2023
2020-03-23,NFJ,-0.2023
2020-03-23,NGG,-0.35645000000000004
2020-03-23,NJR,-0.5106
2020-03-23,NNI,-0.10115
2020-03-23,NNY,-0.2023
2020-03-23,NOA,-0.2023
2020-03-23,NOAH,-0.2023
2020-03-23,NOM,-0.2023
2020-03-23,NUV,-0.2023
2020-03-23,NVEE,-0.2023
2020-03-23,NWBI,-0.2023
2020-03-23,NWE,-0.2023
2020-03-23,NWLI,-0.11405
2020-03-23,NWS,-0.2023
2020-03-23,NWSA,-0.2023
2020-03-23,OEC,-0.064
2020-03-23,OFED,-0.2023
2020-03-23,OGS,-0.2023
2020-03-23,OMAB,-0.2023
2020-03-23,ONVO,0.0
2020-03-23,OPB,-0.2023
2020-03-23,OSN,0.3818
2020-03-23,OTEX,-0.2023
2020-03-23,OVBC,-0.2023
2020-03-23,OXBR,0.0
2020-03-23,PANL,0.0
2020-03-23,PBHC,-0.2023
2020-03-23,PEIX,0.2732
2020-03-23,PFMT,-0.2023
2020-03-23,PHX,-0.2023
2020-03-23,PICO,-0.2023
2020-03-23,PKE,-0.2023
2020-03-23,PKX,-0.2023
2020-03-23,PMD,-0.5267
2020-03-23,POST,-0.2023
2020-03-23,PPBI,-0.2023
2020-03-23,PPSI,-0.2023
2020-03-23,PRI,-0.10115
2020-03-23,PSO,-0.10115
2020-03-23,PWOD,-0.2023
2020-03-23,RAVE,0.0
2020-03-23,RAVN,-0.07655
2020-03-23,RBC,-0.2023
2020-03-23,RBCAA,-0.2023
2020-03-23,RCKY,0.0
2020-03-23,RDI,-0.2023
2020-03-23,REXR,-0.2023
2020-03-23,RFP,-0.2023
2020-03-23,RLI,0.0
2020-03-23,ROG,-0.2023
2020-03-23,ROLL,-0.2023
2020-03-23,RTIX,-0.2023
2020-03-23,RVLT,-0.2023
2020-03-23,RVNC,-0.128
2020-03-23,S,0.5719
2020-03-23,SAR,0.0
2020-03-23,SBI,-0.2023
2020-03-23,SBLK,-0.2023
2020-03-23,SCCO,-0.2023
2020-03-23,SCHL,-0.2023
2020-03-23,SCL,0.0
2020-03-23,SDOW,0.0
2020-03-23,SEIC,-0.2023
2020-03-23,SFBC,-0.2023
2020-03-23,SGC,-0.2023
2020-03-23,SGU,-0.2023
2020-03-23,SHG,-0.2023
2020-03-23,SHI,-0.41960000000000003
2020-03-23,SJI,-0.5106
2020-03-23,SJT,-0.2023
2020-03-23,SJW,-0.35645000000000004
2020-03-23,SKM,-0.2023
2020-03-23,SKY,0.50065
2020-03-23,SLF,-0.2023
2020-03-23,SLGN,-0.2023
2020-03-23,SMP,-0.2023
2020-03-23,SNFCA,-0.2023
2020-03-23,SOHO,-0.2023
2020-03-23,SOHU,-0.2023
2020-03-23,SPB,-0.0258
2020-03-23,SPLP,-0.2023
2020-03-23,SSD,-0.2023
2020-03-23,STAA,-0.4588
2020-03-23,STE,-0.4588
2020-03-23,STRL,-0.2023
2020-03-23,STRT,-0.2023
2020-03-23,SUP,0.6908
2020-03-23,SVM,0.0
2020-03-23,SWIR,0.0
2020-03-23,SWM,-0.2023
2020-03-23,SWX,-0.2023
2020-03-23,SYBT,-0.2023
2020-03-23,TACT,0.0
2020-03-23,TCI,-0.2023
2020-03-23,TCP,-0.6369
2020-03-23,TECS,0.0
2020-03-23,TEI,-0.2023
2020-03-23,THFF,-0.2023
2020-03-23,TLF,-0.2023
2020-03-23,TNC,-0.2023
2020-03-23,TOWN,-0.2023
2020-03-23,TPL,-0.6369
2020-03-23,TRC,-0.2023
2020-03-23,TRQ,-0.1531
2020-03-23,TRS,-0.2023
2020-03-23,TRST,-0.2023
2020-03-23,TRUP,0.4215
2020-03-23,TTMI,-0.2023
2020-03-23,TV,-0.2023
2020-03-23,TWN,-0.2023
2020-03-23,UEIC,-0.2023
2020-03-23,UFI,0.0
2020-03-23,ULBI,-0.2023
2020-03-23,UN,-0.0258
2020-03-23,UNT,-0.296
2020-03-23,USDP,0.0
2020-03-23,UTL,-0.2023
2020-03-23,UVE,-0.2023
2020-03-23,UVV,-0.2023
2020-03-23,VIRC,0.0
2020-03-23,VPG,-0.2023
2020-03-23,VRSN,-0.2023
2020-03-23,VRTS,0.1779
2020-03-23,VVI,-0.2023
2020-03-23,WBAI,-0.2023
2020-03-23,WBK,-0.2023
2020-03-23,WD,-0.2023
2020-03-23,WDR,0.1779
2020-03-23,WF,-0.2023
2020-03-23,WINA,-0.2023
2020-03-23,WRE,-0.2023
2020-03-23,WSFS,-0.2023
2020-03-23,WSO,-0.16515000000000002
2020-03-23,WSR,-0.2023
2020-03-23,WTM,0.0
2020-03-23,Y,-0.2023
2020-03-24,ABEV,0.368
2020-03-24,AEIS,0.29205
2020-03-24,AGCO,-0.128
2020-03-24,AMPE,-0.5501
2020-03-24,ANTH,0.0
2020-03-24,ASX,0.886
2020-03-24,AVA,0.0
2020-03-24,AXDX,-0.802
2020-03-24,AYR,0.3344666666666667
2020-03-24,BCE,0.891
2020-03-24,BCOM,0.0
2020-03-24,BDSI,-0.802
2020-03-24,BKCC,0.0
2020-03-24,BLL,0.0
2020-03-24,BMRC,0.0
2020-03-24,BRFS,0.368
2020-03-24,BSTC,-0.802
2020-03-24,CAE,0.0
2020-03-24,CASI,-0.128
2020-03-24,CCK,0.0
2020-03-24,CCUR,0.0
2020-03-24,CEN,0.891
2020-03-24,CLDT,0.02476666666666667
2020-03-24,CLRO,0.0
2020-03-24,CMCM,-0.07655
2020-03-24,CMP,-0.128
2020-03-24,CPIX,-0.802
2020-03-24,CPST,0.8126
2020-03-24,CQP,-0.1027
2020-03-24,CUI,0.5574
2020-03-24,CVM,0.22593333333333332
2020-03-24,CVU,0.1027
2020-03-24,DEO,0.872
2020-03-24,DLB,0.06743333333333333
2020-03-24,E,0.872
2020-03-24,EEFT,-0.128
2020-03-24,ENS,-0.4767
2020-03-24,EXLS,-0.128
2020-03-24,FBNK,0.0
2020-03-24,FBP,-0.128
2020-03-24,FCFS,0.03715
2020-03-24,FDUS,0.02476666666666667
2020-03-24,FENY,0.6124
2020-03-24,FI,0.0
2020-03-24,FMX,0.872
2020-03-24,FTR,0.0
2020-03-24,FUL,-0.128
2020-03-24,GAB,0.891
2020-03-24,GLAD,0.0
2020-03-24,GLP,0.0
2020-03-24,GOGO,-0.128
2020-03-24,GSAT,0.0
2020-03-24,HELE,0.872
2020-03-24,HNRG,0.1531
2020-03-24,HOV,0.0
2020-03-24,HRC,-0.7579
2020-03-24,HRZN,-0.128
2020-03-24,IPAR,0.872
2020-03-24,IT,-0.128
2020-03-24,IXC,0.6124
2020-03-24,JOBS,0.3612
2020-03-24,KAI,-0.128
2020-03-24,KEX,-0.4588
2020-03-24,LFC,0.891
2020-03-24,LMAT,-0.802
2020-03-24,LOGM,0.128
2020-03-24,LQD,-0.3612
2020-03-24,MAA,0.0
2020-03-24,MACK,-0.802
2020-03-24,MBT,0.4455
2020-03-24,MCHX,0.0
2020-03-24,MCRI,0.0
2020-03-24,MCS,0.4588
2020-03-24,MDXG,0.0
2020-03-24,MOMO,0.891
2020-03-24,MRCC,-0.128
2020-03-24,MSON,-0.802
2020-03-24,MVC,0.0
2020-03-24,NEOG,-0.12040000000000001
2020-03-24,NG,0.0
2020-03-24,NLST,0.0
2020-03-24,NOAH,0.0
2020-03-24,NSIT,-0.296
2020-03-24,NWBO,0.0
2020-03-24,OCFC,0.0
2020-03-24,OLP,0.0
2020-03-24,OPTT,-0.4939
2020-03-24,PBH,0.0
2020-03-24,PLXS,-0.064
2020-03-24,PMD,-0.802
2020-03-24,PRKR,0.0
2020-03-24,PSEC,0.891
2020-03-24,PVCT,0.0
2020-03-24,QIWI,0.0
2020-03-24,REGI,0.0
2020-03-24,RIBT,0.0
2020-03-24,RQI,0.891
2020-03-24,S,0.891
2020-03-24,SA,0.0
2020-03-24,SAR,-0.064
2020-03-24,SCL,-0.128
2020-03-24,SCS,0.0
2020-03-24,SDY,-0.4215
2020-03-24,SOFO,0.0
2020-03-24,SPOK,-0.4939
2020-03-24,STFC,0.0
2020-03-24,STLY,0.0
2020-03-24,SUNS,0.0
2020-03-24,SVBL,0.0
2020-03-24,SVM,0.0
2020-03-24,SYNL,0.0
2020-03-24,TACT,0.0
2020-03-24,TCRD,0.0
2020-03-24,TECD,0.0
2020-03-24,TKR,-0.128
2020-03-24,TLOG,0.0
2020-03-24,TSRI,0.128
2020-03-24,TTEC,0.0
2020-03-24,UL,0.872
2020-03-24,UN,0.372
2020-03-24,USA,0.891
2020-03-24,VC,-0.128
2020-03-24,VNQ,-0.4215
2020-03-24,WB,0.3612
2020-03-24,WBC,0.0
2020-03-24,WHF,-0.128
2020-03-24,WSR,0.128
2020-03-24,WYY,0.0
2020-03-24,XLP,-0.4215
2020-03-24,XLU,-0.4215
2020-03-24,XLV,-0.4215
2020-03-25,AGYS,-0.128
2020-03-25,AIR,-0.26139999999999997
2020-03-25,AMWD,0.0
2020-03-25,AT,0.4588
2020-03-25,AYR,0.6705
2020-03-25,BANC,-0.128
2020-03-25,BEAT,0.5473
2020-03-25,BKCC,-0.125
2020-03-25,BKEP,-0.05135
2020-03-25,BR,0.5423
2020-03-25,BVSN,0.6808
2020-03-25,CAMP,0.0
2020-03-25,CHDN,0.34
2020-03-25,CLCT,-0.10115
2020-03-25,CMP,-0.4588
2020-03-25,CO,0.0
2020-03-25,CONE,0.296
2020-03-25,CPHC,0.0
2020-03-25,CUBI,-0.128
2020-03-25,CYRN,-0.1806
2020-03-25,DNN,-0.2263
2020-03-25,DX,0.0
2020-03-25,ECPG,0.0
2020-03-25,EGY,0.7096
2020-03-25,ELMD,0.0
2020-03-25,ESLT,0.0
2020-03-25,EVGN,0.3182
2020-03-25,EVR,-0.128
2020-03-25,EWP,-0.3612
2020-03-25,FBC,-0.128
2020-03-25,FCF,-0.128
2020-03-25,FCFS,0.0
2020-03-25,FUL,-0.05103333333333334
2020-03-25,GBDC,-0.25
2020-03-25,GEF,0.0
2020-03-25,GSAT,0.0
2020-03-25,GSS,-0.6705
2020-03-25,HIFS,0.5267
2020-03-25,HOV,0.0
2020-03-25,INAP,0.0
2020-03-25,INFI,-0.19063333333333332
2020-03-25,IT,-0.1897333333333333
2020-03-25,IVC,0.0
2020-03-25,LFC,0.1779
2020-03-25,LFVN,0.0
2020-03-25,LNDC,0.1909
2020-03-25,LTC,0.0
2020-03-25,MC,-0.128
2020-03-25,MGEE,0.0
2020-03-25,MHO,0.0
2020-03-25,MMS,0.27115
2020-03-25,MTRN,-0.296
2020-03-25,MYOS,0.0
2020-03-25,NUAN,-0.4588
2020-03-25,NVEE,0.4019
2020-03-25,ONTX,0.0
2020-03-25,ORAN,0.4215
2020-03-25,PLM,0.5574
2020-03-25,PPBI,-0.3612
2020-03-25,PRO,-0.128
2020-03-25,PRPH,0.0
2020-03-25,PSXP,-0.128
2020-03-25,QIWI,0.0
2020-03-25,RAVE,0.13396666666666665
2020-03-25,RAVN,0.296
2020-03-25,REGI,0.0
2020-03-25,RYAM,0.0
2020-03-25,SBCF,-0.128
2020-03-25,SCCO,0.0
2020-03-25,SCS,-0.128
2020-03-25,SCVL,0.0
2020-03-25,SLRC,-0.128
2020-03-25,SOL,0.0
2020-03-25,SPOK,0.6361
2020-03-25,SSY,0.296
2020-03-25,STON,-0.7506
2020-03-25,SUN,-0.128
2020-03-25,SVM,0.0
2020-03-25,TAYD,0.0
2020-03-25,TCPC,0.128
2020-03-25,TDC,-0.4588
2020-03-25,TIGR,-0.07543333333333334
2020-03-25,TPVG,-0.25
2020-03-25,TSLX,-0.25
2020-03-25,TUR,0.4404
2020-03-25,WHR,-0.128
2020-03-25,WYY,-0.128
2020-03-25,XENE,0.0
2020-03-25,XNCR,0.7096
2020-03-26,ABM,0.0
2020-03-26,ACT,0.0
2020-03-26,AEGN,0.6369
2020-03-26,AGN,0.296
2020-03-26,AI,0.0
2020-03-26,AMBA,-0.128
2020-03-26,APAM,0.5719
2020-03-26,ATEN,0.21619999999999998
2020-03-26,BAK,0.0
2020-03-26,BITA,-0.12040000000000001
2020-03-26,BKCC,0.0
2020-03-26,BLKB,0.6486
2020-03-26,BRKR,-0.12824999999999998
2020-03-26,BVSN,0.0
2020-03-26,CEO,-0.128
2020-03-26,CIB,0.0
2020-03-26,CIO,0.0
2020-03-26,CLDT,0.2732
2020-03-26,CPSI,-0.128
2020-03-26,CPST,0.0
2020-03-26,CPTA,0.0
2020-03-26,CSLT,0.0
2020-03-26,CSOD,0.6486
2020-03-26,CUI,0.0258
2020-03-26,DDD,0.0
2020-03-26,DEO,0.5994
2020-03-26,DLX,0.2808
2020-03-26,DX,0.0
2020-03-26,EBIX,0.6486
2020-03-26,EEFT,0.6486
2020-03-26,ELMD,0.0
2020-03-26,ENG,0.0
2020-03-26,FBP,0.6486
2020-03-26,FDS,0.0
2020-03-26,FI,0.0
2020-03-26,FICO,-0.1779
2020-03-26,FMX,0.5994
2020-03-26,FOXF,0.0
2020-03-26,FXA,0.7184
2020-03-26,GAIN,0.0
2020-03-26,GPI,-0.4588
2020-03-26,GRFS,0.0
2020-03-26,HEP,0.2732
2020-03-26,HY,-0.516
2020-03-26,INFI,0.0
2020-03-26,INGR,0.03715
2020-03-26,IT,-0.128
2020-03-26,KW,0.3818
2020-03-26,LAND,0.4404
2020-03-26,LIQT,0.0
2020-03-26,LODE,0.1947
2020-03-26,LPCN,-0.5106
2020-03-26,LTC,0.128
2020-03-26,MAIN,0.0
2020-03-26,MG,-0.064
2020-03-26,MGEE,0.296
2020-03-26,MTEX,0.0
2020-03-26,NAK,0.0
2020-03-26,NEWT,0.0
2020-03-26,NI,-0.128
2020-03-26,NTIP,0.4404
2020-03-26,NWE,-0.128
2020-03-26,PB,0.1027
2020-03-26,PBH,0.10115
2020-03-26,PEIX,-0.1531
2020-03-26,PLAB,0.0
2020-03-26,PLUS,0.6486
2020-03-26,PRGS,0.08946666666666665
2020-03-26,PSXP,0.0
2020-03-26,PTNR,0.0
2020-03-26,QURE,0.0
2020-03-26,RAVE,0.0
2020-03-26,REX,0.0
2020-03-26,RRTS,0.0
2020-03-26,SALM,0.0
2020-03-26,SAR,0.0
2020-03-26,SCVL,-0.128
2020-03-26,SIMO,0.296
2020-03-26,SLM,0.6486
2020-03-26,SMED,0.0
2020-03-26,SP,-0.128
2020-03-26,TARO,-0.3182
2020-03-26,TDY,-0.128
2020-03-26,TERP,0.34
2020-03-26,TGE,0.1027
2020-03-26,TISI,-0.2294
2020-03-26,TITN,-0.07655
2020-03-26,TNAV,-0.128
2020-03-26,TNC,-0.128
2020-03-26,TPL,0.1027
2020-03-26,UL,0.5994
2020-03-26,UN,0.5994
2020-03-26,WAT,-0.128
2020-03-26,WBK,0.6486
2020-03-26,WOR,-0.05103333333333334
2020-03-27,ABM,-0.128
2020-03-27,ACIW,0.8271
2020-03-27,ACST,0.8271
2020-03-27,ADTN,0.0
2020-03-27,AEHR,0.0
2020-03-27,AEY,0.0
2020-03-27,AGCO,0.2577
2020-03-27,AI,0.0
2020-03-27,AIN,0.0
2020-03-27,ANH,0.0
2020-03-27,APTO,0.8271
2020-03-27,BAK,0.0
2020-03-27,BBW,-0.1531
2020-03-27,BDR,0.0
2020-03-27,BGCP,0.09866666666666667
2020-03-27,BIP,0.8271
2020-03-27,BKCC,0.0
2020-03-27,BR,0.8271
2020-03-27,BRG,-0.128
2020-03-27,BRT,-0.128
2020-03-27,BRZU,0.0
2020-03-27,BVSN,0.26335
2020-03-27,CDZI,0.296
2020-03-27,CEA,-0.1779
2020-03-27,CHRS,0.8271
2020-03-27,CIO,-0.064
2020-03-27,CLGX,0.8271
2020-03-27,CLMT,-0.128
2020-03-27,CO,0.0
2020-03-27,COHU,-0.128
2020-03-27,COO,-0.128
2020-03-27,CPTA,0.0
2020-03-27,DDD,-0.4019
2020-03-27,DUST,0.0
2020-03-27,DX,0.0
2020-03-27,EARN,0.0
2020-03-27,EGP,0.0
2020-03-27,ENS,-0.128
2020-03-27,ERX,0.0
2020-03-27,ERY,0.0
2020-03-27,ESE,-0.5267
2020-03-27,EXPD,0.4939
2020-03-27,FCN,0.0
2020-03-27,FDS,0.0
2020-03-27,FOLD,0.8271
2020-03-27,FR,0.0
2020-03-27,FUL,-0.128
2020-03-27,GAIN,0.0
2020-03-27,GBR,0.2732
2020-03-27,GNRC,0.0
2020-03-27,GRFS,0.0
2020-03-27,GSS,0.0
2020-03-27,HHC,0.27423333333333333
2020-03-27,HRC,-0.4588
2020-03-27,HSKA,-0.128
2020-03-27,IEP,0.4939
2020-03-27,IGC,0.4019
2020-03-27,IPGP,-0.5574
2020-03-27,IRET,0.0
2020-03-27,JDST,0.0
2020-03-27,JNUG,0.0
2020-03-27,JYNT,-0.128
2020-03-27,KEP,0.8271
2020-03-27,KYN,0.8271
2020-03-27,LIQT,-0.3612
2020-03-27,MAIN,0.0
2020-03-27,MGEE,0.8271
2020-03-27,MKSI,-0.128
2020-03-27,MNTA,0.8271
2020-03-27,MSEX,0.8271
2020-03-27,NEWT,0.0
2020-03-27,NWE,0.296
2020-03-27,NWN,0.8271
2020-03-27,OLED,-0.128
2020-03-27,OXM,-0.064
2020-03-27,PAM,0.8271
2020-03-27,PARR,0.8271
2020-03-27,PFPT,-0.064
2020-03-27,PRGS,0.1591
2020-03-27,PTC,0.8271
2020-03-27,QIWI,0.0
2020-03-27,RDI,0.4215
2020-03-27,RELV,0.0
2020-03-27,RIGL,0.8271
2020-03-27,RM,0.0
2020-03-27,RRTS,-0.021733333333333344
2020-03-27,RUSL,0.0
2020-03-27,RVNC,-0.128
2020-03-27,SAR,0.0
2020-03-27,SCU,0.0
2020-03-27,SCVL,0.0
2020-03-27,SGRP,0.0
2020-03-27,SJI,0.8271
2020-03-27,SNSS,0.8271
2020-03-27,SORL,0.0
2020-03-27,SPH,0.8271
2020-03-27,SRLP,0.7351
2020-03-27,SWM,-0.128
2020-03-27,TAC,0.8271
2020-03-27,TACT,-0.128
2020-03-27,TCRD,0.17638
2020-03-27,TDS,-0.1197
2020-03-27,TERP,0.59755
2020-03-27,TITN,-0.08533333333333333
2020-03-27,TIVO,0.8271
2020-03-27,TRI,-0.128
2020-03-27,TRN,0.4939
2020-03-27,TTMI,0.8271
2020-03-27,UL,0.4019
2020-03-27,UN,0.4019
2020-03-27,UNTY,-0.6597
2020-03-27,USA,0.0
2020-03-27,USM,0.3254
2020-03-27,USPH,-0.128
2020-03-27,UTL,0.8271
2020-03-27,UTSI,0.0
2020-03-27,WDFC,0.0
2020-03-27,WPG,0.0
2020-03-28,CQP,0.0
2020-03-28,EQC,0.0
2020-03-29,CPHI,-0.34
2020-03-29,EIS,0.0
2020-03-29,PRQR,-0.34
2020-03-29,S,0.0
2020-03-30,AGCO,0.128
2020-03-30,AHPI,0.0
2020-03-30,AI,0.0
2020-03-30,AIT,-0.4588
2020-03-30,ARL,0.0
2020-03-30,AWRE,0.0
2020-03-30,BANC,-0.25
2020-03-30,BGCP,0.0
2020-03-30,BGSF,0.0
2020-03-30,BHE,-0.3612
2020-03-30,BLX,0.0
2020-03-30,BOKF,0.128
2020-03-30,BPTH,0.0
2020-03-30,BTG,0.0
2020-03-30,BVN,-0.3612
2020-03-30,BVSN,0.0
2020-03-30,CALM,0.11164999999999999
2020-03-30,CBSH,0.128
2020-03-30,CCRN,0.0
2020-03-30,CEVA,-0.03260000000000002
2020-03-30,CHD,0.7783
2020-03-30,CIA,0.0
2020-03-30,CM,-0.8625
2020-03-30,CMC,-0.296
2020-03-30,CO,0.0
2020-03-30,CRR,0.4939
2020-03-30,CUI,-0.05103333333333334
2020-03-30,CVU,0.0
2020-03-30,CWT,0.4767
2020-03-30,CYD,-0.1806
2020-03-30,DIOD,0.4767
2020-03-30,DOOR,-0.128
2020-03-30,EDAP,0.0
2020-03-30,EVOL,-0.5574
2020-03-30,EWP,0.0
2020-03-30,FARM,0.0
2020-03-30,FIBK,-0.25
2020-03-30,FOR,0.0
2020-03-30,FSI,0.0
2020-03-30,GPI,-0.4588
2020-03-30,GVP,0.0
2020-03-30,HAE,0.0
2020-03-30,HDS,0.0
2020-03-30,HMTV,0.0
2020-03-30,HSON,-0.07655
2020-03-30,ICON,0.0
2020-03-30,IDN,0.0
2020-03-30,IYF,-0.7351
2020-03-30,IYR,-0.7351
2020-03-30,JAKK,-0.007800000000000029
2020-03-30,LLEX,0.2732
2020-03-30,LWAY,0.0
2020-03-30,MAG,-0.3182
2020-03-30,MCF,0.0
2020-03-30,MDLZ,0.32985
2020-03-30,MLAB,-0.4215
2020-03-30,MPX,0.0
2020-03-30,NG,0.296
2020-03-30,NNA,0.0
2020-03-30,NTN,0.0
2020-03-30,NWPX,0.0
2020-03-30,OBCI,0.0
2020-03-30,OESX,0.1531
2020-03-30,OMEX,0.2263
2020-03-30,ONTX,0.0
2020-03-30,PIH,0.0
2020-03-30,PKOH,-0.5574
2020-03-30,QTWO,-0.4588
2020-03-30,RAVN,-0.296
2020-03-30,RDNT,0.0
2020-03-30,RIBT,0.4939
2020-03-30,RM,0.0
2020-03-30,RRTS,0.0
2020-03-30,SCCO,-0.128
2020-03-30,SMED,0.0
2020-03-30,SPB,-0.128
2020-03-30,SRI,-0.743
2020-03-30,TCRD,0.0
2020-03-30,TGH,0.0
2020-03-30,TKR,-0.4588
2020-03-30,TRNS,0.4215
2020-03-30,TTC,0.3275
2020-03-30,UEC,0.2263
2020-03-30,URG,0.2263
2020-03-30,USEG,0.2732
2020-03-30,UUUU,0.2263
2020-03-30,VMI,0.0
2020-03-30,VRSN,0.296
2020-03-30,WAT,0.128
2020-03-30,WHLM,0.0
2020-03-31,AAWW,0.8078000000000001
2020-03-31,ACRE,0.0
2020-03-31,AGYS,0.9081
2020-03-31,AHPI,0.0
2020-03-31,AIR,0.0
2020-03-31,ALG,-0.128
2020-03-31,AR,-0.128
2020-03-31,ASTE,0.8316
2020-03-31,AXTI,0.0
2020-03-31,BBX,0.0258
2020-03-31,BCE,0.6597
2020-03-31,BCLI,0.0
2020-03-31,BERY,0.4767
2020-03-31,BOSC,0.2202
2020-03-31,BRFS,-0.4588
2020-03-31,BVSN,0.0
2020-03-31,CALM,-0.3612
2020-03-31,CASH,0.0
2020-03-31,CBT,-0.128
2020-03-31,CLRO,0.0
2020-03-31,CMC,-0.1531
2020-03-31,CPHI,-0.2263
2020-03-31,CPIX,0.4019
2020-03-31,CRS,0.8316
2020-03-31,CRUS,0.24914999999999998
2020-03-31,CSLT,0.0
2020-03-31,CUZ,0.0
2020-03-31,CVU,0.0
2020-03-31,CX,-0.1531
2020-03-31,CXW,-0.6283
2020-03-31,DHX,0.0
2020-03-31,DKL,0.1779
2020-03-31,DOOR,-0.1197
2020-03-31,ECOL,-0.5267
2020-03-31,EE,0.2732
2020-03-31,EIS,0.1779
2020-03-31,ELLO,0.0
2020-03-31,ERII,0.8316
2020-03-31,ESCA,0.0
2020-03-31,EWP,-0.5994
2020-03-31,FARM,-0.128
2020-03-31,FI,0.0
2020-03-31,GDX,0.0
2020-03-31,GEVO,0.1366
2020-03-31,GILT,-0.296
2020-03-31,GNW,-0.125
2020-03-31,GPL,0.6249
2020-03-31,GRFS,0.0
2020-03-31,GVA,0.8316
2020-03-31,GWB,0.2023
2020-03-31,GWGH,-0.05103333333333334
2020-03-31,HBM,-0.1531
2020-03-31,HEES,0.8316
2020-03-31,HELE,-0.128
2020-03-31,HTA,-0.6283
2020-03-31,ICAD,0.0
2020-03-31,ICFI,-0.128
2020-03-31,IEX,0.10115
2020-03-31,IMO,-0.296
2020-03-31,INTT,0.1779
2020-03-31,KBAL,0.0
2020-03-31,KODK,0.7096
2020-03-31,KYN,0.8316
2020-03-31,LCI,0.0
2020-03-31,LNDC,-0.12040000000000001
2020-03-31,LZB,-0.128
2020-03-31,MAG,-0.128
2020-03-31,MSG,-0.4767
2020-03-31,MX,0.408775
2020-03-31,NEOG,0.4215
2020-03-31,NNA,0.0
2020-03-31,NVEE,0.8316
2020-03-31,NWHM,0.0
2020-03-31,NWS,0.0
2020-03-31,NWSA,0.0
2020-03-31,OMAB,-0.07945
2020-03-31,ONVO,0.0
2020-03-31,PACD,0.09106666666666667
2020-03-31,PBFX,0.296
2020-03-31,PED,-0.34
2020-03-31,PRAA,0.3818
2020-03-31,PRIM,0.5423
2020-03-31,PRQR,0.0
2020-03-31,PTNR,0.0
2020-03-31,PW,0.0
2020-03-31,QIWI,0.0
2020-03-31,QUIK,0.0
2020-03-31,RDWR,0.5859
2020-03-31,RMD,0.3612
2020-03-31,RMTI,0.0
2020-03-31,RRTS,0.0
2020-03-31,S,0.1366
2020-03-31,SB,0.0
2020-03-31,SCI,-0.128
2020-03-31,SOHO,0.0
2020-03-31,SP,0.0772
2020-03-31,STAG,0.0
2020-03-31,STRL,0.5719
2020-03-31,SYNA,0.10115
2020-03-31,SYX,0.8316
2020-03-31,TRST,0.0
2020-03-31,TV,0.6597
2020-03-31,VECO,0.0
2020-03-31,VLGEA,0.8481
2020-03-31,VVI,-0.128
2020-03-31,VWO,0.0
2020-03-31,WHR,-0.1197
2020-03-31,XENE,0.0
2020-03-31,XONE,0.18200000000000002
2020-03-31,XOP,0.0
2020-04-01,ABB,-0.4215
2020-04-01,ABM,-0.07945
2020-04-01,ACST,-0.0772
2020-04-01,ADES,0.1027
2020-04-01,AFMD,0.0
2020-04-01,AHPI,0.0
2020-04-01,AIZ,-0.4588
2020-04-01,ASTE,0.10115
2020-04-01,ATRO,-0.128
2020-04-01,BR,-0.4215
2020-04-01,BRKR,0.2553
2020-04-01,BTG,-0.0258
2020-04-01,BVN,-0.4215
2020-04-01,CBLI,0.0
2020-04-01,CGIX,0.6597
2020-04-01,CHD,-0.4215
2020-04-01,CM,-0.3818
2020-04-01,CNCE,0.0
2020-04-01,COO,0.3818
2020-04-01,CPTA,0.0
2020-04-01,CRY,0.0
2020-04-01,CVBF,0.0
2020-04-01,CXW,0.0
2020-04-01,DDD,-0.21075
2020-04-01,DOOR,-0.128
2020-04-01,DOX,-0.4215
2020-04-01,EDAP,-0.128
2020-04-01,EPZM,-0.128
2020-04-01,ESE,-0.5267
2020-04-01,ESS,0.2023
2020-04-01,GGG,-0.4215
2020-04-01,GNRC,-0.4215
2020-04-01,GNW,0.0
2020-04-01,GOGO,0.25
2020-04-01,HDS,0.0
2020-04-01,HEP,0.0
2020-04-01,IAG,-0.0258
2020-04-01,ICFI,0.5719
2020-04-01,INDA,-0.6249
2020-04-01,LAZ,-0.6124
2020-04-01,LNDC,0.09866666666666667
2020-04-01,MCS,-0.128
2020-04-01,MDU,-0.4215
2020-04-01,MGRC,0.0
2020-04-01,MHH,0.0
2020-04-01,MSG,-0.5023
2020-04-01,MX,0.0
2020-04-01,NDLS,-0.128
2020-04-01,NEWT,0.0
2020-04-01,NG,0.0
2020-04-01,NGS,0.3612
2020-04-01,NHF,0.0
2020-04-01,NI,-0.27475
2020-04-01,NL,-0.4215
2020-04-01,NWN,0.25
2020-04-01,OGS,-0.128
2020-04-01,ONB,-0.6124
2020-04-01,PBFX,0.0
2020-04-01,PKG,0.0
2020-04-01,PNM,-0.128
2020-04-01,PRQR,0.0
2020-04-01,PRTK,0.34
2020-04-01,PSEC,-0.6124
2020-04-01,PVG,-0.0258
2020-04-01,RRTS,-0.296
2020-04-01,RVNC,-0.128
2020-04-01,SEED,-0.5267
2020-04-01,SJI,-0.4215
2020-04-01,SLRC,0.4939
2020-04-01,SQM,-0.4215
2020-04-01,SUNS,0.4939
2020-04-01,SWX,0.03715
2020-04-01,SXI,0.0
2020-04-01,TBK,0.3818
2020-04-01,TERP,-0.4215
2020-04-01,UFPI,-0.128
2020-04-01,UL,-0.4215
2020-04-01,UN,-0.4215
2020-04-01,UNF,0.032888888888888884
2020-04-01,USA,0.6597
2020-04-01,VLRS,-0.3818
2020-04-01,VNOM,0.0
2020-04-01,VOYA,-0.6124
2020-04-01,WSO,0.0
2020-04-01,ZGNX,-0.128
2020-04-02,AAWW,0.6908
2020-04-02,ADPT,0.4215
2020-04-02,AEHR,0.0
2020-04-02,AFMD,0.4019
2020-04-02,AHH,0.0
2020-04-02,AHPI,0.0
2020-04-02,AMPE,-0.1779
2020-04-02,ANSS,0.0
2020-04-02,APOG,0.0
2020-04-02,AUMN,0.26335
2020-04-02,AVD,0.0
2020-04-02,AWI,0.2023
2020-04-02,AYI,-0.11315
2020-04-02,AZPN,-0.128
2020-04-02,B,0.3818
2020-04-02,BEP,-0.4588
2020-04-02,BRKR,-0.128
2020-04-02,BRO,-0.296
2020-04-02,BSET,0.0
2020-04-02,BSMX,0.368
2020-04-02,CAE,0.1779
2020-04-02,CATM,-0.064
2020-04-02,CHL,-0.1531
2020-04-02,CRY,-0.064
2020-04-02,CUB,0.0
2020-04-02,CXP,0.4215
2020-04-02,CY,0.0
2020-04-02,DLX,0.0
2020-04-02,EGO,0.8316
2020-04-02,ENSG,0.0
2020-04-02,ERF,0.0258
2020-04-02,ESS,0.4215
2020-04-02,FATE,-0.23835
2020-04-02,FI,0.0
2020-04-02,FUL,0.0
2020-04-02,GALT,-0.1027
2020-04-02,GDX,0.0
2020-04-02,GDXJ,0.0
2020-04-02,GMLP,0.0654
2020-04-02,GNW,0.5423
2020-04-02,GSBC,0.743
2020-04-02,HAE,-0.296
2020-04-02,HBM,-0.1531
2020-04-02,HRC,0.0
2020-04-02,HSIC,0.0
2020-04-02,IAG,0.8316
2020-04-02,ICCC,0.0
2020-04-02,IMO,0.0
2020-04-02,INUV,0.296
2020-04-02,ITCI,0.0
2020-04-02,LOGM,0.0
2020-04-02,LXP,0.128
2020-04-02,MAA,-0.128
2020-04-02,MACK,0.3612
2020-04-02,MDC,0.0
2020-04-02,MDU,-0.1531
2020-04-02,MG,0.0
2020-04-02,MHH,0.0
2020-04-02,MKSI,0.10115
2020-04-02,MNRO,0.0
2020-04-02,MNTX,0.3818
2020-04-02,MSG,0.28265
2020-04-02,NATI,0.0
2020-04-02,NCZ,0.0
2020-04-02,NEP,0.2732
2020-04-02,NHI,0.0
2020-04-02,NSTG,-0.128
2020-04-02,NTG,0.5423
2020-04-02,NTWK,0.3612
2020-04-02,NVEE,0.0
2020-04-02,NVGS,0.0
2020-04-02,OMI,0.0
2020-04-02,PCTI,0.0
2020-04-02,PINC,0.5574
2020-04-02,PNM,0.128
2020-04-02,PRTK,0.0
2020-04-02,PVG,-0.1531
2020-04-02,RECN,0.0
2020-04-02,RMD,0.20095
2020-04-02,SCHN,0.0
2020-04-02,SNP,0.0
2020-04-02,SQM,-0.14055
2020-04-02,STAG,-0.128
2020-04-02,STON,-0.07655
2020-04-02,SYNL,0.0086
2020-04-02,TDC,0.0
2020-04-02,TECD,0.296
2020-04-02,TERP,-0.128
2020-04-02,TPH,-0.128
2020-04-02,TPVG,0.0
2020-04-02,TRN,0.4477
2020-04-02,TTEK,-0.128
2020-04-02,UBA,-0.125
2020-04-02,UFCS,0.0772
2020-04-02,UNF,0.2577
2020-04-02,USA,0.5423
2020-04-02,VCEL,0.2732
2020-04-02,VOXX,0.0
2020-04-02,VVUS,0.0
2020-04-02,WAT,-0.128
2020-04-02,WDFC,0.3612
2020-04-02,WUBA,0.09866666666666667
2020-04-03,ABEV,-0.128
2020-04-03,AEL,-0.4588
2020-04-03,AGCO,-0.8402
2020-04-03,AI,0.0
2020-04-03,ALG,-0.8402
2020-04-03,AP,0.0
2020-04-03,APOG,0.0
2020-04-03,ASTC,0.0
2020-04-03,ASTE,-0.8402
2020-04-03,AVNW,0.0
2020-04-03,AYI,0.0116
2020-04-03,BCLI,0.8442
2020-04-03,BFS,-0.128
2020-04-03,BSET,-0.128
2020-04-03,CBT,0.10540000000000001
2020-04-03,CDR,0.4215
2020-04-03,CHL,0.296
2020-04-03,CMCO,-0.8402
2020-04-03,CPSS,0.1779
2020-04-03,CUZ,0.0
2020-04-03,CY,-0.7096
2020-04-03,DNOW,-0.4588
2020-04-03,E,-0.2732
2020-04-03,ECOL,-0.128
2020-04-03,ERF,-0.0772
2020-04-03,ESTE,0.3818
2020-04-03,FATE,0.0
2020-04-03,FI,0.0
2020-04-03,FNHC,0.4215
2020-04-03,GALT,-0.128
2020-04-03,GBDC,0.0
2020-04-03,GLRE,-0.5106
2020-04-03,GMLP,-0.064
2020-04-03,GPRK,0.0
2020-04-03,GRFS,0.0
2020-04-03,GSIT,0.0
2020-04-03,GTT,-0.128
2020-04-03,HMN,-0.4588
2020-04-03,HSII,-0.4588
2020-04-03,HTA,0.373
2020-04-03,HY,-0.8402
2020-04-03,IART,0.2023
2020-04-03,ICCC,0.0
2020-04-03,IMO,0.0
2020-04-03,INS,0.3612
2020-04-03,KFY,-0.128
2020-04-03,KMPR,0.4215
2020-04-03,LNN,-0.8402
2020-04-03,LXFR,0.0
2020-04-03,MCY,-0.14086666666666667
2020-04-03,MDWD,0.0
2020-04-03,MFG,-0.6249
2020-04-03,MIC,0.296
2020-04-03,MNRO,-0.128
2020-04-03,MSC,-0.128
2020-04-03,MSG,0.4215
2020-04-03,MSON,-0.128
2020-04-03,MTW,-0.8402
2020-04-03,NEO,0.0
2020-04-03,NGG,0.0
2020-04-03,NICK,0.0
2020-04-03,NSIT,0.3818
2020-04-03,NSP,-0.128
2020-04-03,NYMX,0.0
2020-04-03,OPB,0.0
2020-04-03,PAR,0.0
2020-04-03,PPBI,0.0
2020-04-03,PTR,0.09106666666666667
2020-04-03,RDS.A,0.296
2020-04-03,RECN,0.2577
2020-04-03,RGP,-0.128
2020-04-03,ROIC,-0.0516
2020-04-03,SALT,0.4767
2020-04-03,SCU,0.0
2020-04-03,SNP,0.0
2020-04-03,SP,0.2247
2020-04-03,SPAR,-0.8402
2020-04-03,STRL,-0.128
2020-04-03,TIGR,0.4939
2020-04-03,TRN,0.128
2020-04-03,UBA,-0.128
2020-04-03,UIHC,0.3182
2020-04-03,USA,-0.04400000000000001
2020-04-03,USDP,0.0
2020-04-03,VCEL,-0.128
2020-04-03,VNOM,0.0
2020-04-03,VOYA,-0.4588
2020-04-03,VRA,-0.3182
2020-04-03,VVUS,0.0
2020-04-03,WBK,-0.6249
2020-04-03,WNC,-0.8402
2020-04-03,WRE,-0.128
2020-04-03,WSR,-0.128
2020-04-05,ANGO,0.0
2020-04-06,ABB,0.37895
2020-04-06,ABCB,-0.128
2020-04-06,ACRE,0.0
2020-04-06,AEZS,0.4215
2020-04-06,AHC,0.15792499999999998
2020-04-06,AI,0.0
2020-04-06,AIMC,-0.07945
2020-04-06,AINC,-0.128
2020-04-06,BBDO,0.0
2020-04-06,BCC,-0.054866666666666675
2020-04-06,BGCP,0.7579
2020-04-06,BLKB,0.6705
2020-04-06,BOKF,-0.128
2020-04-06,BPT,0.0
2020-04-06,BR,0.7579
2020-04-06,BRFS,0.148
2020-04-06,BZH,0.0
2020-04-06,CAMT,0.0
2020-04-06,CASY,-0.128
2020-04-06,CATM,0.0
2020-04-06,CBSH,0.10115
2020-04-06,CGIX,0.0
2020-04-06,CHD,0.1779
2020-04-06,CIG,-0.3612
2020-04-06,CLMT,0.0
2020-04-06,COHR,0.0
2020-04-06,CTRE,-0.064
2020-04-06,CUI,-0.34
2020-04-06,DRD,0.3275666666666667
2020-04-06,EDAP,0.0
2020-04-06,ELGX,-0.3818
2020-04-06,EPZM,0.8442
2020-04-06,ERA,0.0
2020-04-06,ESE,-0.5267
2020-04-06,ESPR,0.6486
2020-04-06,EWO,-0.4588
2020-04-06,EWP,-0.3818
2020-04-06,EXFO,-0.128
2020-04-06,FATE,-0.128
2020-04-06,FBP,0.7579
2020-04-06,FIZZ,0.7783
2020-04-06,GEOS,0.6249
2020-04-06,GNRC,0.7579
2020-04-06,GRFS,0.5700999999999999
2020-04-06,GTT,0.0
2020-04-06,HBM,0.5423
2020-04-06,HI,0.6124
2020-04-06,HRTG,-0.3612
2020-04-06,HTHT,0.8934
2020-04-06,IART,0.128
2020-04-06,IBKC,-0.128
2020-04-06,ICL,0.0
2020-04-06,IDN,0.0
2020-04-06,KINS,-0.4588
2020-04-06,KMPR,-0.4588
2020-04-06,KRNY,-0.12824999999999998
2020-04-06,LCUT,0.0
2020-04-06,LE,0.20765
2020-04-06,LNN,0.0
2020-04-06,LTC,-0.128
2020-04-06,LXU,0.05165
2020-04-06,MATX,0.0
2020-04-06,MGPI,0.148
2020-04-06,MIC,0.0
2020-04-06,MNRO,-0.128
2020-04-06,MNTA,0.8442
2020-04-06,MPX,-0.128
2020-04-06,MRTN,0.2023
2020-04-06,MTLS,-0.25
2020-04-06,NCMI,0.0
2020-04-06,NSTG,0.0
2020-04-06,NWE,-0.3612
2020-04-06,PACB,0.8442
2020-04-06,PB,-0.128
2020-04-06,PCOM,-0.0516
2020-04-06,PDCO,0.0
2020-04-06,PEIX,0.2732
2020-04-06,PERI,0.0
2020-04-06,PFLT,0.0
2020-04-06,PNFP,-0.128
2020-04-06,PNNT,0.0
2020-04-06,PTR,0.0
2020-04-06,RMTI,0.8442
2020-04-06,S,0.0
2020-04-06,SA,0.0
2020-04-06,SERV,0.0
2020-04-06,SFE,0.3818
2020-04-06,SIGI,-0.128
2020-04-06,SILC,-0.14170000000000002
2020-04-06,SLM,0.7579
2020-04-06,SMPL,0.25976666666666665
2020-04-06,SRCL,0.3182
2020-04-06,STFC,-0.128
2020-04-06,STRL,0.5719
2020-04-06,TDY,0.0
2020-04-06,THG,-0.4588
2020-04-06,TRCH,0.4767
2020-04-06,UBSI,0.4215
2020-04-06,UFCS,-0.0258
2020-04-06,UL,0.1779
2020-04-06,UN,0.1779
2020-04-06,USA,0.0
2020-04-06,USAK,-0.128
2020-04-06,VOYA,0.7579
2020-04-06,WD,0.0
2020-04-06,WEX,-0.128
2020-04-06,WTFC,0.14675
2020-04-06,WWD,-0.12219999999999999
2020-04-06,YNDX,0.7579
2020-04-07,AAON,-0.128
2020-04-07,ACRE,0.0
2020-04-07,AIV,-0.128
2020-04-07,ALG,-0.4767
2020-04-07,ALIM,-0.064
2020-04-07,ANGO,-0.07955
2020-04-07,ANH,0.8591
2020-04-07,AP,0.0
2020-04-07,ATRS,0.8779
2020-04-07,AVAV,0.5719
2020-04-07,B,-0.128
2020-04-07,BANC,0.8591
2020-04-07,BECN,0.03715
2020-04-07,BERY,0.0
2020-04-07,BIP,0.0
2020-04-07,BLKB,-0.128
2020-04-07,BLX,0.8591
2020-04-07,BOKF,-0.128
2020-04-07,BPFH,0.0
2020-04-07,BPT,0.0
2020-04-07,BRO,0.8591
2020-04-07,BXC,-0.4574
2020-04-07,BZH,-0.064
2020-04-07,CAMT,0.0
2020-04-07,CATM,0.0
2020-04-07,CBSH,-0.128
2020-04-07,CCJ,0.8625
2020-04-07,CFR,-0.128
2020-04-07,CGIX,0.0
2020-04-07,CHMI,0.0
2020-04-07,CIG,0.7964
2020-04-07,CLI,-0.128
2020-04-07,CO,-0.3182
2020-04-07,COKE,0.5859
2020-04-07,CPIX,0.4939
2020-04-07,CPST,0.0
2020-04-07,CR,-0.128
2020-04-07,CTRE,0.8591
2020-04-07,CUO,0.2732
2020-04-07,CX,0.8519
2020-04-07,CY,0.0
2020-04-07,DPW,0.1531
2020-04-07,DRNA,0.0
2020-04-07,EGP,-0.128
2020-04-07,EQC,0.0
2020-04-07,ERII,0.7003
2020-04-07,ESS,0.4215
2020-04-07,EXFO,-0.12040000000000001
2020-04-07,GB,0.8591
2020-04-07,GBX,0.02178
2020-04-07,GIGM,0.0
2020-04-07,GPI,-0.2263
2020-04-07,GSBC,0.25
2020-04-07,GTS,0.8779
2020-04-07,HAE,-0.128
2020-04-07,HMLP,0.0
2020-04-07,HSC,0.0
2020-04-07,HSIC,0.8779
2020-04-07,HTA,0.4215
2020-04-07,HTLF,-0.064
2020-04-07,IART,0.0
2020-04-07,ICCC,-0.3182
2020-04-07,IDN,0.0
2020-04-07,IIN,-0.212
2020-04-07,IRMD,0.0
2020-04-07,IRT,0.4215
2020-04-07,KELYA,0.0
2020-04-07,KRC,-0.128
2020-04-07,KRG,0.4215
2020-04-07,LECO,-0.128
2020-04-07,LNN,0.0
2020-04-07,MAA,-0.128
2020-04-07,MAIN,0.8591
2020-04-07,MGPI,0.0
2020-04-07,MIC,0.9349
2020-04-07,MTLS,-0.128
2020-04-07,NEOG,0.0516
2020-04-07,NSP,0.9349
2020-04-07,NSSC,0.0
2020-04-07,NSTG,-0.128
2020-04-07,NTIC,-0.07543333333333334
2020-04-07,NWPX,0.0
2020-04-07,NYCB,-0.128
2020-04-07,ONVO,0.3687666666666667
2020-04-07,ORI,0.8591
2020-04-07,OTEL,0.0
2020-04-07,PATK,0.0
2020-04-07,PB,-0.128
2020-04-07,PMD,-0.5267
2020-04-07,PRGO,0.0
2020-04-07,QURE,0.8779
2020-04-07,RCII,0.0
2020-04-07,RDNT,0.8779
2020-04-07,REXR,-0.128
2020-04-07,RGP,0.9349
2020-04-07,RMTI,-0.128
2020-04-07,ROIC,0.58865
2020-04-07,RST,0.0
2020-04-07,SANW,0.7579
2020-04-07,SCVL,0.0
2020-04-07,SD,0.2732
2020-04-07,SEAC,0.02178
2020-04-07,SGMO,0.29263333333333336
2020-04-07,SILC,-0.128
2020-04-07,SKY,0.3645
2020-04-07,SLM,0.8591
2020-04-07,SMFG,0.8591
2020-04-07,SNN,0.0
2020-04-07,SP,0.9349
2020-04-07,STAG,-0.128
2020-04-07,STAR,0.8591
2020-04-07,SUI,-0.128
2020-04-07,SUN,0.8625
2020-04-07,TPH,0.0
2020-04-07,TSC,0.8591
2020-04-07,UGI,0.7964
2020-04-07,VOYA,0.3601666666666667
2020-04-07,WD,0.8591
2020-04-07,WNS,0.9349
2020-04-07,WWD,0.9349
2020-04-07,YUMA,0.6038666666666667
2020-04-08,ACRE,0.0
2020-04-08,AGYS,-0.296
2020-04-08,ALLE,-0.128
2020-04-08,ALOT,0.0
2020-04-08,ANGO,0.018575
2020-04-08,ANH,0.4511
2020-04-08,ARCB,-0.128
2020-04-08,ARLP,-0.128
2020-04-08,ATEC,0.12726666666666667
2020-04-08,AVY,-0.128
2020-04-08,AZZ,-0.128
2020-04-08,BCLI,0.0
2020-04-08,BIP,-0.128
2020-04-08,BLDP,0.0
2020-04-08,BLKB,0.836
2020-04-08,BV,-0.128
2020-04-08,BXC,0.0
2020-04-08,BZH,0.0
2020-04-08,CAMT,0.0
2020-04-08,CATM,-0.25
2020-04-08,CETV,0.0
2020-04-08,CHMI,-0.042666666666666665
2020-04-08,CLNE,0.765
2020-04-08,CM,-0.1027
2020-04-08,COO,-0.128
2020-04-08,CPRX,0.6249
2020-04-08,CRMT,0.8225
2020-04-08,CSTE,-0.128
2020-04-08,DPW,0.0
2020-04-08,DVA,0.6249
2020-04-08,DX,0.0
2020-04-08,E,0.4939
2020-04-08,EARN,0.36755
2020-04-08,EBIX,0.296
2020-04-08,EEFT,-0.25
2020-04-08,EPZM,0.6249
2020-04-08,ESS,0.8316
2020-04-08,ETH,-0.128
2020-04-08,EWP,-0.3818
2020-04-08,EXFO,-0.128
2020-04-08,EXPD,-0.128
2020-04-08,FAF,0.42955
2020-04-08,FBP,0.8591
2020-04-08,FNJN,-0.296
2020-04-08,GBX,-0.15293333333333334
2020-04-08,GIFI,0.4019
2020-04-08,HCCI,0.8591
2020-04-08,HELE,-0.128
2020-04-08,HMLP,0.0
2020-04-08,HOFT,-0.128
2020-04-08,HRZN,0.0
2020-04-08,ICON,-0.2023
2020-04-08,IDRA,0.0
2020-04-08,IEX,0.0
2020-04-08,INDA,0.0
2020-04-08,IPDN,0.0
2020-04-08,ITCI,0.6249
2020-04-08,JLL,0.8316
2020-04-08,KIO,0.0
2020-04-08,KNOP,0.7970999999999999
2020-04-08,KYN,0.8591
2020-04-08,LBTYK,0.8591
2020-04-08,LCI,0.0
2020-04-08,LGND,0.0
2020-04-08,LMAT,-0.128
2020-04-08,LOCO,-0.007750000000000007
2020-04-08,LRN,0.0
2020-04-08,LSTR,-0.128
2020-04-08,LXU,-0.2023
2020-04-08,MAA,-0.128
2020-04-08,MCRI,0.6486
2020-04-08,MCS,0.0
2020-04-08,MDU,0.8591
2020-04-08,MKL,-0.128
2020-04-08,MNOV,-0.148
2020-04-08,MOD,0.0
2020-04-08,MPX,0.765
2020-04-08,MSG,0.0
2020-04-08,MSM,0.0
2020-04-08,MWA,0.03715
2020-04-08,NGHC,0.28515
2020-04-08,NHI,0.8669
2020-04-08,NTG,0.8591
2020-04-08,NTIC,-0.128
2020-04-08,ONVO,0.0
2020-04-08,ORI,0.8591
2020-04-08,PFSI,0.8591
2020-04-08,PKOH,-0.128
2020-04-08,QTWO,-0.25
2020-04-08,RBC,-0.4391
2020-04-08,RCII,0.2715666666666667
2020-04-08,RELL,0.0
2020-04-08,RLI,-0.128
2020-04-08,RM,0.0
2020-04-08,RPM,0.09031666666666666
2020-04-08,RUSHA,0.8225
2020-04-08,RUSHB,0.8225
2020-04-08,SAGE,-0.128
2020-04-08,SC,0.6486
2020-04-08,SEAC,0.0
2020-04-08,SF,0.0
2020-04-08,SIGI,-0.128
2020-04-08,SILC,0.802
2020-04-08,SIMO,0.0
2020-04-08,SINO,0.0
2020-04-08,SMED,0.0
2020-04-08,SRCL,-0.128
2020-04-08,SRT,-0.128
2020-04-08,STC,0.10115
2020-04-08,TISI,0.0
2020-04-08,TRI,-0.0516
2020-04-08,TRQ,0.8591
2020-04-08,TSQ,0.0258
2020-04-08,USCR,0.0
2020-04-08,UVV,0.0
2020-04-08,VAR,0.2023
2020-04-08,VRTS,-0.128
2020-04-08,WD,0.0
2020-04-08,WDR,-0.128
2020-04-08,Y,0.7351
2020-04-08,YNDX,0.8591
2020-04-09,AB,0.8807
2020-04-09,ACRE,-0.3818
2020-04-09,AHH,0.2732
2020-04-09,AIV,0.7964
2020-04-09,APC,0.0
2020-04-09,ASFI,0.0
2020-04-09,ASTC,0.296
2020-04-09,ATEC,-0.128
2020-04-09,AXE,0.0
2020-04-09,BAP,0.0
2020-04-09,BBDO,0.8807
2020-04-09,BCOR,-0.128
2020-04-09,BDR,0.0
2020-04-09,BMR,0.4404
2020-04-09,BRKS,0.10115
2020-04-09,BSTC,0.0
2020-04-09,BTI,-0.35150000000000003
2020-04-09,BUSE,-0.3612
2020-04-09,BXC,-0.16993333333333335
2020-04-09,CCC,0.2023
2020-04-09,CCF,0.0
2020-04-09,CHA,0.6486
2020-04-09,CHMI,-0.3818
2020-04-09,COWN,0.1779
2020-04-09,CP,-0.128
2020-04-09,CRMT,0.8225
2020-04-09,CTHR,0.0
2020-04-09,CW,0.8807
2020-04-09,CX,0.7964
2020-04-09,CY,0.0
2020-04-09,DAN,-0.128
2020-04-09,DOC,0.7964
2020-04-09,DPW,-0.3818
2020-04-09,DRD,0.7964
2020-04-09,DX,-0.3818
2020-04-09,EARN,-0.3818
2020-04-09,EBMT,0.0
2020-04-09,EBR,0.296
2020-04-09,EGO,0.7964
2020-04-09,EGOV,0.0
2020-04-09,EIG,-0.3818
2020-04-09,ERF,0.3612
2020-04-09,ESI,0.7964
2020-04-09,EVR,-0.14045
2020-04-09,FICO,-0.1779
2020-04-09,FOXF,-0.3612
2020-04-09,FR,0.7964
2020-04-09,FRME,0.0
2020-04-09,GEF,-0.189
2020-04-09,GPL,0.6249
2020-04-09,GRIF,0.0
2020-04-09,HOV,-0.3818
2020-04-09,HTA,0.7964
2020-04-09,IAG,0.7964
2020-04-09,ICLR,-0.128
2020-04-09,IDN,0.0
2020-04-09,IDRA,-0.3818
2020-04-09,IMOS,0.0
2020-04-09,INGR,0.0
2020-04-09,INTT,0.0
2020-04-09,IRT,0.5106
2020-04-09,JLL,-0.1197
2020-04-09,JMEI,0.0
2020-04-09,KTCC,-0.1858
2020-04-09,LAZ,0.02495
2020-04-09,LEDS,0.09866666666666667
2020-04-09,LII,-0.128
2020-04-09,LOCO,0.10115
2020-04-09,LPCN,0.0
2020-04-09,LTRX,-0.3818
2020-04-09,LXP,0.7964
2020-04-09,MAIN,0.0
2020-04-09,MC,0.02495
2020-04-09,MDC,0.21075
2020-04-09,MG,0.0
2020-04-09,MGPI,0.0
2020-04-09,MMI,0.25
2020-04-09,MNOV,-0.1909
2020-04-09,MOD,-0.3818
2020-04-09,MSM,0.2982333333333333
2020-04-09,MTD,0.2023
2020-04-09,MTRX,0.0
2020-04-09,MXC,0.0
2020-04-09,NAVI,-0.4588
2020-04-09,NCMI,0.04066666666666666
2020-04-09,OFIX,-0.10606666666666666
2020-04-09,OMAB,0.0
2020-04-09,ONB,-0.3612
2020-04-09,PAG,0.8225
2020-04-09,PBH,0.8807
2020-04-09,PKG,0.0
2020-04-09,PMD,0.0
2020-04-09,POST,-0.128
2020-04-09,PRGO,0.8807
2020-04-09,PVG,0.7964
2020-04-09,QBAK,0.0
2020-04-09,REFR,0.0
2020-04-09,REXR,0.0
2020-04-09,RICK,0.0
2020-04-09,RPM,-0.128
2020-04-09,RTIX,0.0
2020-04-09,RUSHA,0.8225
2020-04-09,SA,0.7964
2020-04-09,SAGE,-0.128
2020-04-09,SC,-0.128
2020-04-09,SDPI,0.5423
2020-04-09,SF,0.1779
2020-04-09,SIMO,0.0
2020-04-09,SJR,0.0
2020-04-09,SLP,-0.11315
2020-04-09,SOFO,0.7351
2020-04-09,STAG,0.7964
2020-04-09,STXS,0.0
2020-04-09,SYBT,-0.3612
2020-04-09,TBPH,-0.4215
2020-04-09,TDS,-0.4588
2020-04-09,TGEN,0.0
2020-04-09,TR,0.8807
2020-04-09,TRI,-0.128
2020-04-09,TZOO,0.0
2020-04-09,USAT,0.0
2020-04-09,USCR,-0.1909
2020-04-09,USM,-0.0516
2020-04-09,VAR,0.03715
2020-04-09,VSLR,0.7964
2020-04-09,WBK,0.8807
2020-04-09,WDFC,-0.0903
2020-04-09,WNS,0.10115
2020-04-11,LAZ,-0.3182
2020-04-12,SCYX,0.0
2020-04-12,SMPL,0.0
2020-04-13,AB,-0.6705
2020-04-13,ACCO,0.39225
2020-04-13,ACRE,0.4215
2020-04-13,AGCO,-0.128
2020-04-13,AHH,-0.064
2020-04-13,ALIM,0.0
2020-04-13,ALLT,0.296
2020-04-13,ALSN,0.0
2020-04-13,AMPH,0.0
2020-04-13,ANIP,0.0
2020-04-13,AOSL,-0.128
2020-04-13,APOG,0.0
2020-04-13,ARCC,-0.39925
2020-04-13,ARE,-0.3818
2020-04-13,ARTW,0.0
2020-04-13,ASFI,0.0
2020-04-13,ASTC,-0.21005
2020-04-13,AUMN,0.5994
2020-04-13,BANC,0.0
2020-04-13,BBDO,-0.6705
2020-04-13,BDC,-0.064
2020-04-13,BIOL,0.10115
2020-04-13,BR,-0.4404
2020-04-13,BRFS,0.0
2020-04-13,BRKS,0.0
2020-04-13,BRP,-0.128
2020-04-13,BSMX,0.0
2020-04-13,BUSE,-0.128
2020-04-13,CASH,-0.4588
2020-04-13,CCJ,0.34
2020-04-13,CECE,-0.128
2020-04-13,CEN,0.0
2020-04-13,CHL,0.0
2020-04-13,CHRS,0.0655
2020-04-13,CLGX,-0.4404
2020-04-13,CMCO,-0.09866666666666667
2020-04-13,COHU,0.0
2020-04-13,COR,0.0
2020-04-13,CORR,0.02495
2020-04-13,CSOD,-0.128
2020-04-13,CVU,0.6486
2020-04-13,CW,-0.6705
2020-04-13,DVA,-0.064
2020-04-13,EFC,0.0
2020-04-13,ENSG,-0.128
2020-04-13,EQM,0.0
2020-04-13,ESE,-0.5267
2020-04-13,EXK,-0.128
2020-04-13,FDUS,-0.128
2020-04-13,FLXS,0.0
2020-04-13,FMS,0.4019
2020-04-13,FNHC,0.0
2020-04-13,FNJN,0.5267
2020-04-13,FORM,0.0
2020-04-13,FOXF,0.0
2020-04-13,GBDC,0.0
2020-04-13,GEO,0.0
2020-04-13,GER,0.0
2020-04-13,GPI,-0.3612
2020-04-13,GVA,0.4019
2020-04-13,GWW,0.0
2020-04-13,HCHC,0.0
2020-04-13,HHC,0.0
2020-04-13,HIFS,0.0
2020-04-13,HNRG,0.0
2020-04-13,HSIC,0.0
2020-04-13,IDN,0.0
2020-04-13,IVAC,0.0
2020-04-13,KALU,-0.6369
2020-04-13,KNDI,-0.1806
2020-04-13,KTCC,0.0
2020-04-13,LAD,-0.4404
2020-04-13,LAZ,0.0
2020-04-13,LBRDK,0.4404
2020-04-13,LBTYK,-0.34
2020-04-13,LGF,0.5106
2020-04-13,LHCG,0.5267
2020-04-13,LIVE,0.0
2020-04-13,LOAN,0.0
2020-04-13,LQD,0.4019
2020-04-13,MAGS,0.34
2020-04-13,MAIN,0.0
2020-04-13,MG,0.0
2020-04-13,MNOV,0.0
2020-04-13,MOV,0.0
2020-04-13,MRCC,-0.128
2020-04-13,MSC,-0.743
2020-04-13,MSG,-0.128
2020-04-13,MSM,-0.128
2020-04-13,MTD,0.0
2020-04-13,MXC,0.0
2020-04-13,NCTY,0.0
2020-04-13,NMM,0.0
2020-04-13,NOA,0.0
2020-04-13,NTG,0.0
2020-04-13,NWS,0.0
2020-04-13,NWSA,0.0
2020-04-13,NYCB,0.0
2020-04-13,OSK,0.296
2020-04-13,PAG,-0.4496
2020-04-13,PBPB,0.0
2020-04-13,PCH,0.0
2020-04-13,PFBC,-0.128
2020-04-13,PFSI,0.5501
2020-04-13,PIH,0.0
2020-04-13,PNM,0.0
2020-04-13,PRAA,0.0
2020-04-13,PRO,-0.128
2020-04-13,QBAK,-0.14884000000000003
2020-04-13,RADA,0.0
2020-04-13,ROG,0.0
2020-04-13,RUSHA,-0.4404
2020-04-13,RUSHB,-0.4404
2020-04-13,S,-0.5106
2020-04-13,SATS,0.4215
2020-04-13,SBCF,0.0
2020-04-13,SCYX,0.0
2020-04-13,SJR,-0.064
2020-04-13,SLRC,-0.128
2020-04-13,STAR,-0.128
2020-04-13,STRL,0.0
2020-04-13,SUNS,-0.128
2020-04-13,SWIR,0.0
2020-04-13,TBBK,-0.2294
2020-04-13,TCPC,-0.128
2020-04-13,TIGR,0.0
2020-04-13,TLYS,-0.4404
2020-04-13,TR,-0.6705
2020-04-13,TREC,0.3612
2020-04-13,TRN,0.0
2020-04-13,TSC,-0.128
2020-04-13,TSRI,0.0
2020-04-13,TYG,0.0
2020-04-13,TZOO,0.0
2020-04-13,UNTY,0.0
2020-04-13,UPLD,-0.128
2020-04-13,UUUU,0.2732
2020-04-13,VIV,-0.34
2020-04-13,VNOM,0.1531
2020-04-13,VOXX,0.0
2020-04-13,VRTS,0.0
2020-04-13,VSAT,-0.128
2020-04-13,VSEC,0.7717
2020-04-13,VSLR,-0.4404
2020-04-13,WBK,-0.6705
2020-04-13,WDFC,-0.106
2020-04-13,WHF,-0.128
2020-04-13,WSBC,-0.128
2020-04-13,WWD,0.0
2020-04-13,XENT,0.0
2020-04-13,XLU,0.4215
2020-04-13,ZUMZ,-0.4404
2020-04-14,ABR,0.11530000000000004
2020-04-14,AGX,0.0
2020-04-14,AGYS,-0.128
2020-04-14,AHH,-0.3818
2020-04-14,AKER,0.0
2020-04-14,ALIM,-0.128
2020-04-14,ALSN,0.49486666666666673
2020-04-14,AMED,0.0
2020-04-14,ANIP,0.0
2020-04-14,ANSS,0.9552
2020-04-14,ARE,0.9552
2020-04-14,ASFI,0.0
2020-04-14,ASTC,-0.3818
2020-04-14,AVAV,0.5719
2020-04-14,AXS,-0.128
2020-04-14,BAB,0.6597
2020-04-14,BDC,-0.3818
2020-04-14,BGG,0.9552
2020-04-14,BIOC,0.0
2020-04-14,BLCM,-0.3818
2020-04-14,BLDP,0.9552
2020-04-14,BR,0.9552
2020-04-14,BRKS,0.9552
2020-04-14,BRO,0.9552
2020-04-14,BTI,-0.2263
2020-04-14,CALM,-0.6249
2020-04-14,CAMT,0.296
2020-04-14,CAPL,0.15295
2020-04-14,CCOI,0.1909
2020-04-14,CEQP,-0.25
2020-04-14,CHD,0.7717
2020-04-14,CLUB,0.0
2020-04-14,CORE,0.3818
2020-04-14,CORR,0.46605
2020-04-14,CPHI,0.0
2020-04-14,CPSI,-0.128
2020-04-14,CRUS,0.9552
2020-04-14,CSIQ,0.8126
2020-04-14,CTRE,0.9552
2020-04-14,CY,0.0
2020-04-14,CYOU,0.4767
2020-04-14,DCO,-0.128
2020-04-14,DISCB,0.7717
2020-04-14,DKL,0.25
2020-04-14,DLA,0.0
2020-04-14,DNOW,0.0
2020-04-14,DRD,-0.3818
2020-04-14,DVA,0.9062
2020-04-14,EFC,-0.3818
2020-04-14,EGO,0.0
2020-04-14,EGOV,0.0
2020-04-14,EGP,-0.4588
2020-04-14,ELS,0.9552
2020-04-14,EML,-0.4175
2020-04-14,ERA,-0.2023
2020-04-14,EWP,0.3182
2020-04-14,FNJN,0.1624
2020-04-14,FOXF,-0.3818
2020-04-14,FPRX,-0.296
2020-04-14,FTR,0.5195
2020-04-14,G,0.22615000000000002
2020-04-14,GER,0.0
2020-04-14,GLP,0.128
2020-04-14,GMZ,0.0
2020-04-14,GRFS,0.9062
2020-04-14,GVP,0.0
2020-04-14,HE,0.128
2020-04-14,HELE,0.7717
2020-04-14,HEP,0.1531
2020-04-14,HOFT,0.0
2020-04-14,HOS,0.7845
2020-04-14,HWKN,0.0
2020-04-14,ICFI,-0.128
2020-04-14,IDN,-0.3818
2020-04-14,IPAR,0.7717
2020-04-14,ITT,-0.08533333333333333
2020-04-14,JCTCF,0.0
2020-04-14,KNDI,-0.3818
2020-04-14,LAND,0.0
2020-04-14,LMAT,-0.2549
2020-04-14,LWAY,0.0
2020-04-14,MKL,-0.128
2020-04-14,MNOV,-0.1909
2020-04-14,MNTA,0.9062
2020-04-14,MOV,-0.3818
2020-04-14,MSB,0.0
2020-04-14,NMM,-0.3818
2020-04-14,NP,0.7506
2020-04-14,NTG,0.9552
2020-04-14,NTIP,0.0
2020-04-14,NUAN,0.0
2020-04-14,NXST,-0.25
2020-04-14,OLED,0.9552
2020-04-14,PATK,-0.4588
2020-04-14,PBFX,0.128
2020-04-14,PEIX,0.2732
2020-04-14,PFPT,-0.128
2020-04-14,PGNX,0.4019
2020-04-14,PSXP,-0.128
2020-04-14,PTSI,0.0
2020-04-14,QBAK,-0.3818
2020-04-14,REI,0.80925
2020-04-14,RESN,0.0
2020-04-14,RGLD,0.0
2020-04-14,RICK,-0.3818
2020-04-14,RMAX,0.0
2020-04-14,SAFM,-0.6249
2020-04-14,SEAC,0.0
2020-04-14,SJR,0.0
2020-04-14,SMED,0.0
2020-04-14,SMIT,0.0
2020-04-14,SMTX,0.0
2020-04-14,SOHU,0.23835
2020-04-14,SSI,-0.296
2020-04-14,SSP,-0.3818
2020-04-14,STAA,-0.128
2020-04-14,SUN,0.03715
2020-04-14,SVA,0.4767
2020-04-14,SWX,0.22615000000000002
2020-04-14,TCP,-0.128
2020-04-14,TDY,0.0
2020-04-14,TRNO,-0.4588
2020-04-14,TTM,0.0
2020-04-14,TU,0.148
2020-04-14,UL,0.7717
2020-04-14,UN,0.7717
2020-04-14,USAC,0.128
2020-04-14,VSLR,0.9552
2020-04-14,WINA,0.0
2020-04-14,WRB,0.2023
2020-04-14,Y,-0.128
2020-04-14,YNDX,0.296
2020-04-15,ABB,-0.1591
2020-04-15,ABR,-0.6801
2020-04-15,ACLS,0.0
2020-04-15,ACM,-0.3182
2020-04-15,AEE,-0.4588
2020-04-15,AEZS,0.0
2020-04-15,AFG,0.0
2020-04-15,AHPI,0.0
2020-04-15,AIN,0.296
2020-04-15,AMX,-0.4215
2020-04-15,ARCC,-0.5994
2020-04-15,ARI,-0.6801
2020-04-15,ARLP,0.0
2020-04-15,ARWR,0.2023
2020-04-15,AXDX,0.0
2020-04-15,BAK,0.0
2020-04-15,BECN,0.0
2020-04-15,BLDP,-0.1591
2020-04-15,BLX,0.0
2020-04-15,BTI,0.0
2020-04-15,CAMT,0.0
2020-04-15,CCK,-0.1197
2020-04-15,CCMP,0.0
2020-04-15,CCNE,-0.2023
2020-04-15,CHCI,0.0
2020-04-15,CLCT,0.07774999999999999
2020-04-15,CLI,-0.6801
2020-04-15,CLMT,0.0
2020-04-15,CMC,-0.8225
2020-04-15,CMRE,-0.3182
2020-04-15,CP,-0.25
2020-04-15,CPHI,0.0
2020-04-15,CPSS,0.0
2020-04-15,CPT,0.3818
2020-04-15,CREG,0.0
2020-04-15,CTRE,-0.6801
2020-04-15,CUB,0.4215
2020-04-15,CVCY,0.0
2020-04-15,CX,-0.8225
2020-04-15,CXP,-0.6801
2020-04-15,CXW,0.023399999999999976
2020-04-15,DLB,0.0
2020-04-15,DLR,-0.6801
2020-04-15,EDAP,0.0
2020-04-15,EFC,-0.5994
2020-04-15,ENB,-0.1027
2020-04-15,ENDP,-0.4215
2020-04-15,ENTG,-0.3182
2020-04-15,ERA,-0.2023
2020-04-15,ETM,0.0
2020-04-15,EXK,0.0
2020-04-15,EXTR,-0.3182
2020-04-15,FCN,0.0
2020-04-15,FLXS,-0.2023
2020-04-15,FNJN,0.0
2020-04-15,FOLD,-0.4215
2020-04-15,FTR,0.41355
2020-04-15,GBX,-0.128
2020-04-15,GEO,-0.6801
2020-04-15,GNTX,0.2202
2020-04-15,GRMN,-0.3182
2020-04-15,GSBC,0.6249
2020-04-15,GTIM,0.6249
2020-04-15,GWW,0.0
2020-04-15,HASI,-0.6801
2020-04-15,HBM,-0.8225
2020-04-15,HE,-0.4588
2020-04-15,HMLP,0.0
2020-04-15,HNRG,0.6124
2020-04-15,IMAX,-0.128
2020-04-15,IPG,-0.4215
2020-04-15,ISBC,-0.5994
2020-04-15,JBHT,0.17768333333333333
2020-04-15,JBL,-0.3182
2020-04-15,JYNT,0.7213
2020-04-15,LLEX,0.1366
2020-04-15,LNT,-0.4588
2020-04-15,LWAY,-0.01630000000000001
2020-04-15,LYTS,0.28595
2020-04-15,MAIN,0.296
2020-04-15,MBT,0.0
2020-04-15,MFG,-0.3182
2020-04-15,MGPI,0.296
2020-04-15,MICT,0.0
2020-04-15,MIND,0.0
2020-04-15,MMYT,-0.128
2020-04-15,MNKD,0.5267
2020-04-15,MNOV,0.0
2020-04-15,MOBL,0.0
2020-04-15,MOV,0.0
2020-04-15,MSB,0.0
2020-04-15,MSCI,-0.5994
2020-04-15,MYE,0.2577
2020-04-15,MYOS,0.0772
2020-04-15,NCTY,-0.2263
2020-04-15,NDLS,0.3818
2020-04-15,NEP,0.1531
2020-04-15,NI,-0.4588
2020-04-15,NOA,-0.2023
2020-04-15,NSTG,0.296
2020-04-15,NWS,-0.4215
2020-04-15,NWSA,-0.4215
2020-04-15,NXST,-0.4215
2020-04-15,OGS,0.0
2020-04-15,ONE,-0.2023
2020-04-15,PAHC,0.0
2020-04-15,PBCT,-0.5994
2020-04-15,PCTI,0.0
2020-04-15,PFMT,0.0
2020-04-15,PFNX,-0.021733333333333344
2020-04-15,PGR,-0.5994
2020-04-15,PLBC,0.0
2020-04-15,PLXS,0.0085
2020-04-15,PSO,0.0
2020-04-15,RAIL,-0.128
2020-04-15,RAVE,0.296
2020-04-15,RDUS,-0.4588
2020-04-15,REED,-0.296
2020-04-15,ROIC,-0.6801
2020-04-15,SBS,-0.4588
2020-04-15,SCCO,-0.2824
2020-04-15,SEB,0.6249
2020-04-15,SEED,0.0
2020-04-15,SJI,-0.128
2020-04-15,SKX,-0.128
2020-04-15,SLM,-0.5994
2020-04-15,SMFG,-0.3182
2020-04-15,SMTX,0.0
2020-04-15,SPLP,-0.128
2020-04-15,SR,0.0
2020-04-15,STAR,-0.6801
2020-04-15,TAC,-0.4588
2020-04-15,TC,0.0
2020-04-15,TCP,0.0085
2020-04-15,TERP,-0.4588
2020-04-15,TRN,-0.128
2020-04-15,TRQ,-0.8225
2020-04-15,TSLX,0.1779
2020-04-15,TSU,-0.4215
2020-04-15,TV,-0.4215
2020-04-15,TWO,-0.6801
2020-04-15,UBFO,0.765
2020-04-15,UEPS,-0.2263
2020-04-15,UGI,-0.4588
2020-04-15,UIS,-0.3182
2020-04-15,UNB,0.0
2020-04-15,VC,0.2202
2020-04-15,VRTS,0.0
2020-04-15,VSH,-0.3182
2020-04-15,VSLR,-0.3182
2020-04-15,WIT,0.0
2020-04-15,XEL,0.2732
2020-04-15,XENT,0.296
2020-04-15,YNDX,-0.4215
2020-04-15,ZAGG,-0.1101
2020-04-16,AEZS,0.0
2020-04-16,AFMD,0.7003
2020-04-16,AGCO,0.128
2020-04-16,AGYS,0.10115
2020-04-16,AKER,0.0
2020-04-16,AKG,0.0
2020-04-16,ALLT,0.0
2020-04-16,AMED,0.0
2020-04-16,AMH,-0.4939
2020-04-16,AMRB,0.0
2020-04-16,AMWD,0.08257500000000001
2020-04-16,AMX,-0.2023
2020-04-16,AR,-0.128
2020-04-16,ARCC,0.10115
2020-04-16,ARLP,0.2732
2020-04-16,ASH,0.16463333333333333
2020-04-16,AWI,-0.128
2020-04-16,AXDX,0.0
2020-04-16,B,-0.128
2020-04-16,BBRY,0.0
2020-04-16,BDGE,-0.2023
2020-04-16,BECN,0.0
2020-04-16,BERY,-0.128
2020-04-16,BLKB,0.0
2020-04-16,BLL,-0.128
2020-04-16,BMI,0.0
2020-04-16,BSQR,0.0
2020-04-16,CAC,-0.2023
2020-04-16,CALA,0.5106
2020-04-16,CBT,0.0
2020-04-16,CCK,-0.128
2020-04-16,CCMP,0.0
2020-04-16,CCNE,-0.2023
2020-04-16,CDW,-0.28595
2020-04-16,CEA,-0.128
2020-04-16,CFFI,-0.2023
2020-04-16,CLRO,0.5719
2020-04-16,CM,0.3612
2020-04-16,COLM,0.7003
2020-04-16,CPT,0.4215
2020-04-16,CSFL,-0.2023
2020-04-16,CUB,-0.128
2020-04-16,CVCY,0.0
2020-04-16,CVLY,-0.2023
2020-04-16,CW,-0.128
2020-04-16,DAN,0.296
2020-04-16,DCO,-0.128
2020-04-16,DOOR,0.0
2020-04-16,DYNT,0.119175
2020-04-16,E,-0.128
2020-04-16,ECC,0.2732
2020-04-16,EGRX,0.0
2020-04-16,EIG,-0.2023
2020-04-16,EMN,0.0
2020-04-16,ENSV,0.0
2020-04-16,ERA,-0.2023
2020-04-16,ERF,-0.128
2020-04-16,ESCA,0.0
2020-04-16,ESLT,0.4019
2020-04-16,ESPR,-0.128
2020-04-16,EVK,-0.2023
2020-04-16,EWQ,-0.0258
2020-04-16,FEIM,0.0
2020-04-16,FOE,0.0
2020-04-16,GBX,0.0
2020-04-16,GEO,-0.836
2020-04-16,GHL,0.0
2020-04-16,GILT,0.0
2020-04-16,GPK,-0.128
2020-04-16,GSAT,0.0
2020-04-16,GURE,0.0
2020-04-16,GWRE,0.10115
2020-04-16,HBMD,-0.2023
2020-04-16,HNRG,0.2732
2020-04-16,HRTG,0.1779
2020-04-16,ICON,0.0
2020-04-16,IIIN,0.0
2020-04-16,ILF,-0.3818
2020-04-16,IPI,0.2023
2020-04-16,IPWR,0.0
2020-04-16,IRT,0.4215
2020-04-16,JBL,-0.128
2020-04-16,KMPR,0.1779
2020-04-16,KOSS,0.0
2020-04-16,KRC,0.0
2020-04-16,KRG,0.4215
2020-04-16,LOGM,0.7184
2020-04-16,LWAY,0.0
2020-04-16,LYTS,0.0
2020-04-16,MCC,0.0
2020-04-16,MHK,0.10115
2020-04-16,MLNX,0.0
2020-04-16,MMYT,-0.128
2020-04-16,MOBL,0.1958
2020-04-16,MOV,0.0
2020-04-16,MPLX,0.1779
2020-04-16,MRTN,0.0
2020-04-16,MTBC,0.0
2020-04-16,MTSC,-0.008049999999999946
2020-04-16,MTSL,0.0
2020-04-16,NKSH,-0.2023
2020-04-16,NMR,0.0
2020-04-16,NOA,-0.2023
2020-04-16,NURO,0.09866666666666667
2020-04-16,NVCN,0.0
2020-04-16,NWFL,-0.2023
2020-04-16,OFC,-0.128
2020-04-16,OFLX,0.0
2020-04-16,OGEN,0.0
2020-04-16,OLP,0.4404
2020-04-16,ONE,-0.2023
2020-04-16,OSIS,0.6597
2020-04-16,PATK,0.0
2020-04-16,PBFX,0.0
2020-04-16,PCOM,0.0
2020-04-16,PDCE,0.1531
2020-04-16,PETS,0.0
2020-04-16,PFNX,0.0
2020-04-16,PLBC,0.0
2020-04-16,PTR,-0.128
2020-04-16,REED,0.148
2020-04-16,REGI,-0.128
2020-04-16,RGS,0.0
2020-04-16,RIBT,0.7213
2020-04-16,ROLL,-0.128
2020-04-16,RPT,0.0
2020-04-16,RVNC,-0.128
2020-04-16,RVP,0.0
2020-04-16,S,0.8885
2020-04-16,SLV,0.8204
2020-04-16,SMLP,0.0
2020-04-16,SMP,-0.4588
2020-04-16,SON,-0.042666666666666665
2020-04-16,SSB,-0.2023
2020-04-16,STMP,0.0
2020-04-16,SUPN,-0.128
2020-04-16,SVA,0.0
2020-04-16,SWIR,0.5267
2020-04-16,TDW,0.0
2020-04-16,THG,0.1779
2020-04-16,THS,0.10115
2020-04-16,TSLX,0.0
2020-04-16,TYL,0.0
2020-04-16,VRNT,0.5719
2020-04-16,WLDN,-0.31245
2020-04-16,WMS,0.25
2020-04-16,WNC,0.0
2020-04-16,XNET,0.7003
2020-04-16,Y,0.1779
2020-04-16,YUMA,0.18213333333333334
2020-04-16,ZN,0.2732
2020-04-17,AB,0.3818
2020-04-17,ABG,0.0
2020-04-17,ABR,0.872
2020-04-17,ACC,0.872
2020-04-17,ACH,0.8979
2020-04-17,ACU,0.21075
2020-04-17,ADTN,0.18225
2020-04-17,AEL,-0.128
2020-04-17,AFG,0.10115
2020-04-17,AFH,0.0
2020-04-17,AMOV,0.8126
2020-04-17,AMWD,0.0
2020-04-17,AMX,0.8126
2020-04-17,ANH,0.872
2020-04-17,ARLP,0.2997
2020-04-17,AVH,0.9501
2020-04-17,AWI,0.0
2020-04-17,AXDX,0.0
2020-04-17,B,-0.128
2020-04-17,BBRY,0.0
2020-04-17,BERY,-0.25
2020-04-17,BLCM,0.0
2020-04-17,BLDP,0.0
2020-04-17,BLL,0.128
2020-04-17,BMI,0.0
2020-04-17,BOCH,0.0
2020-04-17,CALA,0.0
2020-04-17,CAMP,0.06743333333333333
2020-04-17,CCC,0.0
2020-04-17,CCK,-0.25
2020-04-17,CCOI,0.0
2020-04-17,CDW,0.1366
2020-04-17,CEA,0.9501
2020-04-17,CHCI,0.1406
2020-04-17,CHRS,0.26335
2020-04-17,CLUB,0.0
2020-04-17,CLY,0.8126
2020-04-17,CMC,0.8979
2020-04-17,COHR,-0.128
2020-04-17,COHU,0.10115
2020-04-17,CRNT,0.26335
2020-04-17,CRS,0.2577
2020-04-17,CSL,0.10115
2020-04-17,CSOD,0.3182
2020-04-17,CW,-0.128
2020-04-17,DIOD,0.10115
2020-04-17,DISCB,0.4063
2020-04-17,DLA,0.0
2020-04-17,DOOR,0.0
2020-04-17,DRD,0.0
2020-04-17,EGLE,-0.128
2020-04-17,ETM,0.8126
2020-04-17,EVK,-0.2023
2020-04-17,EWQ,0.5181
2020-04-17,EXK,0.0
2020-04-17,EXLS,0.128
2020-04-17,EXP,0.1779
2020-04-17,EXPD,-0.128
2020-04-17,FAST,0.9538
2020-04-17,FBHS,0.24914999999999998
2020-04-17,FI,0.0
2020-04-17,FLL,0.4019
2020-04-17,FOLD,0.872
2020-04-17,FORM,0.10115
2020-04-17,FTK,0.0
2020-04-17,FUL,0.10540000000000001
2020-04-17,GHL,0.0
2020-04-17,GMZ,0.0
2020-04-17,GURE,0.0
2020-04-17,HAYN,0.28515
2020-04-17,HCHC,-0.5859
2020-04-17,IBKC,0.0
2020-04-17,IBP,0.0
2020-04-17,ICON,0.0
2020-04-17,IIIN,0.0
2020-04-17,ISSC,0.0
2020-04-17,JBHT,0.0
2020-04-17,KALU,0.5778
2020-04-17,KOSS,0.0
2020-04-17,LFC,0.8126
2020-04-17,LOCO,0.872
2020-04-17,LOGM,0.2023
2020-04-17,LPCN,-0.4404
2020-04-17,LWAY,0.0258
2020-04-17,MDLY,0.0
2020-04-17,MHK,0.0
2020-04-17,MINI,0.0
2020-04-17,MKC,0.2577
2020-04-17,MLNX,0.0
2020-04-17,MSB,0.8979
2020-04-17,MTSC,0.125
2020-04-17,MTSI,-0.128
2020-04-17,MUSA,0.074
2020-04-17,MWA,-0.1806
2020-04-17,OCN,0.8126
2020-04-17,ORCL,0.9442
2020-04-17,ORI,0.4215
2020-04-17,PAYX,0.9538
2020-04-17,PBIP,0.0
2020-04-17,PG,-0.013040000000000006
2020-04-17,PGR,0.0
2020-04-17,PKX,0.8979
2020-04-17,POR,0.872
2020-04-17,PRGO,0.0
2020-04-17,PSEC,0.4063
2020-04-17,RBA,0.296
2020-04-17,RCKY,0.8176
2020-04-17,RDI,0.0
2020-04-17,REED,0.0258
2020-04-17,RGS,0.0
2020-04-17,RRTS,-0.10115
2020-04-17,RVP,0.0
2020-04-17,RYI,0.2577
2020-04-17,SALT,-0.128
2020-04-17,SBS,0.872
2020-04-17,SCCO,0.8979
2020-04-17,SKX,0.85775
2020-04-17,SLGN,0.0
2020-04-17,SON,0.03926
2020-04-17,SSP,0.0
2020-04-17,SVA,0.0
2020-04-17,TA,0.0
2020-04-17,TAC,0.872
2020-04-17,TDW,0.0
2020-04-17,TERP,0.872
2020-04-17,TGE,0.7269
2020-04-17,TGH,0.0
2020-04-17,THS,0.0085
2020-04-17,TLK,0.8126
2020-04-17,TRNX,-0.01630000000000001
2020-04-17,TROV,0.25
2020-04-17,TWIN,-0.128
2020-04-17,TWO,0.872
2020-04-17,UGI,0.872
2020-04-17,UMC,0.0
2020-04-17,UMPQ,0.8126
2020-04-17,UNTY,0.0
2020-04-17,VALU,0.34
2020-04-17,VAR,0.2577
2020-04-17,VCYT,0.7096
2020-04-17,VLRS,0.9501
2020-04-17,VNDA,0.0
2020-04-17,VRA,0.8176
2020-04-17,WEYS,0.8176
2020-04-17,WMS,0.25
2020-04-17,WNS,0.25
2020-04-17,WPG,0.872
2020-04-17,XXII,-0.2732
2020-04-17,ZEUS,0.8979
2020-04-18,EIS,0.0
2020-04-18,XLY,0.2263
2020-04-19,CM,-0.2023
2020-04-19,EWQ,0.0
2020-04-19,JNUG,-0.34
2020-04-19,LM,0.0
2020-04-19,NURO,0.0772
2020-04-19,SMPL,0.0
2020-04-19,SOXX,0.2023
2020-04-19,SPXS,-0.34
2020-04-19,SVXY,-0.34
2020-04-20,ACC,-0.2294
2020-04-20,ACH,-0.2732
2020-04-20,ACM,0.6597
2020-04-20,ACST,0.0258
2020-04-20,ADTN,0.0
2020-04-20,AEE,0.03715
2020-04-20,AEGN,0.0
2020-04-20,AGN,0.0
2020-04-20,ALSN,0.10115
2020-04-20,ARE,0.0
2020-04-20,AVB,-0.2732
2020-04-20,BAH,0.2023
2020-04-20,BBW,0.0
2020-04-20,BCE,-0.128
2020-04-20,BCOR,0.0
2020-04-20,BIOC,0.11315
2020-04-20,BKCC,0.0
2020-04-20,BLKB,0.0
2020-04-20,BMRC,0.0
2020-04-20,BMTC,0.0
2020-04-20,BOH,0.0
2020-04-20,BSRR,0.0
2020-04-20,BXS,0.0
2020-04-20,CAE,0.0
2020-04-20,CALA,0.296
2020-04-20,CAMP,0.0
2020-04-20,CCK,0.09866666666666667
2020-04-20,CCNE,0.0
2020-04-20,CHNR,0.0
2020-04-20,CRS,0.0
2020-04-20,CVLT,0.4215
2020-04-20,DCO,0.0
2020-04-20,DIT,0.0
2020-04-20,DLR,-0.2732
2020-04-20,DLX,0.0
2020-04-20,DPW,0.4767
2020-04-20,E,-0.3818
2020-04-20,EBF,-0.2263
2020-04-20,EDD,0.0
2020-04-20,EFSC,0.0
2020-04-20,EGLE,-0.2023
2020-04-20,EGRX,0.0
2020-04-20,ELS,0.0
2020-04-20,ERA,0.0
2020-04-20,ESE,-0.5267
2020-04-20,ESI,0.1779
2020-04-20,ESPR,0.4939
2020-04-20,EWH,0.296
2020-04-20,EXTR,0.0
2020-04-20,FAF,-0.2732
2020-04-20,FCCO,0.10115
2020-04-20,FF,0.0
2020-04-20,FFBC,-0.2263
2020-04-20,FMX,-0.2023
2020-04-20,GCO,0.0
2020-04-20,GDP,0.0
2020-04-20,GMLP,0.0
2020-04-20,GPRK,0.0
2020-04-20,GSS,0.0
2020-04-20,GVA,0.4019
2020-04-20,HCSG,0.10115
2020-04-20,HNRG,-0.2023
2020-04-20,HURN,-0.128
2020-04-20,ICLR,0.0
2020-04-20,IDN,0.5766
2020-04-20,INFY,0.0
2020-04-20,JCOM,-0.128
2020-04-20,KALU,0.07642499999999999
2020-04-20,KRE,0.34
2020-04-20,KTOS,0.5719
2020-04-20,LII,-0.02551666666666667
2020-04-20,LNT,-0.2732
2020-04-20,MAN,0.0
2020-04-20,MHK,-0.128
2020-04-20,MICT,0.0
2020-04-20,MINI,0.0
2020-04-20,MLNX,0.0
2020-04-20,MMYT,-0.6705
2020-04-20,MOBL,0.34
2020-04-20,MPAA,0.0
2020-04-20,MTW,0.06743333333333333
2020-04-20,NS,0.0
2020-04-20,NTWK,-0.3612
2020-04-20,NURO,0.0
2020-04-20,NVGS,0.0
2020-04-20,NWE,0.29205
2020-04-20,OGE,0.1531
2020-04-20,ONB,-0.11315
2020-04-20,OPTT,0.0
2020-04-20,OSIS,0.5719
2020-04-20,OSK,0.10115
2020-04-20,OSN,0.3818
2020-04-20,PACB,0.0
2020-04-20,PAGP,0.0
2020-04-20,PETS,0.0
2020-04-20,PG,0.0
2020-04-20,PHG,0.296
2020-04-20,PHX,-0.2023
2020-04-20,PKG,0.0
2020-04-20,PKX,-0.2732
2020-04-20,PNFP,0.0
2020-04-20,POST,0.0
2020-04-20,PRI,0.0
2020-04-20,PSEC,0.26476666666666665
2020-04-20,PUK,0.0
2020-04-20,RDI,0.0
2020-04-20,RESN,0.0
2020-04-20,REV,0.0
2020-04-20,RGS,0.0
2020-04-20,RMTI,0.0
2020-04-20,ROCK,0.0
2020-04-20,SAIC,0.2023
2020-04-20,SFBS,0.0
2020-04-20,SMED,0.0
2020-04-20,SMRT,0.4767
2020-04-20,SOHU,0.0
2020-04-20,SSP,0.0
2020-04-20,STAR,-0.1366
2020-04-20,SVM,-0.5574
2020-04-20,SWIR,0.0
2020-04-20,TAST,0.2023
2020-04-20,TBK,0.4767
2020-04-20,TBPH,0.0
2020-04-20,TGEN,0.0
2020-04-20,TNA,-0.1027
2020-04-20,TRNO,0.0
2020-04-20,TRNX,0.0
2020-04-20,TROX,0.0
2020-04-20,TSC,0.0
2020-04-20,TTEK,0.7845
2020-04-20,TX,-0.2732
2020-04-20,TZA,-0.1027
2020-04-20,TZOO,-0.6705
2020-04-20,UCO,0.0
2020-04-20,USCR,-0.042666666666666665
2020-04-20,VSAT,0.02476666666666667
2020-04-20,WUBA,0.0
2020-04-20,XNET,0.0
2020-04-21,AAWW,0.25323333333333337
2020-04-21,ACC,-0.6369
2020-04-21,AEE,-0.6369
2020-04-21,AEGN,0.0
2020-04-21,AEIS,0.3818
2020-04-21,AEL,-0.128
2020-04-21,AGN,0.10115
2020-04-21,AIV,-0.6369
2020-04-21,ALLY,-0.16866666666666666
2020-04-21,AMWD,-0.128
2020-04-21,ANSS,-0.8225
2020-04-21,ASRV,0.0
2020-04-21,AVNW,0.6908
2020-04-21,BANF,0.0
2020-04-21,BBRY,0.0
2020-04-21,BBW,0.0
2020-04-21,BDC,0.0
2020-04-21,BFAM,0.5019
2020-04-21,BLCM,0.0
2020-04-21,BLL,-0.3182
2020-04-21,BOH,0.0
2020-04-21,CARA,-0.5267
2020-04-21,CASY,0.0
2020-04-21,CCMP,-0.8225
2020-04-21,CCRN,-0.2023
2020-04-21,CEO,-0.3818
2020-04-21,CERS,0.7184
2020-04-21,CIG,-0.6369
2020-04-21,COHU,-0.128
2020-04-21,CONE,-0.6369
2020-04-21,CP,0.0
2020-04-21,CPRT,-0.6369
2020-04-21,CSL,-0.07655
2020-04-21,CTG,0.0
2020-04-21,CTRE,-0.6369
2020-04-21,CVA,-0.16515000000000002
2020-04-21,CVLT,-0.5994
2020-04-21,CVLY,-0.2023
2020-04-21,CXW,-0.6369
2020-04-21,CYCC,0.296
2020-04-21,CYH,-0.6369
2020-04-21,DAR,-0.3182
2020-04-21,DHT,0.2732
2020-04-21,DKL,0.1366
2020-04-21,DOC,-0.27985
2020-04-21,DRQ,0.2732
2020-04-21,E,-0.3818
2020-04-21,EBSB,0.0
2020-04-21,EGOV,0.0
2020-04-21,ELMD,0.0
2020-04-21,ELS,-0.128
2020-04-21,EME,0.0
2020-04-21,ENS,-0.0258
2020-04-21,ENSV,-0.2732
2020-04-21,ENTG,-0.07655
2020-04-21,ENTR,0.0
2020-04-21,EROS,0.0
2020-04-21,ESTE,-0.2023
2020-04-21,EVK,-0.2023
2020-04-21,EWQ,0.1531
2020-04-21,FMX,-0.2023
2020-04-21,FORM,-0.128
2020-04-21,FRBK,-0.2023
2020-04-21,FRPT,0.2023
2020-04-21,FULT,-0.2263
2020-04-21,GDP,0.0
2020-04-21,GLBS,-0.31845
2020-04-21,GLP,-0.128
2020-04-21,GMLP,0.1366
2020-04-21,GOGO,0.0
2020-04-21,GPK,0.0
2020-04-21,GPL,0.128
2020-04-21,GRPN,-0.128
2020-04-21,HCSG,0.0
2020-04-21,HEP,0.4939
2020-04-21,HMSY,0.0
2020-04-21,HNRG,0.2732
2020-04-21,HTA,-0.6369
2020-04-21,HTHT,-0.12755000000000002
2020-04-21,IBKC,-0.128
2020-04-21,IDRA,0.5859
2020-04-21,ILF,0.0
2020-04-21,INFY,-0.064
2020-04-21,IPG,-0.128
2020-04-21,JCOM,-0.25
2020-04-21,JVA,0.0
2020-04-21,KBSF,0.148
2020-04-21,KFS,-0.10115
2020-04-21,LBRDK,0.5267
2020-04-21,LEE,-0.2023
2020-04-21,LFC,-0.6369
2020-04-21,LII,0.005733333333333331
2020-04-21,LLEX,0.2732
2020-04-21,LMNX,0.0
2020-04-21,LNT,-0.6369
2020-04-21,LOPE,0.3612
2020-04-21,LOV,0.1027
2020-04-21,LPTH,0.0
2020-04-21,MAN,0.09866666666666667
2020-04-21,MBWM,0.0
2020-04-21,MCRI,-0.6369
2020-04-21,MDLZ,-0.3182
2020-04-21,MIND,-0.1531
2020-04-21,MINI,-0.128
2020-04-21,MMYT,-0.6369
2020-04-21,MNOV,0.0
2020-04-21,MPAA,0.0
2020-04-21,MPW,-0.27985
2020-04-21,MSC,-0.6369
2020-04-21,MTW,-0.2023
2020-04-21,NAK,-0.128
2020-04-21,NAVI,-0.2263
2020-04-21,NBHC,0.0
2020-04-21,NBY,0.0
2020-04-21,NEO,-0.3612
2020-04-21,NEP,0.4939
2020-04-21,NGHC,-0.128
2020-04-21,NHI,-0.128
2020-04-21,NI,-0.6369
2020-04-21,NNA,0.1366
2020-04-21,NS,0.1531
2020-04-21,NWE,0.0
2020-04-21,OCN,0.0
2020-04-21,OGE,-0.6369
2020-04-21,ORCL,-0.8225
2020-04-21,ORRF,0.0
2020-04-21,PAYX,-0.6369
2020-04-21,PBYI,-0.6369
2020-04-21,PEBO,0.0
2020-04-21,PFIE,0.2732
2020-04-21,PFPT,-0.128
2020-04-21,PG,-0.3612
2020-04-21,PMBC,-0.2023
2020-04-21,PNQI,0.0
2020-04-21,POL,0.0
2020-04-21,POR,-0.6369
2020-04-21,POWI,-0.8225
2020-04-21,PSXP,0.0
2020-04-21,PTR,-0.3818
2020-04-21,PZN,0.0
2020-04-21,QLYS,0.0
2020-04-21,RAD,-0.31845
2020-04-21,RLI,0.0
2020-04-21,RNR,-0.128
2020-04-21,RYI,-0.2023
2020-04-21,S,0.0
2020-04-21,SAIC,0.4019
2020-04-21,SBS,-0.6369
2020-04-21,SCI,-0.2231
2020-04-21,SCL,0.0
2020-04-21,SCYX,0.3619666666666667
2020-04-21,SFNC,0.0
2020-04-21,SGMO,0.5719
2020-04-21,SHLX,-0.128
2020-04-21,SMED,0.0
2020-04-21,SNP,-0.3818
2020-04-21,SOL,0.0
2020-04-21,SP,0.2023
2020-04-21,SSP,0.0
2020-04-21,STAG,-0.6369
2020-04-21,STAR,0.0
2020-04-21,STRL,0.5719
2020-04-21,SUN,0.0
2020-04-21,SUPN,0.7096
2020-04-21,TAC,-0.6369
2020-04-21,TCFC,-0.2023
2020-04-21,TEO,-0.2023
2020-04-21,TERP,-0.6369
2020-04-21,TGP,0.2732
2020-04-21,TIGR,0.0
2020-04-21,TISI,-0.2023
2020-04-21,TRNX,0.0
2020-04-21,TRP,-0.3818
2020-04-21,TRST,-0.1531
2020-04-21,UCBI,0.2263
2020-04-21,UFI,0.0
2020-04-21,UNT,0.2732
2020-04-21,USCR,0.0
2020-04-21,USM,0.3182
2020-04-21,USNA,0.059199999999999996
2020-04-21,VCYT,-0.6369
2020-04-21,VIV,-0.2023
2020-04-21,WNS,-0.128
2020-04-21,WPP,0.0
2020-04-21,WRB,-0.3062
2020-04-21,WSBF,-0.2023
2020-04-21,WTS,-0.128
2020-04-21,WYY,0.8316
2020-04-21,XEL,-0.6369
2020-04-21,ZIXI,0.0
2020-04-22,ACRE,0.1779
2020-04-22,ADT,-0.128
2020-04-22,ADXS,0.0
2020-04-22,ALGN,0.4404
2020-04-22,AM,0.1531
2020-04-22,AMH,0.546
2020-04-22,AMRC,0.4019
2020-04-22,ARCO,0.0
2020-04-22,ASFI,0.0
2020-04-22,ATNI,0.0
2020-04-22,ATNM,-0.01630000000000001
2020-04-22,AXTI,0.0
2020-04-22,BBSI,-0.128
2020-04-22,BBX,-0.0258
2020-04-22,BECN,0.0
2020-04-22,BFAM,0.4404
2020-04-22,BLCM,0.0
2020-04-22,BOKF,0.0
2020-04-22,BOSC,0.8074
2020-04-22,BVN,0.4404
2020-04-22,CARA,-0.1806
2020-04-22,CASH,-0.2263
2020-04-22,CCC,0.0
2020-04-22,CCJ,0.296
2020-04-22,CCOI,0.0
2020-04-22,CEO,0.1531
2020-04-22,CEQP,-0.128
2020-04-22,CETV,0.0
2020-04-22,CP,0.1366
2020-04-22,CPF,0.0
2020-04-22,CPG,0.1531
2020-04-22,CTBI,0.5106
2020-04-22,CVA,-0.2023
2020-04-22,CVBF,-0.2263
2020-04-22,CVU,0.0
2020-04-22,CYCC,-0.1806
2020-04-22,DEM,0.2732
2020-04-22,DO,0.2023
2020-04-22,DOV,-0.41000000000000003
2020-04-22,DYNT,0.296
2020-04-22,EFSC,-0.128
2020-04-22,EGBN,0.0
2020-04-22,EMCF,0.0
2020-04-22,ENB,0.07655
2020-04-22,ENTG,0.5719
2020-04-22,ERIC,-0.03260000000000002
2020-04-22,ERII,0.7003
2020-04-22,EROS,0.0
2020-04-22,ESE,-0.5267
2020-04-22,ESLT,0.296
2020-04-22,ETH,0.21075
2020-04-22,EVR,-0.11315
2020-04-22,EXLS,-0.128
2020-04-22,FCCO,-0.2263
2020-04-22,FCFS,0.0
2020-04-22,FDL,0.2732
2020-04-22,FDS,0.0
2020-04-22,FNLC,0.0
2020-04-22,FR,0.5106
2020-04-22,G,-0.128
2020-04-22,GDP,0.0
2020-04-22,GDX,0.0
2020-04-22,GER,0.0
2020-04-22,GGG,-0.1806
2020-04-22,GMZ,0.0
2020-04-22,GORO,-0.2732
2020-04-22,GPK,-0.128
2020-04-22,HBM,0.4404
2020-04-22,HCSG,0.14622
2020-04-22,HDV,0.2732
2020-04-22,HEAR,0.0
2020-04-22,HNI,-0.1531
2020-04-22,IAG,0.4404
2020-04-22,IBKR,-0.206775
2020-04-22,ICLR,0.0
2020-04-22,INBK,0.0
2020-04-22,INDA,-0.4767
2020-04-22,IPAR,0.0
2020-04-22,IPG,-0.042666666666666665
2020-04-22,KFS,-0.2023
2020-04-22,KMB,0.0023999999999999937
2020-04-22,KO,-0.128
2020-04-22,LAD,-0.01630000000000001
2020-04-22,LCI,0.5345
2020-04-22,LFC,-0.128
2020-04-22,LITB,0.148
2020-04-22,LMRK,-0.0516
2020-04-22,LSTR,-0.1806
2020-04-22,LZB,0.0
2020-04-22,MAN,0.0
2020-04-22,MANH,-0.021733333333333344
2020-04-22,MC,0.0
2020-04-22,MCRI,-0.3612
2020-04-22,MLM,0.0
2020-04-22,MLNX,0.0
2020-04-22,MSCI,0.0
2020-04-22,MSG,-0.2755
2020-04-22,NBN,0.0
2020-04-22,NEE,0.26425
2020-04-22,NEU,0.0
2020-04-22,NKTR,0.0
2020-04-22,NTGR,0.0
2020-04-22,NWE,0.0
2020-04-22,OESX,0.0
2020-04-22,OMEX,0.0
2020-04-22,OPTT,-0.2023
2020-04-22,ORCL,0.5574
2020-04-22,ORLY,0.09866666666666667
2020-04-22,OVLY,0.0
2020-04-22,PAGP,-0.128
2020-04-22,PAYX,0.4404
2020-04-22,PFBC,0.0
2020-04-22,PFMT,-0.296
2020-04-22,PHG,0.0258
2020-04-22,PLXS,0.0
2020-04-22,POL,-0.128
2020-04-22,PTR,0.1531
2020-04-22,PVG,0.4404
2020-04-22,QBAK,-0.2023
2020-04-22,RAD,0.3612
2020-04-22,RCI,0.0
2020-04-22,REI,0.2732
2020-04-22,ROIC,0.4215
2020-04-22,RPT,0.368
2020-04-22,RUSHA,0.0
2020-04-22,SCCO,0.4404
2020-04-22,SGU,0.0
2020-04-22,SLGN,0.074
2020-04-22,SLM,-0.2263
2020-04-22,SNP,0.1531
2020-04-22,SOFO,0.3182
2020-04-22,SPRO,0.0
2020-04-22,STC,0.0
2020-04-22,STRM,-0.016133333333333333
2020-04-22,SUI,0.0
2020-04-22,SYBT,0.0
2020-04-22,TBK,0.25453333333333333
2020-04-22,TDS,0.4215
2020-04-22,TDY,-0.0903
2020-04-22,TEO,-0.2023
2020-04-22,THR,-0.128
2020-04-22,TISI,-0.128
2020-04-22,TR,0.0
2020-04-22,TRP,0.0
2020-04-22,TTEK,0.4019
2020-04-22,TWO,0.0
2020-04-22,UFPI,-0.07655
2020-04-22,UMPQ,0.0
2020-04-22,UNT,-0.06743333333333333
2020-04-22,USAP,-0.1806
2020-04-22,USM,0.6808
2020-04-22,USNA,0.0
2020-04-22,UTI,0.0
2020-04-22,UVSP,-0.11315
2020-04-22,VET,0.1531
2020-04-22,VMI,-0.07655
2020-04-22,VSH,0.5719
2020-04-22,WAFD,-0.3612
2020-04-22,WB,-0.128
2020-04-22,WLDN,0.5719
2020-04-22,WMK,0.0
2020-04-22,WNS,-0.128
2020-04-22,WRE,0.0
2020-04-22,WSTG,-0.296
2020-04-22,WTFC,0.0
2020-04-22,WWW,0.0
2020-04-22,YNDX,0.0
2020-04-22,ZEUS,-0.2023
2020-04-22,ZIXI,0.0
2020-04-23,ABCB,-0.2263
2020-04-23,ACIW,0.0
2020-04-23,ADTN,0.4019
2020-04-23,ALIM,0.0
2020-04-23,ALLE,0.0
2020-04-23,AMNB,0.0
2020-04-23,APH,0.27016666666666667
2020-04-23,ASR,0.0
2020-04-23,ATNM,0.0
2020-04-23,AVAV,0.3182
2020-04-23,AXTI,0.0
2020-04-23,BECN,0.6633
2020-04-23,BPOP,0.6808
2020-04-23,BRO,0.14675
2020-04-23,BTI,0.5667
2020-04-23,BV,0.0
2020-04-23,CAJ,0.0
2020-04-23,CALM,0.0
2020-04-23,CASH,-0.01865
2020-04-23,CASS,0.0
2020-04-23,CCBG,0.0
2020-04-23,CENX,0.6808
2020-04-23,CFFI,0.0
2020-04-23,CLF,0.6808
2020-04-23,CLFD,-0.1531
2020-04-23,CLI,0.0
2020-04-23,CNET,0.0
2020-04-23,CNMD,-0.1197
2020-04-23,CPAH,0.16269999999999998
2020-04-23,CPF,0.10115
2020-04-23,CPRT,0.28515
2020-04-23,CSFL,-0.2263
2020-04-23,CTS,0.0
2020-04-23,CTXS,0.0
2020-04-23,CUI,0.4019
2020-04-23,CVLY,0.0
2020-04-23,CVM,-0.5574
2020-04-23,CYCC,-0.2263
2020-04-23,DOC,0.4215
2020-04-23,DXR,0.6369
2020-04-23,EBSB,-0.128
2020-04-23,ECOL,0.4404
2020-04-23,ECPG,0.0
2020-04-23,EGO,0.8519
2020-04-23,EGOV,0.0
2020-04-23,EHTH,-0.1366
2020-04-23,EIG,-0.2263
2020-04-23,ENDP,0.6808
2020-04-23,ENZ,0.296
2020-04-23,EQT,-0.4767
2020-04-23,EROS,0.0
2020-04-23,ETM,-0.128
2020-04-23,EVR,-0.4588
2020-04-23,EXK,0.8519
2020-04-23,EXP,0.0085
2020-04-23,FAF,0.0
2020-04-23,FBIZ,0.0
2020-04-23,FE,-0.07655
2020-04-23,FFIN,0.0
2020-04-23,FOR,-0.1531
2020-04-23,FRME,0.0
2020-04-23,GBCI,-0.3612
2020-04-23,GCAP,0.4192666666666667
2020-04-23,GER,0.0
2020-04-23,GFED,0.11333333333333334
2020-04-23,GMZ,0.0
2020-04-23,GRC,0.0
2020-04-23,GTLS,0.0
2020-04-23,GTT,0.0
2020-04-23,GWW,-0.11315
2020-04-23,HCHC,0.0
2020-04-23,HCSG,0.0
2020-04-23,HMY,0.42595
2020-04-23,HSY,-0.16306666666666667
2020-04-23,HTA,0.4215
2020-04-23,HTBK,0.0
2020-04-23,IAG,0.8519
2020-04-23,IBKR,0.0
2020-04-23,ICAD,0.148
2020-04-23,ICLR,-0.04400000000000001
2020-04-23,IDRA,0.0
2020-04-23,IDT,0.296
2020-04-23,IEX,-0.07655
2020-04-23,INDB,0.0
2020-04-23,INFY,0.3404
2020-04-23,IPAR,-0.128
2020-04-23,IPI,0.0
2020-04-23,JBL,0.6808
2020-04-23,JOE,0.5719
2020-04-23,KMB,0.0
2020-04-23,KTCC,0.0
2020-04-23,KYN,0.6808
2020-04-23,LAD,-0.11756666666666667
2020-04-23,LCUT,0.0
2020-04-23,LLNW,0.0
2020-04-23,LMNX,0.0
2020-04-23,LMRK,-0.0516
2020-04-23,LOGM,0.0
2020-04-23,LPTH,0.0
2020-04-23,LUB,-0.296
2020-04-23,LXFR,-0.128
2020-04-23,LYTS,0.074
2020-04-23,MANH,0.0
2020-04-23,MCBC,0.0
2020-04-23,MDLY,0.0
2020-04-23,MG,0.0
2020-04-23,MINI,-0.128
2020-04-23,MLM,0.18825
2020-04-23,MLNX,0.0
2020-04-23,MMSI,0.4215
2020-04-23,MNKD,0.0
2020-04-23,MPW,0.4215
2020-04-23,MTRN,-0.07543333333333334
2020-04-23,NBHC,-0.128
2020-04-23,NEP,0.5719
2020-04-23,NHI,-0.128
2020-04-23,NJR,0.296
2020-04-23,NTG,0.6808
2020-04-23,NTGR,0.04213999999999999
2020-04-23,NTIC,0.0
2020-04-23,NURO,-0.08283333333333333
2020-04-23,NVR,0.0
2020-04-23,NWFL,0.0
2020-04-23,NYT,0.10115
2020-04-23,ORI,0.0
2020-04-23,ORLY,-0.1223
2020-04-23,OSIS,0.7506
2020-04-23,PBCT,0.0
2020-04-23,PER,0.6124
2020-04-23,PFNX,0.0
2020-04-23,PNFP,0.2577
2020-04-23,POOL,-0.148
2020-04-23,PVG,0.8519
2020-04-23,PWOD,0.0
2020-04-23,QTWO,-0.4588
2020-04-23,RBCAA,0.0
2020-04-23,RE,0.0
2020-04-23,REZ,0.0
2020-04-23,RHI,0.3404
2020-04-23,RLI,0.0
2020-04-23,RWLK,0.0
2020-04-23,SAFM,0.0
2020-04-23,SAIC,0.6597
2020-04-23,SAND,0.8519
2020-04-23,SCCO,0.6808
2020-04-23,SCYX,0.0
2020-04-23,SEIC,-0.2263
2020-04-23,SGMA,0.0
2020-04-23,SKX,0.0
2020-04-23,SLGN,0.0
2020-04-23,SLM,0.6808
2020-04-23,SMFG,0.6808
2020-04-23,SQNS,0.09866666666666667
2020-04-23,SRCE,0.0
2020-04-23,SSB,-0.2263
2020-04-23,STRM,0.0
2020-04-23,STRT,0.34
2020-04-23,STX,-0.128
2020-04-23,SWI,0.23775000000000002
2020-04-23,SWX,-0.1197
2020-04-23,SXC,-0.2023
2020-04-23,TBK,0.0
2020-04-23,TBPH,-0.4215
2020-04-23,TDY,-0.128
2020-04-23,TEO,-0.2023
2020-04-23,TIVO,0.4019
2020-04-23,TPH,0.0
2020-04-23,TRST,-0.3612
2020-04-23,TYL,0.0
2020-04-23,UCBI,0.3182
2020-04-23,UL,0.0
2020-04-23,UNT,0.0
2020-04-23,USDP,-0.296
2020-04-23,USNA,0.0
2020-04-23,UTMD,-0.0516
2020-04-23,VCRA,0.0
2020-04-23,VCYT,-0.1779
2020-04-23,VIPS,0.0
2020-04-23,VNET,0.0
2020-04-23,VRSN,0.0
2020-04-23,WEBK,0.0
2020-04-23,WMK,0.0
2020-04-23,WNS,0.0
2020-04-23,WSO,-0.12040000000000001
2020-04-23,WTFC,0.0
2020-04-23,WUBA,0.2732
2020-04-23,WWD,0.6808
2020-04-23,WWW,0.0
2020-04-23,XONE,0.25
2020-04-23,XXII,0.5667
2020-04-23,ZGNX,0.6808
2020-04-23,ZIXI,0.0
2020-04-24,ACM,0.1779
2020-04-24,ADC,0.46521999999999997
2020-04-24,AKER,0.0
2020-04-24,ALLE,0.31589999999999996
2020-04-24,ALV,0.03572499999999999
2020-04-24,AMNB,-0.128
2020-04-24,ANH,0.6476999999999999
2020-04-24,ANSS,0.0
2020-04-24,AR,0.0
2020-04-24,AROW,0.0
2020-04-24,ASUR,0.08399999999999999
2020-04-24,AWK,0.2023
2020-04-24,AXGN,0.296
2020-04-24,AZPN,-0.128
2020-04-24,B,0.0
2020-04-24,BAK,0.0
2020-04-24,BBDO,-0.10115
2020-04-24,BOKF,-0.128
2020-04-24,BRFS,0.148
2020-04-24,BSET,0.0
2020-04-24,BV,-0.128
2020-04-24,CALM,-0.0772
2020-04-24,CAPL,0.296
2020-04-24,CASH,-0.128
2020-04-24,CCLP,0.0
2020-04-24,CIG,0.296
2020-04-24,CLB,0.0
2020-04-24,CNS,0.296
2020-04-24,COHR,0.12343333333333333
2020-04-24,CPAH,0.0
2020-04-24,CREG,0.0
2020-04-24,CTO,0.0
2020-04-24,CTXS,-0.12040000000000001
2020-04-24,CYBE,0.0
2020-04-24,CYCC,0.3818
2020-04-24,DLPH,0.02476666666666667
2020-04-24,DRD,0.0
2020-04-24,DSE,0.2732
2020-04-24,EBR,0.148
2020-04-24,EGY,0.2732
2020-04-24,EHTH,0.0797
2020-04-24,EIG,0.17759999999999998
2020-04-24,EMMS,0.0
2020-04-24,ENZ,0.0
2020-04-24,EQT,0.0
2020-04-24,ETFC,0.0
2020-04-24,EXP,-0.4588
2020-04-24,FBC,-0.128
2020-04-24,FICO,0.2023
2020-04-24,FIX,-0.2023
2020-04-24,FR,0.0
2020-04-24,FRME,-0.4588
2020-04-24,FSBW,0.0
2020-04-24,GCBC,0.0
2020-04-24,GER,0.0
2020-04-24,GGG,-0.064
2020-04-24,GNTX,0.027999999999999997
2020-04-24,GPL,0.7108
2020-04-24,GRPN,0.0
2020-04-24,GSL,-0.128
2020-04-24,GTLS,0.09106666666666667
2020-04-24,GWW,-0.042666666666666665
2020-04-24,HCA,0.0
2020-04-24,HMLP,0.148
2020-04-24,HMY,0.0
2020-04-24,HSY,0.17683333333333331
2020-04-24,HZO,0.0
2020-04-24,IBKC,0.0
2020-04-24,ICAD,0.0
2020-04-24,ICLR,-0.128
2020-04-24,IEX,-0.064
2020-04-24,IMAX,0.03715
2020-04-24,INBK,-0.2934
2020-04-24,INFU,0.0
2020-04-24,KOL,0.5267
2020-04-24,KTCC,0.0
2020-04-24,LAZ,-0.128
2020-04-24,LEDS,0.6597
2020-04-24,LLEX,0.0
2020-04-24,LLNW,0.22118333333333332
2020-04-24,LSBK,0.0
2020-04-24,LWAY,0.0
2020-04-24,LYTS,0.0
2020-04-24,MATX,0.0
2020-04-24,MG,0.0
2020-04-24,MIND,0.10115
2020-04-24,MLNX,0.0
2020-04-24,MMSI,0.55805
2020-04-24,MTRN,-0.05296666666666667
2020-04-24,MYRG,-0.128
2020-04-24,NI,0.10115
2020-04-24,NKSH,-0.2023
2020-04-24,NTGR,0.0
2020-04-24,NVR,0.128
2020-04-24,NWE,-0.25
2020-04-24,OFED,0.0
2020-04-24,OHI,0.148
2020-04-24,OIBR,0.0
2020-04-24,ORLY,0.0
2020-04-24,OSBC,-0.4588
2020-04-24,PBCT,0.18495
2020-04-24,PBFX,0.296
2020-04-24,PETS,0.0
2020-04-24,PFBC,-0.128
2020-04-24,POOL,-0.3612
2020-04-24,POR,0.0
2020-04-24,QUIK,0.0
2020-04-24,QURE,0.7003
2020-04-24,RDUS,0.10115
2020-04-24,RE,0.2006
2020-04-24,RHI,0.296
2020-04-24,ROSE,0.2732
2020-04-24,SAEX,0.1366
2020-04-24,SBNY,-0.128
2020-04-24,SBS,0.148
2020-04-24,SEIC,-0.128
2020-04-24,SEM,-0.128
2020-04-24,SFUN,-0.07655
2020-04-24,SHLX,0.296
2020-04-24,SIVB,0.125
2020-04-24,SJW,0.0
2020-04-24,SKX,0.0
2020-04-24,SLGN,0.0
2020-04-24,SLP,0.0
2020-04-24,SQNS,0.0
2020-04-24,SSB,0.0
2020-04-24,STC,0.0
2020-04-24,SWX,0.0
2020-04-24,SXI,-0.128
2020-04-24,TEDU,0.0
2020-04-24,TKC,0.0
2020-04-24,TNC,0.012719999999999999
2020-04-24,TPH,0.0
2020-04-24,TROX,0.0
2020-04-24,TRP,0.3182
2020-04-24,TRX,0.0
2020-04-24,TSU,0.04684999999999999
2020-04-24,UAN,0.0
2020-04-24,UEPS,0.34
2020-04-24,UFPI,-0.128
2020-04-24,UMPQ,-0.128
2020-04-24,UNT,0.0
2020-04-24,USAC,0.2577
2020-04-24,UVSP,-0.128
2020-04-24,VCRA,-0.21856
2020-04-24,VIV,-0.2023
2020-04-24,VMI,-0.064
2020-04-24,VNET,0.0
2020-04-24,VRSN,0.0
2020-04-24,WBA,-0.0772
2020-04-24,WMK,0.0
2020-04-24,WNS,0.0
2020-04-24,WPG,-0.128
2020-04-24,WRB,-0.128
2020-04-24,WSO,-0.128
2020-04-24,XEL,0.3395
2020-04-24,XXII,0.296
2020-04-25,EWY,-0.3243
2020-04-25,XLV,0.0
2020-04-26,ALIM,-0.6597
2020-04-26,CDNA,-0.6597
2020-04-26,CNCE,-0.6597
2020-04-26,CTXS,0.0
2020-04-26,DO,0.34
2020-04-26,ESLT,0.128
2020-04-26,EVR,0.0
2020-04-26,EWI,-0.1909
2020-04-26,EWY,0.5719
2020-04-26,GLYC,-0.6597
2020-04-26,GRPN,0.0
2020-04-26,IDRA,-0.6597
2020-04-26,IRMD,-0.6597
2020-04-26,LMAT,-0.6597
2020-04-26,LXRX,-0.6597
2020-04-26,PNFP,0.0
2020-04-26,PRAH,-0.6597
2020-04-26,PTCT,-0.6597
2020-04-26,RMD,-0.6597
2020-04-26,SNX,0.0
2020-04-26,SRDX,-0.6597
2020-04-27,ABEV,0.296
2020-04-27,ACIW,0.9062
2020-04-27,AHH,0.296
2020-04-27,AKER,0.0
2020-04-27,ALGN,0.0
2020-04-27,ALLE,-0.128
2020-04-27,ALV,0.050575
2020-04-27,AMED,0.3454
2020-04-27,ANSS,0.0
2020-04-27,APTO,0.0
2020-04-27,ARCC,0.5719
2020-04-27,ARE,0.0
2020-04-27,ATEC,0.4939
2020-04-27,AUPH,0.0
2020-04-27,AWI,-0.07224
2020-04-27,AXS,-0.10606666666666666
2020-04-27,AZPN,0.0
2020-04-27,BAK,0.0
2020-04-27,BANR,0.0
2020-04-27,BCBP,0.0
2020-04-27,BCOM,0.0
2020-04-27,BDSI,0.9062
2020-04-27,BMA,-0.2023
2020-04-27,BPOP,0.5719
2020-04-27,BRFS,0.0
2020-04-27,BRG,0.0
2020-04-27,BRO,0.0
2020-04-27,CACI,0.8442
2020-04-27,CATY,-0.11315
2020-04-27,CCLP,0.0
2020-04-27,CHKP,0.074
2020-04-27,CHMG,0.296
2020-04-27,CIG,0.5574
2020-04-27,CMD,0.4531
2020-04-27,CMS,0.2006
2020-04-27,CNX,0.148
2020-04-27,CO,0.0772
2020-04-27,CONE,-0.3612
2020-04-27,CPRT,0.9062
2020-04-27,CQP,0.2732
2020-04-27,CR,-0.12040000000000001
2020-04-27,CSLT,0.0
2020-04-27,CVA,0.9062
2020-04-27,CVM,0.0
2020-04-27,CYBE,0.0
2020-04-27,CYH,0.128
2020-04-27,CZZ,0.0
2020-04-27,D,0.2732
2020-04-27,DHIL,0.34
2020-04-27,DHT,0.2732
2020-04-27,DLR,0.2023
2020-04-27,DO,0.35571428571428576
2020-04-27,DSX,-0.4767
2020-04-27,DWAS,0.0
2020-04-27,EBR,0.2787
2020-04-27,EBTC,0.0
2020-04-27,EGOV,-0.05103333333333334
2020-04-27,EHTH,-0.064
2020-04-27,EIG,0.0
2020-04-27,ELTK,0.059199999999999996
2020-04-27,EMMS,-0.2023
2020-04-27,EMR,0.9062
2020-04-27,EQM,-0.128
2020-04-27,ESLT,0.5719
2020-04-27,EWI,0.3182
2020-04-27,FCAP,0.0
2020-04-27,FIX,0.1806
2020-04-27,FLXN,0.4215
2020-04-27,FOR,-0.128
2020-04-27,FRBA,-0.2263
2020-04-27,FRME,0.0
2020-04-27,GAIA,-0.3612
2020-04-27,GFED,-0.128
2020-04-27,GLP,-0.296
2020-04-27,GRPN,0.9062
2020-04-27,GSAT,0.0
2020-04-27,HCA,-0.128
2020-04-27,HCC,-0.2023
2020-04-27,HEAR,0.0
2020-04-27,HEP,0.2495666666666667
2020-04-27,HSII,-0.26335
2020-04-27,HSTM,-0.1531
2020-04-27,HTBK,0.0
2020-04-27,HTHT,0.7003
2020-04-27,HTLF,0.0
2020-04-27,HVT,0.24545000000000003
2020-04-27,IDT,0.0
2020-04-27,IEX,-0.042666666666666665
2020-04-27,IPDN,0.2023
2020-04-27,IPG,0.9062
2020-04-27,IPWR,0.0
2020-04-27,ISBC,0.5719
2020-04-27,ISTR,-0.128
2020-04-27,IVAC,0.0
2020-04-27,JJSF,0.0
2020-04-27,KMB,0.296
2020-04-27,KMDA,0.0
2020-04-27,KNL,-0.07655
2020-04-27,LECO,-0.07224
2020-04-27,LKFN,0.0
2020-04-27,LLNW,0.0
2020-04-27,LMNX,0.0
2020-04-27,LPX,0.9062
2020-04-27,LQD,0.11315
2020-04-27,LRN,0.0
2020-04-27,LSTR,0.04193333333333332
2020-04-27,LWAY,0.0
2020-04-27,LXFR,0.0
2020-04-27,LXRX,0.074
2020-04-27,MAG,0.148
2020-04-27,MBCN,-0.1806
2020-04-27,MCRI,0.0
2020-04-27,MDLZ,-0.3612
2020-04-27,MG,0.0
2020-04-27,MIK,0.9062
2020-04-27,MLNX,0.0
2020-04-27,MMLP,0.1366
2020-04-27,MMYT,0.7003
2020-04-27,MPB,0.34
2020-04-27,MPLX,-0.128
2020-04-27,MSC,0.7003
2020-04-27,MWA,0.9062
2020-04-27,NBTB,0.0
2020-04-27,NBY,0.296
2020-04-27,NETE,0.296
2020-04-27,NKSH,-0.3612
2020-04-27,NRIM,0.0
2020-04-27,NTP,0.0
2020-04-27,NWBI,-0.3612
2020-04-27,NWS,0.9062
2020-04-27,NWSA,0.9062
2020-04-27,OBCI,0.25
2020-04-27,OGS,-0.1806
2020-04-27,ORI,0.4215
2020-04-27,OSIS,-0.128
2020-04-27,OVBC,0.0
2020-04-27,PCH,0.0
2020-04-27,PDCE,-0.128
2020-04-27,PETS,0.0
2020-04-27,PFSI,0.5719
2020-04-27,PKG,0.0
2020-04-27,POOL,0.0
2020-04-27,POR,0.11010000000000002
2020-04-27,PRK,0.0
2020-04-27,PTNR,0.0
2020-04-27,QLYS,0.296
2020-04-27,QTS,0.5106
2020-04-27,RESN,0.0
2020-04-27,RGS,0.0
2020-04-27,ROIC,0.3182
2020-04-27,RSG,-0.128
2020-04-27,RSP,0.2732
2020-04-27,SAEX,0.0
2020-04-27,SAFM,0.0
2020-04-27,SANM,-0.07224
2020-04-27,SBS,0.0
2020-04-27,SCS,0.9062
2020-04-27,SEE,0.10115
2020-04-27,SEM,0.9062
2020-04-27,SFBC,0.0
2020-04-27,SHG,0.0
2020-04-27,SLRC,-0.128
2020-04-27,SMSI,-0.128
2020-04-27,SPRO,0.0
2020-04-27,SSD,0.0
2020-04-27,STAY,0.7003
2020-04-27,STX,0.0
2020-04-27,SVM,0.0
2020-04-27,SWI,0.1779
2020-04-27,TCPC,0.128
2020-04-27,TEDU,0.0129
2020-04-27,TNDM,0.4019
2020-04-27,TNP,0.0
2020-04-27,TOWN,-0.1531
2020-04-27,TPVG,-0.128
2020-04-27,TSLX,-0.128
2020-04-27,TSU,0.0
2020-04-27,UHS,-0.038275
2020-04-27,UHT,0.0
2020-04-27,UMC,0.0
2020-04-27,UMPQ,0.5719
2020-04-27,UVE,0.0
2020-04-27,VRSN,0.0
2020-04-27,VSEC,0.0
2020-04-27,VSTM,0.296
2020-04-27,WBA,0.3182
2020-04-27,WMGI,0.7717
2020-04-27,WMK,0.0
2020-04-27,WSBC,-0.2263
2020-04-27,WSFS,0.0
2020-04-27,XLI,0.0
2020-04-27,XLY,0.0
2020-04-27,XONE,0.0
2020-04-27,ZIXI,0.0
2020-04-27,ZN,0.2732
2020-04-28,AB,0.0
2020-04-28,ACLS,-0.296
2020-04-28,ACM,-0.3612
2020-04-28,AEHR,-0.3818
2020-04-28,AFMD,0.0
2020-04-28,AGN,0.0
2020-04-28,AIMC,0.10115
2020-04-28,AKR,0.5106
2020-04-28,ALV,0.0
2020-04-28,AM,0.368
2020-04-28,AMKR,0.074
2020-04-28,ANF,0.0
2020-04-28,ARAY,0.074
2020-04-28,ARW,0.2023
2020-04-28,ATNI,0.0
2020-04-28,AVT,0.20987499999999998
2020-04-28,AWRE,0.0
2020-04-28,AXE,-0.1806
2020-04-28,AXS,-0.128
2020-04-28,BIOC,0.0
2020-04-28,BLDP,0.0
2020-04-28,BNFT,-0.296
2020-04-28,BRKR,-0.128
2020-04-28,BTI,0.0258
2020-04-28,BUSE,-0.3612
2020-04-28,BWEN,0.5719
2020-04-28,BXC,0.0
2020-04-28,CAC,0.0
2020-04-28,CALX,0.0
2020-04-28,CBSH,-0.11315
2020-04-28,CERN,0.0
2020-04-28,CHCO,0.0
2020-04-28,CHE,-0.07655
2020-04-28,CHKP,0.09100000000000001
2020-04-28,CKH,0.0
2020-04-28,CLB,0.7003
2020-04-28,CMD,0.0
2020-04-28,CMRX,0.148
2020-04-28,CMS,0.2732
2020-04-28,CNC,0.0
2020-04-28,CNI,-0.042666666666666665
2020-04-28,CNX,0.04046
2020-04-28,COR,0.0
2020-04-28,CR,0.0
2020-04-28,CTO,0.0
2020-04-28,CURE,0.34
2020-04-28,CVEO,-0.128
2020-04-28,CX,0.5719
2020-04-28,CYH,-0.1806
2020-04-28,CZWI,0.0
2020-04-28,DBO,0.3612
2020-04-28,DCOM,-0.11315
2020-04-28,DGICA,-0.1531
2020-04-28,DHT,0.2732
2020-04-28,DLR,0.0
2020-04-28,DO,0.0
2020-04-28,EBMT,0.0
2020-04-28,EEFT,-0.296
2020-04-28,EGOV,0.5106
2020-04-28,EGRX,-0.10115
2020-04-28,ELS,0.0
2020-04-28,ENVA,0.148
2020-04-28,EQC,0.0
2020-04-28,ERIC,0.4215
2020-04-28,ETM,0.128
2020-04-28,EWI,0.296
2020-04-28,EWQ,0.0
2020-04-28,FARO,0.0
2020-04-28,FBC,0.0
2020-04-28,FCEL,0.0
2020-04-28,FCF,0.0
2020-04-28,FCNCA,0.0
2020-04-28,FDEF,-0.2263
2020-04-28,FELE,-0.07655
2020-04-28,FFHL,0.09866666666666667
2020-04-28,FOR,0.2577
2020-04-28,GAIA,0.10653333333333331
2020-04-28,GEVO,0.7099500000000001
2020-04-28,GFF,0.0
2020-04-28,GMZ,0.0
2020-04-28,GTLS,-0.128
2020-04-28,HBCP,0.0
2020-04-28,HCHC,0.0
2020-04-28,HELE,0.0
2020-04-28,HFBL,0.0
2020-04-28,HIW,-0.064
2020-04-28,HLIT,0.21302
2020-04-28,HOMB,0.5719
2020-04-28,HRC,0.0
2020-04-28,HRZN,-0.2263
2020-04-28,HSII,0.0258
2020-04-28,HTBK,0.0
2020-04-28,IBIO,0.0
2020-04-28,IMAX,0.243
2020-04-28,IPWR,0.0
2020-04-28,IRDM,-0.2263
2020-04-28,ISBC,0.5719
2020-04-28,JAKK,0.0
2020-04-28,KNL,0.0
2020-04-28,KRC,-0.128
2020-04-28,KTCC,0.0
2020-04-28,LEU,0.4767
2020-04-28,LGF,0.6124
2020-04-28,LMNX,0.0
2020-04-28,LPTH,0.87
2020-04-28,LXRX,-0.064
2020-04-28,MAG,0.0
2020-04-28,MCRI,0.0
2020-04-28,MDLZ,0.0
2020-04-28,MKL,0.0
2020-04-28,MKSI,0.0
2020-04-28,MLNX,0.0
2020-04-28,MMLP,0.0
2020-04-28,MMS,0.8519
2020-04-28,MRCY,0.0
2020-04-28,MRTN,0.0
2020-04-28,MSCI,0.059199999999999996
2020-04-28,MSTR,-0.3612
2020-04-28,MTD,-0.128
2020-04-28,MYOS,0.2294
2020-04-28,NEO,-0.2263
2020-04-28,NFG,-0.128
2020-04-28,NSTG,-0.128
2020-04-28,OBCI,0.4767
2020-04-28,OFC,-0.128
2020-04-28,OMC,-0.128
2020-04-28,OPB,0.0
2020-04-28,ORCL,0.0
2020-04-28,OTIC,0.0
2020-04-28,PETS,0.0
2020-04-28,PGRE,-0.128
2020-04-28,PII,0.296
2020-04-28,PKG,0.4215
2020-04-28,PPBI,0.0
2020-04-28,PRAH,-0.128
2020-04-28,PRGX,0.023233333333333328
2020-04-28,PRIM,0.7506
2020-04-28,PROV,-0.07543333333333334
2020-04-28,PSXP,-0.128
2020-04-28,PTCT,-0.13775
2020-04-28,PTNR,0.0
2020-04-28,QLYS,-0.4767
2020-04-28,QTS,0.0
2020-04-28,RAD,-0.7964
2020-04-28,RCKY,-0.1806
2020-04-28,RCON,0.0
2020-04-28,RDUS,0.0
2020-04-28,RGS,0.0
2020-04-28,RMBS,0.4939
2020-04-28,RNST,0.0
2020-04-28,ROP,0.0
2020-04-28,RTIX,0.2202
2020-04-28,SAGE,0.0
2020-04-28,SANM,0.0
2020-04-28,SBAC,0.19469999999999998
2020-04-28,SBCF,-0.2263
2020-04-28,SC,0.148
2020-04-28,SHLX,0.28615
2020-04-28,SIMO,0.0
2020-04-28,SLGN,0.0
2020-04-28,SMED,-0.12040000000000001
2020-04-28,SMRT,0.0
2020-04-28,SMSI,0.0
2020-04-28,SORL,0.0
2020-04-28,SPRO,0.0
2020-04-28,SSBI,0.3818
2020-04-28,SSD,0.050575
2020-04-28,SSTK,-0.07655
2020-04-28,STM,0.0
2020-04-28,SUI,0.148
2020-04-28,SUPN,0.0
2020-04-28,SVVC,0.743
2020-04-28,SWN,0.2732
2020-04-28,SWX,-0.128
2020-04-28,TEDU,0.0
2020-04-28,THG,0.0
2020-04-28,TKC,0.17759999999999998
2020-04-28,TLYS,0.4939
2020-04-28,TNET,0.0
2020-04-28,TNK,0.0
2020-04-28,TNP,0.09106666666666667
2020-04-28,TRMK,-0.2263
2020-04-28,TROV,0.296
2020-04-28,TROW,0.148
2020-04-28,TWMC,0.0
2020-04-28,TX,-0.1806
2020-04-28,UHS,-0.128
2020-04-28,UIS,-0.03062
2020-04-28,UMBF,0.0
2020-04-28,VBTX,-0.2263
2020-04-28,VSTM,0.09866666666666667
2020-04-28,VZ,-0.128
2020-04-28,WAT,-0.16306666666666667
2020-04-28,WDR,0.09866666666666667
2020-04-28,WERN,0.0
2020-04-28,WIRE,0.0
2020-04-28,WMK,0.0
2020-04-28,WPRT,0.0
2020-04-28,WSBF,0.0
2020-04-28,YNDX,0.0
2020-04-29,AB,0.148
2020-04-29,ABB,0.8625
2020-04-29,ACNB,0.0
2020-04-29,ADP,-0.128
2020-04-29,AGNC,-0.06841666666666667
2020-04-29,AIN,0.0
2020-04-29,AKAM,-0.026483333333333334
2020-04-29,ALGN,0.00686666666666665
2020-04-29,ALIM,0.20095
2020-04-29,ALKS,0.100475
2020-04-29,AM,-0.2263
2020-04-29,AMH,0.2732
2020-04-29,AMKR,-0.064
2020-04-29,AMRK,0.0
2020-04-29,ANIP,0.0
2020-04-29,AP,0.0
2020-04-29,APAM,0.5719
2020-04-29,AR,0.148
2020-04-29,ARAY,0.074
2020-04-29,ARKQ,0.0
2020-04-29,ARLP,0.0
2020-04-29,ARR,-0.128
2020-04-29,ATNI,-0.07655
2020-04-29,AVY,-0.07655
2020-04-29,AWK,0.0
2020-04-29,AXS,-0.128
2020-04-29,AZZ,-0.11315
2020-04-29,BANC,-0.2263
2020-04-29,BANR,0.0
2020-04-29,BCOV,-0.1531
2020-04-29,BDC,-0.07655
2020-04-29,BHE,0.0
2020-04-29,BKH,0.296
2020-04-29,BNFT,0.0
2020-04-29,BPFH,-0.2263
2020-04-29,BRKL,0.0
2020-04-29,BSMX,0.0
2020-04-29,BXC,0.0
2020-04-29,CACI,0.0
2020-04-29,CALX,0.0
2020-04-29,CARZ,0.0
2020-04-29,CBSH,0.0
2020-04-29,CCS,0.0
2020-04-29,CERN,-0.128
2020-04-29,CHDN,-0.1531
2020-04-29,CHE,0.0
2020-04-29,CHNR,0.3612
2020-04-29,CLB,0.8442
2020-04-29,CLF,0.8625
2020-04-29,CLNE,0.8442
2020-04-29,CLS,0.0
2020-04-29,CLUB,-0.296
2020-04-29,CLWT,0.0
2020-04-29,CMRE,-0.07655
2020-04-29,CMRX,-0.5768
2020-04-29,CNC,0.047549999999999995
2020-04-29,CNI,0.8625
2020-04-29,CNMD,-0.3612
2020-04-29,CNX,0.0
2020-04-29,COLM,0.06743333333333333
2020-04-29,CONE,-0.1531
2020-04-29,COWN,0.0
2020-04-29,CPG,0.8442
2020-04-29,CR,-0.064
2020-04-29,CRTO,0.148
2020-04-29,CSGP,0.10253333333333332
2020-04-29,CTRE,0.0
2020-04-29,CVGI,0.0
2020-04-29,CWT,-0.3182
2020-04-29,CX,0.8625
2020-04-29,CYBE,0.0
2020-04-29,CZZ,0.8442
2020-04-29,DHT,0.0
2020-04-29,DMRC,0.0
2020-04-29,DOC,0.4215
2020-04-29,DQ,0.22576666666666667
2020-04-29,DRE,0.0
2020-04-29,EML,0.0
2020-04-29,ENB,0.8442
2020-04-29,ENBL,0.8442
2020-04-29,ENVA,0.118475
2020-04-29,ENZ,0.0
2020-04-29,EQT,0.8442
2020-04-29,ERF,0.8442
2020-04-29,ERIC,0.0
2020-04-29,FARM,0.0
2020-04-29,FCEL,0.0
2020-04-29,FDP,0.0819
2020-04-29,FEYE,-0.1197
2020-04-29,FFHL,0.074
2020-04-29,FICO,0.3182
2020-04-29,FIX,0.3612
2020-04-29,FLEX,0.296
2020-04-29,FMNB,0.0
2020-04-29,FOR,0.0
2020-04-29,FR,0.2577
2020-04-29,FRBK,0.0
2020-04-29,FSS,-0.07655
2020-04-29,FUNC,0.4215
2020-04-29,GAIA,0.0
2020-04-29,GER,0.0
2020-04-29,GIB,0.3825
2020-04-29,GLOG,0.4221
2020-04-29,GMZ,0.0
2020-04-29,GRMN,0.041999999999999996
2020-04-29,GSB,0.0
2020-04-29,GWRE,0.10115
2020-04-29,HBCP,0.0
2020-04-29,HBMD,-0.2263
2020-04-29,HBNC,-0.2263
2020-04-29,HCC,0.31810000000000005
2020-04-29,HCCI,0.4019
2020-04-29,HEAR,0.06743333333333333
2020-04-29,HELE,0.0
2020-04-29,HLIT,0.0
2020-04-29,HOV,0.0
2020-04-29,HWCC,-0.3612
2020-04-29,IBIO,0.0
2020-04-29,IBTX,-0.4588
2020-04-29,IGC,0.5574
2020-04-29,INFY,0.936
2020-04-29,IRBT,0.0
2020-04-29,IRDM,-0.128
2020-04-29,IROQ,0.0
2020-04-29,ISBC,-0.2263
2020-04-29,JAKK,0.0
2020-04-29,JBT,0.0
2020-04-29,JCOM,0.10540000000000001
2020-04-29,JMP,0.0
2020-04-29,JNPR,0.06434999999999999
2020-04-29,JOE,0.0
2020-04-29,JRVR,-0.1531
2020-04-29,KAI,0.0
2020-04-29,KMI,0.8442
2020-04-29,KOP,0.0
2020-04-29,KRC,-0.1197
2020-04-29,KRNY,0.0
2020-04-29,LFUS,0.0
2020-04-29,LFVN,0.0
2020-04-29,LIT,0.0
2020-04-29,LM,0.0
2020-04-29,LOV,0.2263
2020-04-29,LPX,0.8625
2020-04-29,LRN,0.0
2020-04-29,LTBR,0.0
2020-04-29,LTRX,0.0
2020-04-29,MANT,0.0
2020-04-29,MATW,-0.128
2020-04-29,MBT,0.0
2020-04-29,MDCA,-0.1531
2020-04-29,MDLZ,-0.2934
2020-04-29,MGA,0.8625
2020-04-29,MGRC,0.0
2020-04-29,MHH,0.0
2020-04-29,MHO,0.0
2020-04-29,MIC,0.8625
2020-04-29,MKTX,0.0
2020-04-29,MMLP,0.0
2020-04-29,MMYT,0.8519
2020-04-29,MOBL,-0.2263
2020-04-29,MODN,0.0
2020-04-29,MORN,0.0
2020-04-29,MPWR,0.0
2020-04-29,MPX,-0.148
2020-04-29,MRC,0.148
2020-04-29,MRCY,0.12009999999999998
2020-04-29,MRLN,0.0
2020-04-29,MSA,0.4215
2020-04-29,MSCI,0.0
2020-04-29,MTN,-0.128
2020-04-29,MTSI,0.09866666666666667
2020-04-29,MXIM,0.0643
2020-04-29,MXL,-0.20993333333333333
2020-04-29,MYOS,0.2023
2020-04-29,MYRG,-0.1531
2020-04-29,NEO,0.0
2020-04-29,NETE,0.0
2020-04-29,NGHC,0.0
2020-04-29,NLY,-0.2710333333333333
2020-04-29,NS,0.8442
2020-04-29,NYCB,0.0
2020-04-29,OFG,0.0
2020-04-29,OHI,0.0
2020-04-29,OI,0.296
2020-04-29,ORCL,0.23570000000000002
2020-04-29,ORN,0.0
2020-04-29,OSK,-0.07655
2020-04-29,OTEX,-0.128
2020-04-29,PAGP,0.8442
2020-04-29,PARR,0.0
2020-04-29,PB,0.0
2020-04-29,PBFX,0.0
2020-04-29,PCH,-0.128
2020-04-29,PEP,-0.1223
2020-04-29,PETS,0.0
2020-04-29,PGRE,0.0
2020-04-29,PHI,0.0
2020-04-29,PII,0.17020000000000002
2020-04-29,PKG,0.296
2020-04-29,PMD,0.3818
2020-04-29,PPBI,0.0
2020-04-29,PRGX,0.0
2020-04-29,PRI,0.0
2020-04-29,PTC,0.0
2020-04-29,PTR,0.8442
2020-04-29,PUK,0.8625
2020-04-29,QTS,0.5106
2020-04-29,QTWO,0.0
2020-04-29,QURE,0.0
2020-04-29,R,-0.11315
2020-04-29,REV,0.0
2020-04-29,RHP,-0.128
2020-04-29,RICK,0.0
2020-04-29,RIO,0.8625
2020-04-29,ROP,-0.128
2020-04-29,RP,0.0
2020-04-29,RRD,0.10808
2020-04-29,RRGB,0.91
2020-04-29,RTIX,0.0
2020-04-29,SAIA,0.074
2020-04-29,SAND,0.0
2020-04-29,SANM,0.0
2020-04-29,SBBX,0.0
2020-04-29,SCI,-0.2263
2020-04-29,SFY,-0.4404
2020-04-29,SHW,0.0
2020-04-29,SIFY,0.0
2020-04-29,SIMO,-0.128
2020-04-29,SLGN,0.0
2020-04-29,SLM,0.8625
2020-04-29,SMBC,-0.2263
2020-04-29,SMED,0.0
2020-04-29,SMP,-0.1806
2020-04-29,SMPL,0.91
2020-04-29,SNP,0.8442
2020-04-29,SPRO,0.0
2020-04-29,SRDX,0.20095
2020-04-29,SSD,0.0
2020-04-29,SSTK,-0.128
2020-04-29,STAY,0.8519
2020-04-29,STLD,0.8625
2020-04-29,STMP,0.0
2020-04-29,STRA,0.0
2020-04-29,SUI,0.148
2020-04-29,TA,0.0
2020-04-29,TAST,0.91
2020-04-29,TCBK,0.0
2020-04-29,TDY,0.936
2020-04-29,THFF,0.0
2020-04-29,TNET,0.3818
2020-04-29,TNK,0.0
2020-04-29,TNP,0.0
2020-04-29,TREE,0.0
2020-04-29,TRN,-0.2263
2020-04-29,TROV,0.0
2020-04-29,TROW,0.092
2020-04-29,TRP,0.8442
2020-04-29,TS,-0.1531
2020-04-29,TTEK,0.0
2020-04-29,TTM,0.8625
2020-04-29,TTMI,-0.07543333333333334
2020-04-29,TWO,-0.4588
2020-04-29,TYL,-0.1531
2020-04-29,TZOO,0.8519
2020-04-29,UCTT,0.3508
2020-04-29,UGP,0.8442
2020-04-29,UHS,-0.064
2020-04-29,UIS,0.2202
2020-04-29,UL,0.0
2020-04-29,UN,0.0
2020-04-29,UNT,0.8442
2020-04-29,USLM,0.0
2020-04-29,VAC,-0.128
2020-04-29,VET,0.8442
2020-04-29,VJET,0.0
2020-04-29,VSTM,0.0
2020-04-29,WAT,0.016633333333333333
2020-04-29,WERN,0.06476666666666665
2020-04-29,WEX,-0.128
2020-04-29,WINA,-0.296
2020-04-29,WPP,0.0
2020-04-29,WPRT,0.8625
2020-04-29,WSBC,-0.128
2020-04-29,WSFS,-0.3612
2020-04-29,WST,0.4019
2020-04-29,WWD,-0.128
2020-04-29,WWW,0.91
2020-04-29,XLB,0.0
2020-04-29,ZN,0.0
2020-04-30,AAMC,0.0
2020-04-30,ABMD,0.26886666666666664
2020-04-30,ACLS,-0.4215
2020-04-30,ACST,0.0
2020-04-30,ADBE,0.0
2020-04-30,ADM,0.0
2020-04-30,ADP,-0.042666666666666665
2020-04-30,AERI,-0.128
2020-04-30,AGIO,0.0
2020-04-30,AGNC,0.3818
2020-04-30,AIMC,0.0
2020-04-30,AIT,-0.07655
2020-04-30,AJG,0.0
2020-04-30,ALEX,0.0
2020-04-30,ALGN,0.2732
2020-04-30,ALKS,-0.064
2020-04-30,AM,0.1366
2020-04-30,AMKR,-0.4215
2020-04-30,AMOT,-0.4215
2020-04-30,AMT,0.2732
2020-04-30,ANF,-0.7096
2020-04-30,ANIP,-0.128
2020-04-30,APAM,0.43143333333333334
2020-04-30,APOG,0.020925
2020-04-30,AR,0.148
2020-04-30,ARAY,0.0
2020-04-30,ARLP,0.0
2020-04-30,ARR,0.296
2020-04-30,ARW,-0.07543333333333334
2020-04-30,ASGN,0.0
2020-04-30,ASPS,0.14365
2020-04-30,ATTO,0.0
2020-04-30,ATV,0.0
2020-04-30,AUY,0.0
2020-04-30,AVY,-0.08533333333333333
2020-04-30,BAX,0.2553
2020-04-30,BBVA,-0.4215
2020-04-30,BCOV,0.0
2020-04-30,BDC,-0.064
2020-04-30,BEN,0.0
2020-04-30,BHE,0.0
2020-04-30,BKU,-0.25
2020-04-30,BMO,-0.4215
2020-04-30,BPOP,0.4215
2020-04-30,BRFS,-0.4215
2020-04-30,BRKS,0.0
2020-04-30,BTI,-0.4215
2020-04-30,BWEN,0.0
2020-04-30,BZH,0.0
2020-04-30,CALA,0.5994
2020-04-30,CALX,0.0
2020-04-30,CAMT,-0.4215
2020-04-30,CBNK,0.0
2020-04-30,CCMP,-0.4215
2020-04-30,CCS,0.0
2020-04-30,CDNA,0.14215000000000003
2020-04-30,CERS,0.0
2020-04-30,CFR,-0.2263
2020-04-30,CHCO,-0.128
2020-04-30,CHD,0.0
2020-04-30,CHRW,0.018575
2020-04-30,CHU,0.7096
2020-04-30,CKH,-0.128
2020-04-30,CLGX,-0.21075
2020-04-30,CLS,-0.042666666666666665
2020-04-30,CMC,-0.4215
2020-04-30,CMI,0.0
2020-04-30,CNCE,0.2553
2020-04-30,CNMD,0.0
2020-04-30,CNOB,0.0
2020-04-30,CNSL,0.0
2020-04-30,CODI,-0.1531
2020-04-30,COHU,-0.4215
2020-04-30,COLB,-0.2263
2020-04-30,COLM,-0.43135
2020-04-30,CONE,0.0
2020-04-30,COR,0.0
2020-04-30,CQP,0.2732
2020-04-30,CRAI,0.0
2020-04-30,CROX,-0.23653333333333335
2020-04-30,CRS,0.09866666666666667
2020-04-30,CRTO,-0.042666666666666665
2020-04-30,CRY,-0.2263
2020-04-30,CTO,0.0
2020-04-30,CVGI,0.0
2020-04-30,CWT,0.0
2020-04-30,DAIO,-0.3182
2020-04-30,DAN,0.047633333333333326
2020-04-30,DAR,-0.4215
2020-04-30,DCO,0.0
2020-04-30,DDS,-0.3548
2020-04-30,DGII,-0.4215
2020-04-30,DHT,0.0
2020-04-30,DIN,0.0
2020-04-30,DLA,-0.1531
2020-04-30,DRE,0.0
2020-04-30,DVD,0.0
2020-04-30,EEFT,0.0
2020-04-30,EGO,0.0
2020-04-30,EGP,0.0
2020-04-30,EIGI,-0.1531
2020-04-30,ELGX,0.25
2020-04-30,EME,0.0
2020-04-30,EMN,-0.07655
2020-04-30,ENB,0.5267
2020-04-30,ENVA,0.0
2020-04-30,EQT,0.0
2020-04-30,ERII,0.2732
2020-04-30,ESI,0.243525
2020-04-30,EWQ,0.1531
2020-04-30,EXK,0.0
2020-04-30,EXPO,0.0
2020-04-30,EXTR,-0.4215
2020-04-30,FAF,-0.34
2020-04-30,FBC,0.0
2020-04-30,FBHS,0.0
2020-04-30,FBP,-0.2263
2020-04-30,FCF,-0.128
2020-04-30,FCN,-0.2263
2020-04-30,FDIS,0.0
2020-04-30,FDP,0.0
2020-04-30,FDUS,0.0
2020-04-30,FIBK,-0.2263
2020-04-30,FISI,0.0
2020-04-30,FLIC,0.0
2020-04-30,FLXN,-0.128
2020-04-30,FMX,0.0
2020-04-30,FSP,0.0
2020-04-30,FULT,-0.4215
2020-04-30,FWRD,-0.3612
2020-04-30,GALT,-0.025675
2020-04-30,GDX,0.0
2020-04-30,GEO,-0.1531
2020-04-30,GER,0.0
2020-04-30,GGB,-0.4215
2020-04-30,GHL,-0.2263
2020-04-30,GIGM,0.0
2020-04-30,GIL,-0.23653333333333335
2020-04-30,GLOP,0.0
2020-04-30,GMZ,0.0
2020-04-30,GNRC,-0.1531
2020-04-30,GRMN,0.0
2020-04-30,GWB,0.6249
2020-04-30,HAFC,-0.2263
2020-04-30,HAYN,0.0
2020-04-30,HBI,-0.128
2020-04-30,HCC,-0.08533333333333333
2020-04-30,HELE,0.148
2020-04-30,HERO,0.0
2020-04-30,HFWA,0.0
2020-04-30,HMC,0.0
2020-04-30,HOLX,-0.064
2020-04-30,HRZN,-0.064
2020-04-30,HTH,0.0
2020-04-30,HUBG,-0.3612
2020-04-30,HURN,0.0
2020-04-30,HWBK,0.0
2020-04-30,IBCP,-0.11315
2020-04-30,ICFI,0.5719
2020-04-30,IDA,-0.11315
2020-04-30,IDRA,0.0
2020-04-30,IIN,0.0
2020-04-30,IKNX,0.0
2020-04-30,IMAX,-0.1806
2020-04-30,IMKTA,0.2023
2020-04-30,INN,-0.4588
2020-04-30,INWK,0.0
2020-04-30,IRBT,0.0
2020-04-30,IRMD,0.11916666666666668
2020-04-30,ISDR,0.0
2020-04-30,K,0.16945
2020-04-30,KOP,0.0
2020-04-30,KTCC,0.0
2020-04-30,L,-0.4215
2020-04-30,LAZ,-0.3612
2020-04-30,LBAI,0.0
2020-04-30,LFUS,0.0
2020-04-30,LMAT,0.2553
2020-04-30,LOCO,-0.11315
2020-04-30,LOV,0.1027
2020-04-30,LPTH,0.296
2020-04-30,LXP,-0.4215
2020-04-30,MANT,0.125
2020-04-30,MCS,0.7003
2020-04-30,MDRX,0.0
2020-04-30,MERC,0.254225
2020-04-30,MFNC,0.0
2020-04-30,MGLN,0.4939
2020-04-30,MGPI,0.09866666666666667
2020-04-30,MHO,0.0
2020-04-30,MKL,-0.128
2020-04-30,MKSI,0.0
2020-04-30,MKTX,0.0
2020-04-30,MLM,-0.4215
2020-04-30,MMC,0.03715
2020-04-30,MMLP,0.0
2020-04-30,MOBL,-0.296
2020-04-30,MOFG,0.0
2020-04-30,MPLX,-0.3612
2020-04-30,MPX,0.0
2020-04-30,MRC,0.2787
2020-04-30,MRLN,0.0
2020-04-30,MSCI,0.0
2020-04-30,MSTR,-0.128
2020-04-30,MTH,0.125
2020-04-30,MTLS,-0.07543333333333334
2020-04-30,MTN,-0.128
2020-04-30,MTOR,0.0
2020-04-30,MTSI,0.0
2020-04-30,MXL,0.0
2020-04-30,NAT,0.0
2020-04-30,NATI,-0.1531
2020-04-30,NFG,0.0
2020-04-30,NLSN,-0.128
2020-04-30,NLY,0.0
2020-04-30,NNA,0.0
2020-04-30,NRG,-0.2263
2020-04-30,NVR,0.0
2020-04-30,NYCB,0.148
2020-04-30,OBCI,-0.3182
2020-04-30,OC,-0.21075
2020-04-30,OCFC,-0.3612
2020-04-30,OFC,0.0
2020-04-30,ONB,-0.4215
2020-04-30,OPOF,0.0
2020-04-30,ORBC,-0.11315
2020-04-30,ORCL,0.0
2020-04-30,ORN,0.0
2020-04-30,OSIS,-0.1531
2020-04-30,OSK,-0.022000000000000006
2020-04-30,OTEX,0.2997
2020-04-30,OXM,-0.7096
2020-04-30,PATK,0.0
2020-04-30,PAYX,-0.4215
2020-04-30,PB,0.09866666666666667
2020-04-30,PBFX,0.0
2020-04-30,PBYI,0.064
2020-04-30,PCRX,-0.128
2020-04-30,PDS,0.0
2020-04-30,PFS,-0.11315
2020-04-30,PII,-0.3612
2020-04-30,PMBC,0.0
2020-04-30,POWI,0.0
2020-04-30,PRAH,0.12765
2020-04-30,PRGO,0.0
2020-04-30,PRLB,0.0
2020-04-30,PSA,0.0
2020-04-30,PTC,0.0
2020-04-30,PTCT,0.07470000000000002
2020-04-30,PWOD,0.296
2020-04-30,R,0.0
2020-04-30,RDS.A,-0.296
2020-04-30,REGI,0.128
2020-04-30,RFP,0.128
2020-04-30,RICK,0.0
2020-04-30,RIO,-0.4215
2020-04-30,RMD,0.2553
2020-04-30,ROG,0.0
2020-04-30,RRC,-0.064
2020-04-30,RRD,0.0
2020-04-30,RRGB,0.0
2020-04-30,RTH,0.0
2020-04-30,SAIA,0.0
2020-04-30,SAMG,0.3612
2020-04-30,SBCF,0.0
2020-04-30,SC,0.296
2020-04-30,SCI,0.1366
2020-04-30,SCSC,-0.4215
2020-04-30,SEM,-0.4215
2020-04-30,SF,-0.11315
2020-04-30,SGC,0.26644999999999996
2020-04-30,SHW,0.00411999999999999
2020-04-30,SILC,0.0
2020-04-30,SIMO,0.0
2020-04-30,SKX,-0.7096
2020-04-30,SNCR,0.0
2020-04-30,SPB,0.0
2020-04-30,ST,0.0
2020-04-30,STAG,0.0
2020-04-30,STAR,0.0
2020-04-30,STBA,-0.11315
2020-04-30,STM,-0.4215
2020-04-30,STRA,0.0
2020-04-30,SWI,0.0
2020-04-30,SWN,0.128
2020-04-30,SYNA,-0.4215
2020-04-30,TAP,0.0
2020-04-30,TBBK,0.0
2020-04-30,TBNK,0.0
2020-04-30,TCBK,0.0
2020-04-30,TDS,0.0
2020-04-30,TFX,-0.31693333333333334
2020-04-30,TNA,0.0
2020-04-30,TNDM,0.4094
2020-04-30,TNK,0.0
2020-04-30,TNP,0.0
2020-04-30,TOUR,-0.128
2020-04-30,TPL,0.5106
2020-04-30,TRN,0.296
2020-04-30,TRNX,0.0
2020-04-30,TRS,0.0
2020-04-30,TRUP,0.0
2020-04-30,TZA,0.0
2020-04-30,TZOO,-0.128
2020-04-30,UBSI,0.4215
2020-04-30,UCTT,0.23263333333333333
2020-04-30,UFI,0.0
2020-04-30,UHS,-0.128
2020-04-30,UIS,-0.4215
2020-04-30,ULBI,0.0
2020-04-30,USM,0.148
2020-04-30,UTL,-0.11315
2020-04-30,VAC,-0.128
2020-04-30,VBTX,0.0
2020-04-30,VC,0.0
2020-04-30,VECO,-0.4215
2020-04-30,VIRC,0.0
2020-04-30,VIV,-0.4215
2020-04-30,VPG,-0.4215
2020-04-30,VSAT,-0.4215
2020-04-30,VSEC,0.0
2020-04-30,WCC,-0.1806
2020-04-30,WEC,0.4939
2020-04-30,WHR,0.0
2020-04-30,WIRE,-0.128
2020-04-30,WIT,0.5472
2020-04-30,WRB,-0.4215
2020-04-30,WRLD,-0.5267
2020-04-30,XXII,0.3415
2020-04-30,ZBRA,0.218425
2020-05-01,AAOI,0.0
2020-05-01,ABMD,0.0
2020-05-01,ACC,-0.6369
2020-05-01,ADM,-0.15630000000000002
2020-05-01,AIMC,-0.3612
2020-05-01,AJG,-0.25
2020-05-01,ALGN,0.18295
2020-05-01,AME,-0.6369
2020-05-01,AMRK,0.0
2020-05-01,AMTX,-0.296
2020-05-01,ANTM,0.4939
2020-05-01,AON,-0.064
2020-05-01,APH,-0.6369
2020-05-01,AR,0.0
2020-05-01,ARR,-0.6369
2020-05-01,ARW,0.0625
2020-05-01,ARWR,0.0
2020-05-01,ASGN,0.09163333333333333
2020-05-01,ATHX,0.0
2020-05-01,ATNI,0.0
2020-05-01,ATNM,0.2023
2020-05-01,AXAS,-0.31845
2020-05-01,AZPN,-0.4588
2020-05-01,BAX,0.005149999999999988
2020-05-01,BBL,-0.31845
2020-05-01,BCPC,0.0
2020-05-01,BELFA,-0.1806
2020-05-01,BEN,-0.38245
2020-05-01,BERY,-0.1531
2020-05-01,BG,0.296
2020-05-01,BHE,0.0
2020-05-01,BHP,-0.31845
2020-05-01,BKH,0.2732
2020-05-01,BLDP,-0.6369
2020-05-01,BMO,-0.6369
2020-05-01,BPFH,-0.064
2020-05-01,BRKL,-0.2023
2020-05-01,BRKS,0.0
2020-05-01,BRO,-0.128
2020-05-01,BRP,-0.296
2020-05-01,CACI,-0.128
2020-05-01,CCJ,0.09866666666666667
2020-05-01,CDNA,-0.128
2020-05-01,CEA,0.0
2020-05-01,CENX,0.074
2020-05-01,CERN,0.06743333333333333
2020-05-01,CFR,0.148
2020-05-01,CG,-0.128
2020-05-01,CHD,0.0
2020-05-01,CL,-0.059199999999999996
2020-05-01,CLGX,0.055999999999999994
2020-05-01,CMI,-0.6369
2020-05-01,CNC,0.4939
2020-05-01,CNOB,0.4215
2020-05-01,COLM,-0.064
2020-05-01,CONE,-0.064
2020-05-01,COR,0.31589999999999996
2020-05-01,CQP,0.1531
2020-05-01,CROX,-0.6369
2020-05-01,CTO,-0.128
2020-05-01,CVE,-0.6369
2020-05-01,CVGI,0.0
2020-05-01,CWT,0.11010000000000002
2020-05-01,CZZ,-0.6369
2020-05-01,DAN,0.3818
2020-05-01,DCO,-0.08533333333333333
2020-05-01,DIN,-0.6369
2020-05-01,DOV,-0.6369
2020-05-01,DRE,-0.31845
2020-05-01,DY,-0.25
2020-05-01,DYNT,0.0
2020-05-01,EIGI,0.0726
2020-05-01,ELS,0.128
2020-05-01,EME,0.10115
2020-05-01,EMR,-0.6369
2020-05-01,ENBL,-0.6369
2020-05-01,ERIC,0.0258
2020-05-01,ESI,0.1779
2020-05-01,EWQ,-0.6249
2020-05-01,EXLS,-0.128
2020-05-01,EXPO,0.0
2020-05-01,EXR,-0.6369
2020-05-01,EYES,0.0
2020-05-01,FAF,0.0
2020-05-01,FBHS,0.4037
2020-05-01,FCEL,-0.6369
2020-05-01,FCF,-0.128
2020-05-01,FCN,0.0
2020-05-01,FGEN,0.10115
2020-05-01,FLXN,0.2732
2020-05-01,FLXS,0.0
2020-05-01,FMS,0.4939
2020-05-01,FORR,0.0
2020-05-01,GALT,0.0
2020-05-01,GIL,0.0
2020-05-01,GLYC,0.0
2020-05-01,GNRC,0.0
2020-05-01,GRBK,0.7269
2020-05-01,GRFS,0.4939
2020-05-01,HAFC,0.0
2020-05-01,HASI,-0.6369
2020-05-01,HBMD,-0.128
2020-05-01,HCA,-0.6369
2020-05-01,HCCI,0.296
2020-05-01,HERO,0.0
2020-05-01,HMC,-0.6369
2020-05-01,HOLX,0.0
2020-05-01,HRC,0.0
2020-05-01,HSC,-0.6369
2020-05-01,HTHT,-0.6369
2020-05-01,HUBG,0.025299999999999993
2020-05-01,HUM,0.4939
2020-05-01,HUN,0.0
2020-05-01,HURN,0.050575
2020-05-01,ICE,0.0
2020-05-01,IDA,0.15295
2020-05-01,IDXX,0.0
2020-05-01,ILMN,0.24796666666666667
2020-05-01,IMO,0.0
2020-05-01,INDA,0.128
2020-05-01,INWK,0.0
2020-05-01,IP,0.061
2020-05-01,IPG,-0.6369
2020-05-01,ISBC,-0.128
2020-05-01,ITT,0.0
2020-05-01,JBL,-0.6369
2020-05-01,JBT,-0.128
2020-05-01,JRVR,-0.128
2020-05-01,K,0.0
2020-05-01,KMI,-0.6369
2020-05-01,KMT,-0.6369
2020-05-01,KRC,-0.128
2020-05-01,KVHI,-0.1806
2020-05-01,LAZ,0.0
2020-05-01,LBAI,-0.07945
2020-05-01,LFC,-0.6369
2020-05-01,LMNX,0.0
2020-05-01,LOCO,0.0
2020-05-01,LPLA,0.3818
2020-05-01,LSTR,-0.128
2020-05-01,LTBR,0.0772
2020-05-01,MARPS,-0.2023
2020-05-01,MCO,0.08333333333333333
2020-05-01,MFC,-0.6369
2020-05-01,MGLN,0.32985
2020-05-01,MIK,-0.6369
2020-05-01,MINI,0.0
2020-05-01,MMC,0.0
2020-05-01,MMP,0.0
2020-05-01,MMYT,-0.6369
2020-05-01,MNKD,0.6486
2020-05-01,MOMO,-0.6369
2020-05-01,MRLN,0.19733333333333333
2020-05-01,MTDR,-0.31845
2020-05-01,MTN,-0.6369
2020-05-01,MTOR,0.0
2020-05-01,MXIM,-0.6369
2020-05-01,MYRG,0.0
2020-05-01,NATI,-0.128
2020-05-01,NBTB,-0.6369
2020-05-01,NDP,0.23835
2020-05-01,NLSN,-0.25
2020-05-01,NLY,0.128
2020-05-01,NMM,0.0
2020-05-01,NTG,0.23835
2020-05-01,NTRS,-0.6369
2020-05-01,NVCN,0.4588
2020-05-01,NWSA,-0.6369
2020-05-01,OHI,-0.6369
2020-05-01,OPHC,-0.2023
2020-05-01,OPTT,0.0
2020-05-01,OPY,0.0
2020-05-01,ORN,0.0
2020-05-01,OSIS,0.296
2020-05-01,PAA,-0.6369
2020-05-01,PDS,0.0
2020-05-01,PFSI,-0.6369
2020-05-01,PGRE,-0.6369
2020-05-01,PLOW,0.1531
2020-05-01,PLPC,0.0
2020-05-01,PNM,0.0
2020-05-01,PNR,-0.0903
2020-05-01,PPG,-0.128
2020-05-01,PRAH,0.1366
2020-05-01,PRI,0.0
2020-05-01,PRIM,0.6718
2020-05-01,PSA,-0.21075
2020-05-01,PSXP,-0.1531
2020-05-01,PTC,0.0
2020-05-01,PTCT,-0.128
2020-05-01,PUK,0.0
2020-05-01,PVG,-0.21075
2020-05-01,RCON,0.0
2020-05-01,RDS.A,0.0
2020-05-01,RE,-0.2023
2020-05-01,RHI,-0.6369
2020-05-01,RIO,-0.31845
2020-05-01,RMD,0.0
2020-05-01,ROG,0.0
2020-05-01,RRC,0.3389
2020-05-01,RVNC,0.1779
2020-05-01,SBS,-0.6369
2020-05-01,SCX,0.0
2020-05-01,SEM,0.0
2020-05-01,SHLX,-0.6369
2020-05-01,SID,-0.6369
2020-05-01,SMFG,-0.6369
2020-05-01,SMRT,0.0
2020-05-01,SNN,0.4939
2020-05-01,SNSS,0.0
2020-05-01,SSB,0.0
2020-05-01,ST,-0.6369
2020-05-01,STAY,-0.6369
2020-05-01,STX,-0.6369
2020-05-01,SUI,0.128
2020-05-01,SWI,-0.064
2020-05-01,SWN,-0.1779
2020-05-01,TA,0.0
2020-05-01,TAP,0.005733333333333331
2020-05-01,TBNK,0.0
2020-05-01,TEDU,0.0
2020-05-01,TEF,0.5267
2020-05-01,TEO,-0.2023
2020-05-01,TFX,0.014260000000000005
2020-05-01,TKR,0.0
2020-05-01,TMP,0.0
2020-05-01,TNDM,0.4709
2020-05-01,TNXP,0.0
2020-05-01,TPX,-0.6369
2020-05-01,TROW,-0.31845
2020-05-01,TRP,0.1366
2020-05-01,TRUP,0.0
2020-05-01,TS,0.0
2020-05-01,TSU,-0.6369
2020-05-01,TTP,0.4767
2020-05-01,TV,-0.6369
2020-05-01,TWIN,-0.11315
2020-05-01,TXN,-0.6369
2020-05-01,TXT,0.23775000000000002
2020-05-01,TYG,0.4767
2020-05-01,UBS,0.2732
2020-05-01,UFI,0.0
2020-05-01,UGP,-0.6369
2020-05-01,UNAM,-0.2023
2020-05-01,UNT,-0.6369
2020-05-01,VAC,-0.6369
2020-05-01,VET,-0.6369
2020-05-01,VHC,-0.4767
2020-05-01,VIPS,-0.6369
2020-05-01,VNOM,-0.6369
2020-05-01,VOD,-0.1747
2020-05-01,VPG,-0.128
2020-05-01,VRTS,0.0
2020-05-01,VVUS,0.24703333333333333
2020-05-01,WCC,0.4215
2020-05-01,WIT,-0.6369
2020-05-01,WPP,-0.128
2020-05-01,WWW,0.08753333333333331
2020-05-01,YY,-0.6369
2020-05-01,ZEN,-0.14904
2020-05-01,ZEUS,-0.12040000000000001
2020-05-02,AGNC,0.4404
2020-05-02,BRK.A,-0.07704285714285715
2020-05-02,BRK.B,-0.055275000000000005
2020-05-02,CODI,-0.5267
2020-05-02,EWY,0.6249
2020-05-02,GREK,-0.3612
2020-05-02,PW,-0.128
2020-05-02,SMPL,0.4404
2020-05-02,WRLD,-0.5267
2020-05-03,ACOR,0.0
2020-05-03,AERI,0.0
2020-05-03,ANIP,0.0
2020-05-03,ARWR,0.0
2020-05-03,ATHX,0.0
2020-05-03,ATRS,0.0
2020-05-03,AXDX,0.0
2020-05-03,AXGN,0.0
2020-05-03,BCLI,0.0
2020-05-03,BDSI,0.0
2020-05-03,BEAT,0.0
2020-05-03,CALA,0.0
2020-05-03,CDXS,0.0
2020-05-03,CERS,0.0
2020-05-03,CORT,0.0
2020-05-03,CSII,0.0
2020-05-03,DRNA,0.0
2020-05-03,ENDP,0.0
2020-05-03,EPZM,0.0
2020-05-03,ESPR,0.0
2020-05-03,EWY,-0.5994
2020-05-03,FGEN,0.0
2020-05-03,FOLD,0.0
2020-05-03,FPRX,0.0
2020-05-03,GMED,0.0
2020-05-03,HAE,0.0
2020-05-03,HBIO,0.0
2020-05-03,IART,0.0
2020-05-03,IRWD,0.0
2020-05-03,ITA,0.0
2020-05-03,ITCI,0.0
2020-05-03,KIN,0.0
2020-05-03,LGND,0.0
2020-05-03,MNKD,0.0
2020-05-03,MNTA,0.0
2020-05-03,NBY,0.0
2020-05-03,NKTR,0.0
2020-05-03,OXFD,0.0
2020-05-03,PACB,0.0
2020-05-03,PCRX,0.0
2020-05-03,PDLI,0.0
2020-05-03,PFNX,0.0
2020-05-03,PGNX,0.0
2020-05-03,RIGL,0.0
2020-05-03,RMTI,0.0
2020-05-03,SNSS,0.0
2020-05-03,TBPH,0.0
2020-05-03,VAR,0.0
2020-05-03,VCEL,0.0
2020-05-03,VCYT,0.0
2020-05-03,VNDA,0.0
2020-05-03,VSTM,0.0
2020-05-03,ZGNX,0.0
2020-05-04,ACCO,-0.1806
2020-05-04,ACHC,0.0
2020-05-04,ACOR,0.0
2020-05-04,AGIO,0.0085
2020-05-04,AGRX,0.0
2020-05-04,AHPI,0.0
2020-05-04,AIR,0.0
2020-05-04,ALSN,0.0
2020-05-04,ALX,0.0
2020-05-04,AMKR,0.0
2020-05-04,AMRC,0.0
2020-05-04,AMT,-0.1531
2020-05-04,AMTX,0.09106666666666667
2020-05-04,AON,-0.064
2020-05-04,ARCC,-0.1197
2020-05-04,ASB,0.3182
2020-05-04,ASGN,0.0
2020-05-04,ATV,0.0
2020-05-04,AUY,0.2023
2020-05-04,AVH,0.02495
2020-05-04,AWR,-0.2263
2020-05-04,AWRE,0.128
2020-05-04,AXAS,0.0
2020-05-04,AXE,0.4767
2020-05-04,AXS,0.064
2020-05-04,AZZ,0.0
2020-05-04,BCPC,-0.128
2020-05-04,BERY,-0.128
2020-05-04,BHLB,0.0
2020-05-04,BKH,-0.2263
2020-05-04,BRG,0.8481
2020-05-04,BRKL,-0.2023
2020-05-04,BX,-0.4019
2020-05-04,CACI,0.7506
2020-05-04,CAPL,0.0
2020-05-04,CBFV,0.0
2020-05-04,CBLI,0.25
2020-05-04,CCC,-0.3612
2020-05-04,CCI,-0.1531
2020-05-04,CCJ,-0.4019
2020-05-04,CCLP,-0.12040000000000001
2020-05-04,CDR,0.5106
2020-05-04,CERS,0.4767
2020-05-04,CG,-0.128
2020-05-04,CHMG,0.0
2020-05-04,CHRW,-0.128
2020-05-04,CHTR,0.36556666666666665
2020-05-04,CL,0.0
2020-05-04,CLGX,0.0
2020-05-04,CNA,-0.07543333333333334
2020-05-04,CNCE,0.0
2020-05-04,CO,-0.2023
2020-05-04,CODI,-0.11534999999999998
2020-05-04,CONE,0.0
2020-05-04,COR,0.296
2020-05-04,CORT,0.0
2020-05-04,CPTA,-0.1531
2020-05-04,CREG,0.1366
2020-05-04,CRNT,0.05769999999999999
2020-05-04,CRUS,0.0
2020-05-04,CTT,0.34
2020-05-04,CUBI,-0.2263
2020-05-04,CVE,-0.4019
2020-05-04,CVM,-0.42255
2020-05-04,CYCC,0.0
2020-05-04,CYH,-0.128
2020-05-04,DHT,0.0
2020-05-04,DISCB,0.0
2020-05-04,DLB,-0.1806
2020-05-04,DSX,0.0
2020-05-04,EGO,0.2023
2020-05-04,EGRX,0.0
2020-05-04,EL,0.0
2020-05-04,EMN,-0.120175
2020-05-04,ENVA,0.0
2020-05-04,EPZM,-0.07655
2020-05-04,EQC,0.0
2020-05-04,EWI,0.34
2020-05-04,EXTR,0.2732
2020-05-04,EYES,0.0
2020-05-04,FCEL,0.2732
2020-05-04,FDUS,0.0
2020-05-04,FLR,0.0
2020-05-04,FMBI,-0.4588
2020-05-04,FMNB,0.0
2020-05-04,FN,-0.12040000000000001
2020-05-04,FNJN,-0.4767
2020-05-04,FRAN,-0.0413
2020-05-04,FRPT,-0.1806
2020-05-04,FSTR,0.6808
2020-05-04,FWRD,-0.128
2020-05-04,GFI,0.2023
2020-05-04,GHL,0.0
2020-05-04,GLAD,0.0
2020-05-04,GWB,0.2637
2020-05-04,HAFC,0.0
2020-05-04,HAS,-0.4588
2020-05-04,HAYN,0.368
2020-05-04,HBI,0.0
2020-05-04,HBNC,-0.3612
2020-05-04,HBP,-0.1531
2020-05-04,HCC,0.0
2020-05-04,HERO,0.28175
2020-05-04,HMY,0.2023
2020-05-04,HNRG,0.2732
2020-05-04,HRC,-0.128
2020-05-04,HRTG,0.0
2020-05-04,HSC,0.0
2020-05-04,HTGC,0.0
2020-05-04,HUBG,-0.064
2020-05-04,HUN,-0.24640000000000004
2020-05-04,HURN,0.0
2020-05-04,IAG,0.2023
2020-05-04,IDA,0.10115
2020-05-04,III,0.5473
2020-05-04,IIIN,0.0
2020-05-04,ILMN,0.0
2020-05-04,IPO,0.5267
2020-05-04,ITRI,-0.23835
2020-05-04,ITT,-0.064
2020-05-04,JJSF,0.0
2020-05-04,KE,0.0
2020-05-04,KELYA,-0.0903
2020-05-04,KFFB,0.0
2020-05-04,KMT,-0.07655
2020-05-04,KTOS,0.4019
2020-05-04,L,0.0
2020-05-04,LADR,0.2577
2020-05-04,LAND,0.0
2020-05-04,LAZ,0.0
2020-05-04,LBRDK,0.5267
2020-05-04,LBTYB,-0.1589
2020-05-04,LBTYK,0.8402
2020-05-04,LJPC,0.0
2020-05-04,LMAT,-0.128
2020-05-04,LMNX,0.3062
2020-05-04,MCF,0.1351
2020-05-04,MCY,-0.07655
2020-05-04,MDWD,0.2732
2020-05-04,MGLN,0.0
2020-05-04,MHK,-0.07655
2020-05-04,MINI,0.0
2020-05-04,MMC,-0.128
2020-05-04,MMLP,0.0
2020-05-04,MMP,-0.128
2020-05-04,MNK,0.0
2020-05-04,MOFG,-0.3612
2020-05-04,MOH,0.10115
2020-05-04,MOMO,-0.128
2020-05-04,MPAA,0.0
2020-05-04,MPB,0.0
2020-05-04,MRLN,0.0
2020-05-04,MSBF,0.0
2020-05-04,MTOR,0.0
2020-05-04,MTSC,0.0
2020-05-04,MTSL,0.1779
2020-05-04,MWA,0.0
2020-05-04,MXL,0.10115
2020-05-04,NAT,0.0
2020-05-04,NATI,0.0
2020-05-04,NCMI,-0.128
2020-05-04,NFG,0.1779
2020-05-04,NNN,-0.1531
2020-05-04,NRT,0.0
2020-05-04,NSIT,-0.128
2020-05-04,NSP,0.0
2020-05-04,NSSC,0.34
2020-05-04,NWL,0.2577
2020-05-04,O,0.0
2020-05-04,OCFC,0.296
2020-05-04,OGEN,0.148
2020-05-04,OHI,0.0
2020-05-04,OLED,0.0
2020-05-04,OSK,-0.128
2020-05-04,OTEL,0.0
2020-05-04,PATK,-0.3612
2020-05-04,PBI,0.09006666666666667
2020-05-04,PCH,0.0
2020-05-04,PEI,0.0
2020-05-04,PETS,0.09866666666666667
2020-05-04,PLX,0.0
2020-05-04,PNM,0.1779
2020-05-04,PNR,0.0
2020-05-04,POST,-0.25
2020-05-04,PRAH,-0.128
2020-05-04,PRPH,-0.2023
2020-05-04,PSA,-0.1531
2020-05-04,PSXP,0.06484999999999999
2020-05-04,QTS,0.5106
2020-05-04,RBA,0.0
2020-05-04,RBC,-0.07655
2020-05-04,RE,-0.2023
2020-05-04,REI,0.2732
2020-05-04,REV,0.62285
2020-05-04,REXR,0.02476666666666667
2020-05-04,RFP,0.0
2020-05-04,RGCO,-0.17770000000000002
2020-05-04,RGLS,-0.128
2020-05-04,RMBS,0.0
2020-05-04,RRC,0.0
2020-05-04,RSG,-0.128
2020-05-04,RVP,0.20095
2020-05-04,SAMG,-0.128
2020-05-04,SAND,0.10115
2020-05-04,SBGI,-0.4549
2020-05-04,SBLK,0.0
2020-05-04,SCVL,0.0
2020-05-04,SEM,0.1366
2020-05-04,SGRP,0.2732
2020-05-04,SGU,0.0
2020-05-04,SIEB,-0.2023
2020-05-04,SLCA,0.0
2020-05-04,SLRC,-0.1197
2020-05-04,SMLP,0.0
2020-05-04,SO,0.3818
2020-05-04,SREV,-0.128
2020-05-04,STML,0.05883333333333334
2020-05-04,STRL,-0.3612
2020-05-04,SWN,0.1366
2020-05-04,SYKE,-0.2446
2020-05-04,TAP,-0.128
2020-05-04,TCBK,-0.128
2020-05-04,TEO,-0.2023
2020-05-04,THS,-0.128
2020-05-04,TKR,-0.128
2020-05-04,TNP,0.2732
2020-05-04,TRUE,0.0
2020-05-04,TS,-0.064
2020-05-04,TSLX,-0.1197
2020-05-04,TTEC,0.0
2020-05-04,UBSI,0.2873
2020-05-04,UFCS,-0.0258
2020-05-04,UFI,0.0
2020-05-04,VAR,0.0
2020-05-04,VC,0.0
2020-05-04,VGZ,0.0
2020-05-04,VNOM,0.2732
2020-05-04,VRNS,-0.11315
2020-05-04,VRTS,-0.1806
2020-05-04,VSTM,-0.34
2020-05-04,WCC,0.4767
2020-05-04,WCN,-0.5106
2020-05-04,WEC,0.1686
2020-05-04,WEX,0.0
2020-05-04,WHF,0.2577
2020-05-04,WPG,0.0
2020-05-04,WWD,0.0
2020-05-04,XLP,-0.296
2020-05-04,XLV,-0.296
2020-05-04,XLY,-0.296
2020-05-05,ABCB,0.0
2020-05-05,ABG,0.059199999999999996
2020-05-05,ACHC,0.148
2020-05-05,ACLS,0.0
2020-05-05,ACM,-0.07655
2020-05-05,ACOR,0.09809999999999999
2020-05-05,ADM,0.2732
2020-05-05,ADPT,0.5423
2020-05-05,AGCO,0.09866666666666667
2020-05-05,AGN,0.23835
2020-05-05,AGRX,0.16555
2020-05-05,AHPI,0.0
2020-05-05,AIZ,-0.05103333333333334
2020-05-05,AJG,0.36005
2020-05-05,AKR,0.5106
2020-05-05,ALL,0.0
2020-05-05,ALSN,0.296
2020-05-05,AMCX,-0.08533333333333333
2020-05-05,AME,0.047633333333333326
2020-05-05,AMRC,-0.128
2020-05-05,AMTX,0.2732
2020-05-05,ANAT,-0.3182
2020-05-05,ANET,0.2827
2020-05-05,ANTM,0.8481
2020-05-05,AOS,-0.3612
2020-05-05,AOSL,0.0
2020-05-05,APH,0.8481
2020-05-05,APTO,0.0
2020-05-05,ARC,0.0258
2020-05-05,ARCB,-0.1531
2020-05-05,ARCC,0.03484999999999999
2020-05-05,ARMK,-0.1531
2020-05-05,ARW,0.296
2020-05-05,ASB,0.0
2020-05-05,ASC,0.074
2020-05-05,ASH,0.0
2020-05-05,ATHX,0.0
2020-05-05,ATI,0.074
2020-05-05,ATRO,0.0
2020-05-05,ATRS,0.11148
2020-05-05,AXTI,0.0
2020-05-05,BAX,0.0
2020-05-05,BBSI,-0.3612
2020-05-05,BERY,0.0
2020-05-05,BGCP,0.0
2020-05-05,BHLB,0.0
2020-05-05,BIOL,0.0
2020-05-05,BLDR,0.10115
2020-05-05,BLKB,0.0
2020-05-05,BOKF,0.0
2020-05-05,BX,0.8481
2020-05-05,BXC,-0.1531
2020-05-05,BXS,0.0
2020-05-05,CACI,0.0
2020-05-05,CAMP,0.0
2020-05-05,CBB,-0.2263
2020-05-05,CCC,-0.042666666666666665
2020-05-05,CCCL,0.0
2020-05-05,CCJ,0.0
2020-05-05,CCLP,0.31456666666666666
2020-05-05,CDNA,0.0
2020-05-05,CELP,0.6705
2020-05-05,CENX,0.8271
2020-05-05,CEO,0.6705
2020-05-05,CEQP,0.07144999999999999
2020-05-05,CERN,0.8481
2020-05-05,CERS,0.2787
2020-05-05,CG,0.8481
2020-05-05,CIX,0.0
2020-05-05,CLI,0.2577
2020-05-05,CLNE,0.6249
2020-05-05,CLRO,-0.5859
2020-05-05,CLW,0.148
2020-05-05,CMP,-0.1531
2020-05-05,CNC,0.8481
2020-05-05,CNO,0.0
2020-05-05,CODI,-0.046139999999999994
2020-05-05,COHU,0.0
2020-05-05,COKE,0.0
2020-05-05,COR,0.296
2020-05-05,COW,0.0
2020-05-05,CPSI,-0.11315
2020-05-05,CPTA,0.148
2020-05-05,CRTO,-0.128
2020-05-05,CRUS,0.09866666666666667
2020-05-05,CSII,0.20215
2020-05-05,CVE,0.6705
2020-05-05,CVM,0.0
2020-05-05,D,0.056833333333333326
2020-05-05,DAN,0.0
2020-05-05,DBA,0.0
2020-05-05,DD,-0.128
2020-05-05,DHT,-0.2263
2020-05-05,DISCK,-0.128
2020-05-05,DLB,-0.12385
2020-05-05,DOOR,0.0
2020-05-05,DVA,0.0
2020-05-05,EARN,0.0
2020-05-05,EPZM,0.0
2020-05-05,ERA,-0.1531
2020-05-05,EVER,0.09866666666666667
2020-05-05,EVGN,0.0
2020-05-05,EVK,0.0
2020-05-05,EWQ,0.0
2020-05-05,EXEL,0.2787
2020-05-05,EXPD,0.0
2020-05-05,EYES,0.44394999999999996
2020-05-05,FANG,0.51865
2020-05-05,FAST,0.8481
2020-05-05,FDS,0.0
2020-05-05,FFIN,0.0
2020-05-05,FIVN,0.052700000000000004
2020-05-05,FLIC,-0.3612
2020-05-05,FLR,0.6597
2020-05-05,FN,0.06484999999999999
2020-05-05,FNHC,-0.2263
2020-05-05,FRAN,0.0
2020-05-05,FRPT,0.0
2020-05-05,FSP,-0.128
2020-05-05,FSTR,-0.3612
2020-05-05,GHC,0.0
2020-05-05,GLRE,0.0
2020-05-05,GLT,-0.07655
2020-05-05,GMO,0.0
2020-05-05,GNW,-0.11315
2020-05-05,GORO,-0.3612
2020-05-05,GPC,0.2577
2020-05-05,GPI,0.0
2020-05-05,GPRE,-0.128
2020-05-05,HAE,0.022733333333333328
2020-05-05,HBI,0.8481
2020-05-05,HBIO,0.09809999999999999
2020-05-05,HCA,0.8481
2020-05-05,HCC,0.0
2020-05-05,HCKT,-0.1531
2020-05-05,HE,-0.1806
2020-05-05,HMC,0.7579
2020-05-05,HOG,0.0
2020-05-05,HSIC,0.041999999999999996
2020-05-05,HSKA,0.296
2020-05-05,HTA,0.5106
2020-05-05,HTGC,0.15796666666666667
2020-05-05,HTHT,0.8481
2020-05-05,HUN,-0.128
2020-05-05,HY,-0.1531
2020-05-05,IBKC,0.0
2020-05-05,ICFI,-0.1531
2020-05-05,IESC,0.0
2020-05-05,INGR,0.0
2020-05-05,INS,0.128
2020-05-05,IOSP,0.0
2020-05-05,IPGP,0.0
2020-05-05,IPWR,0.0
2020-05-05,ITRI,0.02817499999999999
2020-05-05,JAZZ,-0.2732
2020-05-05,JJG,0.0
2020-05-05,JLL,0.0
2020-05-05,JOUT,0.0
2020-05-05,KBAL,0.0
2020-05-05,KE,0.0
2020-05-05,KELYA,0.0
2020-05-05,KEX,0.0
2020-05-05,KMT,0.296
2020-05-05,KOPN,0.296
2020-05-05,KPTI,0.09509999999999999
2020-05-05,LADR,-0.2263
2020-05-05,LANC,-0.2263
2020-05-05,LBTYB,0.0
2020-05-05,LDL,0.0
2020-05-05,LFVN,-0.3612
2020-05-05,LMNX,0.0
2020-05-05,LPCN,0.0772
2020-05-05,LPLA,0.0
2020-05-05,LPTH,0.8591
2020-05-05,LPX,0.0
2020-05-05,LTBR,0.0
2020-05-05,MANT,0.0
2020-05-05,MATX,0.0
2020-05-05,MBII,-0.26335
2020-05-05,MCC,0.4939
2020-05-05,MCS,-0.07655
2020-05-05,MDC,-0.1806
2020-05-05,MDLY,0.4939
2020-05-05,MIC,-0.3612
2020-05-05,MKTX,0.0
2020-05-05,MLM,-0.11315
2020-05-05,MMLP,0.0
2020-05-05,MNK,-0.07655
2020-05-05,MODN,0.0
2020-05-05,MOH,0.0
2020-05-05,MPLX,0.0
2020-05-05,MRLN,0.0
2020-05-05,MRTN,0.0
2020-05-05,MSEX,0.0
2020-05-05,NCMI,-0.1806
2020-05-05,NDP,0.0
2020-05-05,NNN,-0.128
2020-05-05,NOK,0.296
2020-05-05,NPO,-0.1531
2020-05-05,NS,0.3919
2020-05-05,NSP,0.0
2020-05-05,NSSC,0.0
2020-05-05,NVRO,0.20215
2020-05-05,NXST,-0.128
2020-05-05,NXTD,0.296
2020-05-05,NYT,0.0
2020-05-05,O,0.296
2020-05-05,OBCI,0.0
2020-05-05,OGEN,0.0
2020-05-05,OMI,0.10115
2020-05-05,OPHC,-0.2023
2020-05-05,OPTT,0.0
2020-05-05,OXFD,0.082775
2020-05-05,PAA,0.0
2020-05-05,PAGP,-0.1531
2020-05-05,PARR,-0.064
2020-05-05,PBA,0.6705
2020-05-05,PBI,0.0
2020-05-05,PDS,0.6705
2020-05-05,PEJ,0.0
2020-05-05,PEP,0.0
2020-05-05,PFSI,0.8481
2020-05-05,PGC,0.0
2020-05-05,PII,0.0
2020-05-05,PINC,0.0
2020-05-05,PNFP,0.0
2020-05-05,POWL,0.0
2020-05-05,PRAH,-0.128
2020-05-05,PRIM,-0.11315
2020-05-05,PRO,0.0
2020-05-05,PROV,-0.3612
2020-05-05,PSXP,0.0
2020-05-05,PTLA,0.148
2020-05-05,PTR,0.6705
2020-05-05,PVG,-0.128
2020-05-05,QTS,0.7096
2020-05-05,QUAD,0.0
2020-05-05,QUMU,-0.3612
2020-05-05,RCON,0.5719
2020-05-05,REED,0.0
2020-05-05,RIBT,-0.03260000000000002
2020-05-05,RIGL,0.41746666666666665
2020-05-05,RMBS,0.0
2020-05-05,ROL,0.0
2020-05-05,RSG,0.0
2020-05-05,RVP,0.0
2020-05-05,RYAM,0.17635
2020-05-05,SBAC,0.0
2020-05-05,SBGI,-0.064
2020-05-05,SEE,0.074
2020-05-05,SEM,0.8481
2020-05-05,SGEN,0.8481
2020-05-05,SIGI,-0.11315
2020-05-05,SIVB,0.08895
2020-05-05,SJW,-0.25
2020-05-05,SLF,0.0
2020-05-05,SLV,-0.1531
2020-05-05,SPRO,0.0
2020-05-05,SRC,0.30915000000000004
2020-05-05,SRE,0.23316666666666666
2020-05-05,SSB,0.0
2020-05-05,STM,0.0
2020-05-05,STML,0.012383333333333335
2020-05-05,STRL,0.0
2020-05-05,STXS,0.0
2020-05-05,SYK,0.57205
2020-05-05,SYNL,0.0
2020-05-05,TA,-0.12040000000000001
2020-05-05,TACT,0.0
2020-05-05,TAL,0.8481
2020-05-05,TCFC,0.0
2020-05-05,TEDU,0.0
2020-05-05,TEX,0.8481
2020-05-05,TGH,0.0
2020-05-05,TIVO,0.8481
2020-05-05,TM,0.7579
2020-05-05,TREC,0.0
2020-05-05,TREE,-0.07655
2020-05-05,TRI,-0.11315
2020-05-05,TSLX,0.0
2020-05-05,TTM,0.0
2020-05-05,TTP,0.0
2020-05-05,TWOU,0.8481
2020-05-05,TXRH,0.0
2020-05-05,UCBI,0.4215
2020-05-05,UFPT,0.0
2020-05-05,UNTY,0.0
2020-05-05,USAC,-0.0073999999999999995
2020-05-05,USCR,0.0
2020-05-05,USEG,0.0
2020-05-05,VAC,-0.128
2020-05-05,VAR,-0.128
2020-05-05,VCEL,0.021166666666666667
2020-05-05,VPG,0.0
2020-05-05,VRNS,0.0015166666666666662
2020-05-05,VRSK,0.0
2020-05-05,VZ,0.25
2020-05-05,WBA,0.0
2020-05-05,WCC,0.8481
2020-05-05,WEC,0.49060000000000004
2020-05-05,WHR,0.00425
2020-05-05,WIFI,-0.12040000000000001
2020-05-05,WLFC,0.0
2020-05-05,WLK,-0.0015000000000000013
2020-05-05,WMK,0.0
2020-05-05,WWD,0.0726
2020-05-05,XOMA,0.0
2020-05-05,Y,0.34
2020-05-05,YINN,0.0
2020-05-05,ZGNX,0.2787
2020-05-05,ZTS,0.8481
2020-05-06,ABG,0.184
2020-05-06,ACHC,0.004299999999999998
2020-05-06,ACLS,0.0
2020-05-06,ACM,0.0
2020-05-06,ACOR,-0.128
2020-05-06,ACST,-0.128
2020-05-06,ADBE,0.7783
2020-05-06,AEIS,0.5339999999999999
2020-05-06,AEL,-0.1531
2020-05-06,AERI,-0.07455
2020-05-06,AEZS,0.0
2020-05-06,AGCO,0.2577
2020-05-06,AGN,0.0772
2020-05-06,AGRX,0.0386
2020-05-06,AHPI,0.0
2020-05-06,ALE,-0.1531
2020-05-06,ALG,-0.3612
2020-05-06,ALSK,-0.1531
2020-05-06,ALSN,0.3818
2020-05-06,AM,0.0
2020-05-06,AMCX,-0.128
2020-05-06,AME,-0.1806
2020-05-06,AMED,-0.1531
2020-05-06,AMRC,0.33525
2020-05-06,ANET,0.09486666666666665
2020-05-06,ANSS,-0.07655
2020-05-06,AOS,0.21075
2020-05-06,AOSL,0.0
2020-05-06,AP,-0.07655
2020-05-06,ARKK,0.0
2020-05-06,ARKW,0.0
2020-05-06,ARMK,-0.128
2020-05-06,ASC,0.0
2020-05-06,ASH,0.0
2020-05-06,ASTE,-0.1531
2020-05-06,ATAX,-0.3612
2020-05-06,ATHX,0.0
2020-05-06,ATRO,0.0
2020-05-06,ATRS,-0.064
2020-05-06,AUDC,0.0
2020-05-06,AVB,0.0
2020-05-06,AWK,0.0
2020-05-06,AXGN,-0.09466666666666668
2020-05-06,AZPN,-0.3612
2020-05-06,BBL,0.743
2020-05-06,BCOR,-0.1806
2020-05-06,BEAT,-0.025300000000000003
2020-05-06,BEN,-0.296
2020-05-06,BEP,0.0
2020-05-06,BFAM,0.1027
2020-05-06,BFS,0.0
2020-05-06,BG,-0.038275
2020-05-06,BHLB,-0.064
2020-05-06,BHP,0.743
2020-05-06,BKCC,0.0
2020-05-06,BKEP,-0.1027
2020-05-06,BKU,-0.128
2020-05-06,BNFT,0.0
2020-05-06,BOKF,-0.128
2020-05-06,BREW,0.0
2020-05-06,BRKR,-0.03260000000000002
2020-05-06,BWA,0.0683
2020-05-06,CAPL,0.0
2020-05-06,CBB,0.0
2020-05-06,CBFV,0.0
2020-05-06,CBMG,0.0386
2020-05-06,CBZ,-0.1806
2020-05-06,CCS,0.368
2020-05-06,CDW,0.0
2020-05-06,CDXS,0.0
2020-05-06,CEA,-0.7717
2020-05-06,CECE,-0.07655
2020-05-06,CEMI,-0.148
2020-05-06,CEQP,0.0
2020-05-06,CF,0.0
2020-05-06,CFBK,0.0
2020-05-06,CINF,0.5106
2020-05-06,CLCT,0.0
2020-05-06,CLW,0.2553
2020-05-06,CODI,0.0
2020-05-06,CONE,0.3818
2020-05-06,CPA,-0.1531
2020-05-06,CPK,0.0
2020-05-06,CPSI,-0.128
2020-05-06,CPST,0.2732
2020-05-06,CPTA,0.0
2020-05-06,CSGP,0.0
2020-05-06,CSTE,0.0
2020-05-06,CTSO,0.0
2020-05-06,CUB,-0.1806
2020-05-06,CUZ,0.0
2020-05-06,CW,0.0
2020-05-06,CXW,0.0
2020-05-06,DAR,0.5859
2020-05-06,DD,-0.0903
2020-05-06,DDD,-0.1531
2020-05-06,DHX,-0.3612
2020-05-06,DISCK,0.0
2020-05-06,DLHC,0.0
2020-05-06,DLPH,0.09106666666666667
2020-05-06,DNN,0.0
2020-05-06,DNOW,-0.3612
2020-05-06,DQ,0.0
2020-05-06,DRQ,-0.1531
2020-05-06,DVA,0.148
2020-05-06,DX,-0.11315
2020-05-06,EFOI,0.0
2020-05-06,EMN,0.0
2020-05-06,ENBL,-0.1806
2020-05-06,ENTA,-0.1531
2020-05-06,ESE,-0.1531
2020-05-06,ESPR,0.0386
2020-05-06,ESS,0.5106
2020-05-06,ESTE,-0.1027
2020-05-06,EVER,0.0
2020-05-06,EWBC,-0.3612
2020-05-06,EXEL,0.0
2020-05-06,EXPD,0.1909
2020-05-06,EXR,0.0
2020-05-06,FANG,0.2248
2020-05-06,FDS,0.2023
2020-05-06,FICO,0.3182
2020-05-06,FIVN,0.0
2020-05-06,FMC,0.0
2020-05-06,FMS,0.0
2020-05-06,FNV,0.0
2020-05-06,FORM,0.0
2020-05-06,FOXF,-0.2263
2020-05-06,FRBA,0.0
2020-05-06,FRPH,0.0
2020-05-06,FSLR,0.6486
2020-05-06,FSP,0.0
2020-05-06,FSTR,-0.128
2020-05-06,GABC,0.0
2020-05-06,GEL,0.08524999999999999
2020-05-06,GEO,0.0
2020-05-06,GIFI,0.0
2020-05-06,GLBS,0.0
2020-05-06,GNW,0.0
2020-05-06,GOLD,-0.5719
2020-05-06,GORO,-0.064
2020-05-06,GPC,-0.1181
2020-05-06,GPI,0.0085
2020-05-06,GTY,0.0
2020-05-06,GWB,-0.2023
2020-05-06,HAE,-0.128
2020-05-06,HCKT,0.0
2020-05-06,HDSN,0.0
2020-05-06,HEP,0.2006
2020-05-06,HI,0.0
2020-05-06,HIL,0.0
2020-05-06,HIW,0.0
2020-05-06,HMY,0.128
2020-05-06,HSIC,0.0
2020-05-06,HUN,0.0
2020-05-06,IAG,-0.128
2020-05-06,IDN,0.0
2020-05-06,IEC,0.0
2020-05-06,INCY,0.2808
2020-05-06,INGN,-0.05353333333333334
2020-05-06,INGR,0.0726
2020-05-06,INTL,0.0
2020-05-06,IO,0.0
2020-05-06,IPGP,0.0
2020-05-06,IPI,-0.2263
2020-05-06,IRT,0.4019
2020-05-06,IRWD,-0.07455
2020-05-06,ITRI,0.0
2020-05-06,ITW,0.17696666666666663
2020-05-06,IVC,-0.1531
2020-05-06,IYR,0.2023
2020-05-06,JAZZ,-0.0767
2020-05-06,KOPN,0.0
2020-05-06,KPTI,-0.128
2020-05-06,KRG,0.5106
2020-05-06,KW,-0.3612
2020-05-06,LADR,0.26335
2020-05-06,LAND,0.0
2020-05-06,LAZ,-0.128
2020-05-06,LBTYA,0.5267
2020-05-06,LCI,-0.26115
2020-05-06,LGND,0.0193
2020-05-06,LJPC,0.17
2020-05-06,LPLA,0.0
2020-05-06,LPSN,0.032083333333333325
2020-05-06,LPTH,0.0
2020-05-06,LPX,-0.128
2020-05-06,LTBR,0.0
2020-05-06,LXU,-0.3612
2020-05-06,MAA,0.0
2020-05-06,MAGS,0.0
2020-05-06,MASI,0.0
2020-05-06,MBII,-0.5267
2020-05-06,MCS,-0.128
2020-05-06,MEET,-0.11315
2020-05-06,MFC,0.0
2020-05-06,MGK,0.0
2020-05-06,MHK,0.0
2020-05-06,MKTX,0.0
2020-05-06,MLM,-0.128
2020-05-06,MLR,0.0
2020-05-06,MLVF,0.0
2020-05-06,MNK,0.0
2020-05-06,MNKD,0.0386
2020-05-06,MNR,-0.1531
2020-05-06,MO,0.0
2020-05-06,MODN,0.0017000000000000001
2020-05-06,MRLN,0.0
2020-05-06,MRTN,-0.1806
2020-05-06,MTRX,-0.3612
2020-05-06,MWA,0.0
2020-05-06,MX,-0.1531
2020-05-06,MYE,-0.07655
2020-05-06,NAT,0.0
2020-05-06,NCMI,-0.128
2020-05-06,NDLS,-0.3612
2020-05-06,NETE,0.19733333333333333
2020-05-06,NI,-0.11315
2020-05-06,NL,0.0
2020-05-06,NLS,0.148
2020-05-06,NLST,0.0
2020-05-06,NNA,0.148
2020-05-06,NOA,0.0
2020-05-06,NS,0.2732
2020-05-06,NSSC,0.34
2020-05-06,NTRS,0.6523
2020-05-06,NUAN,0.5859
2020-05-06,NUVA,-0.025300000000000003
2020-05-06,NVRO,0.0022666666666666577
2020-05-06,NXST,-0.05767499999999999
2020-05-06,NYCB,0.0
2020-05-06,NYT,0.07406
2020-05-06,ODP,-0.04526
2020-05-06,OFC,0.0
2020-05-06,OMAB,0.0
2020-05-06,OMI,0.0
2020-05-06,OXFD,0.0
2020-05-06,PACB,-0.037950000000000005
2020-05-06,PACD,0.2732
2020-05-06,PAG,-0.1806
2020-05-06,PARR,0.0
2020-05-06,PB,0.0
2020-05-06,PBI,0.0
2020-05-06,PERI,0.074
2020-05-06,PFIE,0.2732
2020-05-06,PINC,-0.064
2020-05-06,PKI,0.08
2020-05-06,PKOH,-0.07655
2020-05-06,PLOW,0.1531
2020-05-06,POPE,0.4767
2020-05-06,PPG,0.0085
2020-05-06,PRGS,0.4215
2020-05-06,PRO,-0.05175000000000002
2020-05-06,PRPH,-0.2023
2020-05-06,PTCT,0.24914999999999998
2020-05-06,PTLA,0.0
2020-05-06,QTWO,-0.1531
2020-05-06,RBC,0.0
2020-05-06,RCII,-0.07655
2020-05-06,RDWR,-0.1806
2020-05-06,RDY,0.0
2020-05-06,RE,0.0
2020-05-06,RES,0.0
2020-05-06,RESN,-0.3612
2020-05-06,RGCO,-0.2023
2020-05-06,RGLD,0.0
2020-05-06,RIO,0.743
2020-05-06,RM,0.0
2020-05-06,RMAX,-0.2263
2020-05-06,RNR,0.0
2020-05-06,ROCK,-0.07655
2020-05-06,ROL,0.0
2020-05-06,ROSE,0.1366
2020-05-06,RP,-0.1531
2020-05-06,RPAI,-0.128
2020-05-06,RSG,0.148
2020-05-06,RST,0.0
2020-05-06,RYI,-0.1531
2020-05-06,SAEX,0.2732
2020-05-06,SAFM,0.0
2020-05-06,SAR,-0.2263
2020-05-06,SBAC,0.2732
2020-05-06,SBGI,-0.07676
2020-05-06,SBLK,-0.2023
2020-05-06,SBNY,-0.1806
2020-05-06,SCM,0.296
2020-05-06,SCU,0.0
2020-05-06,SCYX,0.0
2020-05-06,SEE,-0.128
2020-05-06,SGA,0.0
2020-05-06,SGEN,0.0772
2020-05-06,SIEB,0.0
2020-05-06,SIGI,0.0
2020-05-06,SIVB,-0.3612
2020-05-06,SJI,-0.1531
2020-05-06,SLF,0.148
2020-05-06,SLP,0.0
2020-05-06,SMSI,0.148
2020-05-06,SMTX,0.0
2020-05-06,SRI,-0.3612
2020-05-06,SSI,0.0
2020-05-06,STAA,0.0
2020-05-06,STAY,0.0
2020-05-06,STFC,0.0
2020-05-06,STKL,0.0
2020-05-06,STLD,0.5106
2020-05-06,STNG,0.09106666666666667
2020-05-06,STON,-0.2023
2020-05-06,SVA,0.3454
2020-05-06,SYNC,-0.3612
2020-05-06,TA,-0.128
2020-05-06,TBPH,-0.07455
2020-05-06,TCP,-0.3612
2020-05-06,TGH,0.0
2020-05-06,THC,-0.128
2020-05-06,TIVO,-0.07655
2020-05-06,TMHC,0.0
2020-05-06,TNC,0.0
2020-05-06,TPVG,0.0
2020-05-06,TREE,-0.029875
2020-05-06,TRI,0.1419
2020-05-06,TROV,0.0
2020-05-06,TROX,0.0
2020-05-06,TRUE,-0.128
2020-05-06,TTGT,-0.1531
2020-05-06,TWO,-0.173
2020-05-06,TXMD,0.025733333333333334
2020-05-06,TXRH,-0.2446
2020-05-06,UFCS,-0.08524999999999999
2020-05-06,UGI,-0.07655
2020-05-06,USAC,0.2577
2020-05-06,UTL,0.1779
2020-05-06,VAC,0.0
2020-05-06,VBLT,0.0
2020-05-06,VCYT,-0.07455
2020-05-06,VNDA,0.0386
2020-05-06,VRS,-0.128
2020-05-06,VRTS,0.0
2020-05-06,VRTV,0.0
2020-05-06,VVUS,0.0386
2020-05-06,WCN,0.0
2020-05-06,WD,0.0
2020-05-06,WLK,0.0
2020-05-06,WM,-0.2873
2020-05-06,WTS,0.0
2020-05-06,XPO,0.07675
2020-05-06,Y,-0.128
2020-05-06,ZGNX,-0.128
2020-05-06,ZIXI,0.0
2020-05-06,ZTS,0.01544
2020-05-07,AAOI,-0.1806
2020-05-07,AAON,0.0
2020-05-07,AAWW,0.0
2020-05-07,ACHC,-0.128
2020-05-07,ACIW,-0.3612
2020-05-07,ACLS,0.0
2020-05-07,ACN,0.743
2020-05-07,ADC,0.3612
2020-05-07,ADMA,-0.042666666666666665
2020-05-07,ADMP,0.4404
2020-05-07,ADMS,-0.1531
2020-05-07,ADT,0.0
2020-05-07,AE,0.2732
2020-05-07,AEIS,0.4767
2020-05-07,AERI,-0.128
2020-05-07,AEZS,0.0
2020-05-07,AGEN,0.0
2020-05-07,AGN,-0.128
2020-05-07,AGRX,0.0
2020-05-07,AHH,0.0
2020-05-07,AIV,0.0
2020-05-07,AIZ,-0.128
2020-05-07,ALB,-0.128
2020-05-07,ALE,0.128
2020-05-07,ALNY,-0.17008
2020-05-07,ALTR,0.0
2020-05-07,AMH,0.044733333333333326
2020-05-07,AMPH,0.0
2020-05-07,AMRK,0.23835
2020-05-07,ANH,0.3612
2020-05-07,ANIP,-0.102275
2020-05-07,AON,0.4404
2020-05-07,AOS,0.0
2020-05-07,ARDX,0.0
2020-05-07,ARES,-0.021733333333333344
2020-05-07,ARI,0.0
2020-05-07,ARKG,0.0
2020-05-07,ARMK,0.7579
2020-05-07,ARWR,-0.01943333333333334
2020-05-07,ASH,0.08299999999999999
2020-05-07,ASMB,0.0
2020-05-07,ASTE,0.0
2020-05-07,ASUR,0.0
2020-05-07,ASYS,-0.11315
2020-05-07,AT,0.0
2020-05-07,ATEN,0.0
2020-05-07,ATHX,-0.17715
2020-05-07,ATI,0.4404
2020-05-07,ATRI,0.0
2020-05-07,ATRO,-0.128
2020-05-07,ATSG,0.0
2020-05-07,ATTO,0.296
2020-05-07,AUMN,0.0
2020-05-07,AVB,0.296
2020-05-07,AVID,-0.0772
2020-05-07,AWK,-0.128
2020-05-07,AXDX,-0.17715
2020-05-07,AXGN,0.06743333333333333
2020-05-07,AXTA,-0.02933333333333334
2020-05-07,AZPN,-0.3612
2020-05-07,BANX,-0.2263
2020-05-07,BAP,0.0
2020-05-07,BBC,0.0
2020-05-07,BBDO,-0.2023
2020-05-07,BBL,0.4404
2020-05-07,BCC,0.0
2020-05-07,BCE,0.0
2020-05-07,BCLI,-0.1181
2020-05-07,BCO,-0.064
2020-05-07,BCOR,0.0
2020-05-07,BDSI,0.055999999999999994
2020-05-07,BECN,-0.11315
2020-05-07,BFAM,0.44593333333333335
2020-05-07,BG,0.0
2020-05-07,BGG,-0.12040000000000001
2020-05-07,BGSF,-0.09866666666666667
2020-05-07,BHP,0.4404
2020-05-07,BIOL,-0.3612
2020-05-07,BK,0.4404
2020-05-07,BKE,0.0
2020-05-07,BLCM,0.0
2020-05-07,BLDR,0.4404
2020-05-07,BLL,-0.07655
2020-05-07,BNFT,-0.25
2020-05-07,BRK.A,0.0
2020-05-07,BRK.B,0.0
2020-05-07,BRKR,-0.189
2020-05-07,BV,-0.3612
2020-05-07,BWA,-0.06440000000000001
2020-05-07,BX,0.4404
2020-05-07,CACI,0.4019
2020-05-07,CALA,-0.17715
2020-05-07,CCMP,-0.07655
2020-05-07,CCOI,-0.1806
2020-05-07,CCRN,-0.1531
2020-05-07,CDW,-0.064
2020-05-07,CDXS,-0.064
2020-05-07,CEMI,0.08399999999999999
2020-05-07,CENTA,-0.3612
2020-05-07,CF,0.296
2020-05-07,CFX,0.09866666666666667
2020-05-07,CG,0.4404
2020-05-07,CHRS,-0.3612
2020-05-07,CHTR,-0.128
2020-05-07,CIA,0.0
2020-05-07,CIG,0.0
2020-05-07,CIO,-0.148
2020-05-07,CLI,-0.1531
2020-05-07,CLMT,0.0
2020-05-07,CLNE,0.5859
2020-05-07,CLW,0.0
2020-05-07,CME,0.4404
2020-05-07,CMI,-0.128
2020-05-07,CMP,0.22999999999999998
2020-05-07,CMRX,0.0
2020-05-07,CNQ,0.3612
2020-05-07,CORE,-0.11315
2020-05-07,CPHI,0.0
2020-05-07,CPK,0.064
2020-05-07,CPSI,-0.064
2020-05-07,CPT,0.5106
2020-05-07,CRH,0.4404
2020-05-07,CRY,0.0
2020-05-07,CSLT,0.0
2020-05-07,CTL,-0.25
2020-05-07,CTRE,-0.2263
2020-05-07,CTSO,-0.042666666666666665
2020-05-07,CTXS,0.5106
2020-05-07,CUB,-0.128
2020-05-07,CVA,0.2202
2020-05-07,CVE,0.7269
2020-05-07,CVEO,0.0
2020-05-07,CW,0.0
2020-05-07,CZZ,0.0
2020-05-07,DAR,0.7184
2020-05-07,DDD,-0.064
2020-05-07,DDS,-0.064
2020-05-07,DGII,-0.1531
2020-05-07,DHX,-0.128
2020-05-07,DISCA,-0.128
2020-05-07,DLPH,0.0
2020-05-07,DLR,0.2553
2020-05-07,DLX,0.0
2020-05-07,DOC,0.5106
2020-05-07,DOOR,0.0
2020-05-07,DOX,0.0
2020-05-07,DQ,0.0
2020-05-07,DRE,0.0
2020-05-07,DRNA,-0.042666666666666665
2020-05-07,DVN,0.2732
2020-05-07,DWSN,0.0
2020-05-07,DX,-0.128
2020-05-07,EBR,0.0
2020-05-07,EC,0.7269
2020-05-07,ECOL,-0.2263
2020-05-07,ED,0.015633333333333332
2020-05-07,EFC,0.34
2020-05-07,EGAN,0.0
2020-05-07,EGLE,0.0
2020-05-07,EIG,-0.296
2020-05-07,ENB,0.09866666666666667
2020-05-07,ENDP,0.0336
2020-05-07,ENR,0.26744999999999997
2020-05-07,EPAM,-0.15293333333333334
2020-05-07,EQIX,0.0
2020-05-07,EQT,0.0
2020-05-07,ERIE,-0.3612
2020-05-07,EROS,0.0
2020-05-07,ESGR,0.0
2020-05-07,ESLT,0.5106
2020-05-07,ESPR,-0.128
2020-05-07,EXLS,-0.07655
2020-05-07,EXR,0.296
2020-05-07,FANG,0.3919
2020-05-07,FARM,-0.3612
2020-05-07,FAST,0.0
2020-05-07,FBC,0.0
2020-05-07,FBMS,0.0
2020-05-07,FCX,0.4404
2020-05-07,FDP,0.3182
2020-05-07,FEYE,0.5195
2020-05-07,FFG,-0.2263
2020-05-07,FGEN,-0.064
2020-05-07,FLEX,0.09866666666666667
2020-05-07,FLT,0.0
2020-05-07,FLXN,0.0
2020-05-07,FMC,-0.12040000000000001
2020-05-07,FNV,-0.6935
2020-05-07,FOLD,-0.1181
2020-05-07,FORM,0.0
2020-05-07,FORR,-0.07655
2020-05-07,FOXF,0.0
2020-05-07,FPI,0.0
2020-05-07,FPRX,-0.064
2020-05-07,FSLR,-0.038275
2020-05-07,FTK,0.0
2020-05-07,FUN,0.3182
2020-05-07,FVE,0.4939
2020-05-07,GCI,0.09866666666666667
2020-05-07,GCO,0.7506
2020-05-07,GDP,0.0
2020-05-07,GEOS,0.0
2020-05-07,GIB,-0.296
2020-05-07,GLOG,-0.07655
2020-05-07,GLOP,-0.2263
2020-05-07,GLT,0.0
2020-05-07,GMED,-0.2446
2020-05-07,GNMK,0.1438
2020-05-07,GOLD,0.0
2020-05-07,GPN,0.0
2020-05-07,GPOR,0.5106
2020-05-07,GRFS,0.6808
2020-05-07,GRPN,-0.128
2020-05-07,GSAT,0.0
2020-05-07,GSIT,-0.1531
2020-05-07,GSK,-0.3818
2020-05-07,GSS,0.08399999999999999
2020-05-07,GTS,-0.05103333333333334
2020-05-07,GURE,0.0
2020-05-07,GVA,0.0
2020-05-07,HASI,0.148
2020-05-07,HCA,0.4404
2020-05-07,HCI,-0.3612
2020-05-07,HCKT,0.0
2020-05-07,HE,-0.128
2020-05-07,HEAR,0.0
2020-05-07,HERO,0.24695
2020-05-07,HMN,-0.1531
2020-05-07,HOG,0.0
2020-05-07,HPP,0.0
2020-05-07,HSIC,-0.128
2020-05-07,HSKA,-0.07655
2020-05-07,HUBS,-0.0516
2020-05-07,IART,-0.2446
2020-05-07,ICE,0.4404
2020-05-07,ICUI,-0.106
2020-05-07,IDXX,-0.1531
2020-05-07,IHC,0.0
2020-05-07,IMKTA,0.0
2020-05-07,INCY,-0.128
2020-05-07,INGN,0.0
2020-05-07,IRWD,-0.128
2020-05-07,IT,0.047633333333333326
2020-05-07,ITCI,-0.14055
2020-05-07,ITW,-0.3612
2020-05-07,JOBS,-0.1806
2020-05-07,JRVR,0.0
2020-05-07,JYNT,0.0
2020-05-07,KAR,-0.1806
2020-05-07,KIN,-0.2446
2020-05-07,KINS,-0.2263
2020-05-07,KIQ,0.0
2020-05-07,KMPR,0.0
2020-05-07,KOP,0.0
2020-05-07,KOSS,0.0
2020-05-07,KRC,0.0
2020-05-07,KRG,0.4215
2020-05-07,KSU,0.4404
2020-05-07,KTOS,0.07220000000000001
2020-05-07,LADR,0.0
2020-05-07,LAMR,0.09866666666666667
2020-05-07,LBTYA,0.6808
2020-05-07,LBTYB,0.6808
2020-05-07,LBTYK,0.6808
2020-05-07,LCI,-0.1806
2020-05-07,LDOS,0.3818
2020-05-07,LHCG,0.0
2020-05-07,LJPC,-0.26495
2020-05-07,LL,0.8807
2020-05-07,LMRK,0.0772
2020-05-07,LNT,0.064
2020-05-07,LODE,0.0
2020-05-07,LOPE,0.366
2020-05-07,LPCN,0.2202
2020-05-07,LPSN,0.0
2020-05-07,LPTH,0.148
2020-05-07,LXP,0.0
2020-05-07,MAGS,0.0
2020-05-07,MAIN,-0.1531
2020-05-07,MASI,-0.064
2020-05-07,MATW,0.0
2020-05-07,MBUU,0.0
2020-05-07,MD,0.0
2020-05-07,MDRX,-0.1806
2020-05-07,MDU,-0.2263
2020-05-07,MGA,0.0
2020-05-07,MGEE,0.2732
2020-05-07,MMC,0.4404
2020-05-07,MMI,0.0
2020-05-07,MMP,0.3818
2020-05-07,MMS,0.0
2020-05-07,MNTA,-0.064
2020-05-07,MNTX,-0.1531
2020-05-07,MODN,0.0
2020-05-07,MOH,0.0
2020-05-07,MRIN,0.0
2020-05-07,MTD,0.0
2020-05-07,MTW,-0.1806
2020-05-07,MYE,-0.128
2020-05-07,NBY,-0.14055
2020-05-07,NC,0.360625
2020-05-07,NCR,0.743
2020-05-07,NDLS,0.0
2020-05-07,NDP,0.0
2020-05-07,NEWT,0.0
2020-05-07,NFG,0.06743333333333333
2020-05-07,NGS,0.3612
2020-05-07,NGVC,0.3612
2020-05-07,NKTR,-0.064
2020-05-07,NLS,0.10115
2020-05-07,NLSN,0.4404
2020-05-07,NNI,0.0
2020-05-07,NOA,0.0
2020-05-07,NOK,0.743
2020-05-07,NP,0.128
2020-05-07,NRG,0.1421
2020-05-07,NSIT,0.0
2020-05-07,NSTG,-0.1531
2020-05-07,NTRS,0.4404
2020-05-07,NUAN,0.0
2020-05-07,NUVA,-0.08533333333333333
2020-05-07,NVCN,-0.11315
2020-05-07,NVEE,-0.2263
2020-05-07,NWPX,0.0
2020-05-07,NWS,0.0
2020-05-07,NWSA,0.0
2020-05-07,NXST,-0.064
2020-05-07,O,0.4404
2020-05-07,ODP,0.0
2020-05-07,OEC,-0.1531
2020-05-07,OGE,0.128
2020-05-07,OLED,0.0
2020-05-07,OLN,0.4404
2020-05-07,OLP,0.5267
2020-05-07,OMCL,0.0
2020-05-07,OMI,-0.128
2020-05-07,OPTT,0.0
2020-05-07,OTIC,0.0
2020-05-07,PACD,0.148
2020-05-07,PAG,0.0
2020-05-07,PAHC,0.0
2020-05-07,PAR,-0.2263
2020-05-07,PBA,0.0
2020-05-07,PBF,-0.0516
2020-05-07,PBH,0.0
2020-05-07,PBYI,-0.1591
2020-05-07,PCRX,-0.042666666666666665
2020-05-07,PCTI,-0.1531
2020-05-07,PCTY,0.0
2020-05-07,PDCE,0.2732
2020-05-07,PDFS,0.0258
2020-05-07,PDLI,-0.064
2020-05-07,PERI,0.0
2020-05-07,PFNX,-0.17715
2020-05-07,PFPT,0.0
2020-05-07,PFSI,0.0
2020-05-07,PGNX,-0.14055
2020-05-07,PICO,0.0
2020-05-07,PKI,0.0
2020-05-07,PLUG,0.22393333333333332
2020-05-07,PMT,0.0
2020-05-07,POL,-0.128
2020-05-07,POST,0.0
2020-05-07,POWI,0.0
2020-05-07,POWL,0.0
2020-05-07,PRAA,0.0
2020-05-07,PRFT,0.0
2020-05-07,PRMW,0.0
2020-05-07,PRSC,-0.17964
2020-05-07,PSA,0.4404
2020-05-07,PSO,0.0
2020-05-07,PTCT,0.08399999999999999
2020-05-07,PTNR,0.0
2020-05-07,PWR,0.0
2020-05-07,PZZA,-0.12040000000000001
2020-05-07,QBAK,0.0
2020-05-07,QLYS,0.0
2020-05-07,RAD,0.10115
2020-05-07,RBA,-0.1531
2020-05-07,RCII,0.0
2020-05-07,RDUS,0.0
2020-05-07,RDWR,-0.4588
2020-05-07,REFR,0.0
2020-05-07,RES,0.0
2020-05-07,RGEN,0.0
2020-05-07,RGLD,0.0
2020-05-07,RHP,0.0
2020-05-07,RIO,0.4404
2020-05-07,RMTI,-0.128
2020-05-07,ROCK,-0.4588
2020-05-07,ROL,0.0
2020-05-07,RP,0.0
2020-05-07,RST,0.0
2020-05-07,RUBI,-0.128
2020-05-07,RVNC,-0.17715
2020-05-07,SAGE,-0.1531
2020-05-07,SAIC,0.296
2020-05-07,SAND,-0.3182
2020-05-07,SATS,-0.2263
2020-05-07,SBGI,0.25
2020-05-07,SCU,0.0
2020-05-07,SCVL,0.7506
2020-05-07,SERV,-0.07655
2020-05-07,SFM,0.0
2020-05-07,SHLX,-0.3612
2020-05-07,SJI,0.128
2020-05-07,SLRC,-0.2263
2020-05-07,SMM,0.6145
2020-05-07,SMSI,0.0
2020-05-07,SNN,-0.128
2020-05-07,SNSS,-0.0937
2020-05-07,SORL,0.0
2020-05-07,SP,-0.11315
2020-05-07,SPAR,-0.038275
2020-05-07,SPH,-0.11315
2020-05-07,SPLP,0.0
2020-05-07,SRCL,-0.2263
2020-05-07,SREV,0.0
2020-05-07,SRLP,-0.05103333333333334
2020-05-07,STAG,-0.128
2020-05-07,STMP,0.0
2020-05-07,SUNS,0.0
2020-05-07,SWIR,-0.3612
2020-05-07,SWX,0.0
2020-05-07,SXI,0.0
2020-05-07,SYK,0.4404
2020-05-07,SYNA,-0.05103333333333334
2020-05-07,TACT,-0.3612
2020-05-07,TAST,-0.12040000000000001
2020-05-07,TCRD,0.0258
2020-05-07,TCX,0.0
2020-05-07,TDC,-0.05103333333333334
2020-05-07,TEDU,0.0
2020-05-07,TEX,-0.128
2020-05-07,THRM,-0.1531
2020-05-07,THS,0.0
2020-05-07,TIPT,0.0258
2020-05-07,TLYS,0.7506
2020-05-07,TMHC,-0.128
2020-05-07,TNAV,0.0
2020-05-07,TNK,0.7269
2020-05-07,TNXP,0.3592
2020-05-07,TOT,0.51145
2020-05-07,TPRE,-0.1531
2020-05-07,TPVG,0.0
2020-05-07,TREC,-0.128
2020-05-07,TRMB,0.074
2020-05-07,TRNO,0.0
2020-05-07,TROV,0.0
2020-05-07,TRUE,-0.07655
2020-05-07,TSLX,0.0
2020-05-07,TTGT,-0.128
2020-05-07,TU,0.148
2020-05-07,TXMD,-0.128
2020-05-07,TXT,0.4404
2020-05-07,UEIC,-0.1806
2020-05-07,UGI,-0.064
2020-05-07,UPLD,0.0
2020-05-07,USAK,0.0
2020-05-07,UTI,-0.1531
2020-05-07,VAC,0.0
2020-05-07,VBLT,-0.128
2020-05-07,VCYT,0.0
2020-05-07,VECO,0.0
2020-05-07,VNO,0.4404
2020-05-07,VRSK,-0.14296
2020-05-07,VSLR,-0.2263
2020-05-07,VSTM,-0.1531
2020-05-07,WAB,0.4404
2020-05-07,WCN,-0.2873
2020-05-07,WD,0.0
2020-05-07,WEN,0.0
2020-05-07,WEX,-0.11315
2020-05-07,WLDN,0.0
2020-05-07,WM,0.4404
2020-05-07,WMB,0.7269
2020-05-07,WMC,0.3612
2020-05-07,WMK,0.0
2020-05-07,WRLD,0.3994
2020-05-07,WSR,-0.2263
2020-05-07,WSTG,0.0
2020-05-07,WUBA,0.4404
2020-05-07,XEL,0.0258
2020-05-07,XLV,0.0
2020-05-07,XNCR,0.0
2020-05-07,XONE,0.0
2020-05-07,XXII,0.0
2020-05-07,YELP,0.017424999999999996
2020-05-07,ZFGN,0.0
2020-05-07,ZIOP,-0.064
2020-05-07,ZIXI,0.296
2020-05-07,ZN,0.0
2020-05-07,ZTS,-0.3612
2020-05-08,AAN,0.0
2020-05-08,AAOI,-0.02044
2020-05-08,ABC,0.0
2020-05-08,ABR,0.5106
2020-05-08,ACAD,-0.011340000000000006
2020-05-08,ACRE,-0.11315
2020-05-08,ADMA,0.0
2020-05-08,ADMS,0.0
2020-05-08,AEL,-0.128
2020-05-08,AEM,0.0
2020-05-08,AERI,0.5574
2020-05-08,AGRX,0.0
2020-05-08,AL,0.296
2020-05-08,ALL,0.0
2020-05-08,AMH,0.0
2020-05-08,AMRK,0.0
2020-05-08,ANGI,0.002125
2020-05-08,ANIP,-0.128
2020-05-08,ANSS,0.0
2020-05-08,ARES,0.6124
2020-05-08,ARLP,-0.1806
2020-05-08,ARWR,-0.054266666666666664
2020-05-08,ASB,0.7906
2020-05-08,ATAX,-0.128
2020-05-08,ATHX,-0.128
2020-05-08,ATLC,0.0
2020-05-08,ATTO,-0.3612
2020-05-08,AUBN,0.0
2020-05-08,AUMN,-0.128
2020-05-08,AUY,0.0
2020-05-08,AVA,-0.112275
2020-05-08,AVB,0.0
2020-05-08,AVID,0.1779
2020-05-08,AWR,0.0
2020-05-08,AXAS,0.2732
2020-05-08,AXGN,0.0
2020-05-08,AXL,0.148
2020-05-08,AXTA,0.0
2020-05-08,BBL,0.9118
2020-05-08,BCLI,0.0
2020-05-08,BECN,0.0
2020-05-08,BFAM,0.4404
2020-05-08,BHP,0.9118
2020-05-08,BIP,-0.11315
2020-05-08,BLL,-0.1197
2020-05-08,BR,-0.11315
2020-05-08,BTU,-0.3612
2020-05-08,BWA,0.0
2020-05-08,BWEN,0.14133333333333334
2020-05-08,CALA,0.0
2020-05-08,CATM,-0.07655
2020-05-08,CCMP,-0.128
2020-05-08,CCRN,-0.128
2020-05-08,CF,-0.064
2020-05-08,CFX,0.0
2020-05-08,CHRW,0.5574
2020-05-08,CHTR,0.0
2020-05-08,CL,0.8481
2020-05-08,CLB,0.6908
2020-05-08,CME,0.5574
2020-05-08,CMI,0.5574
2020-05-08,CNP,0.2612666666666667
2020-05-08,CNQ,0.3612
2020-05-08,COMM,-0.022000000000000006
2020-05-08,CPA,0.4215
2020-05-08,CPSI,-0.3612
2020-05-08,CPT,0.4215
2020-05-08,CREG,0.2732
2020-05-08,CRH,0.9118
2020-05-08,CRL,-0.015900000000000004
2020-05-08,CTL,0.5574
2020-05-08,CTSH,0.368
2020-05-08,CTSO,0.24695
2020-05-08,CTT,0.4215
2020-05-08,CUB,-0.128
2020-05-08,CVA,0.296
2020-05-08,CVR,0.0
2020-05-08,CW,-0.128
2020-05-08,CXDC,0.8397
2020-05-08,D,0.1531
2020-05-08,DAR,0.7456
2020-05-08,DBVT,0.0
2020-05-08,DDD,0.0
2020-05-08,DHR,0.0
2020-05-08,DISCA,0.5574
2020-05-08,DLA,0.0
2020-05-08,DLR,0.5106
2020-05-08,DNKN,-0.3716
2020-05-08,DOC,0.4215
2020-05-08,DOOR,0.0
2020-05-08,DRNA,0.0
2020-05-08,DVN,0.2732
2020-05-08,EC,0.6908
2020-05-08,ECOM,0.0
2020-05-08,ECPG,0.0
2020-05-08,ED,0.22555
2020-05-08,EE,-0.2263
2020-05-08,EGP,0.0
2020-05-08,EL,0.8481
2020-05-08,ELY,-0.064
2020-05-08,EMAN,0.0
2020-05-08,EMR,0.0
2020-05-08,ENR,0.44506666666666667
2020-05-08,EOG,0.0
2020-05-08,EPAM,0.08333333333333333
2020-05-08,EQT,0.0
2020-05-08,ERF,0.0
2020-05-08,ERII,0.2732
2020-05-08,EROS,0.5574
2020-05-08,ESS,0.5106
2020-05-08,ESTE,0.2732
2020-05-08,EVTC,0.0
2020-05-08,EXK,0.0
2020-05-08,EXLS,-0.128
2020-05-08,EYES,0.0
2020-05-08,FCX,0.9118
2020-05-08,FE,-0.128
2020-05-08,FET,0.0
2020-05-08,FEYE,0.0
2020-05-08,FF,0.0
2020-05-08,FGEN,-0.128
2020-05-08,FIS,-0.023899999999999998
2020-05-08,FLR,0.1531
2020-05-08,FLT,0.2732
2020-05-08,FLWS,0.0
2020-05-08,FLXN,-0.128
2020-05-08,FSLR,-0.12385
2020-05-08,FTEK,0.04615999999999999
2020-05-08,GABC,0.0
2020-05-08,GBL,0.0
2020-05-08,GBLI,0.0
2020-05-08,GEF,-0.128
2020-05-08,GEL,0.2732
2020-05-08,GLOG,-0.128
2020-05-08,GLOP,0.0
2020-05-08,GLP,-0.12040000000000001
2020-05-08,GMED,-0.00044000000000000706
2020-05-08,GNMK,0.0
2020-05-08,GPL,0.6597
2020-05-08,GPRO,0.09866666666666667
2020-05-08,GPX,-0.128
2020-05-08,GTT,-0.3612
2020-05-08,HAIN,0.12266666666666666
2020-05-08,HASI,0.15225
2020-05-08,HEAR,0.0
2020-05-08,HEES,-0.12040000000000001
2020-05-08,HIL,-0.1264
2020-05-08,HMC,0.125
2020-05-08,HMSY,0.0
2020-05-08,HOG,0.0
2020-05-08,HOMB,0.7906
2020-05-08,HSC,0.074
2020-05-08,HSY,-0.128
2020-05-08,HWCC,-0.1531
2020-05-08,IART,0.1439
2020-05-08,IBKR,-0.7845
2020-05-08,IBP,0.0
2020-05-08,ICUI,-0.07740000000000001
2020-05-08,IDXX,-0.1735
2020-05-08,IEP,0.0
2020-05-08,III,0.0
2020-05-08,INTT,-0.07655
2020-05-08,INVE,0.0
2020-05-08,IO,0.0
2020-05-08,IT,0.0
2020-05-08,ITT,0.0
2020-05-08,JCI,0.2787
2020-05-08,KAR,-0.128
2020-05-08,KO,0.8481
2020-05-08,KOP,0.0
2020-05-08,KTOS,0.7003
2020-05-08,LAMR,0.148
2020-05-08,LBRDA,0.5267
2020-05-08,LBTYA,0.5267
2020-05-08,LCI,0.0
2020-05-08,LHCG,0.296
2020-05-08,LMNX,0.0
2020-05-08,LNC,0.0
2020-05-08,LPTH,0.0
2020-05-08,LPX,0.5574
2020-05-08,LTBR,0.0
2020-05-08,MACK,0.0
2020-05-08,MASI,0.0
2020-05-08,MBUU,0.0
2020-05-08,MCS,0.0
2020-05-08,MD,-0.128
2020-05-08,MDRX,-0.128
2020-05-08,MFG,0.7906
2020-05-08,MGA,0.0
2020-05-08,MIDD,0.2787
2020-05-08,MNR,-0.128
2020-05-08,MNTA,0.0
2020-05-08,MPLX,0.6908
2020-05-08,MRCC,-0.2263
2020-05-08,MSI,0.23654999999999998
2020-05-08,MTD,0.0
2020-05-08,MYOS,0.148
2020-05-08,NGVC,0.0
2020-05-08,NHC,0.0
2020-05-08,NJR,-0.07543333333333334
2020-05-08,NKTR,0.148
2020-05-08,NOA,0.0
2020-05-08,NOK,0.6369
2020-05-08,NORW,0.5994
2020-05-08,NP,0.0
2020-05-08,NRG,0.1531
2020-05-08,NUVA,0.5574
2020-05-08,NWHM,0.0
2020-05-08,NWN,0.19583333333333333
2020-05-08,NWS,0.5574
2020-05-08,NWSA,0.5574
2020-05-08,OCN,0.074
2020-05-08,OCUL,0.0
2020-05-08,OEC,-0.128
2020-05-08,OFIX,-0.05103333333333334
2020-05-08,OFS,-0.3612
2020-05-08,OGE,0.34735
2020-05-08,OIIM,0.0
2020-05-08,OLN,0.9118
2020-05-08,OMC,0.4939
2020-05-08,OMCL,-0.128
2020-05-08,PAHC,0.2732
2020-05-08,PAR,0.296
2020-05-08,PARR,0.0
2020-05-08,PBF,0.6908
2020-05-08,PBYI,0.296
2020-05-08,PCRX,-0.064
2020-05-08,PCTI,0.0
2020-05-08,PCTY,-0.0978
2020-05-08,PDCE,0.2732
2020-05-08,PFBI,0.0
2020-05-08,PFPT,0.0
2020-05-08,PFSI,0.296
2020-05-08,PFSW,0.0
2020-05-08,PG,0.8481
2020-05-08,PGR,0.0
2020-05-08,PKOH,-0.4588
2020-05-08,PNM,-0.128
2020-05-08,PNR,0.0
2020-05-08,POWI,0.0
2020-05-08,PRAA,0.03789999999999999
2020-05-08,PRFT,0.0
2020-05-08,PRMW,0.0
2020-05-08,PSTI,0.07636
2020-05-08,PTLA,0.0
2020-05-08,PWR,0.0726
2020-05-08,PZZA,0.0
2020-05-08,QLYS,0.08589999999999999
2020-05-08,QRVO,0.0
2020-05-08,QTWO,0.0
2020-05-08,RARE,0.0
2020-05-08,RCII,0.14049999999999999
2020-05-08,RDHL,0.0
2020-05-08,REFR,0.0
2020-05-08,RGEN,0.0
2020-05-08,RIO,0.9118
2020-05-08,RLH,0.0
2020-05-08,RMAX,0.0
2020-05-08,RMTI,0.0
2020-05-08,RNET,0.09866666666666667
2020-05-08,ROL,0.0
2020-05-08,RP,0.0
2020-05-08,RVSB,0.0
2020-05-08,SABR,-0.1531
2020-05-08,SAGE,-0.042666666666666665
2020-05-08,SCU,-0.128
2020-05-08,SDPI,0.5423
2020-05-08,SERV,-0.10769999999999999
2020-05-08,SFM,0.0
2020-05-08,SHLO,0.0
2020-05-08,SHLX,-0.128
2020-05-08,SHO,0.0
2020-05-08,SKYW,0.0
2020-05-08,SLCA,0.0
2020-05-08,SMLP,-0.3612
2020-05-08,SNR,0.0
2020-05-08,SNSS,-0.064
2020-05-08,SORL,0.0
2020-05-08,SPAR,0.0
2020-05-08,SPH,-0.128
2020-05-08,SPRO,0.0
2020-05-08,SPWR,0.0
2020-05-08,SR,-0.022000000000000006
2020-05-08,SRCL,-0.128
2020-05-08,SSI,0.296
2020-05-08,SSP,-0.12040000000000001
2020-05-08,STMP,0.0
2020-05-08,STX,0.9118
2020-05-08,SUP,0.2202
2020-05-08,SVA,0.0
2020-05-08,SWN,0.6369
2020-05-08,SXC,0.26425
2020-05-08,TAST,0.074
2020-05-08,TDC,-0.128
2020-05-08,TEF,-0.128
2020-05-08,TEX,0.2787
2020-05-08,THS,0.0
2020-05-08,TLYS,0.0
2020-05-08,TM,0.0
2020-05-08,TREX,0.0
2020-05-08,TROX,-0.064
2020-05-08,TRUE,0.0
2020-05-08,TWOU,0.2732
2020-05-08,UDR,0.0
2020-05-08,UEIC,-0.128
2020-05-08,UFI,0.0
2020-05-08,UFPI,0.0
2020-05-08,UFS,0.0
2020-05-08,UL,0.8481
2020-05-08,UN,0.8481
2020-05-08,UPLD,-0.128
2020-05-08,UTI,0.0
2020-05-08,VAC,-0.12385
2020-05-08,VECO,0.148
2020-05-08,VGR,0.09866666666666667
2020-05-08,VHC,0.4019
2020-05-08,VIVO,0.074
2020-05-08,VLY,0.7906
2020-05-08,VMC,0.9118
2020-05-08,VNOM,0.21315
2020-05-08,VOYA,-0.128
2020-05-08,WAB,0.5574
2020-05-08,WCN,-0.14675
2020-05-08,WEN,0.0
2020-05-08,WEX,0.0
2020-05-08,WPG,-0.1531
2020-05-08,WPX,0.2732
2020-05-08,YELP,0.1366
2020-05-08,ZIXI,0.0
2020-05-08,ZN,0.0
2020-05-08,ZTS,-0.128
2020-05-09,AMT,0.0
2020-05-09,EWI,0.0
2020-05-09,VIVO,-0.5267
2020-05-10,AGTC,0.0
2020-05-10,CARA,0.0
2020-05-10,CPRX,0.0
2020-05-10,CRMD,0.0
2020-05-10,DIN,-0.0772
2020-05-10,DNKN,-0.0772
2020-05-10,DRRX,0.0
2020-05-10,EDAP,0.0
2020-05-10,EGRX,0.0
2020-05-10,ELGX,0.0
2020-05-10,EWY,0.0
2020-05-10,GEO,0.0
2020-05-10,GLMD,0.0
2020-05-10,HYG,0.0
2020-05-10,ICCC,0.0
2020-05-10,INFI,0.0
2020-05-10,ITW,0.0
2020-05-10,MSON,0.0
2020-05-10,OMER,0.0
2020-05-10,ONTX,0.0
2020-05-10,PT,0.0
2020-05-10,RARE,0.0
2020-05-10,RMTI,0.0
2020-05-10,SGMO,0.0
2020-05-10,SSI,0.0
2020-05-10,TRXC,0.0
2020-05-10,VBLT,0.0
2020-05-10,WEN,-0.0772
2020-05-10,XLRN,0.0
2020-05-11,AAMC,0.3612
2020-05-11,AAME,0.0
2020-05-11,AAOI,0.0
2020-05-11,ABC,0.0
2020-05-11,ADES,0.1027
2020-05-11,ADMS,0.0
2020-05-11,AEE,-0.12040000000000001
2020-05-11,AFG,-0.05103333333333334
2020-05-11,AGM,-0.2263
2020-05-11,AGYS,0.0
2020-05-11,AI,0.3612
2020-05-11,AKBA,0.0
2020-05-11,AL,-0.128
2020-05-11,ALB,-0.064
2020-05-11,ALCO,0.0
2020-05-11,ALKS,0.4019
2020-05-11,AMAG,-0.07543333333333334
2020-05-11,AMBC,0.0
2020-05-11,AMED,-0.128
2020-05-11,AMPE,0.6808
2020-05-11,AMPH,0.0
2020-05-11,AMRC,0.28459999999999996
2020-05-11,AN,-0.128
2020-05-11,ANGI,0.148
2020-05-11,ANY,0.296
2020-05-11,AON,-0.128
2020-05-11,APEI,-0.2263
2020-05-11,ARCB,-0.128
2020-05-11,ARES,-0.26335
2020-05-11,ASPS,0.0
2020-05-11,AT,0.1779
2020-05-11,ATEC,-0.1531
2020-05-11,ATRC,0.0
2020-05-11,AUY,0.0
2020-05-11,AVD,-0.3612
2020-05-11,AXL,0.0
2020-05-11,BBL,-0.4215
2020-05-11,BBVA,0.0
2020-05-11,BBX,-0.1531
2020-05-11,BCO,-0.10115
2020-05-11,BDSI,0.0
2020-05-11,BHLB,-0.2023
2020-05-11,BHP,-0.4215
2020-05-11,BIP,-0.064
2020-05-11,BITA,0.0
2020-05-11,BLCM,0.0
2020-05-11,BMO,-0.128
2020-05-11,BR,0.0
2020-05-11,BRG,-0.2263
2020-05-11,BSET,0.134
2020-05-11,BSQR,0.0
2020-05-11,BSTC,0.0
2020-05-11,BTU,0.0
2020-05-11,BVSN,0.0
2020-05-11,BYFC,0.4588
2020-05-11,CAG,0.24914999999999998
2020-05-11,CAMT,-0.11315
2020-05-11,CARA,-0.26335
2020-05-11,CASI,0.0
2020-05-11,CATM,0.0
2020-05-11,CBT,-0.07655
2020-05-11,CCOI,0.0
2020-05-11,CDXS,-0.128
2020-05-11,CELP,0.2732
2020-05-11,CEVA,0.074
2020-05-11,CF,0.234675
2020-05-11,CHEF,0.0
2020-05-11,CHMI,0.0
2020-05-11,CLB,0.0
2020-05-11,CLDT,-0.07655
2020-05-11,CLF,-0.05103333333333334
2020-05-11,CLNE,0.2732
2020-05-11,CM,0.0
2020-05-11,CMCT,0.5106
2020-05-11,CNP,0.2732
2020-05-11,CPA,0.0
2020-05-11,CPRX,-0.07655
2020-05-11,CPS,-0.05103333333333334
2020-05-11,CPST,0.7003
2020-05-11,CPT,0.5106
2020-05-11,CRMD,-0.07655
2020-05-11,CTL,-0.128
2020-05-11,CTO,0.3818
2020-05-11,CTSH,-0.0258
2020-05-11,CTXS,0.0
2020-05-11,CVA,0.0
2020-05-11,CVE,0.2732
2020-05-11,CVGI,0.5719
2020-05-11,CVGW,0.0
2020-05-11,CVM,0.0
2020-05-11,CVR,-0.296
2020-05-11,CXDC,0.3728
2020-05-11,CYBE,0.0
2020-05-11,CYD,0.0
2020-05-11,CYTK,0.09866666666666667
2020-05-11,DD,-0.4215
2020-05-11,DHR,0.0
2020-05-11,DIOD,-0.1806
2020-05-11,DISCA,-0.128
2020-05-11,DOX,-0.128
2020-05-11,DRNA,0.0
2020-05-11,DRRX,-0.2263
2020-05-11,EBIX,0.047633333333333326
2020-05-11,ECOL,-0.128
2020-05-11,ECOM,0.0
2020-05-11,ECPG,0.0
2020-05-11,ED,0.128
2020-05-11,EFOI,0.4215
2020-05-11,EGRX,-0.07655
2020-05-11,EGY,0.2732
2020-05-11,ELGX,-0.3612
2020-05-11,ELSE,0.0
2020-05-11,ELY,-0.128
2020-05-11,EMAN,0.0
2020-05-11,ENR,0.3149
2020-05-11,ENSG,0.0
2020-05-11,EQIX,0.1909
2020-05-11,ERF,0.0
2020-05-11,ETH,-0.3612
2020-05-11,EVI,0.0
2020-05-11,EVTC,-0.128
2020-05-11,EXPD,0.0
2020-05-11,EXTR,-0.1531
2020-05-11,EZPW,0.0
2020-05-11,FATE,-0.2263
2020-05-11,FCBC,0.0
2020-05-11,FCF,-0.2023
2020-05-11,FENG,0.0
2020-05-11,FET,0.1366
2020-05-11,FI,-0.1531
2020-05-11,FISV,-0.1806
2020-05-11,FLEX,-0.128
2020-05-11,FLT,-0.16306666666666667
2020-05-11,FLY,-0.128
2020-05-11,FMC,0.4404
2020-05-11,FMS,0.4939
2020-05-11,FNV,0.2294
2020-05-11,FOE,0.0
2020-05-11,FR,0.0
2020-05-11,FRPT,0.10115
2020-05-11,FSLR,0.296
2020-05-11,FSM,0.0
2020-05-11,FTEK,0.0
2020-05-11,FTNT,0.7738
2020-05-11,G,0.0
2020-05-11,GALT,0.0
2020-05-11,GBDC,-0.1806
2020-05-11,GGB,-0.4215
2020-05-11,GIL,-0.128
2020-05-11,GLBS,0.0
2020-05-11,GOGO,0.148
2020-05-11,GORO,0.0
2020-05-11,GPI,0.0
2020-05-11,GPN,-0.3612
2020-05-11,GPOR,0.1366
2020-05-11,GPX,-0.3612
2020-05-11,GRBK,0.0
2020-05-11,GTT,-0.128
2020-05-11,GURE,0.0
2020-05-11,GWPH,0.10115
2020-05-11,HAIN,0.0
2020-05-11,HEAR,0.0
2020-05-11,HEP,0.2732
2020-05-11,HFC,0.3818
2020-05-11,HHC,-0.1531
2020-05-11,HIL,0.0
2020-05-11,HMSY,0.3818
2020-05-11,HMTV,-0.1531
2020-05-11,HNRG,0.0516
2020-05-11,HOMB,0.0
2020-05-11,HSC,0.0
2020-05-11,IBP,0.0
2020-05-11,ICAD,-0.3612
2020-05-11,ICD,0.050575
2020-05-11,ICPT,0.0
2020-05-11,III,-0.1806
2020-05-11,INFI,-0.2263
2020-05-11,INN,0.0
2020-05-11,INVE,0.0
2020-05-11,IPAR,-0.3612
2020-05-11,IRET,0.0
2020-05-11,IRIX,-0.07655
2020-05-11,IRMD,0.0
2020-05-11,IRWD,-0.128
2020-05-11,JAZZ,0.1531
2020-05-11,JCOM,0.0
2020-05-11,KALU,-0.4215
2020-05-11,KIM,-0.128
2020-05-11,KNDI,-0.3182
2020-05-11,KODK,0.0
2020-05-11,KOP,0.0
2020-05-11,KOS,-0.1027
2020-05-11,KTOS,0.7051499999999999
2020-05-11,KWR,0.0
2020-05-11,LDL,0.0
2020-05-11,LDOS,-0.128
2020-05-11,LEU,0.2732
2020-05-11,LGND,-0.3612
2020-05-11,LIQT,0.0
2020-05-11,LMNX,0.0
2020-05-11,LPTH,0.0
2020-05-11,LTBR,0.0
2020-05-11,LXP,0.6705
2020-05-11,MAIN,0.0
2020-05-11,MASI,-0.13375
2020-05-11,MBII,-0.3612
2020-05-11,MBUU,-0.1806
2020-05-11,MCC,0.3818
2020-05-11,MCHX,-0.2263
2020-05-11,MD,0.0726
2020-05-11,MDU,0.128
2020-05-11,MDXG,0.6486
2020-05-11,MGA,0.3818
2020-05-11,MGLN,-0.038275
2020-05-11,MKTX,0.0
2020-05-11,MMYT,0.0
2020-05-11,MOS,0.07220000000000001
2020-05-11,MPLX,0.0
2020-05-11,MSON,-0.3612
2020-05-11,MTD,0.25
2020-05-11,MTW,0.0726
2020-05-11,MYGN,0.0497
2020-05-11,NCR,-0.2023
2020-05-11,NGVC,0.0
2020-05-11,NICE,0.5473
2020-05-11,NJR,0.128
2020-05-11,NOG,-0.07655
2020-05-11,NRP,0.3612
2020-05-11,NSIT,-0.128
2020-05-11,NWLI,0.0
2020-05-11,NWN,0.4588
2020-05-11,OEC,-0.128
2020-05-11,OFC,0.0
2020-05-11,OMER,-0.3612
2020-05-11,ORCL,-0.2732
2020-05-11,PBA,0.0
2020-05-11,PCYG,-0.1806
2020-05-11,PESI,0.6597
2020-05-11,PFLT,0.0
2020-05-11,PFSW,0.0
2020-05-11,PH,0.0
2020-05-11,PKI,0.0
2020-05-11,PKX,-0.4215
2020-05-11,PLX,0.2787
2020-05-11,PME,0.0
2020-05-11,PNNT,-0.2263
2020-05-11,POL,-0.4215
2020-05-11,POST,-0.128
2020-05-11,PRAA,0.0
2020-05-11,PRIM,0.7506
2020-05-11,PRTK,0.0
2020-05-11,PSA,-0.128
2020-05-11,PSEC,0.296
2020-05-11,PSTI,0.0
2020-05-11,PSXP,-0.128
2020-05-11,PTLA,-0.31720000000000004
2020-05-11,PZZA,0.0
2020-05-11,QLYS,0.0
2020-05-11,QTNT,0.10115
2020-05-11,QTWO,0.148
2020-05-11,QUIK,-0.3612
2020-05-11,RAIL,-0.07655
2020-05-11,RBA,0.296
2020-05-11,RCMT,-0.1531
2020-05-11,RDNT,-0.15259999999999999
2020-05-11,REED,0.0
2020-05-11,REI,0.128
2020-05-11,REPH,0.148
2020-05-11,REV,-0.3612
2020-05-11,REXR,0.296
2020-05-11,RHP,-0.128
2020-05-11,RICK,-0.2263
2020-05-11,RIO,-0.4215
2020-05-11,RLGT,0.4767
2020-05-11,RMCF,0.0
2020-05-11,RMTI,0.0
2020-05-11,RNR,-0.128
2020-05-11,ROL,0.0
2020-05-11,RPT,0.0
2020-05-11,RTRX,0.0
2020-05-11,SABR,0.0
2020-05-11,SAEX,0.2732
2020-05-11,SALT,0.047633333333333326
2020-05-11,SBAC,0.0
2020-05-11,SCCO,-0.4215
2020-05-11,SCSC,-0.11315
2020-05-11,SCYX,0.0
2020-05-11,SF,0.0
2020-05-11,SFM,0.148
2020-05-11,SGMO,-0.3612
2020-05-11,SHO,-0.128
2020-05-11,SID,-0.4215
2020-05-11,SIRI,0.0
2020-05-11,SKYW,0.0
2020-05-11,SLRC,-0.026033333333333335
2020-05-11,SNCR,-0.0593
2020-05-11,SPRO,0.0
2020-05-11,SPTN,0.0
2020-05-11,SPWR,0.09106666666666667
2020-05-11,SR,0.2549
2020-05-11,SREV,0.0
2020-05-11,SRI,-0.128
2020-05-11,SSI,-0.4767
2020-05-11,SSP,-0.128
2020-05-11,STAY,-0.3612
2020-05-11,STBA,-0.2023
2020-05-11,STLD,-0.4215
2020-05-11,STMP,0.296
2020-05-11,STZ,0.2023
2020-05-11,SUN,-0.1806
2020-05-11,SWX,0.25
2020-05-11,SXC,-0.09866666666666667
2020-05-11,SYK,-0.128
2020-05-11,TAST,0.0
2020-05-11,TCPC,0.0
2020-05-11,TDW,0.0
2020-05-11,TERP,-0.3612
2020-05-11,TG,0.0
2020-05-11,TGH,0.0
2020-05-11,THC,0.0
2020-05-11,TM,-0.2732
2020-05-11,TNXP,0.0
2020-05-11,TRMB,0.0
2020-05-11,TRUE,0.0
2020-05-11,TSU,-0.4588
2020-05-11,UDR,0.10115
2020-05-11,UFS,0.07406
2020-05-11,UGI,0.0
2020-05-11,USAT,0.0
2020-05-11,UTI,0.0
2020-05-11,VECO,0.0
2020-05-11,VHC,0.0
2020-05-11,VIV,-0.128
2020-05-11,VIVO,0.0
2020-05-11,VMC,-0.4215
2020-05-11,VRA,0.0
2020-05-11,VRS,0.0
2020-05-11,VSTM,0.0
2020-05-11,VZ,0.0
2020-05-11,WCN,-0.4215
2020-05-11,WEX,-0.3612
2020-05-11,WHF,-0.2263
2020-05-11,WM,-0.4215
2020-05-11,WMK,0.0
2020-05-11,WPP,0.0
2020-05-11,WRLD,-0.5267
2020-05-11,WST,0.0
2020-05-11,WWW,0.3818
2020-05-11,XENT,-0.1806
2020-05-11,XLRN,-0.4404
2020-05-11,XONE,0.0
2020-05-11,XPO,0.0
2020-05-11,YELP,-0.128
2020-05-11,YRCW,0.09866666666666667
2020-05-11,ZIOP,-0.128
2020-05-12,AB,0.2023
2020-05-12,ADES,0.03695999999999999
2020-05-12,ADMP,-0.5106
2020-05-12,ADPT,-0.1806
2020-05-12,AEGN,-0.2023
2020-05-12,AES,0.128
2020-05-12,AFG,-0.31095
2020-05-12,AGTC,0.1531
2020-05-12,AKBA,-0.16091666666666668
2020-05-12,ALB,0.02476666666666667
2020-05-12,ALLT,0.0
2020-05-12,ALOT,0.0
2020-05-12,ALXN,0.09866666666666667
2020-05-12,AMAG,0.032424999999999995
2020-05-12,AMBC,-0.4939
2020-05-12,AMCX,0.4813
2020-05-12,AMRK,0.4404
2020-05-12,AN,0.184
2020-05-12,ANGI,0.0
2020-05-12,ANTM,0.0
2020-05-12,AON,0.0
2020-05-12,APEI,0.0
2020-05-12,ARMK,0.4404
2020-05-12,ASTC,0.296
2020-05-12,ATHX,0.0
2020-05-12,ATRC,-0.2553
2020-05-12,AU,0.0
2020-05-12,AVAV,0.7506
2020-05-12,AVK,0.0
2020-05-12,AVNW,0.0
2020-05-12,AXTA,0.10115
2020-05-12,BBX,-0.128
2020-05-12,BCO,-0.2023
2020-05-12,BEN,-0.4939
2020-05-12,BHLB,-0.2023
2020-05-12,BTN,0.5106
2020-05-12,CAAS,0.3182
2020-05-12,CACI,0.5719
2020-05-12,CAMT,0.0
2020-05-12,CAPL,0.25
2020-05-12,CBAY,-0.16223333333333334
2020-05-12,CBT,-0.128
2020-05-12,CCI,-0.8658
2020-05-12,CCNE,0.0
2020-05-12,CEQP,0.25
2020-05-12,CERS,0.0
2020-05-12,CHEF,0.0
2020-05-12,CHH,0.2577
2020-05-12,CHMI,0.08895
2020-05-12,CINF,-0.2023
2020-05-12,CIO,0.0
2020-05-12,CLDT,0.0
2020-05-12,CLI,0.0
2020-05-12,CLNE,0.2732
2020-05-12,CLNY,-0.064
2020-05-12,CMD,0.12689999999999999
2020-05-12,CMI,0.02476666666666667
2020-05-12,CNI,0.4019
2020-05-12,CNP,0.23775000000000002
2020-05-12,CP,0.4019
2020-05-12,CPHC,0.0
2020-05-12,CRL,-0.128
2020-05-12,CRMD,0.0
2020-05-12,CSFL,-0.2023
2020-05-12,CTSO,0.29295
2020-05-12,CVLT,-0.0903
2020-05-12,CYCC,-0.2553
2020-05-12,CYTK,-0.21795000000000003
2020-05-12,DAKT,-0.2023
2020-05-12,DBVT,0.0
2020-05-12,DD,0.0
2020-05-12,DDS,0.0
2020-05-12,DLA,0.0
2020-05-12,DLR,-0.8658
2020-05-12,DRE,-0.8658
2020-05-12,DRNA,0.0
2020-05-12,DRQ,0.0
2020-05-12,DRRX,0.0
2020-05-12,DUK,0.2732
2020-05-12,EARN,0.34
2020-05-12,EBS,-0.2553
2020-05-12,ECPG,0.0
2020-05-12,ED,-0.128
2020-05-12,EDAP,-0.1779
2020-05-12,ELGX,0.0
2020-05-12,ELMD,0.0
2020-05-12,ELS,-0.8658
2020-05-12,ENZ,0.0
2020-05-12,EQIX,0.296
2020-05-12,ESS,-0.8658
2020-05-12,ETH,0.0
2020-05-12,EWI,0.0
2020-05-12,EWJ,0.0
2020-05-12,EWY,0.0
2020-05-12,EXEL,0.0
2020-05-12,EXR,-0.8658
2020-05-12,FATE,0.0
2020-05-12,FCF,-0.2023
2020-05-12,FET,0.2732
2020-05-12,FGB,0.0
2020-05-12,FI,0.0
2020-05-12,FIS,-0.128
2020-05-12,FISV,-0.128
2020-05-12,FLWS,0.0
2020-05-12,FNV,0.0
2020-05-12,FOE,0.25
2020-05-12,FTEK,-0.07655
2020-05-12,G,-0.096
2020-05-12,GAIN,0.0
2020-05-12,GDOT,0.08589999999999999
2020-05-12,GEVO,-0.1806
2020-05-12,GFI,0.0
2020-05-12,GHM,-0.2023
2020-05-12,GIS,0.0
2020-05-12,GPN,0.0
2020-05-12,GSL,-0.05103333333333334
2020-05-12,GWB,-0.2023
2020-05-12,GWPH,-0.5106
2020-05-12,HAIN,0.0
2020-05-12,HALO,-0.041220000000000014
2020-05-12,HBCP,0.0
2020-05-12,HBNC,0.0
2020-05-12,HCHC,0.0
2020-05-12,HFWA,-0.2023
2020-05-12,HHC,-0.8658
2020-05-12,HMC,0.0
2020-05-12,HMSY,0.0
2020-05-12,HMY,0.0
2020-05-12,HOMB,-0.4939
2020-05-12,HPP,-0.8658
2020-05-12,ICL,0.0
2020-05-12,ICON,0.0
2020-05-12,ICPT,-0.128
2020-05-12,IFF,0.074
2020-05-12,IIVI,0.0
2020-05-12,INCY,0.0
2020-05-12,INDA,0.0
2020-05-12,INFI,0.128
2020-05-12,INUV,0.0
2020-05-12,IRIX,-0.128
2020-05-12,ISIG,0.0
2020-05-12,ISR,0.20095
2020-05-12,JCOM,-0.128
2020-05-12,JJSF,0.10115
2020-05-12,K,0.2023
2020-05-12,KO,-0.0263
2020-05-12,KODK,-0.3182
2020-05-12,KOP,0.0
2020-05-12,KSU,0.4019
2020-05-12,KTOS,0.5719
2020-05-12,KWR,-0.3612
2020-05-12,LAND,0.0
2020-05-12,LBTYA,0.3645
2020-05-12,LDL,0.0
2020-05-12,LEE,-0.2023
2020-05-12,LEN,0.368
2020-05-12,LH,-0.2023
2020-05-12,LIQT,0.0
2020-05-12,LNC,0.0
2020-05-12,LSCC,0.0
2020-05-12,LXP,-0.4329
2020-05-12,MASI,-0.2553
2020-05-12,MCC,0.0
2020-05-12,MG,0.0
2020-05-12,MGEE,0.5106
2020-05-12,MGLN,0.0
2020-05-12,MMC,-0.07945
2020-05-12,MMYT,0.0
2020-05-12,MNST,0.296
2020-05-12,MNTA,-0.5106
2020-05-12,MO,0.0
2020-05-12,MPWR,0.0
2020-05-12,MSA,0.56995
2020-05-12,MSCI,0.0
2020-05-12,MSM,0.0
2020-05-12,MTEX,0.0
2020-05-12,NKTR,-0.128
2020-05-12,NNI,0.3818
2020-05-12,NNN,-0.8658
2020-05-12,NSC,0.20095
2020-05-12,NSPR,-0.10730000000000003
2020-05-12,NTIP,0.296
2020-05-12,NVFY,0.0
2020-05-12,NWHM,0.0
2020-05-12,O,-0.8658
2020-05-12,OCUL,0.0
2020-05-12,OTIC,0.1531
2020-05-12,PACW,-0.4939
2020-05-12,PAM,0.0
2020-05-12,PBPB,-0.3612
2020-05-12,PCTY,0.0
2020-05-12,PEIX,-0.2263
2020-05-12,PEP,-0.064
2020-05-12,PESI,0.0
2020-05-12,PFNX,-0.128
2020-05-12,PFSW,0.0
2020-05-12,PHM,0.184
2020-05-12,PINC,-0.05296666666666667
2020-05-12,PODD,0.0
2020-05-12,POR,0.10115
2020-05-12,PRIM,0.5423
2020-05-12,PRPH,0.0
2020-05-12,PSA,-0.8658
2020-05-12,PT,-0.5106
2020-05-12,PTLA,-0.3001333333333333
2020-05-12,PTN,0.0
2020-05-12,QGEN,-0.5106
2020-05-12,QQQE,0.1695
2020-05-12,QUIK,-0.064
2020-05-12,RAND,-0.07436666666666668
2020-05-12,RAVE,0.0
2020-05-12,RDCM,-0.07543333333333334
2020-05-12,RDHL,0.0
2020-05-12,RDUS,-0.1197
2020-05-12,REPH,-0.21286666666666668
2020-05-12,RGEN,-0.5106
2020-05-12,RHP,0.0
2020-05-12,RM,0.0
2020-05-12,RMCF,0.0
2020-05-12,RNET,0.2732
2020-05-12,RPAI,-0.8658
2020-05-12,RPT,-0.128
2020-05-12,RTRX,0.0
2020-05-12,SABR,-0.128
2020-05-12,SAR,-0.128
2020-05-12,SBLK,-0.2023
2020-05-12,SCM,-0.1531
2020-05-12,SCSC,-0.128
2020-05-12,SFM,0.0
2020-05-12,SGEN,-0.3182
2020-05-12,SIEN,-0.064
2020-05-12,SIF,0.0
2020-05-12,SKYW,0.0
2020-05-12,SLF,-0.128
2020-05-12,SNX,0.0
2020-05-12,SPKE,0.3612
2020-05-12,SPTN,0.0
2020-05-12,SQNS,0.0
2020-05-12,SRC,-0.8658
2020-05-12,SSB,-0.2023
2020-05-12,STBA,-0.2023
2020-05-12,STL,-0.4939
2020-05-12,STNG,0.296
2020-05-12,SUI,-0.8658
2020-05-12,SUPN,0.5904
2020-05-12,SWN,0.2732
2020-05-12,SXC,0.0
2020-05-12,SYK,0.0
2020-05-12,SYNL,0.5423
2020-05-12,TAC,-0.1531
2020-05-12,TCP,0.10115
2020-05-12,TCRD,0.2732
2020-05-12,TCS,0.0
2020-05-12,TECH,-0.2553
2020-05-12,TESS,-0.1531
2020-05-12,THC,0.296
2020-05-12,TM,0.0
2020-05-12,TMHC,0.25
2020-05-12,TNXP,0.0
2020-05-12,TREX,0.0
2020-05-12,TW,0.0
2020-05-12,UDR,-0.8658
2020-05-12,UNG,-0.1032
2020-05-12,UNT,0.2732
2020-05-12,VG,0.0
2020-05-12,VIVO,-0.5106
2020-05-12,VOD,0.148
2020-05-12,VOXX,0.0
2020-05-12,VRS,0.0
2020-05-12,VSH,0.0
2020-05-12,WHF,-0.128
2020-05-12,WHLR,0.0
2020-05-12,WLFC,-0.2023
2020-05-12,WMB,0.19469999999999998
2020-05-12,WRLD,-0.5267
2020-05-12,WST,-0.2553
2020-05-12,XENT,-0.0399
2020-05-12,XLRN,-0.12552500000000003
2020-05-12,YRCW,0.0
2020-05-13,ABC,-0.8841
2020-05-13,ABCB,-0.7269
2020-05-13,ABR,-0.7269
2020-05-13,ACAD,-0.8841
2020-05-13,ACHC,-0.8841
2020-05-13,ACIW,-0.7717
2020-05-13,ACN,-0.7717
2020-05-13,ADES,0.0
2020-05-13,ADMP,0.0
2020-05-13,ADMS,0.6597
2020-05-13,ADP,0.0
2020-05-13,ADPT,0.0
2020-05-13,ADXS,-0.8841
2020-05-13,AEGN,-0.2023
2020-05-13,AEL,-0.7269
2020-05-13,AERI,-0.8841
2020-05-13,AFG,-0.7269
2020-05-13,AFL,-0.7269
2020-05-13,AGEN,0.0772
2020-05-13,AGG,0.128
2020-05-13,AGIO,0.0
2020-05-13,AGO,-0.7269
2020-05-13,AGTC,0.0
2020-05-13,AHH,-0.2023
2020-05-13,AKR,-0.2023
2020-05-13,ALL,-0.7269
2020-05-13,ALNY,0.0
2020-05-13,AM,-0.6369
2020-05-13,AMBC,-0.7269
2020-05-13,AMCX,-0.4019
2020-05-13,AMP,-0.7269
2020-05-13,ANTM,-0.8841
2020-05-13,AOSL,-0.7717
2020-05-13,APEI,0.0
2020-05-13,APH,-0.7717
2020-05-13,APO,-0.40536666666666665
2020-05-13,APOG,-0.128
2020-05-13,APTO,-0.8841
2020-05-13,ARCO,-0.056575
2020-05-13,ARES,-0.128
2020-05-13,ARI,-0.7269
2020-05-13,ARWR,0.0
2020-05-13,ASTC,0.0
2020-05-13,ATRC,0.0
2020-05-13,ATRS,-0.8841
2020-05-13,AVID,-0.2023
2020-05-13,AVNW,0.0
2020-05-13,AVT,-0.7717
2020-05-13,AXAS,-0.6369
2020-05-13,BAK,0.296
2020-05-13,BANR,-0.7269
2020-05-13,BBDO,-0.7269
2020-05-13,BBX,-0.128
2020-05-13,BCO,-0.2023
2020-05-13,BCOM,0.0
2020-05-13,BDC,-0.7717
2020-05-13,BG,0.0
2020-05-13,BHLB,-0.2023
2020-05-13,BIOC,-0.1531
2020-05-13,BK,-0.7269
2020-05-13,BKU,-0.128
2020-05-13,BLUE,0.0
2020-05-13,BMA,-0.7269
2020-05-13,BMO,-0.21545
2020-05-13,BOKF,-0.7269
2020-05-13,BPOP,-0.7269
2020-05-13,BPTH,0.0
2020-05-13,BRKL,-0.2023
2020-05-13,BRP,0.0
2020-05-13,BTU,-0.6369
2020-05-13,BX,-0.42745
2020-05-13,CAMP,-0.7717
2020-05-13,CASH,-0.2023
2020-05-13,CAT,0.0
2020-05-13,CATM,-0.7717
2020-05-13,CATY,-0.7269
2020-05-13,CBAY,-0.13635999999999998
2020-05-13,CBLI,-0.8841
2020-05-13,CCMP,-0.7717
2020-05-13,CCNE,-0.2023
2020-05-13,CCRN,-0.8841
2020-05-13,CDW,-0.7717
2020-05-13,CELP,0.0
2020-05-13,CEQP,0.0
2020-05-13,CERN,0.0
2020-05-13,CHEF,0.0
2020-05-13,CHH,0.0
2020-05-13,CHMI,-0.064
2020-05-13,CI,-0.8841
2020-05-13,CIG,-0.2023
2020-05-13,CINF,-0.2023
2020-05-13,CLDT,-0.128
2020-05-13,CM,0.296
2020-05-13,CNC,-0.8841
2020-05-13,COLB,-0.2023
2020-05-13,COMM,-0.26639999999999997
2020-05-13,CPF,-0.7269
2020-05-13,CPRX,-0.2387
2020-05-13,CPS,0.0
2020-05-13,CPST,0.0
2020-05-13,CRL,0.10115
2020-05-13,CSFL,-0.4646
2020-05-13,CSGP,0.0
2020-05-13,CTSH,-0.7717
2020-05-13,CTSO,0.0
2020-05-13,CVA,0.03715
2020-05-13,CVLT,-0.064
2020-05-13,CVLY,-0.2023
2020-05-13,CYBR,0.0
2020-05-13,CYRN,0.0
2020-05-13,CYTK,0.0
2020-05-13,DAKT,-0.2023
2020-05-13,DBD,-0.7717
2020-05-13,DBVT,-0.8841
2020-05-13,DGII,-0.22675000000000003
2020-05-13,DHI,0.5106
2020-05-13,DLPH,0.296
2020-05-13,DRNA,0.0
2020-05-13,DRRX,0.0
2020-05-13,DUK,0.4215
2020-05-13,DVN,-0.6369
2020-05-13,EBIX,-0.7717
2020-05-13,EBS,0.0
2020-05-13,EBTC,-0.2023
2020-05-13,EC,-0.6369
2020-05-13,ECOM,0.0
2020-05-13,ECPG,0.0
2020-05-13,ECT,0.1779
2020-05-13,EDAP,-0.12040000000000001
2020-05-13,EEM,0.0
2020-05-13,EFC,-0.7269
2020-05-13,EFOI,0.2732
2020-05-13,EFSC,-0.7269
2020-05-13,EGHT,-0.1288
2020-05-13,EGLE,-0.2023
2020-05-13,EML,-0.2023
2020-05-13,ENVA,-0.7269
2020-05-13,EPZM,0.0
2020-05-13,EQIX,0.0
2020-05-13,EQM,-0.6369
2020-05-13,ERIC,-0.7717
2020-05-13,ESPR,-0.8841
2020-05-13,ESRT,-0.2023
2020-05-13,ETH,0.0
2020-05-13,EWC,0.0
2020-05-13,EWD,0.0
2020-05-13,EWJ,0.0
2020-05-13,EWW,0.0
2020-05-13,EWZ,0.0
2020-05-13,EXEL,0.0
2020-05-13,EXLS,0.0
2020-05-13,EXPO,0.0
2020-05-13,EYES,-0.8841
2020-05-13,EZPW,-0.128
2020-05-13,FATE,0.0
2020-05-13,FBP,-0.7269
2020-05-13,FCF,-0.16515000000000002
2020-05-13,FCNCA,-0.7269
2020-05-13,FDP,-0.2023
2020-05-13,FLEX,-0.7717
2020-05-13,FLIC,-0.7269
2020-05-13,FLIR,0.0
2020-05-13,FLL,-0.1806
2020-05-13,FLO,0.04933333333333333
2020-05-13,FLT,-0.7717
2020-05-13,FMBI,-0.2023
2020-05-13,FMNB,-0.2023
2020-05-13,FNJN,0.0
2020-05-13,FTNT,0.0
2020-05-13,FULT,-0.4646
2020-05-13,FWP,-0.059199999999999996
2020-05-13,GAIN,-0.7269
2020-05-13,GBDC,0.1779
2020-05-13,GBR,0.2732
2020-05-13,GCAP,0.0
2020-05-13,GDOT,0.0
2020-05-13,GEVO,-0.6369
2020-05-13,GHM,-0.2023
2020-05-13,GIS,-0.064
2020-05-13,GLOB,-0.7717
2020-05-13,GNCA,0.0
2020-05-13,GNW,-0.2023
2020-05-13,GPL,0.6249
2020-05-13,GPOR,-0.6369
2020-05-13,GPRK,-0.3327
2020-05-13,GPX,-0.11010000000000002
2020-05-13,GSBC,0.6249
2020-05-13,GVA,0.802
2020-05-13,GWB,-0.4646
2020-05-13,GWPH,-0.8841
2020-05-13,HAFC,-0.4646
2020-05-13,HAIN,0.0
2020-05-13,HALO,0.0
2020-05-13,HBAN,-0.7269
2020-05-13,HCAP,0.3818
2020-05-13,HFC,-0.31845
2020-05-13,HFWA,-0.2023
2020-05-13,HOMB,-0.7269
2020-05-13,HTGC,-0.42745
2020-05-13,HYG,0.0
2020-05-13,ICAD,0.0
2020-05-13,ICCC,0.0
2020-05-13,ICUI,-0.2294
2020-05-13,IFF,0.0
2020-05-13,III,0.0
2020-05-13,IIVI,0.0
2020-05-13,INFN,0.0997375
2020-05-13,INFY,-0.38585
2020-05-13,INGR,-0.0516
2020-05-13,INN,-0.128
2020-05-13,INVE,0.0
2020-05-13,INWK,0.0
2020-05-13,IPAR,0.050575
2020-05-13,IR,-0.12040000000000001
2020-05-13,ISR,0.0
2020-05-13,ISSC,0.4019
2020-05-13,IT,-0.7717
2020-05-13,ITRI,-0.7717
2020-05-13,ITRN,-0.2495
2020-05-13,IVV,0.128
2020-05-13,JAKK,-0.1806
2020-05-13,JCOM,0.02495
2020-05-13,JLL,-0.128
2020-05-13,KBR,-0.7717
2020-05-13,KIN,-0.8841
2020-05-13,KODK,-0.25723333333333337
2020-05-13,KOP,0.0
2020-05-13,KOPN,-0.7717
2020-05-13,KRE,0.0
2020-05-13,KTOS,0.5719
2020-05-13,KWR,0.03715
2020-05-13,L,-0.2023
2020-05-13,LDL,0.0
2020-05-13,LDOS,-0.7717
2020-05-13,LEE,-0.2023
2020-05-13,LJPC,0.7964
2020-05-13,LNC,-0.7269
2020-05-13,LNT,0.0258
2020-05-13,LORL,0.0
2020-05-13,LPCN,0.0
2020-05-13,LPSN,0.0
2020-05-13,LTBR,0.0
2020-05-13,LXRX,-0.6597
2020-05-13,MANH,-0.7717
2020-05-13,MASI,0.0
2020-05-13,MATX,-0.2023
2020-05-13,MBII,-0.5267
2020-05-13,MCY,0.296
2020-05-13,MDRX,-0.2947
2020-05-13,MGEE,0.5106
2020-05-13,MKL,-0.7269
2020-05-13,MNK,0.0
2020-05-13,MNTA,-0.8841
2020-05-13,MOD,-0.128
2020-05-13,MOH,-0.8841
2020-05-13,MSON,-0.8841
2020-05-13,MVIS,0.0
2020-05-13,NCR,-0.7717
2020-05-13,NGD,0.0
2020-05-13,NMM,-0.05103333333333334
2020-05-13,NOK,-0.7717
2020-05-13,NRZ,-0.7269
2020-05-13,NTRS,-0.7269
2020-05-13,NTWK,-0.07655
2020-05-13,NVEE,0.7717
2020-05-13,NVGS,-0.6369
2020-05-13,NVO,0.5267
2020-05-13,NWBI,-0.2023
2020-05-13,NYCB,-0.128
2020-05-13,OCUL,-0.8841
2020-05-13,OMCL,-0.8841
2020-05-13,ONB,-0.2023
2020-05-13,ONTX,-0.8841
2020-05-13,ONVO,0.0
2020-05-13,ORI,-0.7269
2020-05-13,OSTK,-0.296
2020-05-13,OXBR,-0.7269
2020-05-13,OXLC,-0.2423
2020-05-13,PAG,0.296
2020-05-13,PANL,-0.2263
2020-05-13,PAYC,-0.7717
2020-05-13,PBCT,-0.7269
2020-05-13,PBF,0.1531
2020-05-13,PCOM,-0.3612
2020-05-13,PFLT,0.1779
2020-05-13,PFPT,0.0
2020-05-13,PGTI,0.059199999999999996
2020-05-13,PHG,0.0
2020-05-13,PMD,0.0
2020-05-13,PMT,-0.7269
2020-05-13,PNFP,-0.7269
2020-05-13,PODD,-0.14735
2020-05-13,PRO,0.0
2020-05-13,PTC,-0.7717
2020-05-13,QLYS,0.0
2020-05-13,QTNT,-0.8841
2020-05-13,QUIK,0.0
2020-05-13,QURE,-0.8841
2020-05-13,RAD,0.0
2020-05-13,RAND,-0.2423
2020-05-13,RARE,0.0
2020-05-13,RCMT,-0.128
2020-05-13,RDUS,0.10115
2020-05-13,REPH,-0.5432
2020-05-13,RESN,-0.7717
2020-05-13,RGCO,-0.2023
2020-05-13,RGEN,0.0
2020-05-13,RGLS,-0.8841
2020-05-13,RNG,0.0
2020-05-13,RRC,-0.6369
2020-05-13,RVNC,-0.8841
2020-05-13,RYAAY,-0.5106
2020-05-13,SABR,-0.7717
2020-05-13,SAFM,-0.2023
2020-05-13,SBLK,-0.2023
2020-05-13,SBNY,-0.36345
2020-05-13,SC,-0.7269
2020-05-13,SCSC,0.0
2020-05-13,SF,-0.7269
2020-05-13,SFM,0.148
2020-05-13,SHLO,-0.2023
2020-05-13,SHOO,0.03715
2020-05-13,SIEN,-0.44205
2020-05-13,SIF,0.15158
2020-05-13,SIRI,0.0
2020-05-13,SIVB,-0.7269
2020-05-13,SKX,0.296
2020-05-13,SMH,0.0
2020-05-13,SMRT,0.0
2020-05-13,SNN,-0.8841
2020-05-13,SNX,0.2884
2020-05-13,SQNS,0.0
2020-05-13,SR,-0.128
2020-05-13,SRCL,0.1779
2020-05-13,SSB,-0.4646
2020-05-13,STBA,-0.2023
2020-05-13,STE,0.0
2020-05-13,STFC,-0.2023
2020-05-13,STL,-0.7269
2020-05-13,STLD,0.08524999999999999
2020-05-13,STML,0.0
2020-05-13,STWD,-0.7269
2020-05-13,SU,-0.6369
2020-05-13,SUN,0.25
2020-05-13,SYK,-0.8841
2020-05-13,TBK,-0.7269
2020-05-13,TBPH,0.10115
2020-05-13,TDW,-0.2023
2020-05-13,TECH,-0.44205
2020-05-13,TESS,-0.7717
2020-05-13,TISI,-0.2023
2020-05-13,TMO,0.148
2020-05-13,TPVG,-0.36345
2020-05-13,TREE,-0.7269
2020-05-13,TRP,0.2732
2020-05-13,TRS,-0.2023
2020-05-13,TRV,-0.7269
2020-05-13,TSEM,0.1317375
2020-05-13,TWO,0.1779
2020-05-13,UBSI,-0.7269
2020-05-13,UCBI,-0.7269
2020-05-13,UFCS,-0.2023
2020-05-13,UMBF,-0.7269
2020-05-13,UMPQ,-0.7269
2020-05-13,UNG,0.0
2020-05-13,UNM,-0.7269
2020-05-13,UTHR,0.0
2020-05-13,VECO,-0.7717
2020-05-13,VGR,0.296
2020-05-13,VHC,0.6808
2020-05-13,VLY,-0.7269
2020-05-13,VNDA,0.4939
2020-05-13,VOD,-0.064
2020-05-13,VOO,0.128
2020-05-13,VRTU,-0.3397
2020-05-13,VRTX,0.0
2020-05-13,VSAT,-0.7717
2020-05-13,VSEC,0.7717
2020-05-13,VSH,-0.7717
2020-05-13,VTI,0.128
2020-05-13,VTR,-0.128
2020-05-13,VXX,0.0
2020-05-13,WEN,0.0
2020-05-13,WEX,-0.7717
2020-05-13,WIT,-0.7717
2020-05-13,WPRT,0.0
2020-05-13,WPX,-0.6369
2020-05-13,WRE,-0.2023
2020-05-13,WSBC,-0.2023
2020-05-13,WST,0.0
2020-05-13,XEL,0.11846666666666668
2020-05-13,XLRN,0.1591
2020-05-13,XNCR,0.1531
2020-05-13,XPO,0.3612
2020-05-13,YRCW,0.0
2020-05-13,ZBRA,-0.7717
2020-05-13,ZEN,-0.7717
2020-05-13,ZIXI,-0.7717
2020-05-13,ZN,0.0
2020-05-14,ABB,-0.891
2020-05-14,ABCB,0.04684999999999999
2020-05-14,ABR,0.296
2020-05-14,ACIW,-0.8481
2020-05-14,ACN,-0.8481
2020-05-14,ACOR,0.0
2020-05-14,ADBE,0.10115
2020-05-14,ADT,0.0
2020-05-14,ADXS,0.0
2020-05-14,AEGN,-0.2023
2020-05-14,AEL,0.296
2020-05-14,AEM,0.17
2020-05-14,AEY,0.0
2020-05-14,AFG,0.296
2020-05-14,AFL,-0.29235
2020-05-14,AG,0.0
2020-05-14,AGIO,0.0
2020-05-14,AGN,-0.3818
2020-05-14,AGNC,0.34
2020-05-14,AGO,0.296
2020-05-14,AGRO,0.0
2020-05-14,AKER,0.09878
2020-05-14,AKR,-0.2023
2020-05-14,ALE,-0.2023
2020-05-14,ALKS,0.0
2020-05-14,ALL,0.296
2020-05-14,ALX,-0.2023
2020-05-14,ALXN,0.0
2020-05-14,AMBC,0.296
2020-05-14,AMGN,0.0
2020-05-14,AMP,0.296
2020-05-14,AMTX,0.0
2020-05-14,ANET,-0.8481
2020-05-14,APTO,0.0
2020-05-14,ARI,0.296
2020-05-14,ATLO,-0.2023
2020-05-14,ATRC,0.2732
2020-05-14,AU,0.34
2020-05-14,AUPH,-0.1531
2020-05-14,AUY,0.34
2020-05-14,AVAV,0.5719
2020-05-14,AVID,-0.2023
2020-05-14,AVNW,0.0
2020-05-14,AWX,0.0
2020-05-14,BANR,0.296
2020-05-14,BASI,0.0
2020-05-14,BBDO,-0.5415
2020-05-14,BCBP,-0.2023
2020-05-14,BDX,-0.3612
2020-05-14,BFS,-0.2023
2020-05-14,BGSF,0.0
2020-05-14,BHLB,-0.2023
2020-05-14,BIOC,0.0
2020-05-14,BK,0.296
2020-05-14,BKU,-0.2023
2020-05-14,BLUE,0.0
2020-05-14,BMA,0.296
2020-05-14,BMO,-0.8807
2020-05-14,BOKF,0.296
2020-05-14,BPOP,0.296
2020-05-14,BRKL,-0.2023
2020-05-14,BRP,-0.41095
2020-05-14,BX,-0.29235
2020-05-14,BXS,-0.2023
2020-05-14,CAAS,0.0
2020-05-14,CAC,-0.2023
2020-05-14,CARA,-0.5267
2020-05-14,CASH,-0.2023
2020-05-14,CATY,0.296
2020-05-14,CCMP,-0.8481
2020-05-14,CCNE,-0.2023
2020-05-14,CCO,0.3818
2020-05-14,CCRN,-0.2023
2020-05-14,CDNA,-0.0928
2020-05-14,CDR,0.5106
2020-05-14,CEA,-0.4939
2020-05-14,CEQP,0.368
2020-05-14,CGEN,0.0
2020-05-14,CHCO,-0.2023
2020-05-14,CHEF,0.5267
2020-05-14,CIG,-0.2023
2020-05-14,CINF,-0.2023
2020-05-14,CIR,0.0
2020-05-14,CLI,-0.2023
2020-05-14,CLIR,-0.148
2020-05-14,CMCO,0.0
2020-05-14,CNA,-0.2023
2020-05-14,CNI,-0.891
2020-05-14,CNQ,0.3612
2020-05-14,CO,-0.2023
2020-05-14,COLB,-0.2023
2020-05-14,CP,-0.891
2020-05-14,CPF,0.296
2020-05-14,CPS,0.0
2020-05-14,CPST,0.0
2020-05-14,CPT,0.5106
2020-05-14,CPTA,-0.2023
2020-05-14,CREG,0.2732
2020-05-14,CRK,-0.142975
2020-05-14,CSFL,0.04684999999999999
2020-05-14,CSGP,0.0
2020-05-14,CSL,-0.2023
2020-05-14,CSPI,-0.42405
2020-05-14,CTAS,0.09545
2020-05-14,CTBI,-0.2023
2020-05-14,CTLT,0.2732
2020-05-14,CVCY,-0.8807
2020-05-14,CVLY,-0.2023
2020-05-14,CVS,0.13136666666666666
2020-05-14,CVV,-0.8481
2020-05-14,CYBR,-0.08104285714285715
2020-05-14,D,0.5719
2020-05-14,DAKT,-0.2023
2020-05-14,DDD,-0.296
2020-05-14,DDS,-0.17770000000000002
2020-05-14,DKL,0.25
2020-05-14,DLX,-0.2023
2020-05-14,DRD,0.34
2020-05-14,DRE,-0.1197
2020-05-14,DSX,0.0
2020-05-14,DXCM,0.22615000000000002
2020-05-14,DYNT,0.0
2020-05-14,EAT,0.2577
2020-05-14,EBIX,-0.8481
2020-05-14,EBTC,-0.2023
2020-05-14,EEM,0.7096
2020-05-14,EFC,-0.13795
2020-05-14,EFOI,0.0
2020-05-14,EFSC,-0.2023
2020-05-14,EGHT,0.0
2020-05-14,EGLE,-0.2023
2020-05-14,EGO,0.34
2020-05-14,EIG,-0.2023
2020-05-14,EMAN,0.017424999999999996
2020-05-14,EMCF,-0.5415
2020-05-14,EML,-0.2023
2020-05-14,ENPH,0.2023
2020-05-14,ENVA,0.296
2020-05-14,EPAM,-0.8481
2020-05-14,EQM,0.0
2020-05-14,ERIC,-0.8481
2020-05-14,ESP,0.0
2020-05-14,ESRT,-0.2023
2020-05-14,ETM,0.07144999999999999
2020-05-14,ETN,-0.11372499999999999
2020-05-14,EVOL,0.0
2020-05-14,EWC,0.0
2020-05-14,EWJ,-0.3818
2020-05-14,EWW,-0.296
2020-05-14,EXEL,-0.4691
2020-05-14,EXK,0.0
2020-05-14,EXPO,-0.891
2020-05-14,EXTR,-0.8481
2020-05-14,FBP,0.296
2020-05-14,FCF,-0.2023
2020-05-14,FCNCA,0.296
2020-05-14,FDP,-0.2023
2020-05-14,FFBC,-0.2023
2020-05-14,FHN,0.296
2020-05-14,FI,-0.128
2020-05-14,FIX,-0.2023
2020-05-14,FLO,0.296
2020-05-14,FLXS,-0.2023
2020-05-14,FMBI,-0.2023
2020-05-14,FMNB,-0.2023
2020-05-14,FNB,0.296
2020-05-14,FNV,0.34
2020-05-14,FRC,0.296
2020-05-14,FRME,-0.2023
2020-05-14,FSI,0.1909
2020-05-14,FTI,0.2023
2020-05-14,FULT,0.04684999999999999
2020-05-14,FWP,-0.22166666666666668
2020-05-14,GAIN,0.296
2020-05-14,GBLI,-0.2023
2020-05-14,GCAP,0.0
2020-05-14,GEO,0.0
2020-05-14,GFI,0.34
2020-05-14,GHM,-0.2023
2020-05-14,GIS,0.0
2020-05-14,GLMD,0.09106666666666667
2020-05-14,GLOB,0.0
2020-05-14,GNCA,0.1366
2020-05-14,GNW,-0.2023
2020-05-14,GOLD,0.34
2020-05-14,GPL,0.743
2020-05-14,GPX,-0.2023
2020-05-14,GSK,-0.9382
2020-05-14,GSL,-0.891
2020-05-14,GTIM,0.2202
2020-05-14,GWB,-0.2023
2020-05-14,GWPH,-0.1806
2020-05-14,HAFC,-0.2023
2020-05-14,HALO,0.0
2020-05-14,HBM,0.0
2020-05-14,HCHC,0.4939
2020-05-14,HFWA,-0.2023
2020-05-14,HHS,0.0
2020-05-14,HL,0.10600000000000001
2020-05-14,HMN,-0.2023
2020-05-14,HMY,0.34
2020-05-14,HNNA,0.0
2020-05-14,HOLI,-0.1806
2020-05-14,HXL,-0.2023
2020-05-14,IAG,0.34
2020-05-14,IBIO,0.296
2020-05-14,ICCC,0.2732
2020-05-14,ICON,0.0
2020-05-14,ILMN,0.2732
2020-05-14,INCY,0.0
2020-05-14,INFN,0.0
2020-05-14,INFU,0.0
2020-05-14,INGR,0.2023
2020-05-14,INUV,0.0
2020-05-14,INWK,-0.128
2020-05-14,ISNS,0.0
2020-05-14,ISR,0.0
2020-05-14,ISSC,0.0
2020-05-14,JAZZ,0.1779
2020-05-14,JBT,-0.2023
2020-05-14,JCOM,-0.1197
2020-05-14,JCS,-0.148
2020-05-14,KEM,0.0
2020-05-14,KGC,0.34
2020-05-14,KODK,0.0
2020-05-14,KOS,0.23775000000000002
2020-05-14,L,-0.2023
2020-05-14,LDL,0.0
2020-05-14,LDOS,-0.8481
2020-05-14,LEG,0.46113333333333334
2020-05-14,LFC,-0.8807
2020-05-14,LHCG,-0.128
2020-05-14,LORL,0.0
2020-05-14,LRCX,-0.1759
2020-05-14,LTBR,0.0
2020-05-14,LTRX,0.0
2020-05-14,MAGS,0.5292
2020-05-14,MATW,-0.2023
2020-05-14,MATX,-0.2023
2020-05-14,MBII,0.17435
2020-05-14,MDLY,0.0
2020-05-14,MDP,-0.2023
2020-05-14,MFC,-0.8807
2020-05-14,MKC,0.146025
2020-05-14,MOFG,-0.2023
2020-05-14,MPLX,0.3818
2020-05-14,MSC,0.148
2020-05-14,MTBC,0.074
2020-05-14,MTRN,0.0
2020-05-14,MTSC,-0.06743333333333333
2020-05-14,MTW,-0.2023
2020-05-14,MVIS,0.0
2020-05-14,MYOS,0.7184
2020-05-14,NAII,0.3612
2020-05-14,NBTB,-0.2023
2020-05-14,NBY,0.33525
2020-05-14,NEPT,0.07190000000000002
2020-05-14,NFBK,-0.2023
2020-05-14,NHI,-0.064
2020-05-14,NICE,-0.10026666666666666
2020-05-14,NOV,0.0
2020-05-14,NSEC,0.34
2020-05-14,NSPR,0.0
2020-05-14,NTWK,0.0
2020-05-14,NVMI,0.0
2020-05-14,NVRO,0.3612
2020-05-14,NWBI,-0.2023
2020-05-14,OCN,0.0
2020-05-14,OMER,0.0
2020-05-14,ONB,-0.2023
2020-05-14,ONTX,0.1366
2020-05-14,ONVO,-0.9382
2020-05-14,OSBC,-0.2023
2020-05-14,OXLC,0.0
2020-05-14,PAA,-0.1197
2020-05-14,PAGP,-0.1197
2020-05-14,PANL,-0.891
2020-05-14,PCOM,0.0
2020-05-14,PDLI,-0.4691
2020-05-14,PEBK,-0.2023
2020-05-14,PGTI,-0.1282
2020-05-14,PHG,-0.9382
2020-05-14,PKE,-0.52205
2020-05-14,PLCE,0.0
2020-05-14,PMBC,-0.2023
2020-05-14,PODD,0.0
2020-05-14,PRLB,0.0
2020-05-14,PRU,-0.8807
2020-05-14,PSO,-0.2023
2020-05-14,PSTI,0.24695
2020-05-14,PTSI,0.4939
2020-05-14,PUK,-0.44035
2020-05-14,PVG,0.34
2020-05-14,QRHC,0.0
2020-05-14,QURE,0.0
2020-05-14,RAD,0.2023
2020-05-14,RAND,0.0
2020-05-14,RAVE,0.296
2020-05-14,RBC,-0.07945
2020-05-14,RBCAA,-0.2023
2020-05-14,RDI,-0.2023
2020-05-14,RE,-0.2023
2020-05-14,REPH,0.035449999999999995
2020-05-14,RGCO,-0.2023
2020-05-14,RGLD,0.34
2020-05-14,RGLS,0.0
2020-05-14,RM,-0.2023
2020-05-14,ROBO,0.4767
2020-05-14,RUBI,0.0
2020-05-14,RVP,0.0
2020-05-14,RYAAY,-0.4939
2020-05-14,RYI,-0.2023
2020-05-14,SA,0.34
2020-05-14,SAIC,0.5719
2020-05-14,SAND,0.34
2020-05-14,SANW,0.0
2020-05-14,SCI,-0.2023
2020-05-14,SFM,0.06743333333333333
2020-05-14,SFNC,-0.2023
2020-05-14,SGEN,0.4767
2020-05-14,SHOO,0.128
2020-05-14,SIF,0.0
2020-05-14,SIGI,0.29205
2020-05-14,SLCT,-0.2023
2020-05-14,SMBC,-0.5415
2020-05-14,SMP,-0.2023
2020-05-14,SNCR,-0.2023
2020-05-14,SNX,-0.42405
2020-05-14,SPNS,-0.212025
2020-05-14,SREV,0.0
2020-05-14,SSB,-0.2023
2020-05-14,SSY,0.0
2020-05-14,SSYS,-0.12040000000000001
2020-05-14,STBA,-0.2023
2020-05-14,STFC,-0.2023
2020-05-14,STLD,0.1531
2020-05-14,STNG,0.0
2020-05-14,STON,-0.1531
2020-05-14,STRL,-0.2023
2020-05-14,STRT,0.4824
2020-05-14,SXC,-0.2023
2020-05-14,TBIO,0.0
2020-05-14,TDS,-0.128
2020-05-14,TDW,-0.2023
2020-05-14,TDY,-0.891
2020-05-14,TECH,0.0
2020-05-14,TESS,0.0
2020-05-14,TEX,-0.2023
2020-05-14,TGC,0.0
2020-05-14,THC,-0.128
2020-05-14,TIGR,0.0
2020-05-14,TISI,-0.2023
2020-05-14,TM,0.1731
2020-05-14,TPC,-0.296
2020-05-14,TPX,0.4939
2020-05-14,TREC,0.0
2020-05-14,TRMK,-0.2023
2020-05-14,TROX,0.0
2020-05-14,TRS,-0.2023
2020-05-14,TRV,-0.8807
2020-05-14,TRXC,-0.04400000000000001
2020-05-14,TSEM,0.12689999999999999
2020-05-14,TSLX,-0.128
2020-05-14,TSU,-0.2023
2020-05-14,TTEK,0.128
2020-05-14,TX,-0.128
2020-05-14,TXMD,0.0
2020-05-14,TZA,0.7096
2020-05-14,UBS,-0.39963333333333334
2020-05-14,UCBI,-0.2023
2020-05-14,UFCS,-0.2023
2020-05-14,UMPQ,-0.2023
2020-05-14,UNG,0.3612
2020-05-14,URI,0.2023
2020-05-14,USEG,0.2732
2020-05-14,USM,0.43025
2020-05-14,VBLT,0.09106666666666667
2020-05-14,VCYT,-0.0928
2020-05-14,VECO,0.0
2020-05-14,VGR,0.10726666666666666
2020-05-14,VIV,-0.2023
2020-05-14,VNET,-0.05103333333333334
2020-05-14,VOO,-0.1779
2020-05-14,VRTU,-0.09531666666666666
2020-05-14,VRTX,0.0
2020-05-14,VVI,0.0
2020-05-14,WBA,-0.2023
2020-05-14,WEN,0.10115
2020-05-14,WGO,0.0
2020-05-14,WHLM,0.0
2020-05-14,WLFC,-0.2023
2020-05-14,WNC,-0.12040000000000001
2020-05-14,WPRT,0.0
2020-05-14,WRE,-0.2023
2020-05-14,WRLD,-0.5267
2020-05-14,WSBC,-0.2023
2020-05-14,WSBF,-0.2023
2020-05-14,WSR,-0.2023
2020-05-14,XNET,0.0
2020-05-14,XRX,-0.5252
2020-05-15,AAON,0.0
2020-05-15,ABC,-0.128
2020-05-15,ADM,0.0
2020-05-15,ADPT,0.0
2020-05-15,ADXS,0.0
2020-05-15,AEE,-0.128
2020-05-15,AEG,0.0
2020-05-15,AEM,-0.0386
2020-05-15,AES,-0.3612
2020-05-15,AEY,0.0
2020-05-15,AG,0.009999999999999995
2020-05-15,ALL,0.0
2020-05-15,ALLY,0.0
2020-05-15,ALNY,0.4215
2020-05-15,AMAG,0.0
2020-05-15,AMAT,-0.128
2020-05-15,AMP,0.0
2020-05-15,AOS,0.0
2020-05-15,APO,0.0
2020-05-15,ASB,-0.128
2020-05-15,AU,-0.0772
2020-05-15,AUY,-0.0772
2020-05-15,BAM,0.25
2020-05-15,BEN,-0.128
2020-05-15,BEP,0.0
2020-05-15,BIIB,0.0258
2020-05-15,BK,-0.128
2020-05-15,BKCC,-0.296
2020-05-15,BKU,-0.128
2020-05-15,BOOT,0.0
2020-05-15,BPTH,-0.2953333333333333
2020-05-15,BVN,-0.0772
2020-05-15,BX,0.0
2020-05-15,CAG,0.1909
2020-05-15,CASH,-0.13795
2020-05-15,CBLI,0.0
2020-05-15,CCI,-0.6908
2020-05-15,CCK,0.2732
2020-05-15,CDNA,0.8519
2020-05-15,CG,0.0
2020-05-15,CGEN,0.0
2020-05-15,CHD,0.0
2020-05-15,CL,0.0
2020-05-15,CLSN,-0.07543333333333334
2020-05-15,CME,-0.128
2020-05-15,CMP,0.0
2020-05-15,CMS,0.18167499999999998
2020-05-15,CNA,-0.2023
2020-05-15,CNP,0.1531
2020-05-15,CORR,0.6705
2020-05-15,CPG,0.0
2020-05-15,CPHI,0.0
2020-05-15,CRK,-0.08533333333333333
2020-05-15,CRTO,0.4767
2020-05-15,CTAS,0.0
2020-05-15,CVLT,0.5574
2020-05-15,CWCO,0.0
2020-05-15,CXDC,0.8331
2020-05-15,D,0.1531
2020-05-15,DDS,0.09866666666666667
2020-05-15,DENN,-0.032
2020-05-15,DHR,0.0726
2020-05-15,DUK,0.1531
2020-05-15,DY,-0.128
2020-05-15,ED,-0.128
2020-05-15,ELY,0.35015
2020-05-15,EMAN,0.0
2020-05-15,ENSV,-0.3612
2020-05-15,EQM,0.28459999999999996
2020-05-15,ESLT,-0.1779
2020-05-15,ETR,-0.128
2020-05-15,EWBC,0.0
2020-05-15,EWC,-0.2263
2020-05-15,EWI,0.0
2020-05-15,EXK,0.0
2020-05-15,EXR,-0.6908
2020-05-15,FCX,-0.296
2020-05-15,FDN,0.0
2020-05-15,FE,-0.4588
2020-05-15,FHN,0.0
2020-05-15,FLO,0.0
2020-05-15,FMS,-0.6249
2020-05-15,FNV,-0.025733333333333334
2020-05-15,FRC,0.0
2020-05-15,FSM,0.0
2020-05-15,FUNC,0.0
2020-05-15,FWP,0.0
2020-05-15,GAIN,0.0
2020-05-15,GDOT,0.7003
2020-05-15,GFI,-0.0386
2020-05-15,GHC,0.0
2020-05-15,GLMD,-0.128
2020-05-15,GLOB,0.148
2020-05-15,GLYC,0.1909
2020-05-15,GOLD,-0.0772
2020-05-15,GPOR,0.2732
2020-05-15,GPRK,-0.1806
2020-05-15,GWGH,0.0
2020-05-15,HALO,0.0
2020-05-15,HASI,0.0
2020-05-15,HBAN,0.0
2020-05-15,HCHC,0.0
2020-05-15,HGSH,0.0
2020-05-15,HL,-0.0386
2020-05-15,HOLI,-0.064
2020-05-15,HOLX,-0.1531
2020-05-15,HUM,0.0
2020-05-15,HZO,0.7003
2020-05-15,IART,0.0
2020-05-15,ICE,0.0
2020-05-15,IIVI,-0.836
2020-05-15,INUV,0.0
2020-05-15,ISBC,0.0
2020-05-15,ISSC,0.0
2020-05-15,IVZ,-0.128
2020-05-15,JACK,0.0846
2020-05-15,JBL,0.24914999999999998
2020-05-15,KGC,-0.0386
2020-05-15,KLAC,-0.836
2020-05-15,KO,0.3818
2020-05-15,KODK,0.0
2020-05-15,KRC,-0.6908
2020-05-15,LEU,0.0
2020-05-15,LH,0.0
2020-05-15,LIVE,0.0
2020-05-15,LNT,0.6486
2020-05-15,LPCN,0.0
2020-05-15,LRCX,-0.418
2020-05-15,LXU,-0.2023
2020-05-15,MD,0.7003
2020-05-15,MDLY,0.0
2020-05-15,MKC,0.0
2020-05-15,MKTX,0.0
2020-05-15,MLM,0.0
2020-05-15,MMSI,0.8225
2020-05-15,MO,0.2732
2020-05-15,MOH,-0.3612
2020-05-15,MORN,0.296
2020-05-15,MSON,-0.128
2020-05-15,MTBC,0.0
2020-05-15,MVIS,0.0
2020-05-15,NEE,0.003400000000000014
2020-05-15,NICE,0.5473
2020-05-15,NPTN,-0.209
2020-05-15,NRG,-0.1027
2020-05-15,NRT,0.0
2020-05-15,NVMI,0.0
2020-05-15,OBCI,0.0
2020-05-15,ODP,0.296
2020-05-15,OGS,-0.128
2020-05-15,OHI,0.35645000000000004
2020-05-15,OLN,0.0
2020-05-15,ONTX,0.148
2020-05-15,OPY,0.296
2020-05-15,OXLC,0.0
2020-05-15,PAYC,0.296
2020-05-15,PAYX,0.2732
2020-05-15,PBCT,0.3182
2020-05-15,PBF,-0.1027
2020-05-15,PBFX,0.0
2020-05-15,PEG,-0.4588
2020-05-15,PGC,0.0
2020-05-15,PHM,0.0
2020-05-15,PLCE,0.0
2020-05-15,PMT,-0.128
2020-05-15,PNFP,-0.128
2020-05-15,PNM,-0.4588
2020-05-15,PNRG,-0.2023
2020-05-15,PSTI,0.0
2020-05-15,PW,0.0
2020-05-15,QRVO,-0.836
2020-05-15,QSR,0.0
2020-05-15,RARE,0.4404
2020-05-15,RE,-0.128
2020-05-15,RELV,0.0
2020-05-15,REPH,-0.6597
2020-05-15,RESI,-0.2023
2020-05-15,RGEN,-0.32985
2020-05-15,RGLD,-0.025733333333333334
2020-05-15,RGS,0.0
2020-05-15,RLH,-0.0516
2020-05-15,RM,0.0
2020-05-15,RNG,0.296
2020-05-15,RNR,-0.128
2020-05-15,RP,0.0
2020-05-15,RVP,0.36065
2020-05-15,SAND,0.0
2020-05-15,SAR,0.0
2020-05-15,SBNY,0.0
2020-05-15,SHO,-0.128
2020-05-15,SIEN,-0.128
2020-05-15,SIF,0.0
2020-05-15,SIVB,0.0
2020-05-15,SJI,-0.128
2020-05-15,SLM,0.0
2020-05-15,SNCR,-0.2023
2020-05-15,SO,-0.128
2020-05-15,SP,0.0
2020-05-15,SPWR,0.4767
2020-05-15,SR,-0.128
2020-05-15,SRE,0.1531
2020-05-15,SSYS,-0.128
2020-05-15,STAR,0.0
2020-05-15,STM,-0.836
2020-05-15,STNG,0.20095
2020-05-15,STON,0.0
2020-05-15,SUN,0.3818
2020-05-15,SYNA,-0.836
2020-05-15,TBIO,-0.6597
2020-05-15,TCPC,0.1779
2020-05-15,TESS,0.0
2020-05-15,TGTX,0.040749999999999995
2020-05-15,TM,-0.2732
2020-05-15,TRCH,0.0
2020-05-15,TREX,0.0
2020-05-15,TROW,0.0
2020-05-15,TRV,0.0
2020-05-15,TSRI,-0.836
2020-05-15,TW,0.09866666666666667
2020-05-15,TXN,-0.836
2020-05-15,TYL,0.0
2020-05-15,UEC,0.2732
2020-05-15,UGP,0.0
2020-05-15,UNH,0.064
2020-05-15,USEG,0.0
2020-05-15,USL,0.296
2020-05-15,UUUU,0.0
2020-05-15,VALE,0.0
2020-05-15,VOYA,-0.128
2020-05-15,VRTU,0.148
2020-05-15,VRTX,0.09866666666666667
2020-05-15,VVI,0.0
2020-05-15,WBC,0.0
2020-05-15,WEN,0.25
2020-05-15,WM,-0.5106
2020-05-15,WNC,0.4215
2020-05-15,WSR,-0.11010000000000002
2020-05-15,WST,0.0
2020-05-15,WTFC,-0.128
2020-05-15,WYY,0.0
2020-05-15,YANG,0.5106
2020-05-15,YINN,0.5106
2020-05-16,AEM,0.0
2020-05-16,BX,0.0
2020-05-16,CAG,0.0
2020-05-16,CCK,0.0
2020-05-16,CNC,0.0
2020-05-16,DISCK,0.0
2020-05-16,ELY,0.0
2020-05-16,ETFC,0.0
2020-05-16,FISV,0.0
2020-05-16,HHC,0.0
2020-05-16,IWR,0.0
2020-05-16,JACK,0.0
2020-05-16,JCP,0.7003
2020-05-16,LQD,0.0
2020-05-16,MO,0.0
2020-05-16,MUB,0.0
2020-05-16,NG,0.0
2020-05-16,NWL,0.0
2020-05-16,SATS,0.0
2020-05-16,SGMS,0.0
2020-05-16,XLU,0.0
2020-05-17,ADMP,0.0772
2020-05-17,AON,0.0
2020-05-17,BTI,-0.5574
2020-05-17,CAT,0.296
2020-05-17,CBPO,0.0772
2020-05-17,FEYE,0.296
2020-05-17,FLIR,0.0
2020-05-17,FTNT,0.296
2020-05-17,HOG,0.0
2020-05-17,INDA,0.4404
2020-05-17,KR,0.0
2020-05-17,MDWD,0.0772
2020-05-17,MO,-0.5574
2020-05-17,MOS,0.0
2020-05-17,STZ,-0.5574
2020-05-17,TARO,0.0772
2020-05-17,VZ,0.0
2020-05-17,XENE,0.0772
2020-05-18,AA,0.8519
2020-05-18,ABB,0.8934
2020-05-18,ABBV,0.296
2020-05-18,ABC,0.8519
2020-05-18,ABG,0.0
2020-05-18,ABM,-0.128
2020-05-18,ACC,0.91
2020-05-18,ACHC,0.8519
2020-05-18,ACM,0.8934
2020-05-18,ACN,0.0
2020-05-18,ADMP,-0.1806
2020-05-18,ADP,0.296
2020-05-18,AE,0.1531
2020-05-18,AEGN,0.4019
2020-05-18,AEM,0.0
2020-05-18,AER,0.8934
2020-05-18,AES,0.8481
2020-05-18,AEY,0.0
2020-05-18,AG,0.0
2020-05-18,AHT,0.91
2020-05-18,AIG,0.6597
2020-05-18,AIV,0.603
2020-05-18,AIZ,-0.4588
2020-05-18,AJG,0.0
2020-05-18,AKBA,0.0
2020-05-18,AKR,0.91
2020-05-18,AL,0.8934
2020-05-18,ALGN,0.8519
2020-05-18,ALKS,0.8519
2020-05-18,AM,0.3182
2020-05-18,AMAT,0.836
2020-05-18,AME,0.8934
2020-05-18,AMRN,0.296
2020-05-18,AN,-0.148
2020-05-18,ANTM,0.8519
2020-05-18,AON,0.0
2020-05-18,AOS,0.8934
2020-05-18,APH,0.836
2020-05-18,ARDX,0.0
2020-05-18,ARE,0.91
2020-05-18,ASA,0.0
2020-05-18,ATEN,0.296
2020-05-18,ATI,0.8519
2020-05-18,ATRC,0.0
2020-05-18,AU,0.0
2020-05-18,AUY,0.0
2020-05-18,AVB,0.91
2020-05-18,AVT,0.836
2020-05-18,AXS,-0.128
2020-05-18,AXTA,0.42595
2020-05-18,BBL,0.8519
2020-05-18,BBRY,0.296
2020-05-18,BC,0.11303333333333333
2020-05-18,BDX,0.8519
2020-05-18,BHP,0.8519
2020-05-18,BIIB,0.51695
2020-05-18,BLDR,0.8934
2020-05-18,BLUE,0.0
2020-05-18,BPTH,0.08399999999999999
2020-05-18,BR,0.836
2020-05-18,BRO,0.0
2020-05-18,BWA,-0.128
2020-05-18,BXP,0.91
2020-05-18,CAT,0.8934
2020-05-18,CCI,0.91
2020-05-18,CCO,0.0
2020-05-18,CCRN,0.0
2020-05-18,CDNS,0.1027
2020-05-18,CEMI,0.148
2020-05-18,CENTA,0.0
2020-05-18,CENX,0.8519
2020-05-18,CEO,0.3182
2020-05-18,CERN,0.8519
2020-05-18,CF,0.8519
2020-05-18,CFX,0.8934
2020-05-18,CHGG,-0.023424999999999994
2020-05-18,CHH,0.1215
2020-05-18,CI,0.8519
2020-05-18,CL,0.1779
2020-05-18,CLF,0.8519
2020-05-18,CLI,-0.064
2020-05-18,CLNY,0.91
2020-05-18,CMC,0.8519
2020-05-18,CMCT,0.5106
2020-05-18,CMI,0.8934
2020-05-18,CMS,0.8481
2020-05-18,CNI,0.8934
2020-05-18,CNQ,0.3182
2020-05-18,CNTY,0.074
2020-05-18,COKE,-0.4767
2020-05-18,COMM,-0.128
2020-05-18,COP,0.3182
2020-05-18,CPA,0.8934
2020-05-18,CPG,0.20916666666666664
2020-05-18,CPRT,-0.128
2020-05-18,CPT,0.7211000000000001
2020-05-18,CRH,0.8519
2020-05-18,CRK,0.29569999999999996
2020-05-18,CS,0.32985
2020-05-18,CTAS,0.8934
2020-05-18,CTLT,0.42595
2020-05-18,CTRE,0.91
2020-05-18,CTSH,0.836
2020-05-18,CUZ,0.91
2020-05-18,CVE,0.3182
2020-05-18,CVGI,0.0
2020-05-18,CXO,0.3182
2020-05-18,CXP,0.91
2020-05-18,CXW,0.91
2020-05-18,CYH,0.8519
2020-05-18,DAC,0.0
2020-05-18,DBD,0.836
2020-05-18,DHT,0.2732
2020-05-18,DK,0.0
2020-05-18,DKL,0.4215
2020-05-18,DLPH,-0.128
2020-05-18,DNOW,0.8934
2020-05-18,DNR,0.14686
2020-05-18,DOC,0.873
2020-05-18,DOV,0.8934
2020-05-18,DOW,0.8519
2020-05-18,DRD,0.0
2020-05-18,DRE,0.91
2020-05-18,DSX,0.0
2020-05-18,DTE,0.31456666666666666
2020-05-18,DUK,0.8481
2020-05-18,DVN,0.3182
2020-05-18,DXCM,0.0
2020-05-18,DYNT,0.0
2020-05-18,EBR,0.8481
2020-05-18,EC,0.3182
2020-05-18,ED,0.4215
2020-05-18,EEFT,-0.128
2020-05-18,EIGI,0.296
2020-05-18,ELMD,0.0
2020-05-18,ELS,0.91
2020-05-18,EMN,0.8519
2020-05-18,EMR,0.8934
2020-05-18,ENB,0.3182
2020-05-18,ENLC,0.3182
2020-05-18,ENPH,0.836
2020-05-18,ENR,0.17770000000000002
2020-05-18,EOG,0.3182
2020-05-18,ERF,0.3182
2020-05-18,ESI,0.8519
2020-05-18,ESRT,0.91
2020-05-18,ETFC,0.0
2020-05-18,ETN,0.8934
2020-05-18,ETR,0.8481
2020-05-18,EVOL,0.0
2020-05-18,EW,0.6486
2020-05-18,EXR,0.91
2020-05-18,FBHS,0.8934
2020-05-18,FCN,0.1779
2020-05-18,FCX,0.8519
2020-05-18,FE,0.8481
2020-05-18,FENG,0.0
2020-05-18,FET,0.2732
2020-05-18,FIS,0.836
2020-05-18,FISV,0.836
2020-05-18,FIVN,0.0
2020-05-18,FLEX,0.836
2020-05-18,FLR,0.8477
2020-05-18,FLS,0.8934
2020-05-18,FLT,0.836
2020-05-18,FLWS,0.0
2020-05-18,FMC,0.8519
2020-05-18,FOLD,0.8519
2020-05-18,FR,0.91
2020-05-18,FSLR,0.836
2020-05-18,FSM,0.42595
2020-05-18,FTI,0.3182
2020-05-18,FTK,0.0
2020-05-18,FTNT,0.0
2020-05-18,FUN,0.0
2020-05-18,GAIN,0.0
2020-05-18,GDX,0.0258
2020-05-18,GEL,0.3182
2020-05-18,GENE,0.2263
2020-05-18,GFI,0.0
2020-05-18,GGB,0.8519
2020-05-18,GLOG,0.3182
2020-05-18,GPI,-0.3612
2020-05-18,GPK,0.8519
2020-05-18,GPRK,0.0
2020-05-18,GRFS,0.8519
2020-05-18,GRMN,0.1779
2020-05-18,GSK,0.16463333333333333
2020-05-18,GTE,0.2732
2020-05-18,HA,0.8934
2020-05-18,HASI,0.91
2020-05-18,HBM,0.8519
2020-05-18,HCA,0.8519
2020-05-18,HCC,0.8519
2020-05-18,HDS,0.8934
2020-05-18,HFC,0.3182
2020-05-18,HIW,0.91
2020-05-18,HOLI,0.0
2020-05-18,HPP,0.91
2020-05-18,HRTX,-0.4939
2020-05-18,HSIC,0.8519
2020-05-18,HTA,0.91
2020-05-18,HUM,0.0
2020-05-18,HUN,0.8519
2020-05-18,HVT,0.0
2020-05-18,HXL,0.8934
2020-05-18,HZO,0.0
2020-05-18,IBIO,0.0
2020-05-18,IBN,0.0
2020-05-18,IDXX,0.0
2020-05-18,IFF,0.8519
2020-05-18,ILMN,0.8519
2020-05-18,IMAX,0.3612
2020-05-18,IMMU,0.0
2020-05-18,INFI,-0.128
2020-05-18,INN,0.91
2020-05-18,INUV,0.0
2020-05-18,IP,0.8519
2020-05-18,IR,0.8934
2020-05-18,IRT,0.91
2020-05-18,IRWD,0.296
2020-05-18,ITW,0.8934
2020-05-18,JBL,0.836
2020-05-18,JCI,0.8934
2020-05-18,JCP,0.14728
2020-05-18,KBR,0.836
2020-05-18,KFY,-0.128
2020-05-18,KGC,0.0
2020-05-18,KIM,0.91
2020-05-18,KLAC,0.836
2020-05-18,KMDA,0.0
2020-05-18,KMI,0.3182
2020-05-18,KMT,0.8934
2020-05-18,KMX,-0.296
2020-05-18,KOP,0.0
2020-05-18,KRC,0.91
2020-05-18,KSU,0.8934
2020-05-18,LAD,-0.3612
2020-05-18,LAMR,0.148
2020-05-18,LDOS,0.836
2020-05-18,LEE,-0.2057
2020-05-18,LEG,0.0
2020-05-18,LFUS,0.0
2020-05-18,LHCG,0.0
2020-05-18,LINC,0.0
2020-05-18,LIQT,0.0
2020-05-18,LNT,0.8481
2020-05-18,LOGI,0.0
2020-05-18,LORL,0.0
2020-05-18,LPCN,0.8519
2020-05-18,LPLA,0.28790000000000004
2020-05-18,LPX,0.8519
2020-05-18,LRCX,0.836
2020-05-18,LXP,0.91
2020-05-18,MAA,0.148
2020-05-18,MAS,0.8934
2020-05-18,MBUU,-0.1806
2020-05-18,MD,0.8519
2020-05-18,MDP,0.0
2020-05-18,MDRX,0.8519
2020-05-18,MDU,0.8481
2020-05-18,MIDD,0.8934
2020-05-18,MKC,0.0
2020-05-18,MMC,0.0
2020-05-18,MMP,0.3182
2020-05-18,MOS,0.8519
2020-05-18,MPW,0.59055
2020-05-18,MRC,0.8934
2020-05-18,MTDR,0.3182
2020-05-18,MTOR,0.8934
2020-05-18,MTSC,0.0
2020-05-18,MVIS,0.296
2020-05-18,NAT,0.074
2020-05-18,NBL,0.3182
2020-05-18,NBY,0.29205
2020-05-18,NCLH,0.3827
2020-05-18,NCR,0.8934
2020-05-18,NEE,0.8481
2020-05-18,NEM,0.0
2020-05-18,NEOG,0.0
2020-05-18,NEPT,-0.5267
2020-05-18,NGL,0.3182
2020-05-18,NKTR,0.0
2020-05-18,NLSN,0.8934
2020-05-18,NNN,0.91
2020-05-18,NOAH,0.0
2020-05-18,NOV,0.3182
2020-05-18,NPTN,-0.064
2020-05-18,NR,0.3182
2020-05-18,NRG,0.8481
2020-05-18,NS,0.3182
2020-05-18,NSC,0.8934
2020-05-18,NUVA,0.8519
2020-05-18,NVMI,0.0
2020-05-18,NVO,0.296
2020-05-18,O,0.91
2020-05-18,OC,0.8934
2020-05-18,OCUL,0.0
2020-05-18,OFC,0.91
2020-05-18,OGE,0.8481
2020-05-18,OHI,0.91
2020-05-18,OI,0.8519
2020-05-18,OLN,0.8519
2020-05-18,OSTK,0.1027
2020-05-18,OXLC,0.6597
2020-05-18,PAA,0.3071
2020-05-18,PACD,0.2732
2020-05-18,PAG,-0.3612
2020-05-18,PAGP,0.296
2020-05-18,PAR,0.0
2020-05-18,PARR,0.0
2020-05-18,PAYC,0.8934
2020-05-18,PBA,0.3182
2020-05-18,PBI,0.8934
2020-05-18,PDCE,0.3182
2020-05-18,PDCO,0.8519
2020-05-18,PDLI,0.0
2020-05-18,PEG,0.8481
2020-05-18,PFSW,0.0
2020-05-18,PGNX,-0.6597
2020-05-18,PGR,-0.3612
2020-05-18,PGRE,0.91
2020-05-18,PH,0.8934
2020-05-18,PHG,0.8519
2020-05-18,PII,-0.128
2020-05-18,PLCE,0.0
2020-05-18,PNR,0.8934
2020-05-18,POL,0.8519
2020-05-18,PPG,0.8519
2020-05-18,PPL,0.8481
2020-05-18,PRU,0.6597
2020-05-18,PSA,0.91
2020-05-18,PTNR,0.0
2020-05-18,PW,0.0
2020-05-18,PWR,0.8934
2020-05-18,PZZA,0.0
2020-05-18,QRVO,0.8934
2020-05-18,QTNT,0.6486
2020-05-18,RAIL,0.0
2020-05-18,RARE,0.0
2020-05-18,RBC,0.10115
2020-05-18,RE,-0.128
2020-05-18,REG,0.91
2020-05-18,RELV,0.0
2020-05-18,RES,0.3182
2020-05-18,RESI,0.48385
2020-05-18,RGEN,0.0
2020-05-18,RGR,0.0
2020-05-18,RGS,0.0
2020-05-18,RHI,0.8934
2020-05-18,RHP,0.91
2020-05-18,RIO,0.8519
2020-05-18,RJF,0.41960000000000003
2020-05-18,RLJ,0.91
2020-05-18,RM,0.0
2020-05-18,RMD,0.6705
2020-05-18,RNG,0.0
2020-05-18,RNR,0.0
2020-05-18,RNWK,0.0
2020-05-18,ROIC,0.91
2020-05-18,ROK,0.8934
2020-05-18,RPAI,0.91
2020-05-18,RRC,0.3182
2020-05-18,RYAAY,0.0
2020-05-18,SAND,0.0
2020-05-18,SATS,0.4215
2020-05-18,SCS,0.0
2020-05-18,SD,0.2732
2020-05-18,SEE,0.8519
2020-05-18,SEM,0.8519
2020-05-18,SF,0.36306666666666665
2020-05-18,SGMS,0.0
2020-05-18,SHO,0.91
2020-05-18,SIX,0.0
2020-05-18,SJI,0.8481
2020-05-18,SLCA,0.3182
2020-05-18,SNN,0.8519
2020-05-18,SO,0.8481
2020-05-18,SOHU,0.0
2020-05-18,SQM,0.8519
2020-05-18,SQNS,0.26335
2020-05-18,SRC,0.91
2020-05-18,SRE,0.8481
2020-05-18,ST,0.8934
2020-05-18,STAG,0.91
2020-05-18,STAR,0.91
2020-05-18,STAY,0.0
2020-05-18,STLD,0.8519
2020-05-18,STON,0.0
2020-05-18,STX,0.8934
2020-05-18,SU,0.3182
2020-05-18,SVM,0.0
2020-05-18,SWN,0.3182
2020-05-18,SYK,0.8519
2020-05-18,TAT,0.0
2020-05-18,TBIO,0.0
2020-05-18,TEL,0.8934
2020-05-18,TERP,0.8481
2020-05-18,TESS,0.0
2020-05-18,TFX,0.0
2020-05-18,TGTX,0.26335
2020-05-18,THC,0.8519
2020-05-18,TMO,0.21697499999999997
2020-05-18,TMUS,0.0
2020-05-18,TNXP,0.0
2020-05-18,TOT,0.3182
2020-05-18,TPC,0.8934
2020-05-18,TRCH,0.0683
2020-05-18,TREX,0.4467
2020-05-18,TRMB,0.0
2020-05-18,TRN,0.8934
2020-05-18,TROX,0.8519
2020-05-18,TRP,-0.7096
2020-05-18,TRV,-0.128
2020-05-18,TS,0.3182
2020-05-18,TSM,0.8934
2020-05-18,TW,0.0
2020-05-18,TWOU,0.0
2020-05-18,TXN,0.8934
2020-05-18,TXT,0.8934
2020-05-18,TYL,0.0
2020-05-18,UBS,0.6597
2020-05-18,UDR,0.91
2020-05-18,UGI,0.8481
2020-05-18,UGP,0.3182
2020-05-18,UNP,0.8934
2020-05-18,UPS,0.8934
2020-05-18,URI,0.8934
2020-05-18,USM,0.7269
2020-05-18,UTHR,0.0
2020-05-18,VALE,0.8519
2020-05-18,VET,0.3182
2020-05-18,VLO,0.3182
2020-05-18,VMC,0.8519
2020-05-18,VNET,0.0
2020-05-18,VNO,0.30700000000000005
2020-05-18,VNOM,0.3182
2020-05-18,VRTX,0.0
2020-05-18,VSH,0.8934
2020-05-18,VTR,0.91
2020-05-18,VVI,0.0
2020-05-18,WAB,0.8934
2020-05-18,WM,0.8934
2020-05-18,WMB,0.3182
2020-05-18,WPX,0.3182
2020-05-18,WRLD,-0.5267
2020-05-18,WST,0.418
2020-05-18,WSTG,0.0
2020-05-18,X,0.42595
2020-05-18,XPO,0.8934
2020-05-18,XRX,0.8934
2020-05-18,XYL,0.8934
2020-05-19,AAP,0.041999999999999996
2020-05-19,ABR,0.0
2020-05-19,ACST,0.0
2020-05-19,ADMP,0.5574
2020-05-19,ADPT,0.0
2020-05-19,AEHR,0.3182
2020-05-19,AEM,0.7213
2020-05-19,AG,0.36065
2020-05-19,AGIO,0.5859
2020-05-19,AIV,0.0
2020-05-19,AMAT,0.8402
2020-05-19,AMCX,0.0
2020-05-19,AMGN,0.4215
2020-05-19,ARR,0.296
2020-05-19,ASA,0.0
2020-05-19,ASB,0.0
2020-05-19,ATRA,0.0
2020-05-19,ATRC,0.5574
2020-05-19,AU,0.7213
2020-05-19,AUDC,0.4588
2020-05-19,AUY,0.7213
2020-05-19,AVID,0.3182
2020-05-19,BAH,-0.128
2020-05-19,BAMM,0.0
2020-05-19,BDX,0.5423
2020-05-19,BIO,0.5574
2020-05-19,BKH,0.29205
2020-05-19,BLDP,0.0
2020-05-19,BLUE,0.5574
2020-05-19,BPTH,0.0
2020-05-19,BRT,0.0
2020-05-19,BYD,0.0
2020-05-19,BZH,-0.2263
2020-05-19,CARA,-0.06745000000000001
2020-05-19,CATY,0.0
2020-05-19,CCO,0.34
2020-05-19,CCRN,0.0
2020-05-19,CDNS,0.4201
2020-05-19,CELP,-0.128
2020-05-19,CHCI,-0.2263
2020-05-19,CHGG,0.0
2020-05-19,CHH,0.0
2020-05-19,CI,-0.296
2020-05-19,CLB,0.0
2020-05-19,CLR,0.0
2020-05-19,CLX,-0.1655
2020-05-19,CMCSA,-0.128
2020-05-19,CNET,0.0
2020-05-19,CNHI,0.0
2020-05-19,CNTY,0.0
2020-05-19,CSGP,0.0
2020-05-19,CSLT,0.128
2020-05-19,CSV,0.0
2020-05-19,CTLT,0.4215
2020-05-19,CVCO,-0.2263
2020-05-19,CYCC,0.296
2020-05-19,CYTK,0.5574
2020-05-19,DBVT,0.0
2020-05-19,DDD,0.0
2020-05-19,DHI,-0.2263
2020-05-19,DK,0.0
2020-05-19,DPW,0.0
2020-05-19,DVN,0.2732
2020-05-19,DXCM,0.5574
2020-05-19,DY,0.0
2020-05-19,DYNT,-0.128
2020-05-19,ECH,0.2732
2020-05-19,EIS,0.5267
2020-05-19,ENPH,0.4201
2020-05-19,EOG,0.0
2020-05-19,EQT,-0.128
2020-05-19,EROS,0.0
2020-05-19,EVOK,0.2787
2020-05-19,EWBC,0.0
2020-05-19,EWC,0.2997
2020-05-19,EWW,0.09035000000000001
2020-05-19,EWZ,-0.5574
2020-05-19,EXP,-0.056575
2020-05-19,FANG,0.2732
2020-05-19,FE,0.0
2020-05-19,FISV,-0.2294
2020-05-19,FLR,0.4019
2020-05-19,FLXN,0.0
2020-05-19,FMBI,-0.128
2020-05-19,FOX,0.0
2020-05-19,FOXA,0.0
2020-05-19,FPRX,0.0
2020-05-19,FRAN,0.0
2020-05-19,FTK,0.0
2020-05-19,FUN,0.0
2020-05-19,GBCI,0.0
2020-05-19,GDX,0.0
2020-05-19,GDXJ,0.0
2020-05-19,GFI,0.7213
2020-05-19,GIFI,-0.2023
2020-05-19,GIS,-0.3612
2020-05-19,GNCA,0.5106
2020-05-19,GOLD,0.7213
2020-05-19,GPN,0.8402
2020-05-19,GRBK,-0.2263
2020-05-19,GSK,0.0
2020-05-19,HAIN,0.1661
2020-05-19,HALL,0.0
2020-05-19,HALO,0.0
2020-05-19,HCHC,0.0
2020-05-19,HL,0.0
2020-05-19,HLT,0.6486
2020-05-19,HOV,-0.2263
2020-05-19,HRZN,0.0
2020-05-19,HTH,0.0
2020-05-19,HTHT,0.6486
2020-05-19,IBIO,0.0
2020-05-19,IBTX,0.0
2020-05-19,IIN,0.07144999999999999
2020-05-19,IIVI,0.8402
2020-05-19,IMMU,0.5574
2020-05-19,INCY,0.0
2020-05-19,JCI,0.06743333333333333
2020-05-19,JCP,0.1779
2020-05-19,KGC,0.36065
2020-05-19,KIRK,-0.021733333333333344
2020-05-19,KOP,0.0
2020-05-19,KOPN,0.37195
2020-05-19,KR,-0.1655
2020-05-19,LEN,-0.2263
2020-05-19,LHCG,0.0
2020-05-19,LMT,0.125
2020-05-19,LOGI,0.0
2020-05-19,LORL,0.0
2020-05-19,LXU,-0.2023
2020-05-19,MANT,-0.11456666666666666
2020-05-19,MCO,0.10115
2020-05-19,MCY,0.4767
2020-05-19,MDC,-0.2263
2020-05-19,MDP,0.0
2020-05-19,MHO,-0.2263
2020-05-19,MNK,0.368
2020-05-19,MPW,0.0
2020-05-19,MRCY,0.4767
2020-05-19,MRO,0.06743333333333333
2020-05-19,MRTN,0.0
2020-05-19,MTH,-0.2263
2020-05-19,MTLS,0.0
2020-05-19,MTSC,0.0
2020-05-19,MVIS,0.186275
2020-05-19,NCTY,0.0
2020-05-19,NDAQ,-0.12726666666666667
2020-05-19,NEM,0.180325
2020-05-19,NEPT,0.15350000000000003
2020-05-19,NOC,0.125
2020-05-19,NTES,0.0
2020-05-19,NTIP,0.0
2020-05-19,NTN,0.0
2020-05-19,NURO,0.0
2020-05-19,NVMI,0.0
2020-05-19,NVR,-0.2263
2020-05-19,NWHM,-0.2263
2020-05-19,OCUL,0.0
2020-05-19,OGEN,0.5768
2020-05-19,ORN,0.6407499999999999
2020-05-19,OSTK,0.09866666666666667
2020-05-19,OXFD,0.5574
2020-05-19,PAAS,0.24043333333333336
2020-05-19,PAR,0.0
2020-05-19,PARR,0.0
2020-05-19,PATK,-0.2263
2020-05-19,PAYX,0.0
2020-05-19,PBF,0.34913333333333335
2020-05-19,PBPB,0.7213
2020-05-19,PDLI,0.5574
2020-05-19,PE,0.2023
2020-05-19,PFMT,0.0
2020-05-19,PHM,-0.2263
2020-05-19,PHX,0.0
2020-05-19,PINC,-0.148
2020-05-19,PLCE,0.0
2020-05-19,POOL,-0.3612
2020-05-19,PRGO,0.4215
2020-05-19,PVG,0.0
2020-05-19,PW,0.0
2020-05-19,QSR,0.0
2020-05-19,RADA,0.0
2020-05-19,RARE,0.5574
2020-05-19,RAVN,0.0
2020-05-19,REFR,0.0
2020-05-19,RGEN,0.5574
2020-05-19,RGLD,0.0
2020-05-19,RICK,0.0
2020-05-19,RNWK,0.0
2020-05-19,ROCK,0.0
2020-05-19,RVNC,0.6124
2020-05-19,RWLK,0.5072
2020-05-19,SAIC,-0.128
2020-05-19,SAND,0.0
2020-05-19,SC,0.0
2020-05-19,SCCO,0.0
2020-05-19,SD,0.4939
2020-05-19,SGDM,0.0
2020-05-19,SGMS,0.6486
2020-05-19,SIMO,0.0
2020-05-19,SINA,0.074
2020-05-19,SIX,0.0
2020-05-19,SKY,-0.2263
2020-05-19,SLCA,0.0
2020-05-19,SNR,-0.128
2020-05-19,SOHO,0.0
2020-05-19,SQM,0.0
2020-05-19,STM,0.0
2020-05-19,SYNL,0.4019
2020-05-19,TARO,0.11036666666666667
2020-05-19,TBIO,0.1858
2020-05-19,TECH,0.0
2020-05-19,TEF,0.0
2020-05-19,TGEN,0.4939
2020-05-19,TMHC,-0.2263
2020-05-19,TMUS,0.4767
2020-05-19,TNXP,0.296
2020-05-19,TOPS,0.2883
2020-05-19,TPH,-0.2263
2020-05-19,TRCH,0.0
2020-05-19,TREX,0.0
2020-05-19,TRIL,0.0
2020-05-19,TRIP,0.0
2020-05-19,TRNS,0.0
2020-05-19,TS,0.0
2020-05-19,TSM,0.0
2020-05-19,TTOO,0.0
2020-05-19,TXMD,0.28515
2020-05-19,TXN,-0.1655
2020-05-19,UDR,0.0
2020-05-19,UEIC,-0.1779
2020-05-19,UMPQ,-0.128
2020-05-19,UNH,-0.4019
2020-05-19,UTHR,0.2787
2020-05-19,VAC,0.0
2020-05-19,VNET,0.0
2020-05-19,VRNT,0.0
2020-05-19,VRS,0.0
2020-05-19,VRTX,0.5574
2020-05-19,VVI,0.0
2020-05-19,VZ,0.0
2020-05-19,WATT,0.03423333333333333
2020-05-19,WB,0.21669999999999998
2020-05-19,WBAI,-0.2023
2020-05-19,WST,0.5574
2020-05-19,WTFC,0.0
2020-05-19,XEC,-0.1027
2020-05-20,AAP,0.0
2020-05-20,ABC,0.9287
2020-05-20,ACN,0.9393
2020-05-20,ACY,0.0
2020-05-20,ADBE,0.9393
2020-05-20,ADS,0.9393
2020-05-20,AES,0.10115
2020-05-20,AFL,0.9393
2020-05-20,AFMD,0.0
2020-05-20,AGTC,0.0
2020-05-20,AHT,0.0
2020-05-20,AJG,0.0
2020-05-20,AL,0.296
2020-05-20,ALB,0.836
2020-05-20,ALDX,0.056575
2020-05-20,ALGN,0.9287
2020-05-20,ALGT,0.1027
2020-05-20,ALLY,-0.3612
2020-05-20,ALXN,0.9287
2020-05-20,AM,-0.1027
2020-05-20,AMAT,0.9393
2020-05-20,ANY,0.0
2020-05-20,APO,0.46965
2020-05-20,ARES,0.0
2020-05-20,ASA,0.0
2020-05-20,ASB,0.9393
2020-05-20,ASML,0.46965
2020-05-20,ATRA,0.9287
2020-05-20,AUY,0.0
2020-05-20,AWR,0.10115
2020-05-20,BAX,0.56265
2020-05-20,BBL,0.836
2020-05-20,BDX,0.12315000000000001
2020-05-20,BHP,0.836
2020-05-20,BIO,0.0
2020-05-20,BIOC,0.0
2020-05-20,BK,0.9393
2020-05-20,BLDR,0.9042
2020-05-20,BLIN,0.0
2020-05-20,BLK,0.0
2020-05-20,BLRX,0.0
2020-05-20,BLUE,0.9287
2020-05-20,BOOT,-0.1806
2020-05-20,BPTH,0.0
2020-05-20,BSX,0.31555999999999995
2020-05-20,CARA,-0.5267
2020-05-20,CASI,0.0
2020-05-20,CAT,0.9042
2020-05-20,CBPO,0.12726666666666667
2020-05-20,CCCL,0.0
2020-05-20,CDNS,0.46965
2020-05-20,CEA,0.8402
2020-05-20,CEL,-0.3182
2020-05-20,CENX,0.836
2020-05-20,CG,0.9393
2020-05-20,CHRW,0.9042
2020-05-20,CLR,-0.1027
2020-05-20,CLRO,0.0
2020-05-20,CLVS,-0.064
2020-05-20,CLX,0.50575
2020-05-20,CMCM,0.3337666666666667
2020-05-20,CMS,0.2732
2020-05-20,CNC,0.6369
2020-05-20,CNO,0.10115
2020-05-20,CNQ,0.42025
2020-05-20,CNTY,-0.07655
2020-05-20,COMM,-0.4767
2020-05-20,COP,-0.05135
2020-05-20,CP,0.9432
2020-05-20,CPA,0.8402
2020-05-20,CPG,-0.1027
2020-05-20,CPIX,-0.1806
2020-05-20,CPRT,-0.1806
2020-05-20,CQP,0.1531
2020-05-20,CREE,0.3645
2020-05-20,CREG,0.0
2020-05-20,CRH,0.836
2020-05-20,CSV,0.0
2020-05-20,CSX,0.2883
2020-05-20,CTLT,0.46435
2020-05-20,CTSH,0.9393
2020-05-20,CWT,0.10115
2020-05-20,CXO,-0.1027
2020-05-20,CYRN,0.0
2020-05-20,CZZ,0.10115
2020-05-20,DBVT,0.0
2020-05-20,DD,0.836
2020-05-20,DHI,0.5106
2020-05-20,DISH,0.296
2020-05-20,DK,0.1661
2020-05-20,DOW,0.245
2020-05-20,DQ,0.2612666666666667
2020-05-20,DRE,0.296
2020-05-20,DRI,0.54825
2020-05-20,DTE,0.23775000000000002
2020-05-20,DUK,0.3818
2020-05-20,DY,-0.042666666666666665
2020-05-20,EAT,0.5859
2020-05-20,EC,-0.1027
2020-05-20,ECOM,0.26335
2020-05-20,EIS,-0.5267
2020-05-20,EMR,0.7518
2020-05-20,ENLC,0.20395000000000002
2020-05-20,ENTG,0.0
2020-05-20,ENZ,-0.3818
2020-05-20,EOG,-0.1027
2020-05-20,EQIX,0.0
2020-05-20,EQM,-0.1027
2020-05-20,EQT,-0.1027
2020-05-20,ETR,0.0
2020-05-20,EV,-0.0937
2020-05-20,EVOK,0.15293333333333334
2020-05-20,EWBC,0.9393
2020-05-20,EWZ,0.6769
2020-05-20,EXP,-0.064
2020-05-20,FATE,0.0
2020-05-20,FDP,0.0
2020-05-20,FE,0.0
2020-05-20,FHN,0.9393
2020-05-20,FISV,0.296
2020-05-20,FLXN,0.0
2020-05-20,FMC,0.836
2020-05-20,FNB,0.9393
2020-05-20,FORTY,0.0
2020-05-20,FPI,0.0
2020-05-20,FRO,0.0
2020-05-20,FTK,0.0
2020-05-20,FTNT,0.0
2020-05-20,G,0.0
2020-05-20,GEO,0.0
2020-05-20,GGB,0.836
2020-05-20,GIGM,0.296
2020-05-20,GLMD,0.0
2020-05-20,GPRE,0.1179625
2020-05-20,GPRO,0.0
2020-05-20,GSK,-0.33825
2020-05-20,GURE,0.0
2020-05-20,HA,0.47145
2020-05-20,HALL,0.0
2020-05-20,HCA,-0.128
2020-05-20,HD,0.5106
2020-05-20,HL,0.0
2020-05-20,HOMB,0.9393
2020-05-20,HUM,0.7964
2020-05-20,HVT,0.0
2020-05-20,HWKN,0.0
2020-05-20,IBKR,0.0
2020-05-20,IBN,0.9393
2020-05-20,IGT,0.0
2020-05-20,IIN,-0.042666666666666665
2020-05-20,ILMN,0.9287
2020-05-20,INCY,0.0
2020-05-20,INVE,0.0
2020-05-20,JACK,0.5859
2020-05-20,JOE,0.0
2020-05-20,KGC,0.0
2020-05-20,KIM,0.4588
2020-05-20,KIN,0.2884
2020-05-20,KIRK,0.0
2020-05-20,KLAC,0.9393
2020-05-20,KMI,0.4019
2020-05-20,KO,0.5994
2020-05-20,KPTI,0.3243
2020-05-20,KRNY,0.1779
2020-05-20,KSU,0.9237
2020-05-20,LEDS,0.26335
2020-05-20,LEN,0.5106
2020-05-20,LH,-0.2192
2020-05-20,LHCG,0.0
2020-05-20,LOGI,0.06743333333333333
2020-05-20,LORL,0.0
2020-05-20,LPLA,0.3818
2020-05-20,LPSN,0.9393
2020-05-20,LRCX,0.9393
2020-05-20,LYB,0.836
2020-05-20,MARA,0.9393
2020-05-20,MAS,0.4716
2020-05-20,MCD,-0.21045
2020-05-20,MCK,0.041999999999999996
2020-05-20,MDP,0.0
2020-05-20,MDWD,0.059199999999999996
2020-05-20,MET,0.9393
2020-05-20,MFG,0.9393
2020-05-20,MODN,0.0
2020-05-20,MOS,0.836
2020-05-20,MSBF,0.1779
2020-05-20,MSM,-0.3612
2020-05-20,MXIM,0.9393
2020-05-20,MYGN,-0.11466666666666665
2020-05-20,NAVI,-0.128
2020-05-20,NBIX,0.0
2020-05-20,NBL,-0.1027
2020-05-20,NCLH,0.1779
2020-05-20,NDAQ,0.24695
2020-05-20,NDSN,0.0
2020-05-20,NEPT,-0.5267
2020-05-20,NNVC,-0.6249
2020-05-20,NOV,0.0
2020-05-20,NR,-0.03260000000000002
2020-05-20,NRG,0.32870000000000005
2020-05-20,NRZ,0.0
2020-05-20,NSC,0.9237
2020-05-20,NSTG,0.1779
2020-05-20,NTES,0.0
2020-05-20,NVMI,0.0
2020-05-20,NVO,0.0
2020-05-20,NXST,-0.0772
2020-05-20,OCUL,0.32559999999999995
2020-05-20,OGEN,0.0
2020-05-20,ORLY,0.0
2020-05-20,OSTK,0.0
2020-05-20,PAA,-0.1027
2020-05-20,PAAS,0.0
2020-05-20,PAYX,-0.042666666666666665
2020-05-20,PBR,-0.1027
2020-05-20,PBYI,0.0
2020-05-20,PEG,0.10115
2020-05-20,PFSI,0.48839999999999995
2020-05-20,PGR,0.0
2020-05-20,PH,0.9042
2020-05-20,PHG,0.9287
2020-05-20,PLUS,0.296
2020-05-20,PMT,0.66055
2020-05-20,PNC,0.9393
2020-05-20,PPL,0.10115
2020-05-20,PRIM,0.7096
2020-05-20,PRLB,0.0
2020-05-20,PRTS,0.0
2020-05-20,PRU,0.9393
2020-05-20,PW,0.0
2020-05-20,QIWI,0.071825
2020-05-20,QRVO,0.6706
2020-05-20,RDY,0.0
2020-05-20,REED,0.4019
2020-05-20,RGLD,0.0
2020-05-20,RJF,0.9393
2020-05-20,ROLL,0.059199999999999996
2020-05-20,RP,0.296
2020-05-20,RRD,0.9042
2020-05-20,RYAAY,0.8402
2020-05-20,RYI,-0.128
2020-05-20,SA,0.0
2020-05-20,SAIA,0.0
2020-05-20,SAM,0.0
2020-05-20,SC,-0.128
2020-05-20,SCVL,-0.07655
2020-05-20,SEED,-0.5267
2020-05-20,SF,0.4939
2020-05-20,SGMS,0.886
2020-05-20,SHO,-0.128
2020-05-20,SIEN,0.46435
2020-05-20,SJW,0.0
2020-05-20,SKY,-0.1806
2020-05-20,SKYW,0.47145
2020-05-20,SO,0.10115
2020-05-20,SQM,0.0
2020-05-20,STL,0.9393
2020-05-20,STLD,0.836
2020-05-20,STOR,0.296
2020-05-20,STX,0.9393
2020-05-20,STZ,-0.5719
2020-05-20,SU,-0.1027
2020-05-20,SVA,-0.3182
2020-05-20,SYPR,0.1779
2020-05-20,TA,0.7579
2020-05-20,TBIO,0.0
2020-05-20,TECH,0.0
2020-05-20,TEL,0.9393
2020-05-20,TGTX,0.9287
2020-05-20,THC,-0.128
2020-05-20,TMUS,-0.3612
2020-05-20,TOT,-0.1027
2020-05-20,TS,0.0
2020-05-20,TTOO,0.0
2020-05-20,TTP,0.0
2020-05-20,TX,0.836
2020-05-20,TXN,0.9393
2020-05-20,TXRH,0.54825
2020-05-20,TYL,0.0
2020-05-20,UBSI,0.9393
2020-05-20,UGP,-0.1027
2020-05-20,UMPQ,0.9393
2020-05-20,UNP,0.1661
2020-05-20,URBN,0.0
2020-05-20,USEG,0.2732
2020-05-20,UTHR,0.0
2020-05-20,UTSI,0.0
2020-05-20,UUUU,0.0
2020-05-20,V,0.0
2020-05-20,VALE,0.836
2020-05-20,VBIV,0.306175
2020-05-20,VET,-0.1027
2020-05-20,VLO,-0.1027
2020-05-20,VLRS,0.8402
2020-05-20,VLY,0.9393
2020-05-20,VMC,-0.128
2020-05-20,VNDA,0.33575
2020-05-20,VNET,0.0
2020-05-20,VRNS,0.0
2020-05-20,VZ,0.0
2020-05-20,WAB,0.9042
2020-05-20,WATT,0.0
2020-05-20,WDC,0.9393
2020-05-20,WIT,0.9393
2020-05-20,WMB,-0.1027
2020-05-20,WPX,-0.1027
2020-05-20,X,0.13205
2020-05-20,XEC,0.12426666666666668
2020-05-20,XLRN,0.0
2020-05-20,XPO,0.9042
2020-05-20,YY,0.0
2020-05-20,ZION,0.38053333333333333
2020-05-20,ZIOP,0.9287
2020-05-21,AAP,-0.3612
2020-05-21,ABBV,0.0
2020-05-21,ACAD,0.0
2020-05-21,ACY,0.0
2020-05-21,ADI,0.09228333333333333
2020-05-21,ADMA,0.17556666666666665
2020-05-21,AEM,0.891
2020-05-21,AEY,0.0
2020-05-21,AG,0.0
2020-05-21,AGNC,0.296
2020-05-21,AGYS,-0.1531
2020-05-21,AIMC,0.0
2020-05-21,AINV,0.22385000000000002
2020-05-21,AKRX,0.0
2020-05-21,ALCO,0.0
2020-05-21,ALDX,0.0
2020-05-21,ALLE,0.03715
2020-05-21,AMED,0.0
2020-05-21,AMGN,0.0
2020-05-21,AMRN,0.3337666666666667
2020-05-21,ANF,0.5106
2020-05-21,ANGI,0.0
2020-05-21,ANTM,0.0
2020-05-21,ASPS,0.0
2020-05-21,ATRA,0.0
2020-05-21,ATTO,-0.2023
2020-05-21,AU,0.891
2020-05-21,AWP,-0.2732
2020-05-21,BBY,0.13119999999999998
2020-05-21,BCOM,0.0
2020-05-21,BDC,0.34
2020-05-21,BDX,0.41135
2020-05-21,BIDU,-0.20383333333333334
2020-05-21,BIO,-0.128
2020-05-21,BITA,0.0
2020-05-21,BKE,0.5106
2020-05-21,BKH,0.0
2020-05-21,BOOT,0.05
2020-05-21,BRC,-0.05103333333333334
2020-05-21,BSX,0.09196666666666665
2020-05-21,BTN,0.8091
2020-05-21,CAG,0.39476666666666665
2020-05-21,CASI,0.0
2020-05-21,CATM,0.0
2020-05-21,CATO,0.0
2020-05-21,CBLI,0.296
2020-05-21,CCC,0.0
2020-05-21,CCCL,0.0
2020-05-21,CIR,0.24914999999999998
2020-05-21,CLVS,-0.765
2020-05-21,CMCSA,0.0
2020-05-21,CNET,0.0
2020-05-21,COHU,0.0
2020-05-21,COO,-0.25
2020-05-21,CPRT,-0.128
2020-05-21,CREG,0.0
2020-05-21,CRMT,-0.11315
2020-05-21,CSGP,0.41135
2020-05-21,CSLT,0.0
2020-05-21,CSV,0.0
2020-05-21,CTHR,-0.2263
2020-05-21,CTLT,0.0
2020-05-21,CTXS,0.0
2020-05-21,CUB,0.0
2020-05-21,CVS,0.05135
2020-05-21,CVTI,0.027419999999999993
2020-05-21,CYRN,0.0
2020-05-21,DBVT,0.0
2020-05-21,DCO,0.0
2020-05-21,DD,0.0
2020-05-21,DECK,-0.1531
2020-05-21,DHR,0.3818
2020-05-21,DIOD,0.10115
2020-05-21,DLHC,0.0
2020-05-21,DLR,0.0
2020-05-21,DRI,-0.2192
2020-05-21,DY,0.0
2020-05-21,ECC,0.0
2020-05-21,ECOM,0.0
2020-05-21,ELMD,0.0
2020-05-21,ENPH,0.8316
2020-05-21,ENSG,0.0
2020-05-21,ENTG,0.0
2020-05-21,ETR,0.03715
2020-05-21,EV,0.31183333333333335
2020-05-21,EVOK,0.0
2020-05-21,EWI,0.0
2020-05-21,EXP,0.0
2020-05-21,EXPE,-0.128
2020-05-21,FCX,0.296
2020-05-21,FGEN,0.1591
2020-05-21,FIVN,0.0
2020-05-21,FLO,0.0
2020-05-21,FLWS,0.0
2020-05-21,FLXN,0.296
2020-05-21,FMS,0.4939
2020-05-21,GEVO,0.296
2020-05-21,GIGM,0.2044
2020-05-21,GLBS,-0.1779
2020-05-21,GMED,0.296
2020-05-21,GOLD,0.891
2020-05-21,GPRE,0.0
2020-05-21,GURE,0.0
2020-05-21,GVA,0.5719
2020-05-21,GWPH,0.0
2020-05-21,HD,-0.1935
2020-05-21,HHC,0.41355
2020-05-21,HUM,0.0
2020-05-21,HVT,0.0
2020-05-21,HZNP,0.0
2020-05-21,HZO,0.1909
2020-05-21,IGR,-0.2732
2020-05-21,IGT,0.06743333333333333
2020-05-21,IMMU,0.0
2020-05-21,INTU,-0.1806
2020-05-21,INVE,0.296
2020-05-21,KFY,0.29205
2020-05-21,KKR,0.0
2020-05-21,KNDI,0.0
2020-05-21,KR,0.368
2020-05-21,LBTYA,0.6808
2020-05-21,LCUT,-0.01630000000000001
2020-05-21,LDOS,0.6249
2020-05-21,LEDS,0.0
2020-05-21,LGF,0.6124
2020-05-21,LH,0.0
2020-05-21,LHCG,0.0
2020-05-21,LINC,0.0
2020-05-21,LIQT,0.296
2020-05-21,LMT,0.10115
2020-05-21,LOGI,0.368
2020-05-21,MA,0.0
2020-05-21,MAN,0.29205
2020-05-21,MANH,0.0
2020-05-21,MARA,0.8316
2020-05-21,MCK,-0.064
2020-05-21,MD,0.0
2020-05-21,MET,0.0258
2020-05-21,MIND,0.0
2020-05-21,MMLP,0.0
2020-05-21,MNR,0.12885
2020-05-21,MRCY,0.10115
2020-05-21,MTLS,0.0
2020-05-21,MTN,0.3818
2020-05-21,MTRX,-0.296
2020-05-21,MX,0.4767
2020-05-21,NCLH,0.5178666666666666
2020-05-21,NEM,0.891
2020-05-21,NICE,0.8679
2020-05-21,NLSN,-0.128
2020-05-21,NLY,0.296
2020-05-21,NNVC,0.26335
2020-05-21,NOC,0.10115
2020-05-21,NOK,0.0
2020-05-21,NTES,0.0
2020-05-21,NVO,0.0
2020-05-21,OIS,0.0
2020-05-21,OXLC,0.0
2020-05-21,PAAS,0.0
2020-05-21,PATK,0.0
2020-05-21,PDCE,0.23775000000000002
2020-05-21,PDLI,0.0
2020-05-21,PEI,0.0
2020-05-21,PLUS,0.0
2020-05-21,PMT,0.0
2020-05-21,PRLB,0.0
2020-05-21,PRTS,0.0
2020-05-21,QADA,0.0
2020-05-21,QGEN,0.0
2020-05-21,QSR,-0.3612
2020-05-21,QTWO,-0.3612
2020-05-21,RARE,0.0
2020-05-21,RDY,0.0
2020-05-21,RES,0.0
2020-05-21,RHI,0.29205
2020-05-21,RNWK,0.0
2020-05-21,RQI,-0.2732
2020-05-21,RRC,0.0
2020-05-21,RUTH,0.0
2020-05-21,RYAAY,0.4089
2020-05-21,SAM,0.0
2020-05-21,SEED,0.0
2020-05-21,SFL,-0.128
2020-05-21,SGMS,0.0
2020-05-21,SIEN,0.0
2020-05-21,SMG,0.0
2020-05-21,SO,-0.148
2020-05-21,SON,0.03715
2020-05-21,SQM,-0.128
2020-05-21,SSYS,0.19010000000000002
2020-05-21,SVM,0.0
2020-05-21,SWN,0.2732
2020-05-21,TA,0.2023
2020-05-21,TARO,0.0
2020-05-21,TEF,0.0
2020-05-21,TEL,0.0
2020-05-21,TGP,0.0
2020-05-21,THC,0.0
2020-05-21,TNK,0.0
2020-05-21,TNXP,0.0
2020-05-21,TPC,0.1881
2020-05-21,TPX,0.0
2020-05-21,TRIP,-0.128
2020-05-21,TRT,0.0
2020-05-21,TRXC,0.0
2020-05-21,TSM,0.0258
2020-05-21,TW,0.3818
2020-05-21,TWOU,-0.12040000000000001
2020-05-21,UA,-0.296
2020-05-21,UNG,0.3612
2020-05-21,UNH,0.0
2020-05-21,UPLD,0.0
2020-05-21,URBN,0.01726666666666669
2020-05-21,USEG,0.0
2020-05-21,USPH,-0.07543333333333334
2020-05-21,V,0.0
2020-05-21,VAR,0.0
2020-05-21,VBIV,0.0
2020-05-21,VZ,0.0258
2020-05-21,WB,-0.128
2020-05-21,WILC,0.09866666666666667
2020-05-21,WMC,0.4939
2020-05-21,WMS,0.25
2020-05-21,WRN,-0.128
2020-05-21,WST,0.0
2020-05-21,WWW,0.0
2020-05-21,XENE,0.0
2020-05-21,XPO,0.0
2020-05-21,XRX,0.1779
2020-05-21,YANG,0.0
2020-05-21,YINN,0.0
2020-05-21,YY,0.0
2020-05-21,ZEN,0.8679
2020-05-21,ZUMZ,0.5106
2020-05-22,A,0.047999999999999994
2020-05-22,ABCB,0.0
2020-05-22,ACGL,0.41135
2020-05-22,ACH,-0.6249
2020-05-22,ACN,0.29436666666666667
2020-05-22,ACY,0.0
2020-05-22,AINV,0.07538333333333334
2020-05-22,AKRX,0.0
2020-05-22,AMAG,0.0
2020-05-22,AMPE,0.0
2020-05-22,AMRN,0.20099999999999998
2020-05-22,AMT,0.205675
2020-05-22,ARL,0.0
2020-05-22,ASPS,0.19733333333333333
2020-05-22,ATRA,0.0
2020-05-22,AUDC,0.0
2020-05-22,BBBY,0.3696
2020-05-22,BBY,0.5619
2020-05-22,BIDU,-0.6249
2020-05-22,BIO,0.0
2020-05-22,BIOL,0.148
2020-05-22,BKE,-0.060200000000000004
2020-05-22,BKH,0.0
2020-05-22,BLIN,0.0
2020-05-22,BLK,-0.296
2020-05-22,BLRX,0.0
2020-05-22,BRC,0.25
2020-05-22,BRZU,0.1027
2020-05-22,BTN,0.2023
2020-05-22,BYD,0.0
2020-05-22,CAE,0.09866666666666667
2020-05-22,CCCL,0.296
2020-05-22,CCI,0.17556666666666665
2020-05-22,CCXI,0.0
2020-05-22,CEA,-0.6249
2020-05-22,CEO,-0.6249
2020-05-22,CHL,-0.6249
2020-05-22,CIO,-0.128
2020-05-22,CLR,-0.128
2020-05-22,CLSN,0.0
2020-05-22,CLVS,-0.128
2020-05-22,CMCSA,0.6486
2020-05-22,CNI,0.25
2020-05-22,CNTY,0.0
2020-05-22,COUP,-0.2192
2020-05-22,CP,-0.128
2020-05-22,CPRT,0.0
2020-05-22,CPSI,-0.25
2020-05-22,CROX,0.0
2020-05-22,CSX,0.25
2020-05-22,CTL,-0.128
2020-05-22,CVTI,0.013480000000000002
2020-05-22,DE,0.12196666666666667
2020-05-22,DECK,0.0336
2020-05-22,DISH,0.0
2020-05-22,DK,0.25
2020-05-22,DRAD,0.0
2020-05-22,DXR,0.3182
2020-05-22,EAT,-0.3612
2020-05-22,ED,-0.128
2020-05-22,ELMD,0.0
2020-05-22,EPAM,-0.3612
2020-05-22,EWA,0.17
2020-05-22,EWC,0.17
2020-05-22,EWG,-0.8176
2020-05-22,EWI,0.0
2020-05-22,EWJ,0.4019
2020-05-22,EWP,0.0
2020-05-22,EWW,-0.3612
2020-05-22,EWZ,-0.18205
2020-05-22,FL,0.0
2020-05-22,FLS,0.10115
2020-05-22,FLWS,0.0
2020-05-22,FORD,0.0
2020-05-22,GENE,0.4019
2020-05-22,GERN,0.0
2020-05-22,GIGM,0.0
2020-05-22,GLMD,0.03715
2020-05-22,GLOB,-0.3612
2020-05-22,GSH,-0.2023
2020-05-22,GURE,0.0
2020-05-22,GWPH,0.0
2020-05-22,HL,0.0
2020-05-22,HLIT,0.3119
2020-05-22,HNI,0.10115
2020-05-22,HTHT,-0.6249
2020-05-22,HZNP,0.0
2020-05-22,HZO,0.0
2020-05-22,ICPT,0.07306666666666665
2020-05-22,ILF,0.1298
2020-05-22,INTU,0.023999999999999997
2020-05-22,KGC,-0.128
2020-05-22,KIRK,0.0
2020-05-22,KKR,0.0
2020-05-22,KMDA,0.0
2020-05-22,KR,-0.128
2020-05-22,KSU,-0.25
2020-05-22,LFC,-0.6249
2020-05-22,LINC,0.06743333333333333
2020-05-22,LJPC,0.0
2020-05-22,LSCC,0.0
2020-05-22,MCK,-0.3612
2020-05-22,MDT,-0.15293333333333334
2020-05-22,MLHR,0.10115
2020-05-22,MLM,0.10540000000000001
2020-05-22,MOMO,-0.6249
2020-05-22,MPWR,0.0
2020-05-22,MXL,0.0
2020-05-22,NAVB,0.1419857142857143
2020-05-22,NDSN,-0.128
2020-05-22,NHI,0.03715
2020-05-22,NKTR,-0.6597
2020-05-22,NNVC,0.0
2020-05-22,NSC,-0.128
2020-05-22,NTES,-0.3612
2020-05-22,NYMT,0.2553
2020-05-22,OSTK,-0.25
2020-05-22,PAAS,0.0
2020-05-22,PANW,0.026942857142857133
2020-05-22,PAYC,0.10115
2020-05-22,PBFX,0.3818
2020-05-22,PCTY,0.0
2020-05-22,PFSW,0.0
2020-05-22,PGRE,-0.25
2020-05-22,PNFP,0.0
2020-05-22,PRTS,0.0
2020-05-22,PTLA,0.296
2020-05-22,PTR,-0.6249
2020-05-22,PUK,0.0
2020-05-22,QRVO,0.2023
2020-05-22,QTWO,-0.3612
2020-05-22,RCMT,0.4215
2020-05-22,RCON,0.11839999999999999
2020-05-22,RDY,0.0516
2020-05-22,RENN,0.0
2020-05-22,RUTH,0.0
2020-05-22,SEAC,0.0
2020-05-22,SGMA,0.0
2020-05-22,SJT,0.0
2020-05-22,SKY,0.5129333333333334
2020-05-22,SMG,0.0
2020-05-22,SNP,-0.6249
2020-05-22,SOL,0.0
2020-05-22,SPLK,0.06331999999999999
2020-05-22,SQM,-0.128
2020-05-22,SRNE,0.08895
2020-05-22,SVA,0.3182
2020-05-22,TAL,-0.6249
2020-05-22,TAP,0.0
2020-05-22,TJX,0.05075999999999999
2020-05-22,TMUS,0.26335
2020-05-22,TNDM,0.6597
2020-05-22,TOUR,0.0
2020-05-22,TPC,0.0
2020-05-22,TREX,0.0
2020-05-22,TTOO,0.0
2020-05-22,TWOU,-0.07945
2020-05-22,TXMD,0.0
2020-05-22,UNP,0.25
2020-05-22,VET,0.5719
2020-05-22,VSAT,-0.128
2020-05-22,VZ,0.0
2020-05-22,WBAI,-0.2023
2020-05-22,WILC,0.0
2020-05-22,WMS,-0.128
2020-05-22,X,0.4215
2020-05-22,XENE,0.0
2020-05-23,ACGL,0.0
2020-05-23,CMCSA,0.0
2020-05-23,DNKN,0.0
2020-05-23,EWY,-0.5994
2020-05-23,GDOT,0.0
2020-05-23,HD,0.0
2020-05-23,HOG,0.0
2020-05-23,MCY,0.0
2020-05-23,WGO,0.0
2020-05-24,AGIO,0.0
2020-05-24,EWJ,-0.3818
2020-05-24,EWZ,0.4215
2020-05-24,GERN,0.0
2020-05-24,GNCA,0.0
2020-05-24,HTBX,0.0
2020-05-24,IMMU,0.0
2020-05-24,ONCY,0.0
2020-05-24,RDHL,0.0
2020-05-24,TRIL,0.0
2020-05-24,ZIOP,0.0
2020-05-25,EWG,0.041833333333333333
2020-05-25,EWH,-0.7351
2020-05-25,EWP,0.0
2020-05-25,HD,0.0
2020-05-25,NAK,0.0
2020-05-26,A,0.0
2020-05-26,AA,-0.128
2020-05-26,AAN,0.7269
2020-05-26,ABB,0.8225
2020-05-26,ABC,0.4019
2020-05-26,ABEV,0.8658
2020-05-26,ACAD,-0.6486
2020-05-26,ACC,0.872
2020-05-26,ACLS,0.06743333333333333
2020-05-26,ACM,0.8225
2020-05-26,ACTG,0.0
2020-05-26,ACY,0.0
2020-05-26,ADBE,0.0
2020-05-26,ADI,0.8225
2020-05-26,ADM,0.8658
2020-05-26,ADP,0.8225
2020-05-26,ADS,0.41125
2020-05-26,ADT,0.8225
2020-05-26,AEG,0.8591
2020-05-26,AER,0.41125
2020-05-26,AES,0.8225
2020-05-26,AFL,0.8591
2020-05-26,AGO,0.8591
2020-05-26,AGYS,0.7579
2020-05-26,AHT,0.872
2020-05-26,AIG,0.8591
2020-05-26,AKER,0.8225
2020-05-26,AKR,0.872
2020-05-26,AKRX,0.27416666666666667
2020-05-26,AL,0.8225
2020-05-26,ALB,0.8225
2020-05-26,ALL,0.128
2020-05-26,ALNY,0.25
2020-05-26,ALSK,0.0
2020-05-26,ALSN,0.8225
2020-05-26,AMAT,0.34159999999999996
2020-05-26,AMC,0.7579
2020-05-26,AME,0.55925
2020-05-26,AMP,0.8591
2020-05-26,AMWD,-0.07543333333333334
2020-05-26,AMX,0.8591
2020-05-26,AOS,0.8225
2020-05-26,APH,0.8225
2020-05-26,APO,0.8591
2020-05-26,ARCO,0.7269
2020-05-26,ARE,0.872
2020-05-26,ARKG,0.2263
2020-05-26,ARMK,0.7269
2020-05-26,ARR,0.5501
2020-05-26,ASB,0.8591
2020-05-26,ASFI,0.0
2020-05-26,ASPS,0.0
2020-05-26,ATAX,0.0
2020-05-26,ATRA,0.13476666666666667
2020-05-26,AUDC,0.0
2020-05-26,AUPH,0.0
2020-05-26,AVB,0.436
2020-05-26,AVT,0.8225
2020-05-26,AXL,0.36345
2020-05-26,AZO,0.11135
2020-05-26,BAH,0.0
2020-05-26,BAM,0.42955
2020-05-26,BANC,0.0
2020-05-26,BBBY,0.7269
2020-05-26,BBD,0.42955
2020-05-26,BBVA,0.8591
2020-05-26,BBY,0.61875
2020-05-26,BCC,0.24914999999999998
2020-05-26,BCE,0.8591
2020-05-26,BG,0.8658
2020-05-26,BGCP,0.8591
2020-05-26,BIDU,0.8591
2020-05-26,BIO,0.0
2020-05-26,BIOC,0.8225
2020-05-26,BK,0.8591
2020-05-26,BKE,-0.064
2020-05-26,BLDP,0.8225
2020-05-26,BLDR,0.8225
2020-05-26,BLIN,0.0
2020-05-26,BLK,0.0258
2020-05-26,BLRX,-0.010866666666666672
2020-05-26,BMO,0.8591
2020-05-26,BMRN,0.41125
2020-05-26,BNFT,0.09866666666666667
2020-05-26,BNS,0.28636666666666666
2020-05-26,BRFS,0.8658
2020-05-26,BRX,0.872
2020-05-26,BSQR,0.0
2020-05-26,BST,0.0
2020-05-26,BX,0.8591
2020-05-26,BXC,0.0
2020-05-26,BXP,0.872
2020-05-26,CAG,0.6808
2020-05-26,CALX,0.0
2020-05-26,CANF,0.0
2020-05-26,CAT,0.55925
2020-05-26,CBAY,0.26335
2020-05-26,CCCL,0.0
2020-05-26,CCRN,0.296
2020-05-26,CCXI,0.0
2020-05-26,CEMI,0.10115
2020-05-26,CEQP,0.8658
2020-05-26,CERS,0.0
2020-05-26,CF,0.8225
2020-05-26,CFX,0.8225
2020-05-26,CG,0.8591
2020-05-26,CHEF,0.0258
2020-05-26,CI,0.1755
2020-05-26,CIG,0.8225
2020-05-26,CLNY,0.8225
2020-05-26,CLSN,0.0
2020-05-26,CLX,0.6808
2020-05-26,CMCSA,0.8591
2020-05-26,CMG,0.0
2020-05-26,CMI,0.8225
2020-05-26,CNHI,0.41125
2020-05-26,CNI,0.8225
2020-05-26,CNO,0.8591
2020-05-26,CNP,0.8225
2020-05-26,COF,0.8591
2020-05-26,COO,-0.4588
2020-05-26,COP,-0.1888
2020-05-26,CPRT,0.8225
2020-05-26,CPT,0.53715
2020-05-26,CREE,0.44026666666666664
2020-05-26,CRH,0.8225
2020-05-26,CROX,0.7269
2020-05-26,CS,0.5661499999999999
2020-05-26,CSX,0.05645
2020-05-26,CTAS,0.8225
2020-05-26,CTLT,0.0
2020-05-26,CTSH,0.8225
2020-05-26,CVCO,-0.11315
2020-05-26,CYBE,0.0
2020-05-26,CYD,-0.07543333333333334
2020-05-26,CZZ,0.8658
2020-05-26,DAR,0.8658
2020-05-26,DB,0.58865
2020-05-26,DE,0.23065
2020-05-26,DENN,0.7269
2020-05-26,DEO,-0.128
2020-05-26,DHI,0.5106
2020-05-26,DIOD,0.0
2020-05-26,DISCA,0.8591
2020-05-26,DISCK,0.8591
2020-05-26,DISH,0.8591
2020-05-26,DOV,0.8225
2020-05-26,DOW,0.8225
2020-05-26,DPZ,0.0
2020-05-26,DRAD,0.19733333333333333
2020-05-26,DRE,0.872
2020-05-26,DRI,0.7269
2020-05-26,DSX,0.0
2020-05-26,DTE,0.66655
2020-05-26,DXCM,0.5574
2020-05-26,EBR,0.8225
2020-05-26,ECOM,0.0
2020-05-26,EL,0.8658
2020-05-26,ELGX,0.25
2020-05-26,ELS,0.872
2020-05-26,EMR,0.8225
2020-05-26,ENPH,0.8225
2020-05-26,ENTG,0.0
2020-05-26,EOG,-0.128
2020-05-26,EPR,0.872
2020-05-26,ESLT,0.0
2020-05-26,ESRT,0.872
2020-05-26,ESS,0.2023
2020-05-26,ETFC,0.8591
2020-05-26,ETN,0.55925
2020-05-26,ETR,0.8225
2020-05-26,EVGN,-0.4767
2020-05-26,EVOK,0.0
2020-05-26,EWBC,0.8591
2020-05-26,EWC,-0.3182
2020-05-26,EWG,0.128
2020-05-26,EWJ,0.2023
2020-05-26,EWZ,0.0772
2020-05-26,EXPD,-0.296
2020-05-26,EXPE,0.7269
2020-05-26,EXR,0.872
2020-05-26,FAST,0.8225
2020-05-26,FCX,0.8225
2020-05-26,FHN,0.8591
2020-05-26,FIX,0.7988
2020-05-26,FL,-0.042666666666666665
2020-05-26,FLEX,0.8225
2020-05-26,FLR,0.8225
2020-05-26,FLS,0.8225
2020-05-26,FLT,0.8225
2020-05-26,FLWS,0.0
2020-05-26,FLY,0.0021749999999999964
2020-05-26,FNB,0.8591
2020-05-26,FNF,0.8591
2020-05-26,FOX,0.8591
2020-05-26,FOXA,0.8591
2020-05-26,FRC,0.8591
2020-05-26,FSLR,0.8225
2020-05-26,FTI,0.4329
2020-05-26,FUN,0.7269
2020-05-26,GD,0.8225
2020-05-26,GDOT,0.44620000000000004
2020-05-26,GEL,0.8658
2020-05-26,GENE,0.038466666666666656
2020-05-26,GERN,0.0
2020-05-26,GGB,0.8225
2020-05-26,GIL,0.7269
2020-05-26,GLOB,0.0
2020-05-26,GNC,0.7269
2020-05-26,GNRC,0.0
2020-05-26,GOLD,0.9153
2020-05-26,GPC,0.61875
2020-05-26,GRMN,0.7269
2020-05-26,GURE,0.0
2020-05-26,HAL,0.8658
2020-05-26,HAS,0.29945
2020-05-26,HBAN,0.8591
2020-05-26,HBI,0.7269
2020-05-26,HCA,0.8225
2020-05-26,HDB,0.8591
2020-05-26,HDS,0.296
2020-05-26,HFC,0.8658
2020-05-26,HIG,0.8591
2020-05-26,HIW,0.872
2020-05-26,HLT,0.7269
2020-05-26,HMC,0.7269
2020-05-26,HOG,0.7269
2020-05-26,HOMB,0.8591
2020-05-26,HPP,0.872
2020-05-26,HQH,0.0
2020-05-26,HSC,0.8225
2020-05-26,HTBX,0.6972
2020-05-26,HTHT,0.7269
2020-05-26,HUBS,0.5106
2020-05-26,HUM,-0.296
2020-05-26,HUN,0.8225
2020-05-26,HXL,0.8225
2020-05-26,HZNP,0.148
2020-05-26,HZO,0.0
2020-05-26,IBM,0.8225
2020-05-26,IBTX,0.4939
2020-05-26,ICE,-0.11315
2020-05-26,ICPT,0.0
2020-05-26,IFF,0.8225
2020-05-26,IMMU,0.0
2020-05-26,INN,0.872
2020-05-26,INOD,0.0
2020-05-26,INTC,0.0
2020-05-26,IO,0.2732
2020-05-26,IP,-0.128
2020-05-26,IPGP,0.10115
2020-05-26,IRBT,0.19010000000000002
2020-05-26,JBHT,0.06743333333333333
2020-05-26,JOBS,0.0
2020-05-26,KAR,0.09866666666666667
2020-05-26,KBR,0.383025
2020-05-26,KIM,0.872
2020-05-26,KKR,0.5185
2020-05-26,KLAC,0.06743333333333333
2020-05-26,KMDA,0.0
2020-05-26,KMI,0.8658
2020-05-26,KMT,0.8225
2020-05-26,KMX,0.7269
2020-05-26,KNDI,0.0
2020-05-26,KO,0.8658
2020-05-26,KSS,0.7269
2020-05-26,KSU,0.8225
2020-05-26,LDOS,0.7506
2020-05-26,LEN,0.5106
2020-05-26,LHCG,0.0
2020-05-26,LINC,0.0
2020-05-26,LNC,0.8225
2020-05-26,LNT,0.2732
2020-05-26,LRCX,-0.07945
2020-05-26,LSCC,0.0
2020-05-26,LTBR,0.4404
2020-05-26,LYB,0.195
2020-05-26,LYV,0.8591
2020-05-26,MA,0.8225
2020-05-26,MAS,0.34725
2020-05-26,MCD,0.0
2020-05-26,MCK,0.0
2020-05-26,MDT,0.8225
2020-05-26,MDU,0.8225
2020-05-26,MET,0.8591
2020-05-26,MFC,0.8591
2020-05-26,MFG,0.8591
2020-05-26,MGA,0.7269
2020-05-26,MGIC,0.0
2020-05-26,MIDD,0.8225
2020-05-26,MIK,0.7269
2020-05-26,MMSI,0.56995
2020-05-26,MNR,0.0
2020-05-26,MNST,0.0
2020-05-26,MOMO,0.8591
2020-05-26,MOS,0.8225
2020-05-26,MPC,0.3689
2020-05-26,MSI,0.8225
2020-05-26,MTG,0.42955
2020-05-26,MTLS,0.0
2020-05-26,MTOR,0.8225
2020-05-26,MTSI,0.0
2020-05-26,MXIM,0.8225
2020-05-26,MYGN,0.3182
2020-05-26,NAT,0.296
2020-05-26,NAVB,0.0
2020-05-26,NBIX,0.0
2020-05-26,NCLH,0.7269
2020-05-26,NCR,0.8225
2020-05-26,NEM,0.9153
2020-05-26,NICE,0.0
2020-05-26,NNN,0.872
2020-05-26,NOV,0.4329
2020-05-26,NOW,0.0
2020-05-26,NPTN,0.0
2020-05-26,NSC,0.8225
2020-05-26,NTRS,0.8591
2020-05-26,NVCN,-0.6808
2020-05-26,NVEE,0.4588
2020-05-26,NVMI,0.0
2020-05-26,NVO,-0.296
2020-05-26,NWL,0.7269
2020-05-26,NXPI,0.8225
2020-05-26,NYCB,0.8591
2020-05-26,O,0.872
2020-05-26,OC,0.8225
2020-05-26,OCUL,0.0
2020-05-26,ODP,0.7269
2020-05-26,OEC,0.296
2020-05-26,OFC,0.872
2020-05-26,OGE,0.8225
2020-05-26,OLN,0.0
2020-05-26,OMC,0.8591
2020-05-26,ONCY,-0.7845
2020-05-26,OPTT,0.0
2020-05-26,ORI,0.8591
2020-05-26,PACW,0.8591
2020-05-26,PAG,0.5106
2020-05-26,PAYC,0.8225
2020-05-26,PBCT,0.8591
2020-05-26,PBF,0.8658
2020-05-26,PBR,0.5695
2020-05-26,PEG,0.8225
2020-05-26,PEP,0.3404
2020-05-26,PERI,0.0
2020-05-26,PH,0.8225
2020-05-26,PKG,-0.128
2020-05-26,PKI,0.8225
2020-05-26,PLCE,0.7269
2020-05-26,PNC,0.8591
2020-05-26,PNR,0.8225
2020-05-26,POOL,0.0
2020-05-26,PPG,0.8225
2020-05-26,PPL,0.8225
2020-05-26,PRLB,0.0
2020-05-26,PRSC,0.0
2020-05-26,PRU,0.8591
2020-05-26,PTEN,0.8658
2020-05-26,PUK,0.0
2020-05-26,PWR,0.8225
2020-05-26,QLYS,0.0
2020-05-26,QRVO,0.8225
2020-05-26,QSR,0.7269
2020-05-26,QUIK,0.50065
2020-05-26,R,0.8225
2020-05-26,RCON,0.0
2020-05-26,RDN,0.8591
2020-05-26,RDNT,0.0
2020-05-26,REG,0.872
2020-05-26,RENN,0.0
2020-05-26,RES,0.0
2020-05-26,RESN,0.4939
2020-05-26,RETL,0.5106
2020-05-26,RGEN,0.0
2020-05-26,RHI,0.8225
2020-05-26,RLGY,0.436
2020-05-26,RMD,0.0
2020-05-26,RMTI,0.4767
2020-05-26,RNET,0.2732
2020-05-26,RNWK,0.0
2020-05-26,ROK,0.25625
2020-05-26,RPAI,0.872
2020-05-26,RPT,0.872
2020-05-26,RUBI,0.2423
2020-05-26,RWT,0.0
2020-05-26,RYAAY,0.4467
2020-05-26,SAEX,0.2732
2020-05-26,SAGE,0.26335
2020-05-26,SAIA,0.0
2020-05-26,SAIC,0.7269
2020-05-26,SAN,0.8591
2020-05-26,SBLK,0.0
2020-05-26,SBS,0.8225
2020-05-26,SE,0.42955
2020-05-26,SEAC,0.0
2020-05-26,SGEN,0.3416666666666666
2020-05-26,SHOO,0.29945
2020-05-26,SID,0.8225
2020-05-26,SIRI,0.8591
2020-05-26,SIX,0.5742
2020-05-26,SKYS,-0.1471
2020-05-26,SLB,0.8658
2020-05-26,SLCA,0.8658
2020-05-26,SMFG,0.8591
2020-05-26,SMG,0.286175
2020-05-26,SNPS,0.0
2020-05-26,SOXX,0.2023
2020-05-26,SPKE,0.0
2020-05-26,SPLK,0.0
2020-05-26,SPTN,0.0
2020-05-26,SPWR,0.8225
2020-05-26,SRC,0.872
2020-05-26,SRNE,0.18168
2020-05-26,ST,0.8225
2020-05-26,STAG,0.872
2020-05-26,STAY,0.7269
2020-05-26,STE,0.0
2020-05-26,STL,0.8591
2020-05-26,STLD,0.8225
2020-05-26,STM,0.8225
2020-05-26,STOR,0.872
2020-05-26,STWD,0.8591
2020-05-26,STXS,0.0
2020-05-26,SU,0.8658
2020-05-26,SYK,0.8225
2020-05-26,TACT,0.0
2020-05-26,TAL,0.7269
2020-05-26,TEL,0.8225
2020-05-26,TEX,0.8225
2020-05-26,TGTX,0.0
2020-05-26,TIGR,0.0
2020-05-26,TJX,-0.06745000000000001
2020-05-26,TPC,0.8225
2020-05-26,TREX,0.0
2020-05-26,TRIL,0.296
2020-05-26,TRIP,0.8591
2020-05-26,TSBK,0.0
2020-05-26,TSM,0.8225
2020-05-26,TSU,0.8591
2020-05-26,TTOO,0.0
2020-05-26,TTP,0.0
2020-05-26,TW,0.0
2020-05-26,TXN,0.8225
2020-05-26,UBS,0.2732
2020-05-26,UDR,0.0
2020-05-26,UEPS,0.0
2020-05-26,UNH,-0.296
2020-05-26,UNM,0.8591
2020-05-26,UNP,0.8225
2020-05-26,URI,0.8225
2020-05-26,V,0.0
2020-05-26,VALE,0.8225
2020-05-26,VIPS,0.7269
2020-05-26,VIV,0.8591
2020-05-26,VIVO,0.0
2020-05-26,VLO,0.24593333333333334
2020-05-26,VLY,0.8591
2020-05-26,VMC,0.8225
2020-05-26,VNO,0.872
2020-05-26,VRS,0.0516
2020-05-26,VSAT,-0.07655
2020-05-26,VSH,0.8225
2020-05-26,VTR,0.872
2020-05-26,VVI,0.0
2020-05-26,WAB,0.8225
2020-05-26,WAL,0.8591
2020-05-26,WBA,0.8658
2020-05-26,WBC,0.0
2020-05-26,WBS,0.24894999999999998
2020-05-26,WCC,0.8225
2020-05-26,WDC,0.8225
2020-05-26,WERN,0.0
2020-05-26,WHR,0.5106
2020-05-26,WIT,0.8225
2020-05-26,WMB,0.8658
2020-05-26,WPC,0.872
2020-05-26,XENE,0.0
2020-05-26,XPO,0.8225
2020-05-26,XYL,0.8225
2020-05-26,YELP,0.8591
2020-05-26,ZION,0.8591
2020-05-27,AA,0.4455
2020-05-27,ABBV,-0.1901
2020-05-27,ABEV,0.8402
2020-05-27,ABM,0.0
2020-05-27,ACAD,0.0
2020-05-27,ACGL,0.8779
2020-05-27,ACH,0.0
2020-05-27,ACY,0.0
2020-05-27,ADBE,0.5725
2020-05-27,ADC,0.3612
2020-05-27,ADM,0.7717
2020-05-27,ADMP,0.0
2020-05-27,ADP,0.6597
2020-05-27,ADS,0.0
2020-05-27,AEG,0.8779
2020-05-27,AER,0.8779
2020-05-27,AFL,0.8779
2020-05-27,AGO,0.8779
2020-05-27,AHT,0.8934
2020-05-27,AIG,0.8779
2020-05-27,AKRX,0.0
2020-05-27,ALKS,0.34
2020-05-27,ALL,0.8779
2020-05-27,ALLY,0.8779
2020-05-27,AMC,0.4215
2020-05-27,AMD,0.6214999999999999
2020-05-27,AMP,0.8779
2020-05-27,AOS,0.8779
2020-05-27,ASB,0.8779
2020-05-27,ASC,0.0
2020-05-27,ASMB,0.0
2020-05-27,ASNA,0.0
2020-05-27,ASPS,0.0
2020-05-27,ATRA,0.28446666666666665
2020-05-27,AU,0.0
2020-05-27,AWK,0.0
2020-05-27,AXGN,0.0
2020-05-27,AXL,0.0
2020-05-27,AXTA,-0.1806
2020-05-27,AZO,-0.019916666666666666
2020-05-27,BAH,0.368
2020-05-27,BBVA,0.8779
2020-05-27,BC,0.26335
2020-05-27,BGFV,-0.07655
2020-05-27,BIDU,0.0
2020-05-27,BIO,0.5574
2020-05-27,BK,0.8779
2020-05-27,BLCM,0.0
2020-05-27,BLDR,0.8779
2020-05-27,BLIN,0.2023
2020-05-27,BLK,0.4404
2020-05-27,BLRX,0.0
2020-05-27,BLUE,0.1779
2020-05-27,BMRN,0.5574
2020-05-27,BNFT,0.0
2020-05-27,BNS,0.43895
2020-05-27,BOOT,0.296
2020-05-27,BPOP,0.8779
2020-05-27,BRP,0.0
2020-05-27,BUD,0.8402
2020-05-27,BWEN,0.0
2020-05-27,BYD,0.0
2020-05-27,CALX,0.0
2020-05-27,CANF,0.0
2020-05-27,CAT,0.8779
2020-05-27,CATO,0.296
2020-05-27,CCJ,0.296
2020-05-27,CCXI,0.21056666666666668
2020-05-27,CDNS,0.0
2020-05-27,CENX,0.891
2020-05-27,CERS,0.0
2020-05-27,CGEN,0.0
2020-05-27,CHGG,0.0
2020-05-27,CI,0.4939
2020-05-27,CINF,0.8779
2020-05-27,CIR,0.0
2020-05-27,CLDT,0.0
2020-05-27,CLF,0.4455
2020-05-27,CLVS,0.148
2020-05-27,CLX,0.0
2020-05-27,CMCO,0.0
2020-05-27,CMCSA,-0.296
2020-05-27,CMD,0.0
2020-05-27,CME,0.0
2020-05-27,CMG,0.10115
2020-05-27,CMS,0.1613
2020-05-27,CNET,0.0
2020-05-27,CNO,0.8779
2020-05-27,COF,0.8779
2020-05-27,COHR,-0.07655
2020-05-27,CPIX,0.11836666666666666
2020-05-27,CRH,0.4455
2020-05-27,CS,0.8779
2020-05-27,CTAS,0.296
2020-05-27,CTL,0.8779
2020-05-27,CTLT,0.5574
2020-05-27,CUK,0.3982
2020-05-27,CVBF,0.8779
2020-05-27,CX,0.891
2020-05-27,CYBE,0.0
2020-05-27,CYTK,-0.3818
2020-05-27,D,0.4824
2020-05-27,DB,0.8779
2020-05-27,DE,0.8779
2020-05-27,DENN,0.0
2020-05-27,DGX,0.33525
2020-05-27,DHI,0.8779
2020-05-27,DISCA,0.8779
2020-05-27,DISCK,0.8779
2020-05-27,DISH,0.8779
2020-05-27,DK,0.368
2020-05-27,DLHC,0.0
2020-05-27,DOV,0.128
2020-05-27,DPZ,0.08208
2020-05-27,DRQ,-0.128
2020-05-27,DRRX,0.0
2020-05-27,DXCM,-0.3612
2020-05-27,ECOM,0.0
2020-05-27,EGHT,0.5725
2020-05-27,EIGI,0.0
2020-05-27,EL,0.7003
2020-05-27,EMR,0.8779
2020-05-27,EPAM,0.128
2020-05-27,EPR,-0.042666666666666665
2020-05-27,ESEA,-0.01630000000000001
2020-05-27,ESS,0.5106
2020-05-27,ETFC,0.8779
2020-05-27,ETM,0.0
2020-05-27,ETN,0.8779
2020-05-27,ETR,-0.1197
2020-05-27,EVER,0.0
2020-05-27,EVOK,0.5574
2020-05-27,EWBC,0.8779
2020-05-27,EWC,0.0
2020-05-27,EWG,0.0
2020-05-27,EWW,0.0
2020-05-27,EXPE,0.3982
2020-05-27,FAF,0.8779
2020-05-27,FBHS,0.0
2020-05-27,FE,0.10115
2020-05-27,FHN,0.8779
2020-05-27,FIZZ,0.0
2020-05-27,FL,-0.064
2020-05-27,FLL,0.2612333333333333
2020-05-27,FLS,0.8779
2020-05-27,FLWS,0.0
2020-05-27,FLXN,0.0
2020-05-27,FLY,0.0
2020-05-27,FNB,0.8779
2020-05-27,FNF,0.8779
2020-05-27,FOX,0.8779
2020-05-27,FOXA,0.8779
2020-05-27,FRC,0.8779
2020-05-27,FRPT,0.10115
2020-05-27,FTNT,0.5725
2020-05-27,GCO,0.296
2020-05-27,GD,0.8779
2020-05-27,GENE,0.0
2020-05-27,GGB,0.891
2020-05-27,GHL,0.148
2020-05-27,GIGM,0.0
2020-05-27,GLNG,0.45765
2020-05-27,GNC,0.8779
2020-05-27,GNRC,0.0
2020-05-27,GPC,0.8779
2020-05-27,GPRO,0.8779
2020-05-27,H,0.2023
2020-05-27,HBAN,0.8779
2020-05-27,HBI,0.8779
2020-05-27,HDB,0.8779
2020-05-27,HEI,0.148
2020-05-27,HFC,0.368
2020-05-27,HIG,0.8779
2020-05-27,HOMB,0.8779
2020-05-27,HPP,0.7717
2020-05-27,HRTX,0.0258
2020-05-27,HTBX,0.0
2020-05-27,HZNP,0.5574
2020-05-27,IBM,0.4404
2020-05-27,IBN,0.8779
2020-05-27,IBP,0.0
2020-05-27,ICE,0.5267
2020-05-27,IMMU,0.2787
2020-05-27,INCY,0.1779
2020-05-27,INDA,0.2481
2020-05-27,INTC,0.6705
2020-05-27,IP,0.891
2020-05-27,IPG,0.8779
2020-05-27,IRWD,-0.1901
2020-05-27,ISBC,0.8779
2020-05-27,ITRI,0.3182
2020-05-27,ITT,0.0
2020-05-27,IVZ,0.8779
2020-05-27,JACK,0.124575
2020-05-27,KEY,0.8779
2020-05-27,KEYS,0.0
2020-05-27,KMDA,0.0
2020-05-27,KMX,0.8779
2020-05-27,KR,0.7003
2020-05-27,KSS,0.8779
2020-05-27,LBTYA,0.8779
2020-05-27,LBTYK,0.8779
2020-05-27,LDOS,0.2023
2020-05-27,LEG,0.8779
2020-05-27,LEN,0.8779
2020-05-27,LJPC,0.0
2020-05-27,LMT,0.20156666666666667
2020-05-27,LORL,0.0
2020-05-27,LOW,0.5267
2020-05-27,LPCN,0.0
2020-05-27,LPG,0.074
2020-05-27,LRCX,0.296
2020-05-27,LYV,0.43895
2020-05-27,MASI,0.4939
2020-05-27,MCD,0.0
2020-05-27,MCK,0.0
2020-05-27,MCRI,0.17556666666666665
2020-05-27,MDP,0.43895
2020-05-27,MEIP,0.5574
2020-05-27,MET,0.8779
2020-05-27,MFC,0.8779
2020-05-27,MFG,0.8779
2020-05-27,MGA,0.8779
2020-05-27,MHK,0.0
2020-05-27,MMM,0.65915
2020-05-27,MMSI,0.4215
2020-05-27,MNTX,0.5719
2020-05-27,MOMO,0.8779
2020-05-27,MOS,0.891
2020-05-27,MRC,0.8779
2020-05-27,MT,0.0
2020-05-27,MTG,0.8779
2020-05-27,MTLS,0.0
2020-05-27,MVIS,0.34
2020-05-27,MYOS,0.4939
2020-05-27,NBIX,0.5574
2020-05-27,NDAQ,0.0
2020-05-27,NG,0.0
2020-05-27,NOC,0.43895
2020-05-27,NOK,0.0
2020-05-27,NOW,0.5725
2020-05-27,NR,0.0
2020-05-27,NRZ,0.0
2020-05-27,NTP,0.0
2020-05-27,NTRS,0.8779
2020-05-27,NUVA,0.5574
2020-05-27,NVCN,0.1858
2020-05-27,NWFL,0.4767
2020-05-27,NWL,0.62985
2020-05-27,NXPI,0.0
2020-05-27,NYMT,0.5106
2020-05-27,O,0.0
2020-05-27,OBCI,0.4019
2020-05-27,OC,0.0
2020-05-27,OEC,0.0
2020-05-27,OMC,0.8779
2020-05-27,ONCY,0.0
2020-05-27,OPB,0.5574
2020-05-27,PACW,0.8779
2020-05-27,PBF,0.5622
2020-05-27,PCRX,0.10115
2020-05-27,PDLI,0.5574
2020-05-27,PENN,0.125
2020-05-27,PERI,0.0
2020-05-27,PFBI,-0.1531
2020-05-27,PFG,0.8779
2020-05-27,PGR,0.8779
2020-05-27,PHG,0.4939
2020-05-27,PLAB,-0.07224
2020-05-27,PLT,0.0
2020-05-27,PNC,0.8779
2020-05-27,PNFP,0.0
2020-05-27,POL,0.891
2020-05-27,POOL,0.5106
2020-05-27,PPG,0.891
2020-05-27,PRLB,0.0
2020-05-27,PRPH,-0.2023
2020-05-27,PRSC,0.0
2020-05-27,PRU,0.8779
2020-05-27,PSO,0.050575
2020-05-27,PTEN,0.9153
2020-05-27,PW,0.0
2020-05-27,PZZA,0.0
2020-05-27,QADA,0.0
2020-05-27,QCOM,0.1779
2020-05-27,QGEN,0.5574
2020-05-27,RBS,0.8779
2020-05-27,RDHL,0.08086
2020-05-27,RDN,0.8779
2020-05-27,RENN,0.0
2020-05-27,RGEN,0.0
2020-05-27,RICK,0.125
2020-05-27,RIGL,-0.1197
2020-05-27,RJF,0.8779
2020-05-27,RL,0.296
2020-05-27,RLGY,0.0
2020-05-27,RLJ,0.0
2020-05-27,RNG,0.5725
2020-05-27,RNWK,0.0
2020-05-27,ROK,0.0
2020-05-27,RUBI,0.0
2020-05-27,RWT,0.0
2020-05-27,SABR,0.1779
2020-05-27,SAEX,0.0
2020-05-27,SAIA,0.0
2020-05-27,SAN,0.8779
2020-05-27,SC,0.8779
2020-05-27,SE,0.558
2020-05-27,SGMS,0.1779
2020-05-27,SID,0.891
2020-05-27,SIRI,0.8779
2020-05-27,SMFG,0.8779
2020-05-27,SMG,0.0
2020-05-27,SMRT,0.8779
2020-05-27,SNPS,0.10115
2020-05-27,SPCB,0.5719
2020-05-27,SPTN,0.0
2020-05-27,SPWH,0.0
2020-05-27,SRE,0.4824
2020-05-27,ST,0.10115
2020-05-27,STL,0.8779
2020-05-27,STLD,0.891
2020-05-27,STM,0.5725
2020-05-27,STON,0.7351
2020-05-27,STOR,0.0
2020-05-27,STWD,0.8779
2020-05-27,STX,0.7717
2020-05-27,T,-0.296
2020-05-27,TAP,0.8402
2020-05-27,TBIO,0.0
2020-05-27,TCCO,0.0
2020-05-27,TECH,0.10115
2020-05-27,TECL,0.0
2020-05-27,TEF,0.8779
2020-05-27,TEX,0.8779
2020-05-27,TGTX,0.5574
2020-05-27,TJX,0.0
2020-05-27,TLF,-0.3182
2020-05-27,TMHC,0.8779
2020-05-27,TMUS,0.0
2020-05-27,TNK,0.9153
2020-05-27,TOL,-0.1531
2020-05-27,TOUR,0.3982
2020-05-27,TPC,0.8779
2020-05-27,TRIP,0.3982
2020-05-27,TRV,0.8779
2020-05-27,TSCO,0.0016999999999999932
2020-05-27,TV,0.8779
2020-05-27,TWOU,0.5725
2020-05-27,TXRH,0.8779
2020-05-27,UBS,0.8779
2020-05-27,UBSI,0.8779
2020-05-27,UEPS,0.148
2020-05-27,UIS,0.6369
2020-05-27,UNM,0.8779
2020-05-27,URBN,0.296
2020-05-27,URI,0.8779
2020-05-27,UVV,0.0
2020-05-27,VALE,0.891
2020-05-27,VBIV,-0.0516
2020-05-27,VHC,0.2023
2020-05-27,VIPS,0.059199999999999996
2020-05-27,VLO,0.2808
2020-05-27,VLY,0.8779
2020-05-27,VMC,0.891
2020-05-27,VSAT,-0.1197
2020-05-27,VSEC,0.0
2020-05-27,VVI,0.0
2020-05-27,VVUS,0.4767
2020-05-27,WAB,0.8779
2020-05-27,WAL,0.8779
2020-05-27,WBS,0.8779
2020-05-27,WDC,0.7717
2020-05-27,WEC,0.4824
2020-05-27,WIX,0.28625
2020-05-27,WPP,0.0
2020-05-27,WPRT,0.0
2020-05-27,WRB,0.8779
2020-05-27,WRLD,-0.5267
2020-05-27,XYL,0.8779
2020-05-27,YNDX,0.296
2020-05-27,ZBRA,0.0
2020-05-27,ZION,0.8779
2020-05-27,ZIOP,0.0
2020-05-27,ZUMZ,0.296
2020-05-28,ABMD,0.0
2020-05-28,ACAD,0.0
2020-05-28,ACRX,0.0
2020-05-28,ACY,0.0
2020-05-28,AKAM,0.7096
2020-05-28,ALB,0.0
2020-05-28,ALCO,0.5719
2020-05-28,ALLY,-0.1653666666666667
2020-05-28,ALNY,0.0
2020-05-28,ALXN,0.8225
2020-05-28,ANF,-0.03062
2020-05-28,ANTM,0.8225
2020-05-28,ARKK,0.0
2020-05-28,ARNA,0.0
2020-05-28,ASML,0.7096
2020-05-28,ASNA,-0.128
2020-05-28,AUMN,0.0
2020-05-28,AVNW,0.4019
2020-05-28,AWI,0.29205
2020-05-28,AWK,0.296
2020-05-28,AWRE,0.0
2020-05-28,BAH,0.296
2020-05-28,BBW,-0.1779
2020-05-28,BDX,0.8225
2020-05-28,BFAM,0.4927
2020-05-28,BGFV,0.0
2020-05-28,BLIN,-0.0258
2020-05-28,BLK,-0.128
2020-05-28,BLUE,0.0
2020-05-28,BPOP,0.0772
2020-05-28,BSBR,0.8519
2020-05-28,BTU,0.1366
2020-05-28,BURL,0.05769999999999999
2020-05-28,BXC,0.0
2020-05-28,BXP,-0.064
2020-05-28,CALX,0.0
2020-05-28,CCXI,0.0
2020-05-28,CDNS,0.7096
2020-05-28,CENTA,0.0
2020-05-28,CERN,0.8225
2020-05-28,CHH,0.7184
2020-05-28,CI,0.8225
2020-05-28,CLRB,0.0
2020-05-28,CLUB,0.296
2020-05-28,CLVS,-0.5267
2020-05-28,CM,0.0
2020-05-28,CMD,0.0
2020-05-28,CME,0.0258
2020-05-28,COF,0.8519
2020-05-28,COHR,-0.23826666666666665
2020-05-28,COMM,0.7096
2020-05-28,COR,0.0
2020-05-28,COUP,0.0
2020-05-28,CPIX,0.0
2020-05-28,CPK,0.4404
2020-05-28,CPS,0.0
2020-05-28,CPST,0.0
2020-05-28,CRM,0.0
2020-05-28,CRUS,0.25
2020-05-28,CS,-0.0772
2020-05-28,CSCO,-0.296
2020-05-28,CSIQ,0.0896875
2020-05-28,CSL,0.29205
2020-05-28,CVGI,0.0
2020-05-28,CVS,0.0
2020-05-28,CVU,0.0
2020-05-28,CXP,0.4215
2020-05-28,DB,-0.5719
2020-05-28,DD,0.3182
2020-05-28,DE,0.0
2020-05-28,DG,0.17020000000000002
2020-05-28,DGX,-0.12726666666666667
2020-05-28,DHI,0.29205
2020-05-28,DHR,0.64365
2020-05-28,DHT,0.10115
2020-05-28,DLA,0.0
2020-05-28,DLTR,0.21619999999999998
2020-05-28,DRAD,0.0
2020-05-28,DXCM,0.8225
2020-05-28,ECOM,0.0
2020-05-28,EIGI,0.0
2020-05-28,ELGX,0.6641
2020-05-28,ELLO,0.4404
2020-05-28,ERIC,0.7096
2020-05-28,ESEA,0.0
2020-05-28,ESNT,-0.296
2020-05-28,EVER,0.0
2020-05-28,EW,0.8225
2020-05-28,EWC,0.7906
2020-05-28,EWQ,-0.2732
2020-05-28,EXK,0.0
2020-05-28,FAST,0.0
2020-05-28,FBHS,0.29205
2020-05-28,FIZZ,0.0
2020-05-28,FL,0.0
2020-05-28,FNJN,-0.4767
2020-05-28,FORTY,0.0
2020-05-28,FRAN,0.0
2020-05-28,FRO,0.10115
2020-05-28,FUN,0.84275
2020-05-28,GERN,0.0
2020-05-28,GHL,0.0
2020-05-28,GLNG,0.023816666666666663
2020-05-28,GMLP,0.0
2020-05-28,GNRC,0.0
2020-05-28,GPRK,0.0
2020-05-28,GSK,-0.6486
2020-05-28,GWPH,0.0
2020-05-28,H,0.7184
2020-05-28,HAE,0.4588
2020-05-28,HD,0.0
2020-05-28,HEI,0.04046
2020-05-28,HIW,-0.128
2020-05-28,HLT,0.27025
2020-05-28,HLX,0.32477500000000004
2020-05-28,HMLP,0.0
2020-05-28,HP,0.02476666666666667
2020-05-28,HPP,0.03394999999999998
2020-05-28,HPQ,0.2603
2020-05-28,HSBC,0.8519
2020-05-28,HTBX,0.5267
2020-05-28,IBP,0.29205
2020-05-28,IDXX,0.0
2020-05-28,ILMN,0.0
2020-05-28,IMMU,0.0
2020-05-28,INCY,0.8225
2020-05-28,INWK,0.0
2020-05-28,IPWR,0.0
2020-05-28,IR,0.0
2020-05-28,IRWD,0.0
2020-05-28,ITRI,0.0
2020-05-28,IVZ,0.0
2020-05-28,JCP,0.0
2020-05-28,JKS,0.4215
2020-05-28,JRJC,0.0
2020-05-28,JWN,0.2202
2020-05-28,KBR,0.8271
2020-05-28,KEY,0.8519
2020-05-28,KEYS,0.6335
2020-05-28,KKR,0.5859
2020-05-28,KNOP,0.0
2020-05-28,KOPN,-0.24295
2020-05-28,KPTI,0.5574
2020-05-28,KRNY,0.4767
2020-05-28,KSS,-0.0772
2020-05-28,LEG,0.5106
2020-05-28,LEN,0.29205
2020-05-28,LGND,0.0
2020-05-28,LIVE,0.0
2020-05-28,LJPC,0.0
2020-05-28,LL,0.023816666666666663
2020-05-28,LOGI,0.0
2020-05-28,LOW,0.0
2020-05-28,LPG,0.0
2020-05-28,LTRPA,0.0
2020-05-28,MANH,0.0
2020-05-28,MAS,0.29205
2020-05-28,MBII,-0.5267
2020-05-28,MDP,0.0
2020-05-28,MDT,0.39835
2020-05-28,MHK,0.29205
2020-05-28,MIXT,0.0
2020-05-28,MNRO,0.0
2020-05-28,MNST,0.0
2020-05-28,MOD,-0.05103333333333334
2020-05-28,MOH,0.0
2020-05-28,MOMO,0.0
2020-05-28,MRNS,0.0
2020-05-28,MRTN,0.0
2020-05-28,MSBF,0.4767
2020-05-28,MSI,0.7096
2020-05-28,MTB,0.8519
2020-05-28,MTH,0.1909
2020-05-28,MU,0.0
2020-05-28,NAK,0.296
2020-05-28,NDSN,0.0
2020-05-28,NFG,0.296
2020-05-28,NG,0.25
2020-05-28,NOW,0.7096
2020-05-28,NTAP,-0.021333333333333333
2020-05-28,NTP,0.0
2020-05-28,NVEE,0.7506
2020-05-28,NVGS,0.0
2020-05-28,NVO,0.8225
2020-05-28,OC,0.29205
2020-05-28,OEC,0.0
2020-05-28,OFC,0.0
2020-05-28,OLED,0.0
2020-05-28,ONCY,0.0
2020-05-28,ONVO,0.8225
2020-05-28,OPTT,0.0
2020-05-28,OSTK,0.0
2020-05-28,PATK,-0.296
2020-05-28,PAYC,0.7096
2020-05-28,PDS,0.0
2020-05-28,PGRE,-0.4588
2020-05-28,PHM,0.29205
2020-05-28,PII,0.2553
2020-05-28,PINC,0.0
2020-05-28,PLAB,0.0
2020-05-28,PLT,0.31486666666666663
2020-05-28,PLX,0.0
2020-05-28,PNNT,0.0
2020-05-28,POL,-0.07945
2020-05-28,POOL,0.0
2020-05-28,POWI,0.0
2020-05-28,PRSC,0.0
2020-05-28,PTEN,0.2732
2020-05-28,PWR,-0.064
2020-05-28,QADA,0.0
2020-05-28,QCOM,0.05757499999999999
2020-05-28,QGEN,0.0
2020-05-28,QRVO,0.0
2020-05-28,QSR,0.0
2020-05-28,REGI,0.2732
2020-05-28,RENN,0.0
2020-05-28,RES,0.0
2020-05-28,REX,-0.1531
2020-05-28,RF,0.8519
2020-05-28,RGLD,0.0
2020-05-28,RGP,0.0
2020-05-28,RGR,0.0
2020-05-28,RKT,0.0
2020-05-28,RL,0.07636
2020-05-28,RLH,0.7184
2020-05-28,RNG,0.7096
2020-05-28,RNWK,0.09866666666666667
2020-05-28,ROK,0.0
2020-05-28,RP,0.0
2020-05-28,RRGB,-0.1779
2020-05-28,RUTH,0.0
2020-05-28,RWLK,0.047633333333333326
2020-05-28,SA,0.0
2020-05-28,SABR,-0.4767
2020-05-28,SAEX,0.2732
2020-05-28,SAFM,-0.0937
2020-05-28,SAM,0.19469999999999998
2020-05-28,SBNY,0.10115
2020-05-28,SEE,0.0
2020-05-28,SHOO,0.017424999999999996
2020-05-28,SIEB,0.0
2020-05-28,SINA,0.0
2020-05-28,SIRI,-0.1779
2020-05-28,SIX,0.4215
2020-05-28,SKX,0.296
2020-05-28,SLP,0.33882500000000004
2020-05-28,SNN,0.0
2020-05-28,SNPS,0.23653333333333335
2020-05-28,SOHO,0.0
2020-05-28,SOL,0.4215
2020-05-28,SPTN,0.0
2020-05-28,SPWH,0.0
2020-05-28,SPWR,0.4215
2020-05-28,STAY,0.7184
2020-05-28,STOR,-0.128
2020-05-28,SWK,0.29205
2020-05-28,SYK,0.8225
2020-05-28,T,0.06634999999999999
2020-05-28,TBIO,0.0
2020-05-28,TCCO,0.1101
2020-05-28,TD,0.21619999999999998
2020-05-28,TECD,0.074
2020-05-28,TESS,0.0
2020-05-28,THRM,0.4019
2020-05-28,THS,0.10115
2020-05-28,TIGR,0.0
2020-05-28,TITN,0.059199999999999996
2020-05-28,TNK,0.10115
2020-05-28,TOL,0.273675
2020-05-28,TPX,0.5246333333333334
2020-05-28,TRI,-0.1779
2020-05-28,TRUE,0.02495
2020-05-28,TSCO,-0.021733333333333344
2020-05-28,TSM,0.0
2020-05-28,TYL,0.0
2020-05-28,UA,0.14049999999999999
2020-05-28,UEPS,0.0
2020-05-28,ULTA,0.5859
2020-05-28,UNG,0.3612
2020-05-28,UNH,0.0
2020-05-28,UPS,-0.20095
2020-05-28,UVE,0.10115
2020-05-28,VBIV,0.0
2020-05-28,VG,0.08895
2020-05-28,VIPS,-0.3612
2020-05-28,VNO,0.0
2020-05-28,VOD,0.0
2020-05-28,VRTV,0.0
2020-05-28,VSLR,0.4215
2020-05-28,WCN,-0.1531
2020-05-28,WDAY,0.20706666666666665
2020-05-28,WEX,0.0
2020-05-28,WHR,0.29205
2020-05-28,WPP,0.4215
2020-05-28,WPRT,0.4019
2020-05-28,ZAGG,-0.1531
2020-05-28,ZFGN,0.6124
2020-05-28,ZIOP,0.8225
2020-05-29,ABC,0.4767
2020-05-29,ACGL,0.1027
2020-05-29,ACIW,0.10115
2020-05-29,ACRX,0.24695
2020-05-29,ADMA,0.27115
2020-05-29,AFMD,0.0
2020-05-29,AGEN,0.0
2020-05-29,AGIO,0.3612
2020-05-29,AGO,0.1027
2020-05-29,ALB,0.0
2020-05-29,ALDX,0.0
2020-05-29,ALXN,0.0
2020-05-29,AMAG,0.0
2020-05-29,AMBA,0.0
2020-05-29,AMD,0.296
2020-05-29,AMGN,0.2701
2020-05-29,AMP,0.1027
2020-05-29,ANF,0.0
2020-05-29,AOS,0.0
2020-05-29,APEI,0.0
2020-05-29,APOG,0.0
2020-05-29,APTO,0.3612
2020-05-29,ARES,0.10115
2020-05-29,ASNA,0.0
2020-05-29,AVEO,0.11773333333333334
2020-05-29,AVID,0.0
2020-05-29,BBD,0.1027
2020-05-29,BBVA,0.1027
2020-05-29,BIG,0.03623749999999999
2020-05-29,BIIB,0.4939
2020-05-29,BIO,0.3612
2020-05-29,BIOC,0.148
2020-05-29,BIOL,0.0
2020-05-29,BLK,-0.2263
2020-05-29,BNS,0.1027
2020-05-29,BPTH,0.0
2020-05-29,BSTC,0.3612
2020-05-29,BURL,-0.1806
2020-05-29,CALA,0.4215
2020-05-29,CCI,0.0
2020-05-29,CCXI,0.3612
2020-05-29,CFG,0.1027
2020-05-29,CGNX,0.0
2020-05-29,CHCI,0.0
2020-05-29,CHU,0.0
2020-05-29,CIR,-0.056575
2020-05-29,CJJD,0.0
2020-05-29,CLSN,-0.6597
2020-05-29,CLUB,0.0
2020-05-29,CLVS,0.3612
2020-05-29,CM,0.0
2020-05-29,CNO,0.243
2020-05-29,CPS,0.0
2020-05-29,CRM,-0.08838333333333333
2020-05-29,CSCO,0.0
2020-05-29,CSIQ,0.0
2020-05-29,CTHR,0.0
2020-05-29,CVGI,0.0
2020-05-29,DG,-0.042359999999999995
2020-05-29,DHR,0.1531
2020-05-29,DLTR,-0.0903
2020-05-29,DUK,0.2732
2020-05-29,DVAX,0.0
2020-05-29,EMR,0.0
2020-05-29,ESEA,0.0
2020-05-29,ESNT,0.296
2020-05-29,EV,0.0
2020-05-29,EVER,0.0
2020-05-29,FDX,0.4939
2020-05-29,FEYE,0.296
2020-05-29,FMS,0.0
2020-05-29,FNF,0.0
2020-05-29,FOXF,0.41135
2020-05-29,FPRX,0.0
2020-05-29,FSI,-0.25
2020-05-29,GERN,0.148
2020-05-29,GLUU,0.0
2020-05-29,GNCA,0.39135
2020-05-29,GPRO,-0.032
2020-05-29,GRVY,0.0
2020-05-29,GSH,-0.2023
2020-05-29,HAL,0.0
2020-05-29,HPQ,0.0
2020-05-29,HSBC,0.1027
2020-05-29,HTBX,0.3612
2020-05-29,HUM,0.0
2020-05-29,HZNP,0.0
2020-05-29,IMMU,0.3612
2020-05-29,INCY,0.34
2020-05-29,INTC,0.296
2020-05-29,INVE,0.148
2020-05-29,IPWR,0.0
2020-05-29,IRMD,0.0
2020-05-29,JCS,-0.296
2020-05-29,JPM,-0.0618
2020-05-29,KEY,0.1027
2020-05-29,KOPN,0.0
2020-05-29,KPTI,0.1806
2020-05-29,LGND,0.3182
2020-05-29,LIVE,0.17556666666666665
2020-05-29,LL,0.0
2020-05-29,LMT,0.1027
2020-05-29,LOGI,0.0
2020-05-29,LPG,0.0
2020-05-29,MARA,0.0
2020-05-29,MAS,0.10115
2020-05-29,MCO,0.1651
2020-05-29,MEIP,0.15574285714285716
2020-05-29,MGNX,0.0
2020-05-29,MIND,0.0
2020-05-29,MIXT,0.0
2020-05-29,MNRO,0.0
2020-05-29,MOH,0.28595
2020-05-29,MOMO,0.0
2020-05-29,MRNS,0.060200000000000004
2020-05-29,MRVL,0.0
2020-05-29,MTB,0.1027
2020-05-29,MTEX,0.0
2020-05-29,MU,0.0
2020-05-29,MYGN,-0.7579
2020-05-29,NCLH,0.07655
2020-05-29,NDSN,0.0
2020-05-29,NERV,-0.0129
2020-05-29,NFG,0.0
2020-05-29,NG,0.0
2020-05-29,NLSN,0.1027
2020-05-29,NVEE,0.296
2020-05-29,NVS,0.5994
2020-05-29,NWHM,0.0
2020-05-29,OGEN,0.6124
2020-05-29,ONCY,0.1643
2020-05-29,ONE,-0.2023
2020-05-29,OSTK,0.296
2020-05-29,OXM,0.296
2020-05-29,PAAS,0.0
2020-05-29,PACW,0.1027
2020-05-29,PDEX,0.296
2020-05-29,PEIX,0.2787
2020-05-29,PENN,0.0
2020-05-29,PFG,0.1027
2020-05-29,PFMT,-0.2023
2020-05-29,PFSW,0.0
2020-05-29,PLT,0.0
2020-05-29,PNC,0.0
2020-05-29,PPL,0.10115
2020-05-29,PRTS,0.29295
2020-05-29,PT,0.0
2020-05-29,QGEN,0.1806
2020-05-29,RBS,0.1027
2020-05-29,REGN,0.125
2020-05-29,RELV,0.0
2020-05-29,RGA,0.10115
2020-05-29,RMCF,0.0
2020-05-29,RSG,0.10115
2020-05-29,SAFM,-0.128
2020-05-29,SAM,0.0
2020-05-29,SAN,0.1027
2020-05-29,SEAC,0.0
2020-05-29,SGEN,-0.6597
2020-05-29,SGMS,0.2023
2020-05-29,SLB,0.0
2020-05-29,SLP,0.0
2020-05-29,SMLP,0.0
2020-05-29,SOHO,0.0
2020-05-29,SOL,-0.0073999999999999995
2020-05-29,SPH,-0.296
2020-05-29,SPTN,0.1609
2020-05-29,STKL,0.0
2020-05-29,SYBT,0.0
2020-05-29,TCCO,0.0
2020-05-29,TD,0.0
2020-05-29,TEDU,0.0
2020-05-29,TGTX,0.0
2020-05-29,TIGR,0.0
2020-05-29,TNXP,0.296
2020-05-29,TRIL,0.442
2020-05-29,TRMB,0.0
2020-05-29,TSQ,0.0
2020-05-29,TW,0.0
2020-05-29,TYL,0.0
2020-05-29,ULTA,0.54825
2020-05-29,UNFI,0.7579
2020-05-29,UPS,0.4939
2020-05-29,USEG,0.0
2020-05-29,VEEV,0.0
2020-05-29,VHC,0.0
2020-05-29,VMW,0.074
2020-05-29,VOD,0.2023
2020-05-29,W,0.296
2020-05-29,WBC,0.296
2020-05-29,WDAY,0.0
2020-05-29,WDC,0.0
2020-05-29,WERN,0.0
2020-05-29,WGO,0.0
2020-05-29,WM,-0.10959999999999999
2020-05-29,WMS,0.25
2020-05-29,WSM,0.11717999999999999
2020-05-29,XYL,0.1027
2020-05-29,YUM,0.296
2020-05-29,ZFGN,0.3612
2020-05-29,ZIOP,0.1806
2020-05-30,ARNA,-0.5267
2020-05-30,BMY,0.08895
2020-05-30,CAR,0.0
2020-05-30,DVAX,0.0
2020-05-30,EWY,0.0258
2020-05-30,GDOT,0.0
2020-05-30,IBB,0.0
2020-05-30,JAZZ,0.0
2020-05-30,NBIX,0.0
2020-05-30,PLX,0.0
2020-05-30,RLGY,0.0
2020-05-30,VIVO,-0.5267
2020-05-30,XBI,0.0
2020-05-31,AMD,0.4215
2020-05-31,AMOV,0.0772
2020-05-31,AMX,0.0772
2020-05-31,BMRN,0.0
2020-05-31,CQP,0.2732
2020-05-31,CTRE,0.2732
2020-05-31,HIG,0.2732
2020-05-31,INTC,0.4215
2020-05-31,KMB,0.0
2020-05-31,MPC,0.2732
2020-05-31,MU,0.4215
2020-05-31,MYL,0.4019
2020-05-31,NVDA,0.4215
2020-05-31,STAY,0.2732
2020-05-31,TSM,0.4215
2020-05-31,TV,0.0772
2020-06-01,ABBV,0.07594999999999999
2020-06-01,ABIO,0.13238333333333333
2020-06-01,ABMD,-0.7096
2020-06-01,ACC,0.6597
2020-06-01,ACGL,0.8442
2020-06-01,ACRX,0.34
2020-06-01,ADC,0.3612
2020-06-01,ADMA,0.0
2020-06-01,ADS,0.35015
2020-06-01,ADT,-0.2263
2020-06-01,AEG,0.8442
2020-06-01,AER,0.1531
2020-06-01,AERI,0.0
2020-06-01,AGEN,0.0
2020-06-01,AHH,0.0
2020-06-01,AIG,0.0
2020-06-01,AKR,0.6597
2020-06-01,ALE,0.2577
2020-06-01,ALXN,0.3818
2020-06-01,AMED,0.0
2020-06-01,AMH,0.0
2020-06-01,AMP,0.8442
2020-06-01,AMRS,0.3511333333333333
2020-06-01,AMT,0.32985
2020-06-01,ARI,0.8442
2020-06-01,ASFI,0.0
2020-06-01,ASNA,0.0
2020-06-01,ATHM,-0.03062
2020-06-01,AUDC,0.0
2020-06-01,AVB,0.32985
2020-06-01,AVEO,0.273925
2020-06-01,AXL,0.8442
2020-06-01,AYI,-0.296
2020-06-01,BABA,-0.29295
2020-06-01,BBBY,0.0
2020-06-01,BBD,0.8442
2020-06-01,BBW,0.0
2020-06-01,BCO,-0.011999999999999997
2020-06-01,BDX,0.10115
2020-06-01,BGFV,0.0
2020-06-01,BIDU,-0.5859
2020-06-01,BIG,0.0
2020-06-01,BIO,0.296
2020-06-01,BK,0.0
2020-06-01,BLK,0.4221
2020-06-01,BLRX,0.0
2020-06-01,BMO,0.8442
2020-06-01,BMTC,0.0
2020-06-01,BMY,-0.0386
2020-06-01,BNS,0.8442
2020-06-01,BRP,0.2294
2020-06-01,BRX,0.6061
2020-06-01,BSBR,0.8442
2020-06-01,BSX,0.2732
2020-06-01,BUD,0.32985
2020-06-01,BURL,-0.3612
2020-06-01,BWEN,0.0
2020-06-01,BXP,0.6597
2020-06-01,BYD,0.0
2020-06-01,CAJ,0.0
2020-06-01,CANF,-0.07655
2020-06-01,CAR,0.0
2020-06-01,CBLI,0.0
2020-06-01,CCI,-0.3612
2020-06-01,CCO,0.0
2020-06-01,CDNS,0.32985
2020-06-01,CDXS,0.3182
2020-06-01,CEL,0.0
2020-06-01,CFG,0.8442
2020-06-01,CGEN,0.14265
2020-06-01,CGIX,-0.6597
2020-06-01,CGNX,0.0
2020-06-01,CHCI,0.0
2020-06-01,CHTR,0.0
2020-06-01,CI,0.9501
2020-06-01,CIR,0.0
2020-06-01,CJJD,0.09844
2020-06-01,CLNY,0.3468
2020-06-01,CLRB,0.25
2020-06-01,CLUB,0.09106666666666667
2020-06-01,CLX,0.3182
2020-06-01,CMG,0.0
2020-06-01,CNP,0.2808
2020-06-01,COKE,0.4019
2020-06-01,CPA,0.7717
2020-06-01,CRM,0.5106
2020-06-01,CSCO,0.35015
2020-06-01,CTO,0.3818
2020-06-01,CUK,0.6369
2020-06-01,CXDC,0.6739
2020-06-01,CYBE,0.0
2020-06-01,DB,0.8442
2020-06-01,DBD,0.7003
2020-06-01,DEO,0.0
2020-06-01,DFS,0.8442
2020-06-01,DG,-0.3612
2020-06-01,DIOD,0.3818
2020-06-01,DLR,0.7096
2020-06-01,DLTR,0.0
2020-06-01,DNOW,0.0
2020-06-01,DOC,0.5106
2020-06-01,DPZ,-0.1806
2020-06-01,DRAD,0.0
2020-06-01,DSX,-0.4767
2020-06-01,DVAX,0.0
2020-06-01,EBS,0.3753
2020-06-01,EE,0.1779
2020-06-01,EL,0.04137499999999998
2020-06-01,ELY,0.0
2020-06-01,ENS,-0.07543333333333334
2020-06-01,EPR,0.8442
2020-06-01,EPZM,0.0
2020-06-01,EQIX,0.0
2020-06-01,ERA,0.4767
2020-06-01,ERJ,-0.0903
2020-06-01,ESNT,0.4767
2020-06-01,ESRT,0.8442
2020-06-01,EVOK,0.0
2020-06-01,EW,-0.22036666666666668
2020-06-01,EWZ,0.5267
2020-06-01,EXEL,0.0
2020-06-01,EXPE,0.6369
2020-06-01,FCAU,0.8442
2020-06-01,FDX,-0.128
2020-06-01,FENG,0.0
2020-06-01,FEYE,0.0
2020-06-01,FLXS,-0.128
2020-06-01,FMS,0.0
2020-06-01,FNB,0.0
2020-06-01,FNF,0.296
2020-06-01,FORM,0.06743333333333333
2020-06-01,FRC,0.0085
2020-06-01,FRO,0.0
2020-06-01,FRPT,0.0
2020-06-01,FSM,0.0
2020-06-01,FTNT,0.7003
2020-06-01,FULT,0.0
2020-06-01,GERN,-0.3612
2020-06-01,GIL,0.8442
2020-06-01,GLUU,0.148
2020-06-01,GRPN,0.0
2020-06-01,GRVY,0.0
2020-06-01,GTLS,0.3825
2020-06-01,GWPH,-0.128
2020-06-01,HA,0.7717
2020-06-01,HAIN,0.0
2020-06-01,HASI,0.6597
2020-06-01,HBI,0.8442
2020-06-01,HCHC,0.0
2020-06-01,HCI,0.0
2020-06-01,HDB,0.6808
2020-06-01,HFC,0.4215
2020-06-01,HIW,0.0
2020-06-01,HLIT,0.39635000000000004
2020-06-01,HLT,0.6369
2020-06-01,HOG,0.8442
2020-06-01,HSBC,0.8442
2020-06-01,HTBX,0.0
2020-06-01,HTGC,0.3836
2020-06-01,HTHT,0.8442
2020-06-01,HUBS,0.0
2020-06-01,HYG,0.0
2020-06-01,IAG,0.0
2020-06-01,IBB,0.0
2020-06-01,IBN,0.8442
2020-06-01,ICAD,-0.6597
2020-06-01,ICPT,0.0
2020-06-01,IDXX,0.0
2020-06-01,IGV,0.0
2020-06-01,INDA,0.0
2020-06-01,INGN,-0.128
2020-06-01,INN,0.8442
2020-06-01,INTC,0.0
2020-06-01,INVE,0.2023
2020-06-01,IPI,0.0
2020-06-01,IRWD,0.2732
2020-06-01,ISNS,0.5267
2020-06-01,ITUB,0.8442
2020-06-01,IWM,0.2263
2020-06-01,JAZZ,0.0
2020-06-01,JLL,0.0
2020-06-01,JPM,-0.1531
2020-06-01,JWN,0.3581
2020-06-01,KEYS,0.07026666666666667
2020-06-01,KGJI,-0.3182
2020-06-01,KIM,0.42634999999999995
2020-06-01,KMI,0.4939
2020-06-01,KMX,0.07310000000000001
2020-06-01,KPTI,0.0
2020-06-01,KSS,0.8442
2020-06-01,LBY,0.2732
2020-06-01,LH,0.0
2020-06-01,LINC,-0.11315
2020-06-01,LLY,0.4093
2020-06-01,LQD,0.21075
2020-06-01,LTBR,0.4019
2020-06-01,LTRPA,0.21230000000000002
2020-06-01,LULU,0.0
2020-06-01,MANH,0.0
2020-06-01,MAR,0.0
2020-06-01,MCO,0.8442
2020-06-01,MEIP,0.0
2020-06-01,MGA,0.8442
2020-06-01,MGLN,0.25
2020-06-01,MGNX,0.124575
2020-06-01,MKC,-0.064
2020-06-01,MLAB,-0.07655
2020-06-01,MMP,-0.3612
2020-06-01,MMSI,0.4215
2020-06-01,MNK,-0.4019
2020-06-01,MNST,0.0
2020-06-01,MOMO,-0.1197
2020-06-01,MPLX,-0.3612
2020-06-01,MRNS,0.0
2020-06-01,MRVL,0.0
2020-06-01,MSI,0.60545
2020-06-01,MT,0.0
2020-06-01,MTG,0.8442
2020-06-01,MTN,0.10115
2020-06-01,MU,0.0
2020-06-01,MYL,0.0
2020-06-01,NBIX,0.0
2020-06-01,NBL,0.0
2020-06-01,NBTB,0.0
2020-06-01,NCR,0.7003
2020-06-01,NDAQ,0.011399999999999993
2020-06-01,NDSN,-0.148
2020-06-01,NERV,0.0
2020-06-01,NFG,0.0
2020-06-01,NG,0.25
2020-06-01,NGL,0.064
2020-06-01,NLS,0.37246666666666667
2020-06-01,NNN,0.8442
2020-06-01,NOK,0.3544
2020-06-01,NRZ,0.8442
2020-06-01,NTES,-0.29295
2020-06-01,NTRS,0.5106
2020-06-01,NVGS,0.0
2020-06-01,NVO,0.0
2020-06-01,NXPI,0.7003
2020-06-01,OKE,0.0
2020-06-01,OLN,0.0
2020-06-01,OPK,0.0
2020-06-01,OPY,0.0
2020-06-01,ORBC,0.0
2020-06-01,OXLC,0.8442
2020-06-01,PAA,0.0
2020-06-01,PAAS,0.0
2020-06-01,PACW,0.8442
2020-06-01,PAGP,0.0
2020-06-01,PAYC,0.7003
2020-06-01,PCRX,0.0
2020-06-01,PFNX,0.0
2020-06-01,PLX,0.09866666666666667
2020-06-01,PNM,0.0
2020-06-01,POOL,0.0
2020-06-01,PRCP,-0.1806
2020-06-01,PRIM,0.5719
2020-06-01,PRTS,0.0
2020-06-01,PTEN,0.0
2020-06-01,PUK,0.8442
2020-06-01,PZZA,0.3818
2020-06-01,QTS,0.33525
2020-06-01,R,0.8402
2020-06-01,RARE,0.0
2020-06-01,RBS,0.4221
2020-06-01,RDN,0.8442
2020-06-01,REG,0.40406666666666663
2020-06-01,REGN,0.5423
2020-06-01,RF,0.0
2020-06-01,RGR,-0.22322499999999998
2020-06-01,RHP,0.8442
2020-06-01,RLGY,0.6597
2020-06-01,RLH,0.0
2020-06-01,RNG,0.7003
2020-06-01,RNWK,0.0
2020-06-01,ROIC,0.6597
2020-06-01,RPAI,0.8442
2020-06-01,RPT,0.6597
2020-06-01,RRGB,0.0
2020-06-01,RVNC,0.0
2020-06-01,RWLK,0.296
2020-06-01,RYAAY,0.7717
2020-06-01,SABR,0.7003
2020-06-01,SALM,-0.12646666666666667
2020-06-01,SAM,0.0
2020-06-01,SBAC,0.0
2020-06-01,SCS,0.0
2020-06-01,SGEN,0.0
2020-06-01,SIX,0.8442
2020-06-01,SMG,0.2023
2020-06-01,SMLP,0.0
2020-06-01,SNPS,0.0
2020-06-01,SNV,0.8442
2020-06-01,SOL,-0.5267
2020-06-01,SPCB,0.0
2020-06-01,SPNS,0.0
2020-06-01,SPRO,0.0
2020-06-01,SPWH,0.0
2020-06-01,STBA,0.10115
2020-06-01,STOR,0.6597
2020-06-01,STZ,0.0
2020-06-01,SUN,0.0
2020-06-01,TAL,0.8442
2020-06-01,TD,0.8442
2020-06-01,TEDU,0.0
2020-06-01,TEF,0.0
2020-06-01,TEL,0.7003
2020-06-01,TEVA,0.10115
2020-06-01,TGT,-0.39631666666666665
2020-06-01,THR,-0.07543333333333334
2020-06-01,TIVO,0.0
2020-06-01,TNXP,0.0
2020-06-01,TPX,-0.1806
2020-06-01,TRIL,0.0
2020-06-01,TRIP,0.6369
2020-06-01,TSCO,0.0
2020-06-01,TTM,0.8442
2020-06-01,TW,0.0
2020-06-01,TXMD,0.0
2020-06-01,UA,0.8442
2020-06-01,ULTA,0.4074333333333333
2020-06-01,UNH,0.0
2020-06-01,UNM,0.8442
2020-06-01,UVSP,-0.3612
2020-06-01,V,0.4588
2020-06-01,VBLT,-0.3411333333333333
2020-06-01,VEEV,-0.3612
2020-06-01,VJET,-0.3612
2020-06-01,VMW,0.0
2020-06-01,VNO,0.6597
2020-06-01,VRA,0.0
2020-06-01,VRSK,0.0
2020-06-01,VTR,0.8442
2020-06-01,WB,-0.5859
2020-06-01,WBAI,0.0
2020-06-01,WIX,0.0
2020-06-01,WMB,0.0
2020-06-01,WMS,0.25
2020-06-01,WPC,0.8442
2020-06-01,WSM,0.12266666666666666
2020-06-01,WSTG,0.0
2020-06-01,XBI,0.0
2020-06-01,XENE,0.0
2020-06-01,XLI,0.0
2020-06-01,XLU,0.0
2020-06-01,XLV,0.0
2020-06-01,XRX,0.7003
2020-06-01,ZAGG,0.0
2020-06-01,ZBRA,0.0
2020-06-01,ZGNX,0.0
2020-06-02,ABBV,0.0
2020-06-02,ABIO,0.0
2020-06-02,ACGL,0.9062
2020-06-02,ACRX,-0.32985
2020-06-02,ADT,0.2023
2020-06-02,AES,-0.1197
2020-06-02,AGEN,0.3691333333333333
2020-06-02,ALL,0.2023
2020-06-02,AMBA,0.0
2020-06-02,AMD,0.1468
2020-06-02,AMGN,0.0
2020-06-02,AMRS,0.0
2020-06-02,AMSC,0.0
2020-06-02,AMSWA,0.0
2020-06-02,AN,0.17635
2020-06-02,ANGI,0.0
2020-06-02,ANY,0.0
2020-06-02,ARCO,0.2702
2020-06-02,ARNA,-0.17556666666666665
2020-06-02,ASML,0.0
2020-06-02,AUDC,0.19733333333333333
2020-06-02,AXAS,0.2732
2020-06-02,AXP,0.9062
2020-06-02,BABA,0.0
2020-06-02,BAM,0.0
2020-06-02,BBD,0.9062
2020-06-02,BBL,0.5994
2020-06-02,BBRY,0.0086
2020-06-02,BBVA,0.9062
2020-06-02,BBW,-0.1101
2020-06-02,BCE,0.0
2020-06-02,BCLI,0.0
2020-06-02,BCO,0.2023
2020-06-02,BHP,0.5994
2020-06-02,BIO,-0.6597
2020-06-02,BMY,0.0516
2020-06-02,BNS,0.9062
2020-06-02,BOOT,0.296
2020-06-02,BSBR,0.9062
2020-06-02,BSQR,0.0
2020-06-02,BTE,-0.3612
2020-06-02,BWEN,0.0
2020-06-02,BYD,0.0
2020-06-02,C,0.9062
2020-06-02,CAJ,0.2023
2020-06-02,CAKE,0.0
2020-06-02,CAMT,0.0
2020-06-02,CASY,0.0
2020-06-02,CBLI,0.0
2020-06-02,CCCL,0.7351
2020-06-02,CDR,0.296
2020-06-02,CERS,-0.6597
2020-06-02,CGEN,0.0
2020-06-02,CGNX,0.050575
2020-06-02,CHT,0.0
2020-06-02,CHTR,0.0
2020-06-02,CINF,0.2023
2020-06-02,CIR,0.0
2020-06-02,CJJD,0.0
2020-06-02,CLR,0.5423
2020-06-02,CLW,0.0
2020-06-02,CLX,0.0
2020-06-02,CMG,-0.24695
2020-06-02,CNA,0.2023
2020-06-02,CNQ,0.5423
2020-06-02,CNTY,0.6486
2020-06-02,COF,0.9062
2020-06-02,CQP,0.4824
2020-06-02,CRH,0.5994
2020-06-02,CRL,0.0
2020-06-02,CS,0.9062
2020-06-02,CX,0.5994
2020-06-02,CXO,0.5423
2020-06-02,DBD,0.0
2020-06-02,DCI,-0.036383333333333344
2020-06-02,DFS,0.9062
2020-06-02,DGX,0.0
2020-06-02,DOW,0.5994
2020-06-02,DRAD,0.0
2020-06-02,DRI,0.0
2020-06-02,DVAX,-0.21989999999999998
2020-06-02,E,0.2732
2020-06-02,EAT,0.0
2020-06-02,EBS,-0.6597
2020-06-02,EC,0.5423
2020-06-02,EEFT,0.0
2020-06-02,EFX,0.765
2020-06-02,ELTK,0.0
2020-06-02,ENLC,0.0
2020-06-02,ENSV,0.0
2020-06-02,EOG,0.5423
2020-06-02,EPM,0.0
2020-06-02,EQIX,0.0
2020-06-02,ESPR,-0.6597
2020-06-02,EV,0.24914999999999998
2020-06-02,EVER,0.0
2020-06-02,EW,0.2732
2020-06-02,EWG,0.0
2020-06-02,EWU,0.4404
2020-06-02,EXPO,0.0
2020-06-02,FAF,0.2023
2020-06-02,FCX,0.5994
2020-06-02,FF,0.0
2020-06-02,FITB,0.148
2020-06-02,FIVN,0.0
2020-06-02,FIX,0.3612
2020-06-02,FLIR,0.258
2020-06-02,FLWS,0.10115
2020-06-02,FMC,0.0
2020-06-02,FMS,0.0
2020-06-02,FSM,0.0
2020-06-02,FSP,0.0
2020-06-02,FTI,0.2732
2020-06-02,GGB,0.5994
2020-06-02,GLRE,0.0
2020-06-02,GLUU,0.0
2020-06-02,GNC,0.1779
2020-06-02,GNRC,0.0
2020-06-02,GPOR,0.1806
2020-06-02,GSAT,0.296
2020-06-02,GTLS,0.0
2020-06-02,GWW,-0.031233333333333325
2020-06-02,HAL,0.5423
2020-06-02,HDB,0.9062
2020-06-02,HIW,0.2023
2020-06-02,HL,0.0
2020-06-02,HOG,0.0
2020-06-02,HP,0.5423
2020-06-02,HQY,-0.0903
2020-06-02,HTGC,-0.6597
2020-06-02,HUBS,0.0
2020-06-02,IBB,-0.6597
2020-06-02,IBKR,0.0
2020-06-02,IBN,0.9062
2020-06-02,IDRA,-0.09895000000000001
2020-06-02,IP,0.0
2020-06-02,ISNS,0.0
2020-06-02,ISR,-0.39385
2020-06-02,ITUB,0.9062
2020-06-02,IWM,0.0
2020-06-02,JPM,0.0
2020-06-02,KBR,0.4019
2020-06-02,KEYS,0.1779
2020-06-02,KIRK,0.0
2020-06-02,KOPN,0.0
2020-06-02,LAD,0.0
2020-06-02,LE,-0.1806
2020-06-02,LH,0.0
2020-06-02,LINC,0.0
2020-06-02,LJPC,0.4215
2020-06-02,LL,0.0
2020-06-02,LOGI,0.0
2020-06-02,LOW,0.14579999999999999
2020-06-02,LSCC,0.0
2020-06-02,LTRPA,0.0
2020-06-02,LULU,0.1507666666666667
2020-06-02,LYB,0.5994
2020-06-02,MARA,0.0
2020-06-02,MARK,0.0
2020-06-02,MEIP,-0.6597
2020-06-02,MFC,0.9062
2020-06-02,MIDD,0.0
2020-06-02,MPC,0.5423
2020-06-02,MPWR,-0.296
2020-06-02,MRVL,0.0
2020-06-02,MT,0.5994
2020-06-02,MTBC,0.243
2020-06-02,NATI,0.0
2020-06-02,NAVI,-0.0129
2020-06-02,NERV,0.0
2020-06-02,NFLX,-0.7579
2020-06-02,NGL,0.0
2020-06-02,NICE,0.0
2020-06-02,NLS,0.0
2020-06-02,NTES,0.0
2020-06-02,NUAN,0.0
2020-06-02,NVDA,0.2202
2020-06-02,NVGS,0.0
2020-06-02,NVO,-0.6597
2020-06-02,NVS,0.128
2020-06-02,NXPI,0.6249
2020-06-02,OI,0.0
2020-06-02,OIS,0.09054999999999999
2020-06-02,OLN,0.5994
2020-06-02,OPK,0.0
2020-06-02,OSUR,-0.32985
2020-06-02,OXLC,0.9062
2020-06-02,PAAS,0.0
2020-06-02,PACB,-0.3612
2020-06-02,PBA,0.5423
2020-06-02,PBR,0.5423
2020-06-02,PGR,0.2023
2020-06-02,PHG,0.3182
2020-06-02,PKI,0.0
2020-06-02,POOL,-0.3612
2020-06-02,PPG,0.5994
2020-06-02,PRO,0.10115
2020-06-02,PRTS,0.0
2020-06-02,PTEN,0.5423
2020-06-02,PXD,0.5719
2020-06-02,QGEN,0.0
2020-06-02,RBS,0.9062
2020-06-02,REGN,-0.020899999999999974
2020-06-02,RGA,0.0
2020-06-02,RGR,0.10115
2020-06-02,RH,0.0
2020-06-02,RNR,0.296
2020-06-02,RSX,0.1366
2020-06-02,RWLK,0.62885
2020-06-02,SAN,0.9062
2020-06-02,SE,0.0
2020-06-02,SID,0.5994
2020-06-02,SM,0.0
2020-06-02,SNY,0.10616666666666669
2020-06-02,SPLK,0.0
2020-06-02,SPRO,0.0
2020-06-02,SSY,-0.2263
2020-06-02,SSYS,0.010066666666666668
2020-06-02,STX,0.2732
2020-06-02,SU,0.5423
2020-06-02,TAL,0.0
2020-06-02,TBK,0.4136
2020-06-02,TD,0.9062
2020-06-02,TENX,-0.03260000000000002
2020-06-02,TEVA,0.10115
2020-06-02,TFX,0.0
2020-06-02,TGT,-0.7964
2020-06-02,THG,0.2023
2020-06-02,THR,0.0
2020-06-02,TMHC,0.0
2020-06-02,TOT,0.40775
2020-06-02,TPH,0.0
2020-06-02,TRIL,0.0
2020-06-02,TRV,0.2023
2020-06-02,TS,0.2732
2020-06-02,TSCO,0.10115
2020-06-02,TSM,-0.7906
2020-06-02,TTM,0.0
2020-06-02,TXN,0.0
2020-06-02,TYL,0.5994
2020-06-02,UGP,0.27115
2020-06-02,ULTA,0.5106
2020-06-02,UTI,-0.128
2020-06-02,VALE,0.5994
2020-06-02,VBIV,-0.19375
2020-06-02,VSLR,0.0
2020-06-02,VTV,0.34
2020-06-02,VUG,0.34
2020-06-02,VVUS,0.4939
2020-06-02,W,-0.14613333333333334
2020-06-02,WAL,0.25
2020-06-02,WERN,0.34
2020-06-02,WIX,0.0
2020-06-02,WU,-0.12040000000000001
2020-06-02,XBI,-0.6597
2020-06-02,XLRN,0.0
2020-06-02,Y,0.2023
2020-06-02,YNDX,0.0
2020-06-02,ZBRA,0.0
2020-06-02,ZFGN,0.6808
2020-06-02,ZIOP,0.0
2020-06-02,ZNGA,0.0013599999999999945
2020-06-03,A,0.0
2020-06-03,AA,0.8442
2020-06-03,ABB,0.872
2020-06-03,ABC,0.0
2020-06-03,ACC,0.872
2020-06-03,ACRX,0.0
2020-06-03,ACTG,0.148
2020-06-03,ACY,0.0
2020-06-03,ADI,0.8442
2020-06-03,ADP,0.25
2020-06-03,ADS,0.8442
2020-06-03,AEG,0.074
2020-06-03,AEM,0.9042
2020-06-03,AEO,0.148
2020-06-03,AER,0.872
2020-06-03,AFL,0.8442
2020-06-03,AG,0.9042
2020-06-03,AGEN,-0.3182
2020-06-03,AGO,0.6027
2020-06-03,AHT,0.872
2020-06-03,AIG,0.8442
2020-06-03,AIR,0.0
2020-06-03,AIV,0.872
2020-06-03,AIZ,0.1779
2020-06-03,AKAM,0.0
2020-06-03,AKR,0.872
2020-06-03,AKRX,0.0
2020-06-03,AL,0.872
2020-06-03,ALGT,0.872
2020-06-03,ALLE,0.10115
2020-06-03,ALV,0.0
2020-06-03,AMAT,0.8442
2020-06-03,AMBA,0.296
2020-06-03,AMC,0.27475
2020-06-03,AMKR,0.93
2020-06-03,AMP,0.8442
2020-06-03,AMRS,0.4221
2020-06-03,AMSC,0.0
2020-06-03,AMT,0.0
2020-06-03,AMTD,0.8442
2020-06-03,AMX,0.8442
2020-06-03,AN,0.7579
2020-06-03,ANF,0.7579
2020-06-03,ANGI,0.8442
2020-06-03,ANY,0.0
2020-06-03,AON,0.8442
2020-06-03,APH,0.93
2020-06-03,ARCB,0.296
2020-06-03,ARCC,0.296
2020-06-03,ARCO,0.7783
2020-06-03,ARI,0.8442
2020-06-03,ARMK,0.7783
2020-06-03,ARNA,-0.10606666666666666
2020-06-03,ARW,0.6705
2020-06-03,ASB,0.8442
2020-06-03,ASML,0.4221
2020-06-03,ATI,0.8442
2020-06-03,ATSG,0.2936
2020-06-03,ATVI,0.11556666666666666
2020-06-03,AU,0.9042
2020-06-03,AUDC,0.0
2020-06-03,AVAV,0.0
2020-06-03,AVID,0.0
2020-06-03,AVT,0.93
2020-06-03,AXL,0.9001
2020-06-03,AXP,0.8442
2020-06-03,AYI,0.2023
2020-06-03,BABA,0.35625
2020-06-03,BAM,0.8442
2020-06-03,BBBY,0.9001
2020-06-03,BBD,0.8442
2020-06-03,BBRY,0.0
2020-06-03,BBVA,0.8442
2020-06-03,BC,0.38915
2020-06-03,BCO,0.2023
2020-06-03,BEN,0.8442
2020-06-03,BGFV,0.0
2020-06-03,BIO,-0.3182
2020-06-03,BK,0.8442
2020-06-03,BKU,0.8442
2020-06-03,BLCM,0.0
2020-06-03,BLIN,0.0
2020-06-03,BLK,0.7783
2020-06-03,BMO,0.8442
2020-06-03,BMY,0.13163333333333332
2020-06-03,BNS,0.8442
2020-06-03,BPOP,0.8442
2020-06-03,BRO,0.8442
2020-06-03,BRX,0.25539999999999996
2020-06-03,BSBR,0.8442
2020-06-03,BST,0.0
2020-06-03,BTE,0.209
2020-06-03,BUD,0.47295000000000004
2020-06-03,BURL,0.34035
2020-06-03,BWEN,0.0
2020-06-03,BXP,0.872
2020-06-03,C,0.8442
2020-06-03,CAKE,0.09866666666666667
2020-06-03,CALX,0.0
2020-06-03,CAR,0.436
2020-06-03,CAT,0.872
2020-06-03,CCCL,0.0
2020-06-03,CCI,0.0
2020-06-03,CCXI,0.0
2020-06-03,CDNS,0.0
2020-06-03,CDR,0.872
2020-06-03,CFG,0.8442
2020-06-03,CG,0.2741
2020-06-03,CGEN,0.0
2020-06-03,CGNX,0.93
2020-06-03,CHRW,0.296
2020-06-03,CHT,0.0
2020-06-03,CHTR,-0.0772
2020-06-03,CINF,0.8442
2020-06-03,CLNY,0.872
2020-06-03,CLRB,0.023424999999999994
2020-06-03,CLX,0.3818
2020-06-03,CMC,0.8442
2020-06-03,CME,0.3581
2020-06-03,CMTL,0.08375999999999999
2020-06-03,CNHI,0.872
2020-06-03,CNK,0.0
2020-06-03,COF,0.8442
2020-06-03,CONE,-0.3612
2020-06-03,CPA,0.872
2020-06-03,CPB,0.2705166666666667
2020-06-03,CPG,0.836
2020-06-03,CREE,0.93
2020-06-03,CRH,0.8442
2020-06-03,CRL,0.0
2020-06-03,CROX,0.7579
2020-06-03,CRTO,0.0
2020-06-03,CS,0.8442
2020-06-03,CSCO,0.4019
2020-06-03,CSX,0.872
2020-06-03,CTAS,0.872
2020-06-03,CTL,0.8442
2020-06-03,CTSH,0.8442
2020-06-03,CUK,0.7184
2020-06-03,CUZ,0.872
2020-06-03,CXO,0.25299999999999995
2020-06-03,CXP,0.872
2020-06-03,CZZ,0.836
2020-06-03,DAN,0.9001
2020-06-03,DB,0.8442
2020-06-03,DCI,0.0
2020-06-03,DE,0.872
2020-06-03,DECK,0.06743333333333333
2020-06-03,DENN,0.7783
2020-06-03,DFS,0.8442
2020-06-03,DGX,0.1779
2020-06-03,DHI,0.9001
2020-06-03,DIN,0.7783
2020-06-03,DISCA,0.8442
2020-06-03,DISCK,0.8442
2020-06-03,DISH,0.5700999999999999
2020-06-03,DKS,0.04159999999999999
2020-06-03,DLX,0.0
2020-06-03,DNKN,0.0
2020-06-03,DOV,0.52495
2020-06-03,DOW,0.8442
2020-06-03,DRI,0.7783
2020-06-03,DSX,-0.4767
2020-06-03,DVAX,0.0
2020-06-03,DVN,-0.1027
2020-06-03,EA,-0.016033333333333316
2020-06-03,EAT,0.32515
2020-06-03,EC,0.836
2020-06-03,ECH,-0.4019
2020-06-03,ECOM,0.0
2020-06-03,EEFT,0.0
2020-06-03,EFX,0.26037499999999997
2020-06-03,EHTH,0.0
2020-06-03,ELTK,0.0
2020-06-03,ELY,0.7845
2020-06-03,ENLC,0.836
2020-06-03,ENPH,0.93
2020-06-03,ENS,0.0
2020-06-03,ENTG,0.465
2020-06-03,EPR,0.872
2020-06-03,EQIX,0.0
2020-06-03,ERIC,0.93
2020-06-03,ERJ,0.2906666666666667
2020-06-03,EROS,0.6908
2020-06-03,ESNT,0.8442
2020-06-03,ESRT,0.872
2020-06-03,ETFC,0.8442
2020-06-03,ETN,0.872
2020-06-03,EV,0.8442
2020-06-03,EVER,0.0
2020-06-03,EWBC,0.8442
2020-06-03,EWU,-0.1661
2020-06-03,EWZ,0.3182
2020-06-03,EXPE,0.5395
2020-06-03,EXTR,0.93
2020-06-03,FAST,0.0
2020-06-03,FBP,0.8442
2020-06-03,FCAU,0.8442
2020-06-03,FCX,0.8442
2020-06-03,FDS,0.0
2020-06-03,FDX,0.2906666666666667
2020-06-03,FHN,0.8442
2020-06-03,FITB,0.8442
2020-06-03,FL,0.9001
2020-06-03,FLS,0.872
2020-06-03,FMC,0.8442
2020-06-03,FNB,0.8442
2020-06-03,FOX,0.8442
2020-06-03,FOXA,0.8442
2020-06-03,FRC,0.8442
2020-06-03,FRO,0.0
2020-06-03,FRPT,0.3818
2020-06-03,FSI,0.0
2020-06-03,FSM,0.9042
2020-06-03,FTI,0.836
2020-06-03,FTNT,0.0
2020-06-03,FUN,0.9001
2020-06-03,GD,0.872
2020-06-03,GDOT,0.0
2020-06-03,GDX,0.0
2020-06-03,GDXJ,0.0
2020-06-03,GEF,-0.07655
2020-06-03,GEL,0.836
2020-06-03,GGB,0.8442
2020-06-03,GILT,0.0
2020-06-03,GLBS,0.0
2020-06-03,GLOB,0.148
2020-06-03,GOL,0.436
2020-06-03,GOLD,0.9042
2020-06-03,GPC,0.9001
2020-06-03,GPN,0.93
2020-06-03,GRMN,0.9001
2020-06-03,GSAT,0.0
2020-06-03,GWRE,0.0
2020-06-03,H,0.7295499999999999
2020-06-03,HA,0.872
2020-06-03,HAE,0.4939
2020-06-03,HAL,0.836
2020-06-03,HALL,0.0
2020-06-03,HAS,0.7525999999999999
2020-06-03,HASI,0.872
2020-06-03,HBAN,0.8442
2020-06-03,HBI,0.9001
2020-06-03,HDB,0.8442
2020-06-03,HEI,0.872
2020-06-03,HHS,0.2732
2020-06-03,HIG,0.8442
2020-06-03,HLT,0.9001
2020-06-03,HOLX,0.243
2020-06-03,HOMB,0.8442
2020-06-03,HPP,0.872
2020-06-03,HPQ,0.8442
2020-06-03,HQY,0.05526
2020-06-03,HSBC,0.8442
2020-06-03,HT,0.872
2020-06-03,HXL,0.872
2020-06-03,HZNP,0.08895
2020-06-03,HZO,0.0
2020-06-03,IBB,-0.3182
2020-06-03,IBKR,0.0
2020-06-03,IBM,0.465
2020-06-03,IDXX,0.0
2020-06-03,IIVI,0.0
2020-06-03,INGN,0.0
2020-06-03,INO,0.068
2020-06-03,INTC,0.296
2020-06-03,IP,0.8442
2020-06-03,IPI,0.0
2020-06-03,IR,0.872
2020-06-03,IRBT,0.59805
2020-06-03,IRIX,0.0
2020-06-03,ISBC,0.8442
2020-06-03,ITUB,0.8442
2020-06-03,ITW,0.872
2020-06-03,IVZ,0.8442
2020-06-03,IWM,0.7845
2020-06-03,JCI,0.872
2020-06-03,JKS,0.8398000000000001
2020-06-03,JPM,0.8442
2020-06-03,JWN,0.7579
2020-06-03,KAR,0.872
2020-06-03,KBR,0.93
2020-06-03,KEY,0.8442
2020-06-03,KIM,0.872
2020-06-03,KLAC,0.8442
2020-06-03,KMT,0.872
2020-06-03,KRC,0.872
2020-06-03,KRG,0.2023
2020-06-03,KSS,0.9001
2020-06-03,KSU,0.872
2020-06-03,L,0.8442
2020-06-03,LADR,0.8442
2020-06-03,LAMR,0.872
2020-06-03,LDOS,0.5719
2020-06-03,LEG,0.9001
2020-06-03,LEN,0.9001
2020-06-03,LHCG,0.0
2020-06-03,LLY,-0.3182
2020-06-03,LNC,0.8442
2020-06-03,LOW,0.0
2020-06-03,LPI,0.0
2020-06-03,LRCX,0.8442
2020-06-03,LSCC,0.465
2020-06-03,LTRPA,0.0
2020-06-03,LTRX,0.0
2020-06-03,LUB,0.08895
2020-06-03,LULU,0.0
2020-06-03,LXP,0.872
2020-06-03,LYB,0.8442
2020-06-03,LYV,0.9169
2020-06-03,MAC,0.872
2020-06-03,MAR,0.7783
2020-06-03,MARA,0.465
2020-06-03,MARK,0.0
2020-06-03,MBUU,0.0
2020-06-03,MCD,0.7783
2020-06-03,MCHP,0.055675
2020-06-03,MCO,0.0
2020-06-03,MET,0.8442
2020-06-03,MFC,0.8442
2020-06-03,MGNX,0.4404
2020-06-03,MIC,0.872
2020-06-03,MIDD,0.34704999999999997
2020-06-03,MKTX,0.0
2020-06-03,MMM,0.0
2020-06-03,MMYT,0.7184
2020-06-03,MOS,0.8442
2020-06-03,MPC,0.836
2020-06-03,MPW,0.872
2020-06-03,MPWR,0.0
2020-06-03,MRK,0.0
2020-06-03,MRVL,0.2814
2020-06-03,MSI,0.93
2020-06-03,MT,0.8442
2020-06-03,MTB,0.8442
2020-06-03,MTOR,-0.05135
2020-06-03,MTSI,0.0
2020-06-03,MU,0.93
2020-06-03,MXIM,0.8442
2020-06-03,MYL,0.016860000000000007
2020-06-03,NAVB,0.4588
2020-06-03,NBL,0.3818
2020-06-03,NCMI,0.0
2020-06-03,NCR,0.8442
2020-06-03,NDAQ,0.0
2020-06-03,NDP,0.0
2020-06-03,NDSN,0.0
2020-06-03,NEM,0.9042
2020-06-03,NETE,0.258
2020-06-03,NFLX,0.25
2020-06-03,NGL,0.836
2020-06-03,NICE,0.0
2020-06-03,NLSN,0.872
2020-06-03,NMIH,0.0
2020-06-03,NNN,0.872
2020-06-03,NOW,0.93
2020-06-03,NRZ,0.8442
2020-06-03,NSC,0.872
2020-06-03,NSPR,0.11839999999999999
2020-06-03,NTAP,0.465
2020-06-03,NTES,0.0
2020-06-03,NTRS,0.8442
2020-06-03,NVCN,0.296
2020-06-03,NVS,-0.3182
2020-06-03,NWL,0.9001
2020-06-03,NXPI,0.8442
2020-06-03,NYMT,0.8442
2020-06-03,NYT,0.0
2020-06-03,O,0.872
2020-06-03,OFC,0.872
2020-06-03,OI,0.2814
2020-06-03,OIS,0.418
2020-06-03,OMC,0.8442
2020-06-03,ONB,0.8442
2020-06-03,OSUR,0.27423333333333333
2020-06-03,PACW,0.8442
2020-06-03,PBCT,0.8442
2020-06-03,PBR,0.836
2020-06-03,PE,0.17804999999999999
2020-06-03,PEIX,0.836
2020-06-03,PFE,0.0
2020-06-03,PFG,0.8442
2020-06-03,PGRE,0.872
2020-06-03,PH,0.872
2020-06-03,PKI,0.0
2020-06-03,PLAY,0.35810000000000003
2020-06-03,PLCE,0.7579
2020-06-03,PLUG,0.0
2020-06-03,PMT,0.8442
2020-06-03,PNC,0.8442
2020-06-03,PNM,0.0
2020-06-03,POWI,0.0
2020-06-03,PPC,0.3114666666666666
2020-06-03,PPG,0.8442
2020-06-03,PRTS,0.0
2020-06-03,PRU,0.8442
2020-06-03,PUK,-0.0772
2020-06-03,PXD,0.0
2020-06-03,QGEN,-0.3182
2020-06-03,QRVO,0.8442
2020-06-03,QSR,0.20854999999999999
2020-06-03,QTS,0.2023
2020-06-03,R,0.872
2020-06-03,RAIL,0.0
2020-06-03,RBS,0.8442
2020-06-03,RCL,0.0
2020-06-03,RCMT,0.26335
2020-06-03,RDN,0.8442
2020-06-03,REED,0.0258
2020-06-03,REG,0.872
2020-06-03,REGN,-0.1971333333333333
2020-06-03,RENN,0.0
2020-06-03,RF,0.8442
2020-06-03,RGA,0.0336
2020-06-03,RGR,-0.5106
2020-06-03,RGS,0.4215
2020-06-03,RH,0.0
2020-06-03,RJF,0.8442
2020-06-03,RL,0.7579
2020-06-03,RNR,0.296
2020-06-03,ROIC,0.872
2020-06-03,ROK,0.0
2020-06-03,ROL,0.0
2020-06-03,ROP,0.0
2020-06-03,RPAI,0.584
2020-06-03,RPT,0.872
2020-06-03,RRGB,0.0
2020-06-03,RSX,-0.7964
2020-06-03,RUBI,0.45005
2020-06-03,RUTH,0.9001
2020-06-03,RYAAY,0.872
2020-06-03,SAFM,0.0772
2020-06-03,SAN,0.8442
2020-06-03,SBAC,0.0
2020-06-03,SE,0.0
2020-06-03,SERV,-0.0772
2020-06-03,SGMS,0.7783
2020-06-03,SHG,0.7351
2020-06-03,SHO,0.872
2020-06-03,SHOO,0.7579
2020-06-03,SHW,0.0
2020-06-03,SID,0.8442
2020-06-03,SIRI,0.8442
2020-06-03,SIX,0.7783
2020-06-03,SKT,0.872
2020-06-03,SKYW,0.872
2020-06-03,SLB,0.836
2020-06-03,SMRT,0.0
2020-06-03,SNPS,0.0
2020-06-03,SNV,0.2814
2020-06-03,SNX,0.3612
2020-06-03,SNY,0.0
2020-06-03,SOL,0.2732
2020-06-03,SPLK,0.0
2020-06-03,ST,0.872
2020-06-03,STAR,0.872
2020-06-03,STAY,0.7783
2020-06-03,STL,0.8442
2020-06-03,STM,0.8442
2020-06-03,STOR,0.872
2020-06-03,STRT,0.0
2020-06-03,STWD,0.8442
2020-06-03,SU,0.836
2020-06-03,SWK,0.872
2020-06-03,SYY,0.9201
2020-06-03,TAP,0.9201
2020-06-03,TD,0.8442
2020-06-03,TEL,0.4264
2020-06-03,TENX,-0.05303333333333333
2020-06-03,TEVA,-0.107925
2020-06-03,TGT,0.7579
2020-06-03,THG,-0.3612
2020-06-03,TLYS,-0.0903
2020-06-03,TMHC,0.9001
2020-06-03,TMO,0.08895
2020-06-03,TOL,0.9001
2020-06-03,TOT,0.836
2020-06-03,TOUR,0.7184
2020-06-03,TPH,0.45005
2020-06-03,TRGP,0.836
2020-06-03,TRIL,-0.3182
2020-06-03,TRIP,0.7184
2020-06-03,TROW,0.8442
2020-06-03,TRV,0.8442
2020-06-03,TS,0.836
2020-06-03,TTM,0.0
2020-06-03,TTOO,0.296
2020-06-03,TTP,0.0
2020-06-03,TUES,-0.10115
2020-06-03,TWO,0.8442
2020-06-03,TXN,0.4221
2020-06-03,TXRH,0.9001
2020-06-03,TXT,0.872
2020-06-03,UA,0.7579
2020-06-03,UBS,0.5700999999999999
2020-06-03,UBSI,0.8442
2020-06-03,UCBI,0.7351
2020-06-03,UDR,0.872
2020-06-03,ULTA,0.7579
2020-06-03,UMC,0.2814
2020-06-03,UNH,0.0
2020-06-03,UNM,0.8442
2020-06-03,UNP,0.872
2020-06-03,UPS,0.872
2020-06-03,URBN,0.7579
2020-06-03,URI,0.872
2020-06-03,USAK,0.0
2020-06-03,USB,0.8442
2020-06-03,VALE,0.4221
2020-06-03,VLRS,0.872
2020-06-03,VLY,0.8442
2020-06-03,VMC,0.8442
2020-06-03,VNO,0.872
2020-06-03,VRA,-0.07224
2020-06-03,VRSK,0.0
2020-06-03,VSLR,0.872
2020-06-03,VTR,0.872
2020-06-03,W,0.0
2020-06-03,WAL,0.8442
2020-06-03,WBS,0.8442
2020-06-03,WCC,0.872
2020-06-03,WDC,0.8442
2020-06-03,WGO,0.5574
2020-06-03,WNC,0.0
2020-06-03,WPC,0.872
2020-06-03,WSM,0.0
2020-06-03,WU,0.0
2020-06-03,WWW,0.0
2020-06-03,XBI,-0.3182
2020-06-03,XEC,-0.1027
2020-06-03,XENE,0.0
2020-06-03,XME,0.0
2020-06-03,XRX,0.93
2020-06-03,XXII,0.0
2020-06-03,XYL,0.2906666666666667
2020-06-03,YRCW,0.872
2020-06-03,YUM,0.7783
2020-06-03,ZBRA,0.0
2020-06-03,ZION,0.8442
2020-06-03,ZNGA,-0.296
2020-06-04,AA,0.8442
2020-06-04,AAN,0.2997
2020-06-04,ABBV,0.0
2020-06-04,ACRX,0.5574
2020-06-04,ACTG,0.0
2020-06-04,ADBE,0.0
2020-06-04,ADMS,0.4588
2020-06-04,ADSK,0.0423
2020-06-04,AEG,0.0
2020-06-04,AEO,0.10414285714285713
2020-06-04,AEZS,0.5574
2020-06-04,AHT,0.8192
2020-06-04,AIG,0.8567
2020-06-04,AIN,0.0
2020-06-04,AINC,0.0
2020-06-04,AIR,0.0
2020-06-04,AKAM,0.0
2020-06-04,ALDX,0.6134999999999999
2020-06-04,ALGT,0.0
2020-06-04,AMGN,0.0
2020-06-04,AMRS,0.0
2020-06-04,AMTD,0.2009285714285714
2020-06-04,AMX,0.0
2020-06-04,ANH,0.5994
2020-06-04,ARCB,0.0
2020-06-04,ARI,0.8567
2020-06-04,ARNA,0.01535000000000003
2020-06-04,ARR,0.8567
2020-06-04,ARTW,0.0
2020-06-04,ASGN,0.0
2020-06-04,ASML,0.0
2020-06-04,ASR,0.0
2020-06-04,ATNM,0.09866666666666667
2020-06-04,ATRO,0.0
2020-06-04,ATSG,0.08808
2020-06-04,ATVI,0.24835000000000002
2020-06-04,AVAV,0.0
2020-06-04,AXP,0.0
2020-06-04,BABA,0.0
2020-06-04,BAC,0.80365
2020-06-04,BBY,0.25
2020-06-04,BGCP,0.8567
2020-06-04,BGFV,0.0
2020-06-04,BHE,0.0
2020-06-04,BIDU,0.0
2020-06-04,BIIB,0.0
2020-06-04,BIOL,0.0258
2020-06-04,BMRN,0.2787
2020-06-04,BMY,0.0
2020-06-04,BP,0.0
2020-06-04,BRC,0.1779
2020-06-04,BSBR,0.8567
2020-06-04,BTE,0.0
2020-06-04,BTU,0.7672
2020-06-04,BURL,0.25
2020-06-04,BYD,0.0
2020-06-04,C,0.80365
2020-06-04,CACI,0.4019
2020-06-04,CAKE,-0.1096
2020-06-04,CANF,0.0
2020-06-04,CAR,0.296
2020-06-04,CCC,0.41135
2020-06-04,CCLP,0.2732
2020-06-04,CDR,0.4096
2020-06-04,CECE,-0.128
2020-06-04,CEQP,0.7672
2020-06-04,CFG,0.8567
2020-06-04,CHGG,0.4144
2020-06-04,CIEN,0.197475
2020-06-04,CLIR,0.0
2020-06-04,CLNY,0.8192
2020-06-04,CLRB,0.2787
2020-06-04,CMA,0.18225
2020-06-04,CMD,-0.12040000000000001
2020-06-04,CMG,0.296
2020-06-04,CMTL,0.0
2020-06-04,CNK,0.28636666666666666
2020-06-04,COF,0.8567
2020-06-04,COO,-0.1806
2020-06-04,CPB,0.042666666666666665
2020-06-04,CPIX,0.5574
2020-06-04,CRS,0.3818
2020-06-04,CRTO,0.0
2020-06-04,CUK,0.8415
2020-06-04,DB,0.8567
2020-06-04,DBD,0.8442
2020-06-04,DENN,0.8415
2020-06-04,DG,-0.3612
2020-06-04,DHI,0.25
2020-06-04,DKS,0.0
2020-06-04,DLNG,0.0
2020-06-04,DLTR,0.0
2020-06-04,DLX,0.0
2020-06-04,DNKN,0.0
2020-06-04,DOV,0.2023
2020-06-04,DRAD,0.0
2020-06-04,DRD,0.0
2020-06-04,DXCM,0.7506
2020-06-04,EA,0.0
2020-06-04,EFX,0.0
2020-06-04,ELY,0.24695
2020-06-04,ENBL,0.7672
2020-06-04,ENPH,0.22555
2020-06-04,EPR,0.8192
2020-06-04,EROS,0.0
2020-06-04,ESI,0.1779
2020-06-04,ESPR,-0.25
2020-06-04,ETFC,0.8567
2020-06-04,EVR,0.3182
2020-06-04,EW,0.0
2020-06-04,EWJ,-0.1366
2020-06-04,EWU,0.4588
2020-06-04,EXR,0.0
2020-06-04,FAST,0.0
2020-06-04,FCAU,0.20095
2020-06-04,FDS,0.0
2020-06-04,FDX,0.1779
2020-06-04,FIS,0.4939
2020-06-04,FISV,0.4939
2020-06-04,FITB,0.675
2020-06-04,FIVN,0.4939
2020-06-04,FLEX,0.0
2020-06-04,FLS,-0.128
2020-06-04,FNF,0.8567
2020-06-04,FORM,0.0
2020-06-04,FRAN,0.0
2020-06-04,FSI,0.0
2020-06-04,FSM,0.8442
2020-06-04,FTNT,0.4939
2020-06-04,GD,0.44655
2020-06-04,GERN,0.6369
2020-06-04,GFI,0.0
2020-06-04,GIII,-0.01630000000000001
2020-06-04,GILT,0.0
2020-06-04,GLBS,0.296
2020-06-04,GLUU,0.3729
2020-06-04,GOL,0.0
2020-06-04,GOOG,0.0
2020-06-04,GOOGL,0.0
2020-06-04,GPN,0.4939
2020-06-04,GRVY,0.4767
2020-06-04,GWRE,0.18200000000000002
2020-06-04,HA,0.8176
2020-06-04,HALL,0.0
2020-06-04,HALO,0.0
2020-06-04,HBAN,0.5994
2020-06-04,HDB,0.0
2020-06-04,HIG,0.8567
2020-06-04,HLX,0.7672
2020-06-04,HMY,0.0
2020-06-04,HOV,-0.10206666666666668
2020-06-04,HP,0.296
2020-06-04,HQY,0.0
2020-06-04,HRTX,0.0258
2020-06-04,HSBC,0.296
2020-06-04,HT,0.8192
2020-06-04,HTBX,0.0
2020-06-04,IBB,0.5574
2020-06-04,IBIO,0.09866666666666667
2020-06-04,IBKR,0.0
2020-06-04,IBN,0.0
2020-06-04,ICE,-0.128
2020-06-04,IDT,0.0
2020-06-04,IDXX,0.0
2020-06-04,IEC,0.0
2020-06-04,INDA,0.0
2020-06-04,INN,0.8192
2020-06-04,INO,0.09866666666666667
2020-06-04,INTU,0.4939
2020-06-04,INUV,0.17556666666666665
2020-06-04,IPI,0.0
2020-06-04,IPO,-0.2263
2020-06-04,IRIX,0.0
2020-06-04,ITUB,0.8567
2020-06-04,IWM,-0.296
2020-06-04,JD,0.0
2020-06-04,JKS,0.19765
2020-06-04,JPM,0.7506
2020-06-04,JWN,0.5994
2020-06-04,KBH,0.25
2020-06-04,KEY,0.8176
2020-06-04,KEYS,0.4939
2020-06-04,KGC,0.0
2020-06-04,KIRK,-0.038275
2020-06-04,KLAC,0.0
2020-06-04,KOPN,0.8442
2020-06-04,KOS,0.7672
2020-06-04,KR,0.0
2020-06-04,KSS,0.5994
2020-06-04,LEN,0.25
2020-06-04,LNC,0.8567
2020-06-04,LOV,0.0
2020-06-04,LOW,0.25
2020-06-04,LPI,0.0
2020-06-04,LPSN,0.4939
2020-06-04,LSCC,0.0
2020-06-04,LTM,0.0
2020-06-04,LUB,0.13665000000000002
2020-06-04,LVS,0.148
2020-06-04,LZB,0.0
2020-06-04,MAC,0.3405
2020-06-04,MAR,0.8415
2020-06-04,MARA,0.8442
2020-06-04,MARK,0.0
2020-06-04,MCHP,0.0
2020-06-04,MDT,0.5859
2020-06-04,MET,0.8567
2020-06-04,MFA,0.1405
2020-06-04,MIK,-0.3612
2020-06-04,MMM,0.0
2020-06-04,MNST,0.148
2020-06-04,MPWR,0.0
2020-06-04,MRK,0.4689
2020-06-04,MRVL,0.0
2020-06-04,MT,0.296
2020-06-04,MTB,0.8567
2020-06-04,MTN,-0.11315
2020-06-04,MU,0.5921
2020-06-04,MX,0.4939
2020-06-04,MYGN,-0.6597
2020-06-04,MYL,0.0
2020-06-04,MYOS,0.0
2020-06-04,NAK,0.296
2020-06-04,NAV,-0.0044399999999999995
2020-06-04,NETE,0.0
2020-06-04,NFLX,-0.020899999999999974
2020-06-04,NGL,0.2732
2020-06-04,NICE,0.5473
2020-06-04,NICK,0.0
2020-06-04,NKTR,0.0
2020-06-04,NM,0.0
2020-06-04,NMIH,0.205675
2020-06-04,NOW,0.16463333333333333
2020-06-04,NR,0.7672
2020-06-04,NRZ,0.8567
2020-06-04,NSPR,0.0
2020-06-04,NVO,-0.3182
2020-06-04,NVRO,0.0
2020-06-04,NVS,0.6588499999999999
2020-06-04,NXPI,0.2023
2020-06-04,NYMT,0.5994
2020-06-04,OCN,0.8567
2020-06-04,OESX,0.056833333333333326
2020-06-04,OI,0.0
2020-06-04,OIS,0.7672
2020-06-04,OKE,0.0
2020-06-04,ORCL,0.0
2020-06-04,OSUR,0.296
2020-06-04,PANW,0.4939
2020-06-04,PBPB,0.6908
2020-06-04,PDS,0.7672
2020-06-04,PEI,0.8192
2020-06-04,PENN,0.42075
2020-06-04,PFBC,-0.3612
2020-06-04,PFE,0.3804
2020-06-04,PFG,0.8567
2020-06-04,PII,0.8519
2020-06-04,PLAY,0.2805
2020-06-04,PLUG,0.022466666666666673
2020-06-04,PMT,0.8567
2020-06-04,PPC,0.2991333333333333
2020-06-04,PTEN,0.7672
2020-06-04,PXD,0.7672
2020-06-04,PZN,0.0
2020-06-04,QGEN,0.5574
2020-06-04,R,0.1027
2020-06-04,RES,0.7672
2020-06-04,RF,0.80365
2020-06-04,RH,0.0
2020-06-04,RLGY,0.8192
2020-06-04,RLJ,0.8192
2020-06-04,RNR,-0.128
2020-06-04,ROL,0.4388666666666667
2020-06-04,ROP,0.0
2020-06-04,ROSE,0.5202
2020-06-04,RSX,0.4404
2020-06-04,RUBI,0.0
2020-06-04,RUTH,0.0
2020-06-04,RWLK,0.2732
2020-06-04,RWT,0.5994
2020-06-04,SABR,0.0
2020-06-04,SAEX,0.2732
2020-06-04,SAIC,-0.07543333333333334
2020-06-04,SCHW,0.23441666666666663
2020-06-04,SDRL,-0.2023
2020-06-04,SE,0.0
2020-06-04,SEAS,0.31389999999999996
2020-06-04,SFUN,-0.3182
2020-06-04,SHIP,0.5169333333333334
2020-06-04,SHLX,0.0
2020-06-04,SIRI,0.0
2020-06-04,SJM,0.06325
2020-06-04,SKT,0.255375
2020-06-04,SLB,0.7672
2020-06-04,SLCA,0.7672
2020-06-04,SNPS,0.4767
2020-06-04,SNV,0.8567
2020-06-04,SPG,0.8192
2020-06-04,SPLK,0.4939
2020-06-04,SPNS,-0.296
2020-06-04,SPR,0.08895
2020-06-04,SPWH,0.0
2020-06-04,SQBG,0.0
2020-06-04,SRLP,0.44905
2020-06-04,SSL,0.5587
2020-06-04,STAA,0.0
2020-06-04,STNG,0.10115
2020-06-04,SWK,0.26776666666666665
2020-06-04,SYKE,0.10115
2020-06-04,TAL,0.0
2020-06-04,TBIO,0.0
2020-06-04,TCBK,0.0
2020-06-04,TCO,0.10115
2020-06-04,TENX,0.0
2020-06-04,TLYS,0.148
2020-06-04,TOPS,0.7125
2020-06-04,TRGP,0.152075
2020-06-04,TROX,0.8442
2020-06-04,TRXC,0.296
2020-06-04,TSN,0.24914999999999998
2020-06-04,TTC,-0.0903
2020-06-04,TUES,0.34435000000000004
2020-06-04,TWMC,0.0
2020-06-04,UHT,0.5106
2020-06-04,UNG,0.3612
2020-06-04,UPS,0.1779
2020-06-04,URI,0.4215
2020-06-04,USB,0.36435
2020-06-04,UTHR,0.5574
2020-06-04,VBLT,0.3182
2020-06-04,VMI,-0.296
2020-06-04,VRML,0.0
2020-06-04,VRSK,0.4939
2020-06-04,VZ,0.0
2020-06-04,W,0.46025
2020-06-04,WAL,0.8567
2020-06-04,WBA,-0.128
2020-06-04,WBS,0.8567
2020-06-04,WDAY,0.4939
2020-06-04,WGO,0.0
2020-06-04,WLK,0.17556666666666665
2020-06-04,WMC,0.5994
2020-06-04,WNC,0.0
2020-06-04,WOR,0.5859
2020-06-04,WPG,0.0
2020-06-04,WPRT,0.1366
2020-06-04,WSM,0.0
2020-06-04,WTFC,0.2553
2020-06-04,WWW,-0.3612
2020-06-04,WYNN,0.2805
2020-06-04,XBI,0.5574
2020-06-04,ZUMZ,-0.08385000000000001
2020-06-05,A,0.0
2020-06-05,AA,0.0
2020-06-05,AAN,0.8834
2020-06-05,AAWW,0.0
2020-06-05,ABC,0.0
2020-06-05,ABMD,0.4767
2020-06-05,ABR,0.9337
2020-06-05,ACC,0.8402
2020-06-05,ACGL,0.8402
2020-06-05,ACN,0.6705
2020-06-05,ACTG,0.11987999999999999
2020-06-05,ADI,0.33525
2020-06-05,ADM,0.8402
2020-06-05,ADMS,0.15293333333333334
2020-06-05,ADP,0.6705
2020-06-05,ADS,0.6705
2020-06-05,ADSK,0.447
2020-06-05,AEE,-0.128
2020-06-05,AEG,0.8402
2020-06-05,AEO,0.8834
2020-06-05,AER,0.8957
2020-06-05,AES,0.8402
2020-06-05,AFH,0.0
2020-06-05,AFL,0.8402
2020-06-05,AGO,0.8402
2020-06-05,AHC,0.0
2020-06-05,AHT,0.8402
2020-06-05,AIG,0.8402
2020-06-05,AINC,0.0
2020-06-05,AIV,0.8869499999999999
2020-06-05,AKR,0.8402
2020-06-05,AL,0.8957
2020-06-05,ALGT,-0.02200000000000002
2020-06-05,ALK,-0.34
2020-06-05,ALL,0.8402
2020-06-05,ALLY,0.8402
2020-06-05,ALTR,0.0
2020-06-05,AMAT,0.6705
2020-06-05,AMC,0.5897
2020-06-05,AME,0.8957
2020-06-05,AMKR,0.6705
2020-06-05,AMP,0.8402
2020-06-05,AMRS,0.0
2020-06-05,AMSWA,0.0
2020-06-05,AMTD,0.6486
2020-06-05,AMX,0.8402
2020-06-05,AN,0.8834
2020-06-05,ANH,0.9337
2020-06-05,ANTM,0.10115
2020-06-05,APH,0.6705
2020-06-05,APO,0.4201
2020-06-05,ARE,0.8869499999999999
2020-06-05,ARI,0.8402
2020-06-05,ARMK,0.8402
2020-06-05,ARR,0.9337
2020-06-05,ASB,0.8402
2020-06-05,ASML,0.33525
2020-06-05,ASTE,0.0
2020-06-05,ATI,0.9118
2020-06-05,ATNM,0.0
2020-06-05,ATRO,0.0
2020-06-05,ATSG,0.0
2020-06-05,ATVI,-0.2732
2020-06-05,AU,0.8225
2020-06-05,AUDC,0.5267
2020-06-05,AUPH,0.0
2020-06-05,AVAV,0.0
2020-06-05,AVB,0.8402
2020-06-05,AVGO,-0.08751111111111112
2020-06-05,AWK,0.0
2020-06-05,AXAS,0.9062
2020-06-05,AXP,0.35609999999999997
2020-06-05,BAC,0.8402
2020-06-05,BAM,0.8402
2020-06-05,BAR,0.0
2020-06-05,BBD,0.4201
2020-06-05,BBL,0.9118
2020-06-05,BBRY,0.6705
2020-06-05,BBVA,0.5680999999999999
2020-06-05,BC,0.0
2020-06-05,BEN,0.8402
2020-06-05,BG,0.4201
2020-06-05,BGCP,0.8402
2020-06-05,BGFV,0.0
2020-06-05,BGG,0.8957
2020-06-05,BHP,0.9118
2020-06-05,BIDU,0.8402
2020-06-05,BK,0.8402
2020-06-05,BKU,0.8402
2020-06-05,BLDR,0.36600000000000005
2020-06-05,BLIN,0.3182
2020-06-05,BMO,0.8402
2020-06-05,BMRN,0.4588
2020-06-05,BNS,0.8402
2020-06-05,BP,0.9062
2020-06-05,BPOP,0.8402
2020-06-05,BRK.A,0.0
2020-06-05,BRK.B,0.0
2020-06-05,BRX,0.35609999999999997
2020-06-05,BSBR,0.8402
2020-06-05,BST,0.0
2020-06-05,BTE,0.9062
2020-06-05,BTU,0.9062
2020-06-05,BUD,0.433
2020-06-05,BWA,0.8402
2020-06-05,BXP,0.8402
2020-06-05,BYD,0.8402
2020-06-05,C,0.8402
2020-06-05,CAKE,-0.128
2020-06-05,CALX,0.0
2020-06-05,CAR,0.8957
2020-06-05,CAT,0.8957
2020-06-05,CCO,0.8402
2020-06-05,CEA,0.296
2020-06-05,CECE,0.0
2020-06-05,CENX,0.9118
2020-06-05,CEVA,0.0
2020-06-05,CFG,0.8402
2020-06-05,CFX,0.8957
2020-06-05,CG,0.8402
2020-06-05,CGEN,0.0
2020-06-05,CHEF,0.433
2020-06-05,CHGG,0.0
2020-06-05,CHRW,0.0
2020-06-05,CHT,0.0
2020-06-05,CI,-0.128
2020-06-05,CIDM,0.0
2020-06-05,CIEN,-0.010866666666666672
2020-06-05,CINF,0.8402
2020-06-05,CJJD,0.8402
2020-06-05,CLB,0.9062
2020-06-05,CLF,0.9118
2020-06-05,CLI,0.0
2020-06-05,CLR,0.9062
2020-06-05,CLW,0.0
2020-06-05,CMA,0.8402
2020-06-05,CMC,0.9118
2020-06-05,CMCSA,0.6780999999999999
2020-06-05,CME,0.8402
2020-06-05,CMI,0.8957
2020-06-05,CMTL,0.0
2020-06-05,CNHI,0.59585
2020-06-05,CNI,0.8957
2020-06-05,CNK,0.8402
2020-06-05,CNO,0.8402
2020-06-05,CNQ,0.9062
2020-06-05,CNTY,0.5859
2020-06-05,COF,0.8402
2020-06-05,COMM,0.6705
2020-06-05,COO,-0.042666666666666665
2020-06-05,COP,0.9062
2020-06-05,CPA,0.296
2020-06-05,CPG,0.9062
2020-06-05,CPS,0.0
2020-06-05,CRH,0.9118
2020-06-05,CROX,0.8834
2020-06-05,CS,0.8402
2020-06-05,CSCO,0.6705
2020-06-05,CSX,0.8957
2020-06-05,CTAS,0.8957
2020-06-05,CTL,0.8402
2020-06-05,CTSH,0.6705
2020-06-05,CUK,0.8402
2020-06-05,CUZ,0.8402
2020-06-05,CVE,0.9062
2020-06-05,CX,0.9118
2020-06-05,CXO,0.9062
2020-06-05,CXW,0.5912999999999999
2020-06-05,CZZ,0.9062
2020-06-05,DAN,0.8402
2020-06-05,DAR,0.8402
2020-06-05,DB,0.8402
2020-06-05,DBVT,0.0
2020-06-05,DCI,-0.19733333333333333
2020-06-05,DE,0.8957
2020-06-05,DECK,0.0
2020-06-05,DFS,0.8402
2020-06-05,DHR,0.0
2020-06-05,DIA,0.25943333333333335
2020-06-05,DIN,0.8402
2020-06-05,DIS,0.15966666666666665
2020-06-05,DISCA,0.8402
2020-06-05,DISCK,0.8402
2020-06-05,DISH,0.8402
2020-06-05,DK,0.9062
2020-06-05,DKS,0.8834
2020-06-05,DLNG,0.0
2020-06-05,DNOW,0.8957
2020-06-05,DNR,0.9062
2020-06-05,DOV,0.8957
2020-06-05,DOW,0.9118
2020-06-05,DQ,0.0
2020-06-05,DRI,0.8402
2020-06-05,DSX,-0.4767
2020-06-05,DTE,0.59055
2020-06-05,DVN,0.9062
2020-06-05,EA,0.296
2020-06-05,EBAY,0.0
2020-06-05,EBIX,0.34
2020-06-05,EBR,0.8402
2020-06-05,EC,0.9062
2020-06-05,EFC,0.8402
2020-06-05,EFOI,0.0
2020-06-05,EFX,0.0
2020-06-05,EIGI,0.6705
2020-06-05,ELS,0.8402
2020-06-05,EMN,0.9118
2020-06-05,EMR,0.8957
2020-06-05,ENB,0.9062
2020-06-05,ENBL,0.9062
2020-06-05,ENLC,0.9062
2020-06-05,ENPH,0.6705
2020-06-05,ENT,0.0
2020-06-05,ENTG,0.0
2020-06-05,EOG,0.9062
2020-06-05,EPR,0.8402
2020-06-05,EQM,0.9062
2020-06-05,ERF,0.9062
2020-06-05,ERJ,0.8957
2020-06-05,ESEA,0.0
2020-06-05,ESI,0.9118
2020-06-05,ESNT,0.8402
2020-06-05,ESRT,0.8402
2020-06-05,ETFC,0.8402
2020-06-05,ETM,0.8402
2020-06-05,ETN,0.8957
2020-06-05,ETR,0.30483333333333335
2020-06-05,EW,-0.2023
2020-06-05,EWBC,0.8402
2020-06-05,EWJ,0.3182
2020-06-05,EWU,-0.0254
2020-06-05,EXPE,0.0
2020-06-05,EXR,0.8869499999999999
2020-06-05,EXTR,0.33525
2020-06-05,F,-0.296
2020-06-05,FANG,0.9062
2020-06-05,FBHS,0.8957
2020-06-05,FBP,0.8402
2020-06-05,FCAU,0.2721
2020-06-05,FCEL,0.8957
2020-06-05,FCX,0.9118
2020-06-05,FDS,0.0
2020-06-05,FDX,0.8957
2020-06-05,FE,0.0
2020-06-05,FET,0.9062
2020-06-05,FF,0.0
2020-06-05,FHN,0.8402
2020-06-05,FIS,0.6705
2020-06-05,FISV,0.6705
2020-06-05,FITB,0.8402
2020-06-05,FL,0.8834
2020-06-05,FLEX,0.6705
2020-06-05,FLR,0.8957
2020-06-05,FLS,0.8957
2020-06-05,FLT,0.6705
2020-06-05,FMC,0.9118
2020-06-05,FMS,0.0
2020-06-05,FNB,0.8402
2020-06-05,FNF,0.8402
2020-06-05,FNV,0.8225
2020-06-05,FORTY,0.0
2020-06-05,FOSL,0.8834
2020-06-05,FOX,0.8402
2020-06-05,FOXA,0.8402
2020-06-05,FOXF,0.0
2020-06-05,FRC,0.4201
2020-06-05,FSM,0.0
2020-06-05,FTI,0.9062
2020-06-05,FULT,0.8402
2020-06-05,FUN,0.8402
2020-06-05,GCI,0.8402
2020-06-05,GD,0.8957
2020-06-05,GEF,-0.128
2020-06-05,GEL,0.9062
2020-06-05,GFI,0.8225
2020-06-05,GIII,0.29446666666666665
2020-06-05,GIL,0.8834
2020-06-05,GILT,0.0
2020-06-05,GLBS,0.8957
2020-06-05,GLD,0.0
2020-06-05,GLNG,0.9062
2020-06-05,GLOG,0.9062
2020-06-05,GM,0.3818
2020-06-05,GOL,0.296
2020-06-05,GOLD,0.8225
2020-06-05,GOOG,-0.4110333333333333
2020-06-05,GOOGL,-0.4110333333333333
2020-06-05,GPN,0.6705
2020-06-05,GPS,0.0
2020-06-05,GVP,-0.3818
2020-06-05,H,0.4201
2020-06-05,HA,0.296
2020-06-05,HAL,0.9062
2020-06-05,HALL,0.0
2020-06-05,HAS,0.8834
2020-06-05,HBAN,0.8402
2020-06-05,HBI,0.8834
2020-06-05,HCC,0.9118
2020-06-05,HD,0.0
2020-06-05,HDB,0.8402
2020-06-05,HEI,0.0
2020-06-05,HFC,0.9062
2020-06-05,HIG,0.8402
2020-06-05,HIW,0.8402
2020-06-05,HL,0.0
2020-06-05,HLT,0.8402
2020-06-05,HLX,0.9062
2020-06-05,HMC,0.8402
2020-06-05,HMY,0.0
2020-06-05,HOMB,0.8402
2020-06-05,HOV,0.0
2020-06-05,HP,0.9062
2020-06-05,HPP,0.8402
2020-06-05,HPQ,0.6705
2020-06-05,HSBC,0.4201
2020-06-05,HT,0.28006666666666663
2020-06-05,HTBX,0.8553
2020-06-05,HUM,0.10115
2020-06-05,HXL,0.1661
2020-06-05,IAU,0.0
2020-06-05,IBB,0.4588
2020-06-05,IBIO,0.0
2020-06-05,IBM,0.6705
2020-06-05,IBN,0.8402
2020-06-05,ICD,0.9062
2020-06-05,ICPT,0.10115
2020-06-05,IEC,0.0
2020-06-05,IGT,0.8402
2020-06-05,IIVI,0.0
2020-06-05,INN,0.8402
2020-06-05,INO,0.7003
2020-06-05,INTC,0.6705
2020-06-05,INTL,0.0
2020-06-05,IO,0.9062
2020-06-05,IP,0.9118
2020-06-05,IPG,0.8402
2020-06-05,IPGP,0.0
2020-06-05,IR,0.8957
2020-06-05,ISBC,0.8402
2020-06-05,ITUB,0.8402
2020-06-05,ITW,0.8957
2020-06-05,IVR,0.0
2020-06-05,IVZ,0.8402
2020-06-05,IWM,0.7783
2020-06-05,JBL,0.6705
2020-06-05,JCI,0.8957
2020-06-05,JCP,0.0
2020-06-05,JD,0.0
2020-06-05,JKS,0.33525
2020-06-05,JPM,0.8402
2020-06-05,JWN,0.8834
2020-06-05,KAR,0.8957
2020-06-05,KBR,0.6705
2020-06-05,KEY,0.8402
2020-06-05,KIM,0.8402
2020-06-05,KKR,0.8402
2020-06-05,KLAC,0.33525
2020-06-05,KMI,0.9062
2020-06-05,KMT,0.8957
2020-06-05,KMX,0.8834
2020-06-05,KNDI,0.074
2020-06-05,KOS,0.9062
2020-06-05,KRC,0.8402
2020-06-05,KSS,0.8834
2020-06-05,KSU,0.8957
2020-06-05,KYN,0.9062
2020-06-05,L,0.8402
2020-06-05,LADR,0.9337
2020-06-05,LAMR,0.8402
2020-06-05,LEG,0.8834
2020-06-05,LGND,0.0
2020-06-05,LLY,0.4767
2020-06-05,LMT,0.8957
2020-06-05,LNC,0.8402
2020-06-05,LPI,0.25
2020-06-05,LPLA,0.8402
2020-06-05,LPX,0.9118
2020-06-05,LRCX,0.6705
2020-06-05,LSCC,0.0
2020-06-05,LTM,0.296
2020-06-05,LTRPA,0.4201
2020-06-05,LUB,0.0
2020-06-05,LVS,0.23739999999999997
2020-06-05,LXU,0.0
2020-06-05,LYB,0.9118
2020-06-05,LYV,0.8402
2020-06-05,LZB,0.0
2020-06-05,MA,0.385825
2020-06-05,MAC,0.4201
2020-06-05,MAIN,0.8402
2020-06-05,MAN,0.0
2020-06-05,MAR,0.28006666666666663
2020-06-05,MARK,0.148
2020-06-05,MBUU,0.0
2020-06-05,MCD,0.4201
2020-06-05,MCF,0.2732
2020-06-05,MCHP,0.6705
2020-06-05,MD,0.4144
2020-06-05,MDC,0.10115
2020-06-05,MDP,0.8402
2020-06-05,MDT,0.0
2020-06-05,MERC,0.03715
2020-06-05,MET,0.8402
2020-06-05,MFA,0.3112333333333333
2020-06-05,MFC,0.8402
2020-06-05,MFG,0.8402
2020-06-05,MGA,0.8402
2020-06-05,MGNX,-0.27423333333333333
2020-06-05,MIC,0.5728500000000001
2020-06-05,MIDD,0.8957
2020-06-05,MMM,0.44785
2020-06-05,MO,0.8402
2020-06-05,MPC,0.9062
2020-06-05,MPLX,0.9062
2020-06-05,MPW,0.8869499999999999
2020-06-05,MPWR,0.0
2020-06-05,MRC,0.8957
2020-06-05,MRK,0.44015
2020-06-05,MRO,0.9062
2020-06-05,MS,0.6111666666666666
2020-06-05,MSI,0.6705
2020-06-05,MT,0.9118
2020-06-05,MTB,0.8402
2020-06-05,MTBC,0.0
2020-06-05,MTDR,0.9062
2020-06-05,MTG,0.8402
2020-06-05,MTH,0.10115
2020-06-05,MTN,-0.1806
2020-06-05,MTSI,0.0
2020-06-05,MU,0.6705
2020-06-05,MXIM,0.6705
2020-06-05,MYL,0.2023
2020-06-05,NAV,0.14966
2020-06-05,NAVI,0.8402
2020-06-05,NBL,0.9062
2020-06-05,NBR,0.0
2020-06-05,NCMI,0.8402
2020-06-05,NCR,0.6705
2020-06-05,NDP,0.0
2020-06-05,NDSN,0.0
2020-06-05,NEE,0.2732
2020-06-05,NEM,0.8225
2020-06-05,NERV,0.296
2020-06-05,NGL,0.9062
2020-06-05,NLY,0.9337
2020-06-05,NMIH,0.8402
2020-06-05,NNN,0.8402
2020-06-05,NOC,0.8957
2020-06-05,NOK,0.6705
2020-06-05,NOV,0.9062
2020-06-05,NPTN,0.6705
2020-06-05,NR,0.9062
2020-06-05,NRZ,0.8402
2020-06-05,NS,0.9062
2020-06-05,NSC,0.8957
2020-06-05,NTAP,0.6705
2020-06-05,NTG,0.0
2020-06-05,NTRS,0.8402
2020-06-05,NUVA,0.25
2020-06-05,NVAX,0.2260142857142857
2020-06-05,NVS,0.38849999999999996
2020-06-05,NWL,0.8834
2020-06-05,NXPI,0.33525
2020-06-05,NYMT,0.3112333333333333
2020-06-05,NYT,0.0
2020-06-05,OAS,0.296
2020-06-05,OC,0.5728500000000001
2020-06-05,OCN,0.8402
2020-06-05,ODP,0.0
2020-06-05,OI,0.9118
2020-06-05,OIS,0.9062
2020-06-05,OKE,0.9062
2020-06-05,OLN,0.9118
2020-06-05,OMAB,0.0
2020-06-05,OMC,0.8402
2020-06-05,ONB,0.8402
2020-06-05,ORI,0.8402
2020-06-05,OXFD,0.4588
2020-06-05,PAAS,0.8225
2020-06-05,PACW,0.8402
2020-06-05,PAYC,0.6705
2020-06-05,PAYX,0.6705
2020-06-05,PBA,0.9062
2020-06-05,PBCT,0.8402
2020-06-05,PBF,0.9062
2020-06-05,PBR,0.9062
2020-06-05,PDCE,0.9062
2020-06-05,PDS,0.9062
2020-06-05,PE,0.5897
2020-06-05,PEG,0.4201
2020-06-05,PEI,0.8402
2020-06-05,PENN,0.0
2020-06-05,PFG,0.8402
2020-06-05,PG,0.0
2020-06-05,PGRE,0.8402
2020-06-05,PH,0.8957
2020-06-05,PHM,0.8834
2020-06-05,PKI,0.0
2020-06-05,PLAY,0.4417
2020-06-05,PLCE,0.8834
2020-06-05,PLT,0.6705
2020-06-05,PLUG,0.0
2020-06-05,PMT,0.8402
2020-06-05,PNC,0.8402
2020-06-05,PNM,0.0
2020-06-05,PNR,0.0
2020-06-05,PODD,0.0
2020-06-05,POL,0.9118
2020-06-05,POWI,0.0
2020-06-05,PPG,0.9118
2020-06-05,PRU,0.8402
2020-06-05,PTC,0.33525
2020-06-05,PTEN,0.9062
2020-06-05,PUK,0.0
2020-06-05,PXD,0.9062
2020-06-05,QCOM,0.25734999999999997
2020-06-05,QGEN,0.4588
2020-06-05,QQQ,0.0
2020-06-05,QRVO,0.6705
2020-06-05,QSR,0.8402
2020-06-05,R,0.8957
2020-06-05,RBS,0.8402
2020-06-05,RCL,0.4201
2020-06-05,RDN,0.8402
2020-06-05,REG,0.8402
2020-06-05,REGN,0.40085000000000004
2020-06-05,RES,0.9062
2020-06-05,RESI,0.8869499999999999
2020-06-05,RF,0.8402
2020-06-05,RFP,0.23775000000000002
2020-06-05,RGP,0.0
2020-06-05,RH,0.055999999999999994
2020-06-05,RHI,0.8957
2020-06-05,RHP,0.8402
2020-06-05,RJF,0.8402
2020-06-05,RL,0.8834
2020-06-05,RLGY,0.8402
2020-06-05,RLJ,0.8402
2020-06-05,RNR,0.0
2020-06-05,ROIC,0.8402
2020-06-05,ROK,0.44785
2020-06-05,ROP,0.0
2020-06-05,ROSE,0.9062
2020-06-05,RPAI,0.8402
2020-06-05,RPM,0.0
2020-06-05,RRD,0.8957
2020-06-05,RSG,0.8957
2020-06-05,RSX,0.4939
2020-06-05,RUTH,0.8402
2020-06-05,RWT,0.9337
2020-06-05,RYAM,0.25
2020-06-05,SAIA,0.0
2020-06-05,SAN,0.4201
2020-06-05,SBGI,0.8402
2020-06-05,SBS,0.8402
2020-06-05,SBUX,0.0
2020-06-05,SC,0.8402
2020-06-05,SCHW,0.6124
2020-06-05,SDRL,0.9062
2020-06-05,SE,0.4201
2020-06-05,SEAS,0.8834
2020-06-05,SEE,0.9118
2020-06-05,SGMS,0.8834
2020-06-05,SHIP,0.2985666666666667
2020-06-05,SHLX,0.9062
2020-06-05,SHO,0.8402
2020-06-05,SID,0.9118
2020-06-05,SIEN,0.0
2020-06-05,SIRI,0.8402
2020-06-05,SJM,-0.064
2020-06-05,SKT,0.8402
2020-06-05,SKYW,-0.34
2020-06-05,SLB,0.9062
2020-06-05,SLCA,0.9062
2020-06-05,SLM,0.8402
2020-06-05,SM,0.4531
2020-06-05,SMFG,0.8402
2020-06-05,SNCR,0.0
2020-06-05,SNV,0.8402
2020-06-05,SNX,-0.296
2020-06-05,SPG,0.4201
2020-06-05,SPR,0.44785
2020-06-05,SPWH,0.07914999999999998
2020-06-05,SPWR,0.6705
2020-06-05,SQBG,0.0
2020-06-05,SRC,0.8402
2020-06-05,SRE,0.5567
2020-06-05,SRNE,0.026899999999999997
2020-06-05,SSD,0.0
2020-06-05,SSL,0.9118
2020-06-05,ST,0.8957
2020-06-05,STAA,0.0
2020-06-05,STL,0.8402
2020-06-05,STOR,0.8402
2020-06-05,STWD,0.9337
2020-06-05,STZ,0.0
2020-06-05,SU,0.9062
2020-06-05,SWK,0.8957
2020-06-05,SYY,0.13512500000000002
2020-06-05,T,-0.3612
2020-06-05,TAL,0.0
2020-06-05,TCCO,0.0
2020-06-05,TCO,0.8869499999999999
2020-06-05,TD,0.8402
2020-06-05,TDW,0.0
2020-06-05,TEF,0.8402
2020-06-05,TEL,0.6705
2020-06-05,TEN,0.8402
2020-06-05,TEVA,0.2023
2020-06-05,TEX,0.8957
2020-06-05,TIF,0.0
2020-06-05,TJX,0.8834
2020-06-05,TLT,0.0
2020-06-05,TMHC,0.8834
2020-06-05,TOL,0.1661
2020-06-05,TOPS,0.9062
2020-06-05,TOT,0.9062
2020-06-05,TPX,0.8834
2020-06-05,TREX,0.8957
2020-06-05,TRGP,0.9062
2020-06-05,TRIP,0.8402
2020-06-05,TRMB,0.6705
2020-06-05,TROX,0.9118
2020-06-05,TRP,0.9062
2020-06-05,TRV,0.4201
2020-06-05,TRXC,0.0
2020-06-05,TSM,0.6705
2020-06-05,TSN,0.8402
2020-06-05,TSU,0.8402
2020-06-05,TTM,0.8402
2020-06-05,TTP,0.0
2020-06-05,TTPH,-0.10112000000000002
2020-06-05,TUES,0.30306666666666665
2020-06-05,TUP,0.426525
2020-06-05,TV,0.8402
2020-06-05,TWTR,0.0006333333333333376
2020-06-05,TXN,0.6705
2020-06-05,TXRH,0.8402
2020-06-05,TXT,0.8957
2020-06-05,UA,0.8834
2020-06-05,UBSI,0.8402
2020-06-05,UDR,0.8402
2020-06-05,UFS,0.02476666666666667
2020-06-05,UGP,0.9062
2020-06-05,ULTA,0.8834
2020-06-05,UMC,0.6705
2020-06-05,UMPQ,0.8402
2020-06-05,UNM,0.8402
2020-06-05,UNP,0.44785
2020-06-05,UPS,0.8957
2020-06-05,URI,0.8957
2020-06-05,USAC,0.26335
2020-06-05,USB,0.8402
2020-06-05,UTHR,0.016100000000000003
2020-06-05,V,0.5144333333333333
2020-06-05,VALE,0.9118
2020-06-05,VECO,0.10115
2020-06-05,VET,0.9062
2020-06-05,VIV,0.8402
2020-06-05,VLO,0.9062
2020-06-05,VLRS,0.296
2020-06-05,VLY,0.8402
2020-06-05,VMC,0.9118
2020-06-05,VMW,0.0
2020-06-05,VNO,0.8402
2020-06-05,VNOM,0.9062
2020-06-05,VOYA,0.8402
2020-06-05,VRML,0.0
2020-06-05,VRTV,0.0
2020-06-05,VSH,0.6705
2020-06-05,VTR,0.8402
2020-06-05,WAB,0.8957
2020-06-05,WAL,0.8402
2020-06-05,WBA,0.8402
2020-06-05,WBS,0.8402
2020-06-05,WCC,0.8957
2020-06-05,WCN,0.8957
2020-06-05,WDC,0.6705
2020-06-05,WDR,0.8402
2020-06-05,WEC,0.2732
2020-06-05,WGO,0.0
2020-06-05,WIX,0.9217
2020-06-05,WM,0.8957
2020-06-05,WMT,0.0
2020-06-05,WOR,0.2023
2020-06-05,WPC,0.8402
2020-06-05,WPG,0.8402
2020-06-05,WPX,0.5897
2020-06-05,WRB,0.8402
2020-06-05,WRLD,-0.5267
2020-06-05,WSTG,0.0
2020-06-05,WU,0.6705
2020-06-05,WYNN,0.12765
2020-06-05,X,0.4559
2020-06-05,XBI,0.4588
2020-06-05,XEC,0.9062
2020-06-05,XLE,0.0
2020-06-05,XLF,0.0
2020-06-05,XLK,0.0
2020-06-05,XPO,0.8957
2020-06-05,XRX,0.6705
2020-06-05,XYL,0.8957
2020-06-05,YELP,0.8402
2020-06-05,YRCW,0.8957
2020-06-05,ZION,0.8402
2020-06-05,ZN,0.9062
2020-06-05,ZUMZ,0.0
2020-06-06,AMD,0.0
2020-06-06,BAC,0.0
2020-06-06,EWW,-0.1576
2020-06-06,INTC,0.0
2020-06-06,JD,0.0
2020-06-06,KR,0.0
2020-06-06,NFLX,0.0
2020-06-06,RSX,-0.28459999999999996
2020-06-06,SYY,0.0
2020-06-06,TWTR,0.0
2020-06-07,ADXS,0.0
2020-06-07,AGIO,0.0
2020-06-07,ALNY,0.0
2020-06-07,BAM,0.3612
2020-06-07,BLUE,0.0
2020-06-07,CME,0.0
2020-06-07,ENZ,0.0
2020-06-07,F,0.0
2020-06-07,GM,0.0
2020-06-07,GOOGL,0.0
2020-06-07,HPQ,0.0
2020-06-07,IBB,0.0
2020-06-07,JD,0.296
2020-06-07,MRK,0.0
2020-06-07,NBIX,0.0
2020-06-07,NTES,0.296
2020-06-07,OPK,0.0
2020-06-07,PNFP,0.0
2020-06-07,TIF,-0.4019
2020-06-07,UNG,0.0
2020-06-07,UPS,0.0
2020-06-07,VRTX,0.0
2020-06-07,XBI,0.0
2020-06-07,XLE,0.2263
2020-06-07,XOP,0.2263
2020-06-08,AA,0.74405
2020-06-08,AAL,0.7579
2020-06-08,AAN,0.27115
2020-06-08,AAWW,0.0
2020-06-08,ABBV,0.0
2020-06-08,ABEV,0.5423
2020-06-08,ABR,0.7906
2020-06-08,ACOR,0.7906
2020-06-08,ACTG,0.0
2020-06-08,ADBE,0.0
2020-06-08,ADMP,0.7906
2020-06-08,ADMS,0.0
2020-06-08,ADS,0.7906
2020-06-08,ADSK,0.0
2020-06-08,ADT,0.0
2020-06-08,AER,0.5423
2020-06-08,AES,0.7906
2020-06-08,AEY,0.0
2020-06-08,AEZS,0.0
2020-06-08,AFL,0.7906
2020-06-08,AGIO,0.25
2020-06-08,AGO,0.7906
2020-06-08,AHT,0.5423
2020-06-08,AJG,0.0
2020-06-08,AKAM,0.7906
2020-06-08,AL,0.5423
2020-06-08,ALGT,0.7579
2020-06-08,ALK,0.38805
2020-06-08,ALSK,0.0
2020-06-08,ALXN,0.3953
2020-06-08,AM,0.5994
2020-06-08,AMGN,0.0
2020-06-08,AMP,0.7906
2020-06-08,AMRK,0.0
2020-06-08,AMRN,0.7906
2020-06-08,ANTM,0.7906
2020-06-08,ANY,0.0
2020-06-08,AOS,0.0
2020-06-08,ARCO,0.7906
2020-06-08,ARDX,0.0
2020-06-08,ARE,0.296
2020-06-08,ARI,0.7906
2020-06-08,ARL,0.296
2020-06-08,ARR,0.7906
2020-06-08,ASML,0.506
2020-06-08,ASNA,0.06743333333333333
2020-06-08,ASTE,0.0
2020-06-08,ATI,0.24914999999999998
2020-06-08,ATRO,0.0
2020-06-08,ATVI,0.0
2020-06-08,AVAV,0.0
2020-06-08,AVGO,0.5829
2020-06-08,AVT,0.7906
2020-06-08,AXAS,0.5994
2020-06-08,AXP,-0.3612
2020-06-08,AYI,0.4391
2020-06-08,AZN,-0.08231666666666666
2020-06-08,BABA,0.0
2020-06-08,BAC,0.7906
2020-06-08,BAM,0.7906
2020-06-08,BBBY,0.296
2020-06-08,BBD,0.7906
2020-06-08,BBH,0.0
2020-06-08,BBRY,0.7906
2020-06-08,BC,0.5423
2020-06-08,BDSI,0.7906
2020-06-08,BEN,0.7906
2020-06-08,BGG,0.5423
2020-06-08,BHI,-0.4754
2020-06-08,BIDU,0.5423
2020-06-08,BIG,0.0
2020-06-08,BIIB,0.0
2020-06-08,BIOL,-0.0814
2020-06-08,BKU,0.148
2020-06-08,BMA,0.0
2020-06-08,BNO,-0.4754
2020-06-08,BOKF,0.0
2020-06-08,BP,-0.04201999999999998
2020-06-08,BSBR,0.7906
2020-06-08,BST,0.0
2020-06-08,BSX,0.4767
2020-06-08,BTE,0.5994
2020-06-08,BTU,0.21075
2020-06-08,BXP,0.5423
2020-06-08,BXS,0.0
2020-06-08,C,-0.1027
2020-06-08,CAG,0.0
2020-06-08,CANF,0.0
2020-06-08,CAR,0.5423
2020-06-08,CASI,0.0
2020-06-08,CASY,-0.007999999999999998
2020-06-08,CAT,0.5423
2020-06-08,CBFV,0.296
2020-06-08,CBSH,0.0
2020-06-08,CCL,0.11294285714285714
2020-06-08,CCO,0.27115
2020-06-08,CDR,0.5423
2020-06-08,CEMI,0.148
2020-06-08,CFG,-0.06745000000000001
2020-06-08,CFR,0.0
2020-06-08,CGNX,0.7906
2020-06-08,CHEF,0.0258
2020-06-08,CIDM,0.13396666666666665
2020-06-08,CIG,0.7906
2020-06-08,CIZN,0.0
2020-06-08,CL,0.4588
2020-06-08,CLB,0.2997
2020-06-08,CLDT,0.0
2020-06-08,CLF,0.8176
2020-06-08,CLR,0.2997
2020-06-08,CLVS,0.7906
2020-06-08,CLW,0.0593
2020-06-08,CLWT,0.0
2020-06-08,CMA,0.3953
2020-06-08,CMCSA,-0.6597
2020-06-08,CMG,0.4404
2020-06-08,CNHI,0.27115
2020-06-08,CNK,0.27115
2020-06-08,CNP,0.7906
2020-06-08,CNQ,0.5994
2020-06-08,CNX,0.5994
2020-06-08,COP,0.5994
2020-06-08,CORR,0.5267
2020-06-08,COUP,0.0
2020-06-08,CPA,0.7579
2020-06-08,CPE,0.29846666666666666
2020-06-08,CPS,0.0
2020-06-08,CRC,0.17556666666666665
2020-06-08,CROX,0.5423
2020-06-08,CSOD,-0.2732
2020-06-08,CTL,0.5423
2020-06-08,CUK,0.3953
2020-06-08,CVE,0.5994
2020-06-08,CVGW,-0.07100000000000001
2020-06-08,CVLT,0.4939
2020-06-08,CVS,0.7906
2020-06-08,CYBE,0.0
2020-06-08,CYH,0.3953
2020-06-08,DAL,0.0
2020-06-08,DBD,0.7906
2020-06-08,DFS,-0.033725000000000005
2020-06-08,DIA,0.0
2020-06-08,DIS,0.0
2020-06-08,DISCA,0.5423
2020-06-08,DISCK,0.5423
2020-06-08,DISH,0.5423
2020-06-08,DK,0.4215
2020-06-08,DLHC,0.0
2020-06-08,DLNG,0.0
2020-06-08,DLTR,0.0
2020-06-08,DMRC,0.0
2020-06-08,DNKN,-0.12040000000000001
2020-06-08,DNR,0.5994
2020-06-08,DOW,0.8176
2020-06-08,DRAD,0.0
2020-06-08,DUK,0.7906
2020-06-08,DVN,0.5994
2020-06-08,DVP,0.0
2020-06-08,DYNT,0.7906
2020-06-08,EBAY,0.0
2020-06-08,EBIX,0.4939
2020-06-08,EBR,0.7906
2020-06-08,EBS,-0.15293333333333334
2020-06-08,EFC,0.7906
2020-06-08,EFOI,0.0
2020-06-08,EGLE,0.0
2020-06-08,EGO,0.0
2020-06-08,EGOV,0.0
2020-06-08,EL,0.0
2020-06-08,ENBL,0.21075
2020-06-08,ENDP,0.7906
2020-06-08,ENLC,0.2997
2020-06-08,ENR,0.1531
2020-06-08,ENT,0.18076666666666666
2020-06-08,ENZ,-0.07655
2020-06-08,EOG,0.5994
2020-06-08,EQT,0.4215
2020-06-08,ERIC,0.5719
2020-06-08,ERJ,0.27115
2020-06-08,ESCA,0.0
2020-06-08,ESEA,0.0
2020-06-08,ESNT,0.7906
2020-06-08,ESRT,0.5423
2020-06-08,EVGN,0.0
2020-06-08,EW,0.63365
2020-06-08,EWBC,0.21469999999999997
2020-06-08,EWG,0.128
2020-06-08,EWJ,0.0
2020-06-08,EWU,-0.2263
2020-06-08,EXTR,0.0
2020-06-08,F,0.0
2020-06-08,FAST,0.0
2020-06-08,FATE,-0.296
2020-06-08,FB,0.25
2020-06-08,FCAU,0.296
2020-06-08,FDX,0.3601
2020-06-08,FET,0.5994
2020-06-08,FGEN,-0.1909
2020-06-08,FHN,0.7906
2020-06-08,FI,0.0
2020-06-08,FITB,0.3953
2020-06-08,FL,0.5423
2020-06-08,FLIR,0.09866666666666667
2020-06-08,FLR,0.5423
2020-06-08,FLS,0.5423
2020-06-08,FN,0.0
2020-06-08,FORTY,0.0
2020-06-08,FOSL,0.18076666666666666
2020-06-08,FOX,0.3225
2020-06-08,FOXA,0.3225
2020-06-08,FRAN,0.0
2020-06-08,FRC,0.0
2020-06-08,FRO,0.4215
2020-06-08,FTI,0.5994
2020-06-08,GBCI,0.0
2020-06-08,GCI,0.0
2020-06-08,GD,0.5423
2020-06-08,GEL,0.5994
2020-06-08,GER,0.0
2020-06-08,GERN,0.7906
2020-06-08,GIII,0.22615000000000002
2020-06-08,GILD,0.0
2020-06-08,GLBS,0.5423
2020-06-08,GLD,0.0
2020-06-08,GLOG,0.4215
2020-06-08,GM,-0.12055
2020-06-08,GMZ,0.0
2020-06-08,GNC,0.41915
2020-06-08,GNW,0.7906
2020-06-08,GOL,0.7579
2020-06-08,GOOG,0.5423
2020-06-08,GOOGL,0.5423
2020-06-08,GPOR,0.5994
2020-06-08,GPRO,0.5423
2020-06-08,GPS,0.1381
2020-06-08,GRMN,0.0085
2020-06-08,GRPN,0.5423
2020-06-08,GSK,0.0
2020-06-08,GTY,0.296
2020-06-08,H,0.7906
2020-06-08,HA,0.7579
2020-06-08,HAL,0.5994
2020-06-08,HALL,0.0
2020-06-08,HBAN,0.0
2020-06-08,HDB,0.7906
2020-06-08,HLX,0.4215
2020-06-08,HOG,0.5423
2020-06-08,HOLX,0.0
2020-06-08,HP,0.5994
2020-06-08,HPQ,0.5792999999999999
2020-06-08,HSC,0.0
2020-06-08,HT,0.27115
2020-06-08,HTBX,0.0
2020-06-08,HURC,0.0
2020-06-08,IBB,0.0
2020-06-08,ICD,0.2997
2020-06-08,IEZ,-0.4754
2020-06-08,IFF,0.0
2020-06-08,IGT,0.64225
2020-06-08,IIVI,0.0
2020-06-08,IMMU,0.7906
2020-06-08,IMOS,0.0
2020-06-08,INDB,0.10115
2020-06-08,INN,0.0
2020-06-08,INTL,0.0
2020-06-08,IO,0.2997
2020-06-08,IR,0.5423
2020-06-08,ITUB,0.7906
2020-06-08,IVR,0.0
2020-06-08,IVZ,0.7906
2020-06-08,IWM,0.148
2020-06-08,IWV,0.0
2020-06-08,JBLU,0.41873333333333335
2020-06-08,JD,0.22693333333333332
2020-06-08,JPM,-0.1027
2020-06-08,KAR,0.5423
2020-06-08,KEY,0.0
2020-06-08,KIN,0.5415
2020-06-08,KKR,0.5203
2020-06-08,KMB,0.0
2020-06-08,KMI,0.4215
2020-06-08,KO,0.0
2020-06-08,KOS,0.2997
2020-06-08,KR,0.0
2020-06-08,KTOS,0.5423
2020-06-08,LANC,0.0
2020-06-08,LAND,0.0
2020-06-08,LARK,0.0
2020-06-08,LH,0.0
2020-06-08,LLNW,0.148
2020-06-08,LLY,0.0
2020-06-08,LORL,0.0
2020-06-08,LPI,0.2997
2020-06-08,LSCC,0.0
2020-06-08,LTC,0.296
2020-06-08,LTM,0.189475
2020-06-08,LTRPA,0.0
2020-06-08,LULU,0.145725
2020-06-08,LUV,0.0
2020-06-08,LVS,0.7906
2020-06-08,LXP,0.0
2020-06-08,LYV,0.6124
2020-06-08,MAA,0.0
2020-06-08,MAC,0.27115
2020-06-08,MANT,0.0
2020-06-08,MAR,0.7906
2020-06-08,MARK,0.0
2020-06-08,MBII,-0.5267
2020-06-08,MD,0.3818
2020-06-08,MDLZ,-0.3612
2020-06-08,MDRX,0.7906
2020-06-08,MFA,0.0
2020-06-08,MFG,0.7906
2020-06-08,MIDD,0.5423
2020-06-08,MIK,0.005666666666666667
2020-06-08,MIND,0.0
2020-06-08,MITT,0.0
2020-06-08,MLAB,0.0
2020-06-08,MMM,-0.6077
2020-06-08,MMP,0.4215
2020-06-08,MNST,0.1806
2020-06-08,MO,-0.14590000000000003
2020-06-08,MOH,0.128
2020-06-08,MOS,0.8176
2020-06-08,MPC,0.5994
2020-06-08,MRO,0.05275000000000002
2020-06-08,MS,0.25
2020-06-08,MT,0.8176
2020-06-08,MTB,0.0
2020-06-08,MTDR,0.2997
2020-06-08,MTH,0.0
2020-06-08,MTRN,0.0
2020-06-08,MU,0.0
2020-06-08,MXC,0.0
2020-06-08,MYGN,0.0
2020-06-08,MYL,0.7906
2020-06-08,NBIX,0.5574
2020-06-08,NBL,0.5994
2020-06-08,NBR,0.1998
2020-06-08,NDP,0.0
2020-06-08,NDSN,0.0
2020-06-08,NE,-0.3612
2020-06-08,NERV,-0.064
2020-06-08,NFLX,0.3818
2020-06-08,NGL,0.5994
2020-06-08,NHI,0.296
2020-06-08,NIO,0.18076666666666666
2020-06-08,NLSN,0.5181
2020-06-08,NLY,0.7906
2020-06-08,NOV,0.5994
2020-06-08,NOW,0.401
2020-06-08,NPTN,0.0
2020-06-08,NR,0.4215
2020-06-08,NTG,0.0
2020-06-08,NVAX,0.0
2020-06-08,NVDA,0.16866666666666666
2020-06-08,NVMI,0.0
2020-06-08,NVRO,0.06743333333333333
2020-06-08,NWL,0.0
2020-06-08,NXPI,0.148
2020-06-08,NYCB,0.0
2020-06-08,OAS,0.2997
2020-06-08,OCUL,0.7906
2020-06-08,ODC,0.0
2020-06-08,ODP,0.5423
2020-06-08,OHI,0.296
2020-06-08,OKE,0.5994
2020-06-08,OMC,0.5423
2020-06-08,OMI,0.7906
2020-06-08,OPK,0.7906
2020-06-08,OPTT,0.0
2020-06-08,ORBC,0.0
2020-06-08,OSUR,0.0
2020-06-08,OXLC,0.7906
2020-06-08,OXM,0.0
2020-06-08,PAA,0.5994
2020-06-08,PACW,0.7906
2020-06-08,PAGP,0.5994
2020-06-08,PB,0.0
2020-06-08,PBA,0.4215
2020-06-08,PBCT,0.4215
2020-06-08,PBI,0.5423
2020-06-08,PBR,0.5994
2020-06-08,PCG,0.160475
2020-06-08,PDCE,0.4215
2020-06-08,PDS,0.4215
2020-06-08,PE,0.5994
2020-06-08,PEG,0.7906
2020-06-08,PEI,0.27115
2020-06-08,PENN,0.0
2020-06-08,PFE,0.0
2020-06-08,PFG,0.7906
2020-06-08,PFSW,0.0
2020-06-08,PH,0.5423
2020-06-08,PLAY,0.7906
2020-06-08,PLT,0.7906
2020-06-08,PLX,0.0
2020-06-08,PMT,0.7906
2020-06-08,PNC,0.7906
2020-06-08,PPC,0.5423
2020-06-08,PPG,-0.2732
2020-06-08,PRGO,0.0
2020-06-08,PRI,0.3818
2020-06-08,PRO,0.0
2020-06-08,PSEC,0.7906
2020-06-08,PTEN,0.4215
2020-06-08,PTNR,0.0
2020-06-08,PXD,0.5994
2020-06-08,PXJ,-0.4754
2020-06-08,PZZA,0.0
2020-06-08,QCOM,0.0
2020-06-08,QEP,0.11988000000000001
2020-06-08,QQQ,0.0
2020-06-08,RAD,0.5423
2020-06-08,RBS,0.7906
2020-06-08,RCL,0.3953
2020-06-08,RDHL,0.0
2020-06-08,RDY,0.0
2020-06-08,REG,0.5423
2020-06-08,REGI,0.0
2020-06-08,RESI,0.41135
2020-06-08,RGP,0.0
2020-06-08,RGR,0.0
2020-06-08,RHP,0.0
2020-06-08,RIGL,0.7906
2020-06-08,RLGY,0.5423
2020-06-08,RLJ,0.27115
2020-06-08,RNWK,0.0
2020-06-08,ROL,0.4939
2020-06-08,ROSE,0.5994
2020-06-08,RPT,0.5423
2020-06-08,RRC,0.4215
2020-06-08,RRD,0.5423
2020-06-08,RSX,-0.12674999999999997
2020-06-08,RTRX,-0.296
2020-06-08,RUTH,0.7906
2020-06-08,RWT,0.7096
2020-06-08,SAM,0.1806
2020-06-08,SAVE,0.37895
2020-06-08,SB,0.125
2020-06-08,SBNY,-0.3612
2020-06-08,SDRL,0.5994
2020-06-08,SE,0.0
2020-06-08,SEAS,0.7906
2020-06-08,SHIP,0.18076666666666666
2020-06-08,SHO,0.5423
2020-06-08,SID,0.8176
2020-06-08,SIEN,0.0
2020-06-08,SINO,0.4939
2020-06-08,SIRI,0.1027
2020-06-08,SIVB,-0.3612
2020-06-08,SIX,0.7906
2020-06-08,SKT,0.5423
2020-06-08,SKYW,0.7579
2020-06-08,SLB,0.06200000000000003
2020-06-08,SM,0.2997
2020-06-08,SMFG,0.7906
2020-06-08,SMG,0.0
2020-06-08,SMRT,0.5423
2020-06-08,SNCR,0.0
2020-06-08,SNFCA,0.0
2020-06-08,SNV,-0.3612
2020-06-08,SNY,0.0
2020-06-08,SO,0.7906
2020-06-08,SPCB,0.15811999999999998
2020-06-08,SPG,0.5423
2020-06-08,SPR,0.5423
2020-06-08,SPWR,0.7906
2020-06-08,SQBG,0.5423
2020-06-08,SRC,0.4404
2020-06-08,SRDX,0.0
2020-06-08,SSD,0.0
2020-06-08,SSL,0.8176
2020-06-08,SSP,0.0
2020-06-08,STM,0.506
2020-06-08,STOR,0.5423
2020-06-08,STWD,0.7906
2020-06-08,STX,0.0
2020-06-08,STZ,0.15293333333333334
2020-06-08,SWK,0.5423
2020-06-08,SWN,0.4215
2020-06-08,SYY,0.28405
2020-06-08,T,0.0
2020-06-08,TAL,0.1517
2020-06-08,TAP,0.0
2020-06-08,TEF,0.5423
2020-06-08,TEN,0.27115
2020-06-08,TENX,0.7906
2020-06-08,THC,0.7906
2020-06-08,TIF,0.0644
2020-06-08,TLT,0.0
2020-06-08,TM,0.1806
2020-06-08,TNP,0.4215
2020-06-08,TOPS,0.40488
2020-06-08,TRGP,0.4215
2020-06-08,TRUP,-0.296
2020-06-08,TRXC,0.148
2020-06-08,TSQ,0.5267
2020-06-08,TTP,0.0
2020-06-08,TTPH,0.0
2020-06-08,TUP,0.0
2020-06-08,TWTR,-0.25
2020-06-08,TXMD,0.296
2020-06-08,TXT,0.4019
2020-06-08,TZOO,0.0
2020-06-08,UBP,0.0
2020-06-08,UGP,0.4215
2020-06-08,UMPQ,0.7906
2020-06-08,UNH,0.0
2020-06-08,UNM,0.7906
2020-06-08,URBN,-0.148
2020-06-08,USDP,0.0
2020-06-08,USEG,0.0
2020-06-08,VAL,0.027419999999999993
2020-06-08,VEEV,0.19858
2020-06-08,VET,0.5994
2020-06-08,VG,0.0
2020-06-08,VIV,0.5423
2020-06-08,VLO,0.5994
2020-06-08,VLRS,0.7579
2020-06-08,VLY,0.0
2020-06-08,VNOM,0.4215
2020-06-08,VOD,0.5423
2020-06-08,VRTV,0.0
2020-06-08,VSLR,0.5423
2020-06-08,VTR,0.5423
2020-06-08,VVUS,0.296
2020-06-08,W,0.0
2020-06-08,WAB,0.0
2020-06-08,WBA,0.5423
2020-06-08,WBS,0.3953
2020-06-08,WDC,0.06743333333333333
2020-06-08,WEN,0.5574
2020-06-08,WGO,0.0
2020-06-08,WIT,0.7906
2020-06-08,WMT,0.5287
2020-06-08,WPC,0.5423
2020-06-08,WPRT,0.5423
2020-06-08,WPX,0.5994
2020-06-08,WRN,-0.128
2020-06-08,WSR,0.296
2020-06-08,WSTG,0.0
2020-06-08,WYNN,0.7906
2020-06-08,XEC,0.5994
2020-06-08,XLE,0.0
2020-06-08,XLF,0.0
2020-06-08,XLK,0.06743333333333333
2020-06-08,XOM,0.0
2020-06-08,XRT,0.0
2020-06-08,XRX,0.3953
2020-06-08,XXII,-0.7506
2020-06-08,YRCW,0.5423
2020-06-08,YUM,0.0
2020-06-08,ZION,0.3953
2020-06-08,ZN,0.5994
2020-06-08,ZNGA,0.296
2020-06-09,AA,0.7506
2020-06-09,AAL,0.3635333333333333
2020-06-09,AAPL,0.2469
2020-06-09,ACGL,0.7506
2020-06-09,ACY,0.0
2020-06-09,AEE,0.7506
2020-06-09,AER,0.7506
2020-06-09,AES,0.7506
2020-06-09,AEY,0.0
2020-06-09,AFL,0.7506
2020-06-09,AGIO,-0.8658
2020-06-09,AGO,0.7506
2020-06-09,AGX,0.0
2020-06-09,AHT,0.7506
2020-06-09,AIG,0.7506
2020-06-09,AIR,0.0
2020-06-09,AJG,0.0
2020-06-09,AL,0.7506
2020-06-09,ALG,0.0
2020-06-09,ALGT,-0.1589
2020-06-09,ALK,0.3753
2020-06-09,ALL,0.7506
2020-06-09,AMC,0.24935
2020-06-09,AMD,0.7296
2020-06-09,AMH,0.0
2020-06-09,AMPH,0.4767
2020-06-09,AMRC,0.0
2020-06-09,AMTD,0.7506
2020-06-09,AMZN,0.07777500000000004
2020-06-09,APO,0.7506
2020-06-09,ARDX,-0.8658
2020-06-09,ARI,0.7506
2020-06-09,ARLP,0.0
2020-06-09,ARMK,0.7506
2020-06-09,ASNA,0.0
2020-06-09,ATVI,-0.1806
2020-06-09,AU,0.886
2020-06-09,AXAS,0.8176
2020-06-09,AXP,0.3753
2020-06-09,AYI,0.296
2020-06-09,AZN,0.6908
2020-06-09,BA,0.22652500000000003
2020-06-09,BABA,0.0
2020-06-09,BAC,0.3753
2020-06-09,BAM,0.7506
2020-06-09,BAP,0.368
2020-06-09,BBD,0.7506
2020-06-09,BBVA,0.7506
2020-06-09,BCLI,0.5423
2020-06-09,BEN,0.7506
2020-06-09,BGFV,0.0
2020-06-09,BGG,-0.148
2020-06-09,BIIB,0.08406666666666666
2020-06-09,BKU,0.7506
2020-06-09,BLDP,0.0
2020-06-09,BMA,-0.3612
2020-06-09,BMY,-0.3818
2020-06-09,BP,0.8176
2020-06-09,BPOP,0.7506
2020-06-09,BRX,0.7506
2020-06-09,BSBR,0.7506
2020-06-09,BTE,0.8176
2020-06-09,BTI,0.38820000000000005
2020-06-09,BUD,0.25880000000000003
2020-06-09,BVN,0.8555
2020-06-09,BXP,0.0
2020-06-09,C,0.32395
2020-06-09,CANF,0.0
2020-06-09,CAR,0.3624
2020-06-09,CASY,0.0
2020-06-09,CCL,0.3753
2020-06-09,CCO,0.3753
2020-06-09,CDNA,0.0
2020-06-09,CDW,0.184
2020-06-09,CFG,0.7506
2020-06-09,CHEF,0.0258
2020-06-09,CHK,0.18722500000000003
2020-06-09,CIDM,0.3753
2020-06-09,CINF,0.7506
2020-06-09,CLR,0.0
2020-06-09,CLRO,0.0
2020-06-09,CMA,0.0
2020-06-09,CME,-0.4019
2020-06-09,CNA,0.0
2020-06-09,CNK,0.7506
2020-06-09,CNO,0.7506
2020-06-09,COF,0.7506
2020-06-09,CONN,-0.04515
2020-06-09,COP,0.8176
2020-06-09,COUP,-0.0903
2020-06-09,CPB,-0.128
2020-06-09,CPE,0.2044
2020-06-09,CPHC,-0.4215
2020-06-09,CQP,0.2732
2020-06-09,CRC,0.10969999999999999
2020-06-09,CREE,0.0
2020-06-09,CROX,0.7506
2020-06-09,CS,0.7506
2020-06-09,CSII,0.0
2020-06-09,CTL,0.7506
2020-06-09,CTSO,0.4019
2020-06-09,CUK,0.7506
2020-06-09,CVE,0.8176
2020-06-09,CX,0.7506
2020-06-09,CXO,0.148
2020-06-09,CYBE,0.0
2020-06-09,CYH,0.0
2020-06-09,D,0.23775000000000002
2020-06-09,DAL,0.3635333333333333
2020-06-09,DB,0.7506
2020-06-09,DBD,0.3753
2020-06-09,DE,0.7506
2020-06-09,DENN,0.0
2020-06-09,DFS,0.7506
2020-06-09,DGLY,0.28293999999999997
2020-06-09,DGX,0.1507666666666667
2020-06-09,DHR,-0.6369
2020-06-09,DIA,0.21230000000000002
2020-06-09,DIN,0.7506
2020-06-09,DIS,-0.11456
2020-06-09,DISCA,0.7506
2020-06-09,DISCK,0.7506
2020-06-09,DISH,0.7506
2020-06-09,DK,0.8176
2020-06-09,DKS,0.0
2020-06-09,DMRC,0.0
2020-06-09,DNR,0.8176
2020-06-09,DOW,0.7506
2020-06-09,DPZ,0.0
2020-06-09,DRAD,0.0
2020-06-09,DRI,0.7506
2020-06-09,DTE,0.7506
2020-06-09,DUK,0.40870000000000006
2020-06-09,DVAX,0.148
2020-06-09,DVN,0.8176
2020-06-09,DXCM,0.0
2020-06-09,EA,0.0
2020-06-09,EAT,0.0
2020-06-09,EBAY,0.3209666666666667
2020-06-09,EBS,0.0
2020-06-09,EC,0.8176
2020-06-09,EFOI,0.6369
2020-06-09,EFX,0.25020000000000003
2020-06-09,EGHT,0.23520000000000002
2020-06-09,EGLE,0.0
2020-06-09,EHTH,0.0
2020-06-09,EIG,0.0
2020-06-09,ENBL,0.8176
2020-06-09,ENLC,0.8176
2020-06-09,ENT,0.1531
2020-06-09,ENZ,-0.8658
2020-06-09,EQM,0.8176
2020-06-09,ESNT,0.3176333333333334
2020-06-09,ESRT,0.7506
2020-06-09,ETM,0.7506
2020-06-09,EWG,0.2057
2020-06-09,EWP,-0.3071
2020-06-09,EWU,-0.296
2020-06-09,EWW,0.0
2020-06-09,EWZ,-0.3182
2020-06-09,EXPE,0.7506
2020-06-09,EYES,0.0
2020-06-09,F,0.7506
2020-06-09,FATE,0.6808
2020-06-09,FB,-0.07324999999999998
2020-06-09,FBP,0.7506
2020-06-09,FCAU,0.7506
2020-06-09,FCCO,0.0
2020-06-09,FCEL,0.0
2020-06-09,FCX,-0.3612
2020-06-09,FDX,0.7506
2020-06-09,FET,0.8176
2020-06-09,FEYE,0.5174333333333333
2020-06-09,FHN,0.0
2020-06-09,FITB,0.7506
2020-06-09,FIVN,0.0
2020-06-09,FLIR,0.5719
2020-06-09,FNB,0.7506
2020-06-09,FNF,0.7506
2020-06-09,FOSL,0.15012
2020-06-09,FOX,0.7506
2020-06-09,FOXA,0.7506
2020-06-09,FTI,0.8176
2020-06-09,FUN,0.6249
2020-06-09,FXI,-0.07006
2020-06-09,GCAP,0.68725
2020-06-09,GCI,0.3753
2020-06-09,GCO,-0.01630000000000001
2020-06-09,GDXJ,0.0
2020-06-09,GEL,0.8176
2020-06-09,GFI,0.886
2020-06-09,GGB,0.7506
2020-06-09,GHM,0.0
2020-06-09,GIGM,0.0
2020-06-09,GIL,0.7506
2020-06-09,GILD,0.0
2020-06-09,GLBS,0.7506
2020-06-09,GLD,0.0
2020-06-09,GLNG,0.0
2020-06-09,GLOG,0.5568
2020-06-09,GM,0.1366
2020-06-09,GME,-0.15262
2020-06-09,GMLP,0.2732
2020-06-09,GNC,0.25020000000000003
2020-06-09,GOL,0.0
2020-06-09,GOLD,0.886
2020-06-09,GOOG,0.0
2020-06-09,GOOGL,0.0
2020-06-09,GPOR,0.8176
2020-06-09,GPS,0.3753
2020-06-09,GRPN,0.0
2020-06-09,H,0.7506
2020-06-09,HA,0.7506
2020-06-09,HAL,0.8176
2020-06-09,HALL,0.0
2020-06-09,HAS,0.3176333333333334
2020-06-09,HBAN,0.7506
2020-06-09,HBI,0.4767
2020-06-09,HDB,0.7506
2020-06-09,HDS,0.148
2020-06-09,HFC,0.8176
2020-06-09,HIG,0.7506
2020-06-09,HLT,0.7506
2020-06-09,HLX,0.8176
2020-06-09,HNRG,0.0
2020-06-09,HOLX,0.29295
2020-06-09,HP,0.8176
2020-06-09,HPQ,0.7506
2020-06-09,HSBC,0.3753
2020-06-09,HT,0.7506
2020-06-09,HXL,0.7506
2020-06-09,IBB,-0.8658
2020-06-09,IBM,0.3753
2020-06-09,IBN,0.7506
2020-06-09,ICD,0.0
2020-06-09,IGT,0.7506
2020-06-09,IIVI,0.0
2020-06-09,INDA,-0.0772
2020-06-09,INFI,0.296
2020-06-09,INFN,0.7003
2020-06-09,INGN,0.0
2020-06-09,INO,0.296
2020-06-09,INTC,0.0
2020-06-09,INWK,0.0
2020-06-09,IO,0.4088
2020-06-09,IP,0.7506
2020-06-09,IR,0.7506
2020-06-09,ITUB,0.7506
2020-06-09,IVR,0.3753
2020-06-09,IVZ,0.7506
2020-06-09,IWM,0.46645000000000003
2020-06-09,JBLU,0.3753
2020-06-09,JCI,0.7506
2020-06-09,JD,0.148
2020-06-09,JKS,0.0
2020-06-09,JNJ,-0.56015
2020-06-09,JPM,0.7506
2020-06-09,JWN,0.7506
2020-06-09,KBH,0.06743333333333333
2020-06-09,KEM,0.4767
2020-06-09,KEY,0.7506
2020-06-09,KGC,-0.2263
2020-06-09,KMI,0.8176
2020-06-09,KMX,0.7506
2020-06-09,KOS,0.8176
2020-06-09,KPTI,0.4939
2020-06-09,KSS,0.7506
2020-06-09,KYN,0.8176
2020-06-09,L,0.7506
2020-06-09,LADR,0.7506
2020-06-09,LAKE,0.205675
2020-06-09,LBTYA,0.7506
2020-06-09,LBTYK,0.7506
2020-06-09,LLY,-0.20095
2020-06-09,LMAT,0.0
2020-06-09,LMNR,0.06023333333333334
2020-06-09,LNC,0.7506
2020-06-09,LPI,0.4088
2020-06-09,LPLA,-0.3612
2020-06-09,LTM,0.0
2020-06-09,LTRPB,-0.04105
2020-06-09,LULU,0.0
2020-06-09,LUV,0.11623333333333336
2020-06-09,LVS,0.3753
2020-06-09,LYV,0.3753
2020-06-09,M,0.05828000000000002
2020-06-09,MA,-0.03423333333333333
2020-06-09,MANT,0.0
2020-06-09,MAR,0.7506
2020-06-09,MBII,0.128
2020-06-09,MET,0.7506
2020-06-09,MITT,0.0
2020-06-09,MKTX,0.3818
2020-06-09,MMM,-0.33114999999999994
2020-06-09,MMP,0.3399666666666667
2020-06-09,MNK,0.0
2020-06-09,MO,0.0
2020-06-09,MOV,-0.0903
2020-06-09,MPC,0.8176
2020-06-09,MRC,0.7506
2020-06-09,MRK,0.25
2020-06-09,MRO,0.8176
2020-06-09,MS,0.1624
2020-06-09,MSM,0.0
2020-06-09,MT,0.7506
2020-06-09,MTB,0.7506
2020-06-09,MTDR,0.0
2020-06-09,MTG,-0.055424999999999995
2020-06-09,MTRN,-0.3612
2020-06-09,MXC,0.0
2020-06-09,NAT,0.8176
2020-06-09,NATI,0.0
2020-06-09,NAVI,0.7506
2020-06-09,NBIX,0.10115
2020-06-09,NBL,0.4088
2020-06-09,NBR,0.4088
2020-06-09,NCLH,0.7506
2020-06-09,NCR,0.7506
2020-06-09,NE,0.21816
2020-06-09,NFLX,0.148
2020-06-09,NG,0.0
2020-06-09,NGD,0.0258
2020-06-09,NGL,0.8176
2020-06-09,NIO,-0.09866666666666667
2020-06-09,NLSN,0.7506
2020-06-09,NLY,0.7506
2020-06-09,NMIH,-0.023424999999999994
2020-06-09,NNVC,-0.11396000000000002
2020-06-09,NOV,0.8176
2020-06-09,NR,0.8176
2020-06-09,NS,0.8176
2020-06-09,NTAP,0.7506
2020-06-09,NTRS,0.5106
2020-06-09,NVAX,-0.28490000000000004
2020-06-09,NVDA,0.7296
2020-06-09,NWL,0.7506
2020-06-09,NYMT,0.7506
2020-06-09,OAS,0.4088
2020-06-09,ODC,0.0
2020-06-09,OGE,0.7506
2020-06-09,OI,0.7506
2020-06-09,OIS,0.8176
2020-06-09,OKE,0.8176
2020-06-09,OLN,0.7506
2020-06-09,OMC,0.7506
2020-06-09,ONB,0.7506
2020-06-09,ONE,0.0258
2020-06-09,OPK,0.41206666666666675
2020-06-09,OXY,0.2193166666666667
2020-06-09,PAA,0.8176
2020-06-09,PACW,0.7506
2020-06-09,PAG,0.0
2020-06-09,PAGP,0.8176
2020-06-09,PBA,0.8176
2020-06-09,PBR,0.8176
2020-06-09,PCG,0.30123333333333335
2020-06-09,PDCE,0.8176
2020-06-09,PE,0.8176
2020-06-09,PEG,0.7506
2020-06-09,PEI,0.7506
2020-06-09,PENN,0.296
2020-06-09,PFG,0.7506
2020-06-09,PGRE,0.7506
2020-06-09,PH,0.7506
2020-06-09,PLCE,0.7506
2020-06-09,PNC,0.7506
2020-06-09,PODD,-0.128
2020-06-09,PPL,0.06743333333333333
2020-06-09,PRU,0.7506
2020-06-09,PTEN,0.8176
2020-06-09,PTNR,0.0
2020-06-09,PVH,0.7506
2020-06-09,PXD,0.4088
2020-06-09,QEP,0.4088
2020-06-09,QQQ,0.1468
2020-06-09,QTNT,0.10446
2020-06-09,RBS,0.7506
2020-06-09,RCL,0.7506
2020-06-09,RDN,0.3090333333333333
2020-06-09,RESI,0.7506
2020-06-09,REV,-0.3592
2020-06-09,RF,0.7506
2020-06-09,RHP,0.7506
2020-06-09,RIG,0.2044
2020-06-09,RJF,-0.07945
2020-06-09,RL,0.7506
2020-06-09,RLGY,0.7506
2020-06-09,RLH,0.0
2020-06-09,RLJ,0.7506
2020-06-09,RMCF,0.0258
2020-06-09,RNET,0.1366
2020-06-09,RNG,0.0
2020-06-09,ROSE,0.5454
2020-06-09,RUTH,0.3753
2020-06-09,RWT,0.7506
2020-06-09,SABR,0.7506
2020-06-09,SAEX,0.2732
2020-06-09,SALT,0.0
2020-06-09,SAN,0.7506
2020-06-09,SAVE,0.3635333333333333
2020-06-09,SBAC,0.0085
2020-06-09,SCHW,0.7506
2020-06-09,SDRL,0.2727
2020-06-09,SID,0.7506
2020-06-09,SIG,-0.021871428571428573
2020-06-09,SIVB,0.10115
2020-06-09,SIVR,0.0
2020-06-09,SKT,0.7506
2020-06-09,SKYW,0.0
2020-06-09,SLB,0.8176
2020-06-09,SLCA,0.5454
2020-06-09,SM,0.4088
2020-06-09,SMFG,0.7506
2020-06-09,SMRT,0.0
2020-06-09,SNCR,0.0
2020-06-09,SNY,-0.36800000000000005
2020-06-09,SOHO,0.0
2020-06-09,SPCB,0.0
2020-06-09,SPG,0.7506
2020-06-09,SPR,0.7506
2020-06-09,SPWR,0.7506
2020-06-09,SQBG,0.0
2020-06-09,SRC,0.4404
2020-06-09,SRE,0.6369
2020-06-09,SSL,0.7506
2020-06-09,STE,0.0
2020-06-09,STL,0.7506
2020-06-09,STNG,0.8176
2020-06-09,STWD,0.7506
2020-06-09,SU,0.8176
2020-06-09,SUP,0.5423
2020-06-09,SWK,0.7506
2020-06-09,SYY,0.7506
2020-06-09,TAL,0.7506
2020-06-09,TCCO,0.0
2020-06-09,TECH,0.0
2020-06-09,TEL,0.7506
2020-06-09,TEN,0.25020000000000003
2020-06-09,TIF,-0.10865714285714287
2020-06-09,TLT,0.0
2020-06-09,TM,-0.4019
2020-06-09,TMO,0.0
2020-06-09,TMUS,0.0
2020-06-09,TOPS,0.0
2020-06-09,TOT,0.8176
2020-06-09,TOUR,0.0
2020-06-09,TRGP,0.8176
2020-06-09,TRIP,0.7506
2020-06-09,TRMB,0.7506
2020-06-09,TRQ,0.8555
2020-06-09,TSM,0.0
2020-06-09,TSN,0.7506
2020-06-09,TSQ,0.0
2020-06-09,TTEK,0.0
2020-06-09,TTM,0.7506
2020-06-09,TU,0.7506
2020-06-09,TUES,0.7506
2020-06-09,TUP,0.3753
2020-06-09,TV,0.7506
2020-06-09,TWOU,0.7296
2020-06-09,TXT,0.7506
2020-06-09,TYL,0.0
2020-06-09,UA,0.7506
2020-06-09,UHS,-0.07945
2020-06-09,UHT,0.6808
2020-06-09,ULTA,0.7506
2020-06-09,UNFI,0.0258
2020-06-09,UNM,0.7506
2020-06-09,UPS,0.7506
2020-06-09,URBN,0.7506
2020-06-09,URI,0.3119
2020-06-09,USB,0.7506
2020-06-09,USDP,0.0
2020-06-09,USO,-0.5719
2020-06-09,V,-0.1909
2020-06-09,VAL,0.0683
2020-06-09,VCYT,-0.6124
2020-06-09,VG,-0.12040000000000001
2020-06-09,VGK,0.0
2020-06-09,VLO,0.8176
2020-06-09,VMC,0.8555
2020-06-09,VMI,0.3818
2020-06-09,VMW,0.7506
2020-06-09,VNDA,0.0
2020-06-09,VNET,0.3818
2020-06-09,VOD,-0.1027
2020-06-09,VRML,0.296
2020-06-09,VRNT,-0.0903
2020-06-09,VTR,0.7506
2020-06-09,WAL,0.7506
2020-06-09,WATT,0.1591
2020-06-09,WD,0.24914999999999998
2020-06-09,WDC,0.7506
2020-06-09,WFC,0.11623333333333336
2020-06-09,WIT,0.7506
2020-06-09,WIX,-0.039725
2020-06-09,WLL,0.137125
2020-06-09,WMB,0.8176
2020-06-09,WMT,0.5106
2020-06-09,WPC,0.7506
2020-06-09,WPG,0.7506
2020-06-09,WPX,0.8176
2020-06-09,WRB,0.7506
2020-06-09,WYNN,0.7506
2020-06-09,X,0.4215
2020-06-09,XBI,-0.8658
2020-06-09,XEC,0.8176
2020-06-09,XENT,0.4019
2020-06-09,XLE,0.0
2020-06-09,XLF,0.0
2020-06-09,XLK,0.0
2020-06-09,XOM,0.27253333333333335
2020-06-09,XRT,0.0
2020-06-09,ZAGG,0.0
2020-06-09,ZION,0.7506
2020-06-09,ZN,0.8176
2020-06-09,ZNGA,-0.05296666666666667
2020-06-10,AAL,0.060200000000000004
2020-06-10,AAN,-0.17
2020-06-10,AAP,-0.296
2020-06-10,AAPL,0.19885
2020-06-10,ABBV,0.1779
2020-06-10,ABIO,0.19733333333333333
2020-06-10,ACGL,0.5267
2020-06-10,ACRX,0.3612
2020-06-10,ADC,0.25
2020-06-10,AER,-0.5574
2020-06-10,AEY,0.0
2020-06-10,AGEN,0.296
2020-06-10,AHPI,0.0
2020-06-10,AHT,0.5574
2020-06-10,AIG,0.5267
2020-06-10,AKBA,0.0
2020-06-10,AKR,-0.4215
2020-06-10,AL,-0.5574
2020-06-10,ALGT,0.743
2020-06-10,ALK,0.06186666666666666
2020-06-10,AMC,0.6124
2020-06-10,AMCX,0.0258
2020-06-10,AMD,0.7296
2020-06-10,AMZN,0.3912333333333333
2020-06-10,AN,-0.34
2020-06-10,ARE,0.0
2020-06-10,ARMK,-0.34
2020-06-10,ATVI,0.5106
2020-06-10,AVAV,0.8957
2020-06-10,AVT,0.0
2020-06-10,AXAS,-0.3818
2020-06-10,AXL,-0.34
2020-06-10,AXP,0.26335
2020-06-10,AZN,0.1591
2020-06-10,BA,0.10543333333333332
2020-06-10,BABA,-0.5267
2020-06-10,BAC,0.3645
2020-06-10,BAH,0.7845
2020-06-10,BAX,0.8126
2020-06-10,BBBY,-0.03000000000000001
2020-06-10,BC,-0.34
2020-06-10,BGG,-0.2787
2020-06-10,BIIB,0.4824
2020-06-10,BMRN,0.32559999999999995
2020-06-10,BNFT,0.4019
2020-06-10,BP,-0.20379999999999998
2020-06-10,BRX,0.2147
2020-06-10,BSBR,0.5574
2020-06-10,BTE,-0.3818
2020-06-10,BTU,-0.6249
2020-06-10,BV,0.296
2020-06-10,BXP,-0.4215
2020-06-10,BYD,-0.11333333333333334
2020-06-10,C,0.5267
2020-06-10,CAKE,-0.34
2020-06-10,CANF,0.0
2020-06-10,CAR,-0.5574
2020-06-10,CASY,0.0
2020-06-10,CCCL,0.0
2020-06-10,CCL,-0.34
2020-06-10,CCO,-0.34
2020-06-10,CCXI,0.0
2020-06-10,CDNA,0.3612
2020-06-10,CDR,-0.4215
2020-06-10,CEL,0.4767
2020-06-10,CFG,0.5267
2020-06-10,CFX,-0.5574
2020-06-10,CHK,-0.01402000000000001
2020-06-10,CHS,-0.017011111111111112
2020-06-10,CHTR,0.0258
2020-06-10,CIDM,0.0
2020-06-10,CINF,0.5267
2020-06-10,CLNY,0.5574
2020-06-10,CLR,-0.5719
2020-06-10,CLRB,0.10115
2020-06-10,CLUB,0.0
2020-06-10,CLVS,-0.5267
2020-06-10,CMA,0.26335
2020-06-10,CMCM,-0.07655
2020-06-10,CMCSA,0.0258
2020-06-10,CMTL,0.6369
2020-06-10,CNA,0.0
2020-06-10,CNHI,-0.5574
2020-06-10,CNK,-0.34
2020-06-10,CNQ,-0.5719
2020-06-10,CNX,-0.5719
2020-06-10,COF,0.5267
2020-06-10,CONN,0.0
2020-06-10,COP,-0.3818
2020-06-10,CPA,0.0
2020-06-10,CPE,-0.03619999999999999
2020-06-10,CPG,-0.5719
2020-06-10,CRC,-0.1909
2020-06-10,CREE,0.06743333333333333
2020-06-10,CRIS,0.22632
2020-06-10,CRK,-0.5719
2020-06-10,CRM,0.7296
2020-06-10,CRWS,0.028579999999999994
2020-06-10,CSCO,0.06743333333333333
2020-06-10,CSII,0.19731666666666667
2020-06-10,CTL,-0.34
2020-06-10,CTLT,0.0
2020-06-10,CTSH,0.24914999999999998
2020-06-10,CUK,-0.34
2020-06-10,CVE,-0.5719
2020-06-10,CVGI,0.0
2020-06-10,CXO,-0.6249
2020-06-10,CYCC,0.0
2020-06-10,CZZ,-0.6249
2020-06-10,DAKT,0.04933333333333333
2020-06-10,DAL,0.04456666666666667
2020-06-10,DAN,-0.34
2020-06-10,DBD,0.20095
2020-06-10,DBVT,0.0
2020-06-10,DENN,-0.34
2020-06-10,DFS,0.5267
2020-06-10,DGICA,0.296
2020-06-10,DGLY,0.25072
2020-06-10,DIA,0.0
2020-06-10,DIN,-0.34
2020-06-10,DIS,0.0
2020-06-10,DISCA,-0.34
2020-06-10,DISCK,-0.34
2020-06-10,DISH,-0.34
2020-06-10,DLNG,0.2732
2020-06-10,DNKN,-0.6249
2020-06-10,DNR,-0.05429999999999999
2020-06-10,DOO,0.2023
2020-06-10,DPW,0.24796666666666667
2020-06-10,DRI,-0.34
2020-06-10,DVN,-0.5719
2020-06-10,EA,0.0
2020-06-10,EAT,-0.11333333333333334
2020-06-10,EBAY,0.04046
2020-06-10,EC,-0.6249
2020-06-10,EFOI,0.0
2020-06-10,EGHT,-0.128
2020-06-10,ENBL,-0.3818
2020-06-10,ENDP,-0.6124
2020-06-10,ENLC,-0.3818
2020-06-10,ENT,-0.17
2020-06-10,EOG,-0.3818
2020-06-10,EPAM,0.0
2020-06-10,EPR,0.5574
2020-06-10,ESEA,0.0
2020-06-10,ESNT,0.5267
2020-06-10,ESRT,0.5574
2020-06-10,ETM,-0.34
2020-06-10,EWU,-0.296
2020-06-10,EYES,0.0
2020-06-10,F,-0.022266666666666674
2020-06-10,FANG,0.2732
2020-06-10,FAS,-0.6486
2020-06-10,FAST,0.5965
2020-06-10,FAZ,-0.6486
2020-06-10,FB,0.26372
2020-06-10,FCAU,-0.4253
2020-06-10,FCEL,0.0
2020-06-10,FET,-0.3818
2020-06-10,FHN,0.5267
2020-06-10,FITB,0.5267
2020-06-10,FIVE,0.07521
2020-06-10,FLR,-0.5574
2020-06-10,FLS,-0.5574
2020-06-10,FNB,0.5574
2020-06-10,FNF,0.5267
2020-06-10,FNJN,0.0
2020-06-10,FOSL,0.0
2020-06-10,FOX,-0.17
2020-06-10,FOXA,-0.17
2020-06-10,FXI,0.2072
2020-06-10,GAIA,0.0
2020-06-10,GCI,-0.34
2020-06-10,GCO,0.0
2020-06-10,GD,0.0
2020-06-10,GHM,0.0
2020-06-10,GIII,0.296
2020-06-10,GILD,0.174475
2020-06-10,GIS,0.296
2020-06-10,GLD,0.0
2020-06-10,GLUU,0.0
2020-06-10,GM,-0.17
2020-06-10,GME,0.041999999999999996
2020-06-10,GNC,-0.17
2020-06-10,GOL,0.0
2020-06-10,GOOG,0.29583333333333334
2020-06-10,GOOGL,0.3548
2020-06-10,GPC,-0.34
2020-06-10,GPOR,-0.3818
2020-06-10,GPS,-0.17
2020-06-10,GRPN,0.06835
2020-06-10,H,-0.34
2020-06-10,HA,0.0
2020-06-10,HAL,-0.3818
2020-06-10,HALL,0.0
2020-06-10,HAS,-0.34
2020-06-10,HBAN,0.5267
2020-06-10,HD,0.0
2020-06-10,HDS,0.08333333333333333
2020-06-10,HEAR,0.0
2020-06-10,HIG,0.5267
2020-06-10,HLT,-0.34
2020-06-10,HLX,-0.5719
2020-06-10,HOFT,0.0
2020-06-10,HOG,-0.34
2020-06-10,HP,-0.5719
2020-06-10,HT,0.5574
2020-06-10,HTZ,0.14772857142857143
2020-06-10,IBB,0.3612
2020-06-10,IBM,0.0
2020-06-10,ICD,-0.3818
2020-06-10,ICE,-0.5267
2020-06-10,ICON,0.0
2020-06-10,IGT,-0.34
2020-06-10,IIIN,0.0
2020-06-10,ILMN,-0.010299999999999976
2020-06-10,INN,0.5574
2020-06-10,INUV,0.296
2020-06-10,IO,-0.3818
2020-06-10,IPGP,0.296
2020-06-10,ISBC,0.5574
2020-06-10,ITUB,0.5574
2020-06-10,IVR,0.26335
2020-06-10,IVZ,0.42669999999999997
2020-06-10,IWN,0.0
2020-06-10,JACK,0.2732
2020-06-10,JBLU,0.33626
2020-06-10,JCI,-0.5574
2020-06-10,JD,-0.5267
2020-06-10,JNJ,0.1589
2020-06-10,JRJC,0.0
2020-06-10,JWN,-0.34
2020-06-10,KBH,0.06743333333333333
2020-06-10,KEM,0.0
2020-06-10,KEY,0.5267
2020-06-10,KIM,0.5574
2020-06-10,KKR,0.0
2020-06-10,KMX,-0.34
2020-06-10,KOS,-0.3818
2020-06-10,KSS,-0.34
2020-06-10,L,0.5267
2020-06-10,LADR,0.5574
2020-06-10,LAKE,0.04933333333333333
2020-06-10,LAMR,-0.4215
2020-06-10,LBTYA,0.60375
2020-06-10,LEG,-0.34
2020-06-10,LINC,0.0
2020-06-10,LLY,0.296
2020-06-10,LMNR,-0.128
2020-06-10,LPI,-0.3818
2020-06-10,LTRPA,-0.34
2020-06-10,LTRPB,0.0
2020-06-10,LTRX,0.1366
2020-06-10,LUV,0.12806
2020-06-10,LVS,-0.34
2020-06-10,LYV,-0.34
2020-06-10,M,0.010449999999999987
2020-06-10,MAC,0.5574
2020-06-10,MANT,0.802
2020-06-10,MAR,-0.02200000000000002
2020-06-10,MARA,0.7296
2020-06-10,MARK,0.296
2020-06-10,MDP,-0.34
2020-06-10,MFA,0.5267
2020-06-10,MIC,0.0
2020-06-10,MIDD,-0.5574
2020-06-10,MIND,-0.1806
2020-06-10,MITT,0.17556666666666665
2020-06-10,MLAB,0.296
2020-06-10,MMI,0.25
2020-06-10,MPC,0.2263
2020-06-10,MPLX,-0.3818
2020-06-10,MRC,-0.5574
2020-06-10,MRK,0.3612
2020-06-10,MRO,-0.17279999999999998
2020-06-10,MS,0.5574
2020-06-10,MT,-0.3612
2020-06-10,MTB,0.5267
2020-06-10,MTDR,-0.3818
2020-06-10,MU,-0.128
2020-06-10,MYRG,-0.128
2020-06-10,NBIX,0.0
2020-06-10,NBL,-0.3818
2020-06-10,NBR,-0.1909
2020-06-10,NDAQ,-0.5267
2020-06-10,NE,-0.03619999999999999
2020-06-10,NEPT,0.2202
2020-06-10,NFLX,0.35625
2020-06-10,NIO,0.42545
2020-06-10,NLY,0.5574
2020-06-10,NNVC,0.0
2020-06-10,NOG,0.148
2020-06-10,NOV,-0.3818
2020-06-10,NR,-0.5719
2020-06-10,NRZ,0.5574
2020-06-10,NURO,0.25
2020-06-10,NVDA,0.2432
2020-06-10,NWFL,0.0
2020-06-10,NXTD,0.7296
2020-06-10,NYMT,0.5267
2020-06-10,O,-0.128
2020-06-10,OAS,-0.027149999999999994
2020-06-10,OGE,0.2732
2020-06-10,OIS,-0.3818
2020-06-10,OKE,-0.3818
2020-06-10,OMC,-0.34
2020-06-10,OMI,0.0
2020-06-10,ONTX,0.0
2020-06-10,OPK,-0.6486
2020-06-10,OSTK,0.5719
2020-06-10,OSUR,0.148
2020-06-10,OXM,-0.03062
2020-06-10,OXY,-0.3818
2020-06-10,PACB,0.37095
2020-06-10,PACD,0.2732
2020-06-10,PACW,0.5267
2020-06-10,PATK,-0.3612
2020-06-10,PBA,-0.5719
2020-06-10,PBI,0.0
2020-06-10,PBR,-0.5719
2020-06-10,PDS,-0.5719
2020-06-10,PE,-0.5719
2020-06-10,PEI,0.2787
2020-06-10,PEIX,0.2732
2020-06-10,PENN,-0.02200000000000002
2020-06-10,PFE,0.3397
2020-06-10,PFG,0.5267
2020-06-10,PH,-0.5574
2020-06-10,PLAY,-0.34
2020-06-10,PLUG,0.0
2020-06-10,PNC,0.5574
2020-06-10,PRGO,-0.296
2020-06-10,PRU,0.5267
2020-06-10,PTC,0.0
2020-06-10,PXD,-0.5719
2020-06-10,QEP,-0.05429999999999999
2020-06-10,QQQ,0.0
2020-06-10,QSR,-0.34
2020-06-10,QTNT,0.0
2020-06-10,QTS,0.2732
2020-06-10,R,-0.5574
2020-06-10,RADA,0.059199999999999996
2020-06-10,RAVE,0.0
2020-06-10,RCL,-0.17
2020-06-10,RDHL,0.0
2020-06-10,RDN,0.5267
2020-06-10,RDY,0.3612
2020-06-10,REG,0.5574
2020-06-10,RES,-0.5719
2020-06-10,RF,0.5267
2020-06-10,RIG,-0.1909
2020-06-10,RJF,0.5574
2020-06-10,RLJ,0.2787
2020-06-10,RMD,0.0
2020-06-10,RNET,0.1589
2020-06-10,RNG,0.7296
2020-06-10,ROSE,-0.3818
2020-06-10,RPAI,-0.4215
2020-06-10,RPT,0.5574
2020-06-10,RRD,-0.5574
2020-06-10,RRGB,-0.1187
2020-06-10,RWT,0.5574
2020-06-10,SAN,0.5574
2020-06-10,SAVE,0.0
2020-06-10,SBUX,0.069675
2020-06-10,SCHW,0.5267
2020-06-10,SDRL,0.1366
2020-06-10,SEAS,-0.17
2020-06-10,SEED,-0.26335
2020-06-10,SGEN,0.296
2020-06-10,SGMS,-0.34
2020-06-10,SHIP,-0.5574
2020-06-10,SHLO,0.0
2020-06-10,SHO,0.5574
2020-06-10,SIG,-0.17
2020-06-10,SIRI,-0.34
2020-06-10,SIX,-0.34
2020-06-10,SKT,0.5574
2020-06-10,SKYW,0.743
2020-06-10,SLB,-0.3818
2020-06-10,SM,-0.3818
2020-06-10,SMRT,-0.17
2020-06-10,SNPS,0.0
2020-06-10,SNSS,0.0
2020-06-10,SNV,0.5574
2020-06-10,SNY,0.3612
2020-06-10,SOL,-0.5267
2020-06-10,SPCB,0.0
2020-06-10,SPG,0.06596666666666667
2020-06-10,SPR,-0.18975
2020-06-10,SQBG,-0.11333333333333334
2020-06-10,SQNS,0.0
2020-06-10,SRC,0.1779
2020-06-10,SRCL,0.296
2020-06-10,SRT,-0.1806
2020-06-10,SSL,0.09106666666666667
2020-06-10,STL,0.5267
2020-06-10,STOR,-0.4215
2020-06-10,STRM,0.1468
2020-06-10,STWD,0.5574
2020-06-10,SU,-0.5719
2020-06-10,SXI,0.0
2020-06-10,TACT,0.0
2020-06-10,TARO,-0.296
2020-06-10,TCCO,0.0
2020-06-10,TCO,0.13835999999999998
2020-06-10,TDC,0.6369
2020-06-10,TEN,-0.17
2020-06-10,TEX,-0.5574
2020-06-10,TLT,0.0
2020-06-10,TOUR,-0.038275
2020-06-10,TRCH,0.2732
2020-06-10,TRGP,-0.3818
2020-06-10,TRIP,-0.34
2020-06-10,TRS,0.0
2020-06-10,TRUE,0.148
2020-06-10,TSLA,0.23689
2020-06-10,TSN,0.3028333333333333
2020-06-10,TSQ,0.0
2020-06-10,TTC,0.0
2020-06-10,TTEK,0.0
2020-06-10,TTPH,0.1806
2020-06-10,TUP,0.0
2020-06-10,TWO,0.5267
2020-06-10,TWTR,0.3548
2020-06-10,TXT,-0.5574
2020-06-10,UA,-0.34
2020-06-10,UAL,0.25317500000000004
2020-06-10,UBA,-0.128
2020-06-10,UBSI,0.5267
2020-06-10,UNFI,0.386625
2020-06-10,UNM,0.5267
2020-06-10,USB,0.5267
2020-06-10,USO,-0.16324999999999998
2020-06-10,UTHR,0.3612
2020-06-10,VAL,0.0
2020-06-10,VBIV,0.296
2020-06-10,VET,0.2732
2020-06-10,VGK,-0.074
2020-06-10,VIVO,-0.5267
2020-06-10,VLY,0.5267
2020-06-10,VNO,0.5574
2020-06-10,VRML,0.08781428571428572
2020-06-10,VRNS,0.0
2020-06-10,VRNT,0.0
2020-06-10,VRTX,0.41895000000000004
2020-06-10,VTR,0.5574
2020-06-10,WAB,-0.5574
2020-06-10,WAL,0.5267
2020-06-10,WATT,-0.13935
2020-06-10,WBAI,0.0
2020-06-10,WDAY,0.0
2020-06-10,WEN,0.3818
2020-06-10,WFC,0.5267
2020-06-10,WGO,-0.1806
2020-06-10,WIT,0.4215
2020-06-10,WLL,-0.027149999999999994
2020-06-10,WPC,0.2147
2020-06-10,WPX,-0.5719
2020-06-10,WRB,0.5267
2020-06-10,WU,0.142
2020-06-10,WYNN,-0.34
2020-06-10,XBI,0.3612
2020-06-10,XLE,0.0
2020-06-10,XLF,0.0
2020-06-10,XLK,0.0
2020-06-10,XOM,-0.10189999999999999
2020-06-10,XRT,0.0
2020-06-10,XYL,-0.5574
2020-06-10,YRCW,-0.5574
2020-06-10,YUM,0.0
2020-06-10,ZEN,-0.15466666666666665
2020-06-11,AZN,0.0
2020-06-11,CANF,0.0
2020-06-11,CHK,0.0
2020-06-11,CHS,0.0
2020-06-11,CNHI,-0.2732
2020-06-11,DHI,0.368
2020-06-11,DPW,0.0
2020-06-11,EOG,-0.3612
2020-06-11,EPR,0.0
2020-06-11,EROS,0.0
2020-06-11,EXK,0.0
2020-06-11,F,-0.49305
2020-06-11,FENG,0.0
2020-06-11,FET,-0.6908
2020-06-11,FNB,0.3182
2020-06-11,FRC,0.3182
2020-06-11,FTI,-0.6908
2020-06-11,FUN,0.3182
2020-06-11,FXI,0.0
2020-06-11,GCI,0.1591
2020-06-11,GCO,0.0
2020-06-11,GD,0.23565
2020-06-11,GEL,-0.6908
2020-06-11,GEO,0.3182
2020-06-11,GGB,0.3182
2020-06-11,GIL,0.3182
2020-06-11,GIS,-0.0179
2020-06-11,GLD,0.0
2020-06-11,GM,0.5037
2020-06-11,GME,0.3182
2020-06-11,GOL,-0.10606666666666666
2020-06-11,GPC,0.0516
2020-06-11,GPN,0.6705
2020-06-11,GPS,0.1591
2020-06-11,GRUB,0.07521
2020-06-11,H,0.3182
2020-06-11,HAL,-0.6908
2020-06-11,HBI,0.3182
2020-06-11,HBM,0.3182
2020-06-11,HCA,0.22895
2020-06-11,HCHC,0.743
2020-06-11,HDB,0.3182
2020-06-11,HEI,0.128
2020-06-11,HFC,-0.6908
2020-06-11,HIG,0.3182
2020-06-11,HIW,0.3182
2020-06-11,HL,0.0
2020-06-11,HLT,0.3182
2020-06-11,HLX,-0.6908
2020-06-11,HMC,0.5859
2020-06-11,HP,-0.6908
2020-06-11,HPP,0.3182
2020-06-11,HPQ,0.6705
2020-06-11,HSBC,0.3182
2020-06-11,HT,0.3182
2020-06-11,HTA,0.3182
2020-06-11,HTGC,0.3182
2020-06-11,HTZ,0.10606666666666666
2020-06-11,HUM,0.5859
2020-06-11,HXL,0.35
2020-06-11,IBM,0.4242
2020-06-11,IBN,0.3182
2020-06-11,ICD,-0.6908
2020-06-11,ICE,0.3182
2020-06-11,IFF,0.3182
2020-06-11,IGT,0.3182
2020-06-11,INFY,0.6705
2020-06-11,IO,-0.6908
2020-06-11,IP,0.3182
2020-06-11,IPG,0.3182
2020-06-11,IR,0.3182
2020-06-11,ITUB,0.3182
2020-06-11,ITW,0.3182
2020-06-11,IVR,0.3182
2020-06-11,IVZ,0.3182
2020-06-11,IWM,-0.3818
2020-06-11,JBL,0.6705
2020-06-11,JNJ,0.11717999999999999
2020-06-11,JPM,0.3182
2020-06-11,JWN,0.3182
2020-06-11,K,-0.013425
2020-06-11,KAR,0.3182
2020-06-11,KBH,0.2073
2020-06-11,KEM,0.0
2020-06-11,KEY,0.3182
2020-06-11,KEYS,0.6705
2020-06-11,KIM,0.3182
2020-06-11,KKR,0.3182
2020-06-11,KMI,-0.6908
2020-06-11,KMT,-0.02150000000000002
2020-06-11,KMX,0.3182
2020-06-11,KO,-0.0516
2020-06-11,KOS,-0.6908
2020-06-11,KR,0.296
2020-06-11,KSS,0.3182
2020-06-11,KSU,0.3182
2020-06-11,KT,0.3182
2020-06-11,KYN,-0.6908
2020-06-11,L,0.3182
2020-06-11,LADR,0.3182
2020-06-11,LCI,0.0
2020-06-11,LDOS,0.0
2020-06-11,LEG,0.0516
2020-06-11,LEN,0.0516
2020-06-11,LH,0.5859
2020-06-11,LL,0.3182
2020-06-11,LLY,0.0
2020-06-11,LMT,-0.128
2020-06-11,LNC,0.3182
2020-06-11,LNT,0.3182
2020-06-11,LOW,0.3182
2020-06-11,LPI,-0.6908
2020-06-11,LPX,0.3182
2020-06-11,LUV,-0.3182
2020-06-11,LVS,0.3182
2020-06-11,LYB,0.3182
2020-06-11,LYV,0.3182
2020-06-11,M,0.3182
2020-06-11,MA,0.6705
2020-06-11,MAC,0.3182
2020-06-11,MAIN,0.3182
2020-06-11,MCD,0.10606666666666666
2020-06-11,MCK,0.5859
2020-06-11,MCO,0.3182
2020-06-11,MCS,0.0
2020-06-11,MDP,0.3182
2020-06-11,MDT,0.54825
2020-06-11,MDU,0.3182
2020-06-11,MET,0.3182
2020-06-11,MFA,0.3182
2020-06-11,MFC,0.3182
2020-06-11,MFG,0.3182
2020-06-11,MGA,0.5859
2020-06-11,MIC,0.3182
2020-06-11,MITT,0.10606666666666666
2020-06-11,MMC,0.3182
2020-06-11,MMM,0.3182
2020-06-11,MMP,-0.6908
2020-06-11,MNK,0.0
2020-06-11,MO,0.4019
2020-06-11,MOS,0.3182
2020-06-11,MPC,-0.6908
2020-06-11,MPW,0.3182
2020-06-11,MRC,0.3182
2020-06-11,MRK,0.29295
2020-06-11,MRO,-0.6908
2020-06-11,MS,0.10606666666666666
2020-06-11,MSI,0.6705
2020-06-11,MSM,-0.3612
2020-06-11,MT,0.3182
2020-06-11,MTB,0.3182
2020-06-11,MTDR,-0.6908
2020-06-11,MTG,0.3182
2020-06-11,MTH,0.10540000000000001
2020-06-11,MTOR,0.3182
2020-06-11,NAT,-0.6908
2020-06-11,NBL,-0.6908
2020-06-11,NBR,-0.3454
2020-06-11,NCR,0.6705
2020-06-11,NE,-0.6908
2020-06-11,NEE,0.3182
2020-06-11,NEM,0.3182
2020-06-11,NGL,-0.6908
2020-06-11,NIO,0.0
2020-06-11,NLS,0.0516
2020-06-11,NNN,0.09509999999999999
2020-06-11,NOC,0.0634
2020-06-11,NOK,0.6705
2020-06-11,NOV,-0.6908
2020-06-11,NOW,0.6705
2020-06-11,NPTN,0.6705
2020-06-11,NR,-0.6908
2020-06-11,NRZ,0.3182
2020-06-11,NS,-0.6908
2020-06-11,NSC,0.3182
2020-06-11,NVO,0.0
2020-06-11,NVS,0.4188
2020-06-11,NWL,0.0516
2020-06-11,O,0.3182
2020-06-11,OAS,-0.6908
2020-06-11,OC,0.3182
2020-06-11,OCN,0.3182
2020-06-11,OFC,0.3182
2020-06-11,OGE,0.3182
2020-06-11,OHI,0.3182
2020-06-11,OI,0.3182
2020-06-11,OIS,-0.6908
2020-06-11,OKE,0.22199999999999998
2020-06-11,OMC,0.3182
2020-06-11,OPK,0.5859
2020-06-11,ORCL,0.6705
2020-06-11,ORI,0.3182
2020-06-11,OXY,-0.1628333333333333
2020-06-11,PAA,-0.6908
2020-06-11,PAGP,-0.6908
2020-06-11,PANW,0.6705
2020-06-11,PAR,0.1779
2020-06-11,PAYC,0.6705
2020-06-11,PB,0.0
2020-06-11,PBA,-0.6908
2020-06-11,PBI,0.3182
2020-06-11,PBR,-0.6908
2020-06-11,PCG,0.14049999999999999
2020-06-11,PDS,-0.6908
2020-06-11,PE,-0.39675
2020-06-11,PEG,0.3182
2020-06-11,PEI,0.3182
2020-06-11,PEP,-0.0516
2020-06-11,PFE,0.3542
2020-06-11,PFG,0.3182
2020-06-11,PGR,0.1735
2020-06-11,PGRE,0.3182
2020-06-11,PH,0.3182
2020-06-11,PHG,0.5037
2020-06-11,PHM,0.08746666666666668
2020-06-11,PHX,0.0
2020-06-11,PKI,0.5859
2020-06-11,PNC,0.3182
2020-06-11,PNR,0.3182
2020-06-11,POL,0.3182
2020-06-11,PPG,0.3182
2020-06-11,PPL,0.3182
2020-06-11,PRU,0.3182
2020-06-11,PSA,0.3182
2020-06-11,PVH,0.028111111111111104
2020-06-11,PWR,0.3182
2020-06-11,PXD,-0.3454
2020-06-11,QEP,-0.6908
2020-06-11,QSR,0.3182
2020-06-11,R,0.3182
2020-06-11,RAD,-0.0516
2020-06-11,RBS,0.3182
2020-06-11,RCL,-0.08895
2020-06-11,RDN,0.3182
2020-06-11,RDY,0.0
2020-06-11,REG,0.3182
2020-06-11,RES,-0.6908
2020-06-11,RESI,0.1591
2020-06-11,REXR,0.3182
2020-06-11,RF,0.3182
2020-06-11,RH,0.3182
2020-06-11,RHI,0.3182
2020-06-11,RIG,-0.1727
2020-06-11,RIO,0.3182
2020-06-11,RJF,0.3182
2020-06-11,RL,0.3182
2020-06-11,RLGY,0.3182
2020-06-11,RLJ,0.3182
2020-06-11,RNG,0.6705
2020-06-11,RPAI,0.3182
2020-06-11,RPT,0.3182
2020-06-11,RSG,0.3182
2020-06-11,RSX,-0.1027
2020-06-11,RUBI,0.3182
2020-06-11,RWT,0.10606666666666666
2020-06-11,SAN,0.3182
2020-06-11,SBS,0.3182
2020-06-11,SCHW,0.5994
2020-06-11,SD,0.0
2020-06-11,SDRL,-0.6908
2020-06-11,SE,0.3182
2020-06-11,SEAS,0.1591
2020-06-11,SEM,0.5859
2020-06-11,SERV,0.0
2020-06-11,SHLX,-0.6908
2020-06-11,SHO,0.3182
2020-06-11,SID,0.3182
2020-06-11,SIG,0.3182
2020-06-11,SIX,0.3182
2020-06-11,SJM,0.03715
2020-06-11,SKT,0.3182
2020-06-11,SKX,0.3182
2020-06-11,SLB,-0.6908
2020-06-11,SLCA,-0.6908
2020-06-11,SM,-0.39675
2020-06-11,SMFG,0.3182
2020-06-11,SNV,0.3182
2020-06-11,SNY,0.0
2020-06-11,SO,0.3182
2020-06-11,SPG,0.148
2020-06-11,SPR,0.1591
2020-06-11,SRC,0.1779
2020-06-11,SRE,0.3182
2020-06-11,SSL,0.1591
2020-06-11,ST,0.3182
2020-06-11,STAG,0.3182
2020-06-11,STL,0.3182
2020-06-11,STM,0.6705
2020-06-11,STOR,0.3182
2020-06-11,STWD,0.4144
2020-06-11,STZ,-0.0516
2020-06-11,SU,-0.6908
2020-06-11,SWK,0.3182
2020-06-11,SYK,0.5859
2020-06-11,SYY,-0.0516
2020-06-11,T,-0.05686
2020-06-11,TAP,-0.0516
2020-06-11,TCO,0.0
2020-06-11,TD,0.3182
2020-06-11,TDC,0.6705
2020-06-11,TEF,0.3182
2020-06-11,TEL,0.6705
2020-06-11,TEN,0.29295
2020-06-11,TEVA,0.5859
2020-06-11,TEX,0.3182
2020-06-11,TGT,0.10115
2020-06-11,THC,0.22895
2020-06-11,THR,0.296
2020-06-11,TJX,0.3182
2020-06-11,TLT,0.0
2020-06-11,TMHC,0.03005
2020-06-11,TMO,0.5859
2020-06-11,TMUS,-0.128
2020-06-11,TNP,-0.3454
2020-06-11,TOL,0.0516
2020-06-11,TOT,-0.6908
2020-06-11,TPC,0.3182
2020-06-11,TPH,0.0516
2020-06-11,TPX,0.0516
2020-06-11,TREX,0.3182
2020-06-11,TRGP,-0.6908
2020-06-11,TRN,0.3182
2020-06-11,TROX,0.3182
2020-06-11,TRP,-0.6908
2020-06-11,TRV,0.3182
2020-06-11,TS,-0.6908
2020-06-11,TSM,0.6705
2020-06-11,TSN,-0.23916666666666667
2020-06-11,TSU,0.3182
2020-06-11,TTM,0.5859
2020-06-11,TU,0.3182
2020-06-11,TUP,0.0258
2020-06-11,TV,0.3182
2020-06-11,TW,0.3182
2020-06-11,TWO,0.3182
2020-06-11,TWTR,0.022733333333333328
2020-06-11,TXT,0.3182
2020-06-11,UA,0.3182
2020-06-11,UAL,-0.1591
2020-06-11,UBS,0.3182
2020-06-11,UDR,0.3182
2020-06-11,UGI,0.3182
2020-06-11,UGP,-0.6908
2020-06-11,UL,-0.0516
2020-06-11,UMC,0.6705
2020-06-11,UNG,0.31720000000000004
2020-06-11,UNH,0.5859
2020-06-11,UNM,0.3182
2020-06-11,UNP,0.3182
2020-06-11,UPS,0.3182
2020-06-11,URI,0.3182
2020-06-11,USB,-0.18400000000000002
2020-06-11,USNA,0.0
2020-06-11,USO,0.09106666666666667
2020-06-11,V,0.6705
2020-06-11,VALE,0.3182
2020-06-11,VC,0.2732
2020-06-11,VEEV,0.5859
2020-06-11,VET,-0.6908
2020-06-11,VG,0.3182
2020-06-11,VGK,0.15705
2020-06-11,VIPS,0.3182
2020-06-11,VIV,0.3182
2020-06-11,VLO,-0.6908
2020-06-11,VLRS,-0.3182
2020-06-11,VLY,0.3182
2020-06-11,VMC,0.3182
2020-06-11,VMW,0.6705
2020-06-11,VNO,0.3182
2020-06-11,VOYA,0.3182
2020-06-11,VSH,0.6705
2020-06-11,VSLR,0.3182
2020-06-11,VTR,0.3182
2020-06-11,VZ,0.3182
2020-06-11,WAB,0.3182
2020-06-11,WAL,0.3182
2020-06-11,WBS,0.3182
2020-06-11,WCC,0.09509999999999999
2020-06-11,WCN,0.3182
2020-06-11,WDAY,0.6705
2020-06-11,WEC,0.3182
2020-06-11,WFC,0.1174
2020-06-11,WIT,0.6705
2020-06-11,WLK,0.03715
2020-06-11,WLL,-0.3454
2020-06-11,WM,0.3182
2020-06-11,WMB,-0.6908
2020-06-11,WMT,0.14824
2020-06-11,WPC,0.1591
2020-06-11,WPX,-0.6908
2020-06-11,WRB,0.3182
2020-06-11,WU,0.6705
2020-06-11,X,0.1591
2020-06-11,XBI,0.0
2020-06-11,XEC,-0.39675
2020-06-11,XEL,0.3182
2020-06-11,XLE,0.0
2020-06-11,XLF,0.0
2020-06-11,XLK,0.0
2020-06-11,XOM,-0.3454
2020-06-11,XPO,0.3182
2020-06-11,XRT,0.0
2020-06-11,XRX,0.6705
2020-06-11,XYL,0.3182
2020-06-11,YELP,0.0
2020-06-11,YUM,0.14379999999999998
2020-06-11,ZTS,0.5859
